#VRML V2.0 utf8
# 3D model generated by easyeda2kicad.py (https://github.com/uPesy/easyeda2kicad.py)

Shape{
    appearance Appearance {
        material  Material 	{
            diffuseColor 0.5019607843137255 0.5019607843137255 0.5019607843137255
            specularColor 0.25098039215686274 0.25098039215686274 0.25098039215686274
            ambientIntensity 0.2
            transparency 0
            shininess 0.5
        }
    }
    geometry IndexedFaceSet {
        ccw TRUE
        solid FALSE
        coord DEF co Coordinate {
            point [
                7.55 1.3686 -8.8461, 7.55 1.4953 -8.8461, 7.55 1.4953 -8.7321, 7.55 0.9434 -9.2479, 7.55 0.9272 -9.2498, 7.55 1.0271 -9.2498, 7.55 0.6345 -8.2112, 7.55 0.6644 -8.2076, 7.55 0.5053 -8.2076, 7.55 -0.2511 -8.5232, 7.55 -0.1739 -8.5885, 7.55 0.0959 -8.2076, 7.55 0.0959 -8.6147, 7.55 -0.6149 -8.1743, 7.55 -0.5669 -8.2076, 7.55 -0.5035 -8.2516, 7.55 -0.4052 -8.3667, 7.55 -0.3498 -8.4764, 7.55 -0.3358 -8.4811, 7.55 -1.1515 -8.1657, 7.55 -1.0195 -8.118, 7.55 -2.912 -5.95, 7.55 0.0959 -5.95, 7.55 -0.8906 -8.1035, 7.55 -0.7562 -8.1198, 7.55 -1.2207 -8.2076, 7.55 -2.912 -8.2076, 7.55 -1.2322 -8.2146, 7.55 -2.912 -8.6147, 7.55 -1.8436 -8.6147, 7.55 -1.8186 -8.5584, 7.55 -1.7502 -8.4707, 7.55 -1.535 -8.348, 7.55 -1.4229 -8.3341, 7.55 -1.2991 -8.2718, 7.55 -1.3902 -8.3359, 7.55 -1.3574 -8.3398, 7.55 -1.731 -8.4525, 7.55 -1.6404 -8.3889, 7.55 -1.6756 -9.1813, 7.55 -1.7645 -9.1055, 7.55 -2.912 -9.2498, 7.55 -1.5727 -9.2314, 7.55 -1.8295 -9.0126, 7.55 -1.8703 -8.9067, 7.55 -2.912 -8.7321, 7.55 -1.884 -8.7952, 7.55 -1.8832 -8.7679, 7.55 -1.8768 -8.7321, 7.55 -1.8641 -8.6609, 7.55 -1.5368 -9.2421, 7.55 -1.5332 -9.2498, 7.55 -1.5082 -9.3032, 7.55 -2.912 -9.4084, 7.55 -1.4659 -9.3554, 7.55 -1.4102 -9.3974, 7.55 -2.912 -10.1, 7.55 -1.3445 -9.425, 7.55 -1.384 -9.4084, 7.55 -1.1485 -9.4084, 7.55 -1.1974 -9.4272, 7.55 0.0959 -10.1, 7.55 -1.2663 -9.4357, 7.55 -1.2773 -9.4355, 7.55 -0.9996 -9.2498, 7.55 -0.9999 -9.2509, 7.55 0.0959 -9.4084, 7.55 -1.0336 -9.3143, 7.55 -1.0773 -9.3634, 7.55 -1.134 -9.4028, 7.55 -0.081 -8.7564, 7.55 -0.068 -8.8493, 7.55 0.0959 -8.7321, 7.55 -0.6362 -9.0819, 7.55 -0.6166 -9.0742, 7.55 -0.5832 -8.9119, 7.55 -0.1733 -9.1197, 7.55 -0.2508 -9.1853, 7.55 0.0959 -9.2498, 7.55 -1.0529 -8.9603, 7.55 -0.6714 -8.7611, 7.55 -1.1026 -8.915, 7.55 -1.163 -8.8827, 7.55 -0.6537 -9.0943, 7.55 -0.1168 -9.0411, 7.55 -0.2459 -8.8272, 7.55 -0.2592 -8.7726, 7.55 -0.2811 -8.7321, 7.55 -1.6976 -8.7321, 7.55 -0.0811 -8.9509, 7.55 -0.5946 -9.0713, 7.55 -0.5918 -9.0715, 7.55 -0.5833 -9.0734, 7.55 -1.6809 -8.903, 7.55 -1.647 -8.9608, 7.55 -1.5024 -8.9902, 7.55 -1.5959 -9.0132, 7.55 -1.5339 -9.0514, 7.55 -1.3972 -8.896, 7.55 -1.4554 -8.9364, 7.55 -1.7047 -8.7895, 7.55 -1.7013 -8.8334, 7.55 -1.3343 -8.8719, 7.55 -1.2663 -8.8635, 7.55 -1.2317 -8.8656, 7.55 -0.6828 -9.1596, 7.55 -0.6821 -9.1483, 7.55 -0.9817 -9.1226, 7.55 -0.6764 -9.1267, 7.55 -0.6654 -9.1073, 7.55 -0.3022 -9.0027, 7.55 -0.2709 -8.9583, 7.55 -0.2513 -8.9076, 7.55 -0.2445 -8.8522, 7.55 -0.6163 -9.2452, 7.55 -0.6351 -9.2378, 7.55 -0.6536 -9.2247, 7.55 -0.6602 -9.218, 7.55 -0.6726 -9.2001, 7.55 -0.6801 -9.1808, 7.55 -0.9832 -9.1806, 7.55 -0.9817 -9.151, 7.55 -0.3376 -9.2278, 7.55 -0.4323 -9.2478, 7.55 -0.6003 -9.2478, 7.55 -0.5775 -9.0742, 7.55 -0.4494 -9.0742, 7.55 -0.3983 -9.0644, 7.55 -0.3481 -9.0411, 7.55 -0.306 -9.0068, 7.55 -0.4893 -8.6301, 7.55 -1.6718 -8.6572, 7.55 -1.6962 -8.7206, 7.55 -0.4665 -8.6301, 7.55 -0.2857 -8.7234, 7.55 -0.3185 -8.6868, 7.55 -0.3627 -8.6559, 7.55 -0.4124 -8.6368, 7.55 -0.5506 -8.4592, 7.55 -0.6148 -8.3825, 7.55 -1.2692 -8.5476, 7.55 -0.622 -8.3759, 7.55 -0.702 -8.3204, 7.55 -1.2257 -8.4576, 7.55 -1.6423 -8.6147, 7.55 -1.2895 -8.5365, 7.55 -0.4927 -8.6147, 7.55 -0.5067 -8.5509, 7.55 -1.3534 -8.5131, 7.55 -1.4201 -8.5049, 7.55 -1.4496 -8.5064, 7.55 -1.1619 -8.3813, 7.55 -0.7913 -8.2862, 7.55 -1.0855 -8.3255, 7.55 -0.8878 -8.2743, 7.55 -0.9925 -8.2878, 7.55 -1.5199 -8.5231, 7.55 -1.5834 -8.5567, 7.55 -1.6324 -8.6005, 7.55 -0.1551 -8.6147, 7.55 -0.1158 -8.6695, 7.55 -0.0908 -8.7321, 7.55 1.7687 -8.5018, 7.55 1.6217 -8.5018, 7.55 1.8095 -8.6113, 7.55 1.6217 -8.6147, 7.55 1.8666 -8.6113, 7.55 3.94 -8.6147, 7.55 3.94 -8.2076, 7.55 1.7141 -8.211, 7.55 1.6217 -8.2076, 7.55 1.6019 -8.5018, 7.55 1.5635 -8.6113, 7.55 1.4953 -8.6147, 7.55 1.5064 -8.6113, 7.55 1.4953 -8.2076, 7.55 1.6217 -8.3084, 7.55 1.6588 -8.211, 7.55 0.9189 -8.431, 7.55 0.9189 -8.5657, 7.55 1.0271 -8.5657, 7.55 1.0271 -8.3851, 7.55 1.0621 -8.3851, 7.55 1.0735 -8.257, 7.55 1.1204 -8.2076, 7.55 1.0735 -8.211, 7.55 1.0271 -8.2076, 7.55 1.0271 -8.211, 7.55 1.0826 -8.5657, 7.55 1.0621 -8.431, 7.55 1.0271 -8.431, 7.55 1.0271 -8.257, 7.55 0.9189 -8.257, 7.55 0.9189 -8.3851, 7.55 0.8673 -8.6113, 7.55 0.8441 -8.6147, 7.55 1.0271 -8.6147, 7.55 0.8673 -8.211, 7.55 0.8441 -8.2076, 7.55 1.1204 -8.6147, 7.55 1.0826 -8.6113, 7.55 1.0271 -8.6113, 7.55 0.7352 -8.2076, 7.55 0.7447 -8.2083, 7.55 0.7871 -8.2206, 7.55 0.7871 -8.2746, 7.55 0.7871 -8.5452, 7.55 0.7871 -8.5947, 7.55 0.6928 -8.2509, 7.55 0.6739 -8.2518, 7.55 0.7803 -8.5981, 7.55 0.7373 -8.6122, 7.55 0.7116 -8.6147, 7.55 0.7421 -8.2568, 7.55 0.7827 -8.2722, 7.55 0.6395 -8.2592, 7.55 0.6084 -8.2744, 7.55 0.5837 -8.2953, 7.55 0.5809 -8.2983, 7.55 0.5616 -8.3261, 7.55 0.5482 -8.3607, 7.55 0.5416 -8.4156, 7.55 0.5423 -8.4337, 7.55 0.7477 -8.5629, 7.55 0.7024 -8.5713, 7.55 0.6838 -8.572, 7.55 0.5492 -8.473, 7.55 0.5626 -8.5048, 7.55 0.5809 -8.5299, 7.55 0.5922 -8.5406, 7.55 0.6487 -8.5684, 7.55 0.6193 -8.5583, 7.55 0.6923 -8.2042, 7.55 0.5053 -5.95, 7.55 0.8441 -5.95, 7.55 0.5162 -8.3011, 7.55 0.5452 -8.2632, 7.55 0.5551 -8.2537, 7.55 0.5926 -8.2274, 7.55 0.5053 -8.5096, 7.55 0.4952 -8.4838, 7.55 0.4813 -8.6147, 7.55 0.4874 -8.4187, 7.55 0.4881 -8.3978, 7.55 0.4813 -8.2076, 7.55 0.4972 -8.3455, 7.55 0.5053 -8.3265, 7.55 0.6087 -8.608, 7.55 0.5709 -8.5902, 7.55 0.5053 -8.6147, 7.55 0.5388 -8.5634, 7.55 0.5354 -8.5598, 7.55 0.5115 -8.5256, 7.55 0.6413 -8.6147, 7.55 0.5053 -8.7321, 7.55 0.6521 -8.6169, 7.55 0.6763 -8.6181, 7.55 0.8441 -8.7321, 7.55 1.4732 -8.4784, 7.55 1.4535 -8.5198, 7.55 1.3416 -8.2076, 7.55 1.3416 -8.2207, 7.55 1.3819 -8.2354, 7.55 1.3416 -8.601, 7.55 1.3416 -8.6147, 7.55 1.3819 -8.5853, 7.55 1.4238 -8.5552, 7.55 1.4238 -8.264, 7.55 1.4379 -8.2778, 7.55 1.4627 -8.3128, 7.55 1.4775 -8.351, 7.55 1.4842 -8.406, 7.55 1.483 -8.4316, 7.55 1.2724 -8.211, 7.55 1.3335 -8.2177, 7.55 1.3362 -8.6031, 7.55 1.2683 -8.6113, 7.55 1.1582 -8.6113, 7.55 1.1582 -8.211, 7.55 0.5441 -9.1094, 7.55 0.5511 -9.0293, 7.55 0.5339 -9.1236, 7.55 0.5268 -9.1411, 7.55 0.7028 -9.2464, 7.55 0.6411 -9.2498, 7.55 0.7529 -9.2464, 7.55 0.8441 -9.2498, 7.55 0.5839 -9.2497, 7.55 0.5646 -9.2424, 7.55 0.5053 -9.2498, 7.55 0.5318 -9.2097, 7.55 0.5257 -9.1927, 7.55 0.5511 -8.9805, 7.55 0.5616 -8.9745, 7.55 0.7016 -8.9634, 7.55 0.8292 -9.0036, 7.55 0.8385 -8.99, 7.55 0.5598 -9.0961, 7.55 0.5818 -9.0853, 7.55 0.5807 -9.0099, 7.55 0.6181 -9.0765, 7.55 0.6619 -8.9965, 7.55 0.6449 -8.9947, 7.55 0.612 -8.9985, 7.55 0.7028 -9.2022, 7.55 0.7015 -9.2022, 7.55 0.6883 -9.2208, 7.55 0.6717 -9.2359, 7.55 0.5478 -9.2307, 7.55 0.5422 -9.2251, 7.55 0.6623 -9.2418, 7.55 0.6425 -9.2496, 7.55 0.5989 -8.9601, 7.55 0.6496 -8.9539, 7.55 0.6806 -8.9568, 7.55 0.5232 -9.1699, 7.55 0.5234 -9.1624, 7.55 0.7181 -8.973, 7.55 0.7314 -8.9859, 7.55 0.8232 -9.0197, 7.55 0.7416 -9.0023, 7.55 0.7493 -9.0255, 7.55 0.7028 -9.0647, 7.55 0.7011 -9.0425, 7.55 0.6959 -9.0246, 7.55 0.69 -9.0143, 7.55 0.8436 -9.0915, 7.55 0.8209 -9.1846, 7.55 0.8441 -9.0918, 7.55 0.841 -9.197, 7.55 0.8441 -9.1981, 7.55 0.8354 -9.0829, 7.55 0.8289 -9.0724, 7.55 0.7529 -9.0624, 7.55 0.8234 -9.0571, 7.55 0.8212 -9.0377, 7.55 0.6824 -9.0063, 7.55 0.6735 -9.0005, 7.55 0.5053 -9.4084, 7.55 0.6139 -9.2532, 7.55 0.5848 -9.2498, 7.55 0.8209 -9.2364, 7.55 0.8441 -9.2449, 7.55 0.8515 -9.2477, 7.55 0.8696 -9.2498, 7.55 0.8985 -9.2532, 7.55 0.8441 -9.4084, 7.55 1.0003 -8.9666, 7.55 1.0003 -9.0153, 7.55 0.8533 -8.9767, 7.55 0.8695 -8.9671, 7.55 0.8441 -8.985, 7.55 1.0116 -9.1888, 7.55 1.0055 -9.2047, 7.55 0.9961 -9.2179, 7.55 0.8974 -8.9576, 7.55 0.9326 -8.9539, 7.55 1.0271 -8.7321, 7.55 0.9677 -8.9571, 7.55 0.9972 -9.1214, 7.55 1.0066 -9.1352, 7.55 1.0119 -9.15, 7.55 1.014 -9.1686, 7.55 0.9818 -9.2305, 7.55 0.9698 -9.2378, 7.55 0.9276 -8.9947, 7.55 0.9128 -8.9958, 7.55 0.8729 -9.0332, 7.55 0.8994 -8.9993, 7.55 0.8881 -9.0053, 7.55 0.8733 -9.0398, 7.55 0.8753 -9.0476, 7.55 0.8789 -9.0544, 7.55 0.8838 -9.0598, 7.55 0.9015 -9.0708, 7.55 0.9598 -8.9982, 7.55 0.9326 -9.0843, 7.55 0.9882 -9.0084, 7.55 0.952 -9.0922, 7.55 0.9853 -9.1107, 7.55 0.8806 -9.012, 7.55 0.8763 -9.0184, 7.55 0.8738 -9.0252, 7.55 0.8724 -9.2087, 7.55 0.8971 -9.1208, 7.55 0.8673 -9.1071, 7.55 0.9034 -9.2122, 7.55 0.9056 -9.2122, 7.55 0.9301 -9.1345, 7.55 0.9313 -9.2093, 7.55 0.9625 -9.1736, 7.55 0.962 -9.1673, 7.55 0.9442 -9.2046, 7.55 0.9488 -9.2018, 7.55 0.9546 -9.1967, 7.55 0.9589 -9.1903, 7.55 0.9615 -9.1831, 7.55 0.9598 -9.1595, 7.55 0.9559 -9.1528, 7.55 0.9496 -9.1463, 7.55 1.2005 -9.2498, 7.55 1.3416 -9.2498, 7.55 1.3146 -8.9605, 7.55 1.3416 -8.7321, 7.55 1.2626 -8.9605, 7.55 1.1709 -9.1754, 7.55 1.177 -9.1989, 7.55 1.1784 -9.1989, 7.55 1.1204 -8.7321, 7.55 1.1204 -9.0301, 7.55 1.1845 -9.1758, 7.55 1.1807 -9.1891, 7.55 1.1204 -9.2498, 7.55 1.1204 -9.1647, 7.55 1.0401 -8.9605, 7.55 1.0962 -8.9605, 7.55 1.1523 -9.2458, 7.55 1.1506 -9.2498, 7.55 1.1303 -9.2978, 7.55 1.0271 -9.4084, 7.55 1.0504 -9.377, 7.55 1.0504 -9.3324, 7.55 1.111 -9.3264, 7.55 1.1203 -9.316, 7.55 1.1204 -9.3159, 7.55 1.0607 -9.3357, 7.55 1.0789 -9.3381, 7.55 1.1204 -9.3722, 7.55 1.103 -9.3788, 7.55 1.1204 -9.4084, 7.55 1.0828 -9.3811, 7.55 1.0717 -9.3807, 7.55 1.0915 -9.3366, 7.55 1.1024 -9.3324, 7.55 1.1848 -9.2896, 7.55 1.1621 -9.3338, 7.55 1.3416 -9.4084, 7.55 1.1438 -9.3559, 7.55 1.1403 -9.359, 7.55 1.1228 -9.3712, 7.55 1.4953 -9.0661, 7.55 1.4203 -9.0661, 7.55 1.4953 -9.2008, 7.55 1.4203 -9.2008, 7.55 1.6217 -8.7321, 7.55 1.5635 -9.0661, 7.55 1.6217 -9.2498, 7.55 1.5635 -9.0203, 7.55 1.5839 -9.2008, 7.55 1.5839 -9.2464, 7.55 1.4953 -9.2498, 7.55 1.5748 -8.8461, 7.55 1.5748 -8.8921, 7.55 1.4953 -9.0203, 7.55 1.4953 -8.8921, 7.55 1.4203 -8.8921, 7.55 1.4203 -9.0203, 7.55 1.4953 -9.2464, 7.55 1.3686 -9.2464, 7.55 1.0271 -5.95, 7.55 1.1204 -5.95, 7.55 1.3416 -5.95, 7.55 1.4953 -5.95, 7.55 1.6217 -5.95, 7.55 3.94 -5.95, 7.55 0.4813 -5.95, 7.55 0.471 -8.5657, 7.55 0.471 -8.6113, 7.55 0.2599 -8.6113, 7.55 0.2599 -8.211, 7.55 0.3116 -8.211, 7.55 0.3116 -8.5657, 7.55 0.4813 -8.7321, 7.55 3.94 -9.2498, 7.55 3.94 -8.7321, 7.55 2.2155 -8.8461, 7.55 2.3108 -9.2464, 7.55 2.27 -9.1369, 7.55 2.1033 -9.1369, 7.55 2.1602 -8.8461, 7.55 1.9843 -9.0667, 7.55 1.9746 -9.1135, 7.55 2.0077 -9.2464, 7.55 1.9549 -9.1549, 7.55 1.9251 -9.1903, 7.55 1.9855 -9.0411, 7.55 1.9789 -8.9861, 7.55 1.7738 -8.8461, 7.55 1.8349 -8.8528, 7.55 1.9251 -8.8991, 7.55 1.9393 -8.9129, 7.55 1.9641 -8.9479, 7.55 1.8832 -9.2204, 7.55 1.8376 -9.2382, 7.55 1.7697 -9.2464, 7.55 1.8832 -8.8705, 7.55 2.0648 -9.2464, 7.55 2.3679 -9.2464, 7.55 1.6596 -9.2464, 7.55 1.6596 -8.8461, 7.55 0.4813 -9.2498, 7.55 0.2599 -9.2464, 7.55 0.3116 -9.0661, 7.55 0.3116 -9.2008, 7.55 0.4547 -9.0661, 7.55 0.4752 -9.2008, 7.55 0.4547 -9.0203, 7.55 0.2599 -8.8461, 7.55 0.4661 -8.8461, 7.55 0.4661 -8.8921, 7.55 0.3116 -8.8921, 7.55 0.3116 -9.0203, 7.55 0.4752 -9.2464, 7.55 1.4953 -9.4084, 7.55 1.6217 -9.4084, 7.55 3.94 -9.4084, 7.55 0.4813 -9.4084, 7.55 0.4813 -10.1, 7.55 0.5053 -10.1, 7.55 0.8441 -10.1, 7.55 1.0271 -10.1, 7.55 1.1204 -10.1, 7.55 1.3416 -10.1, 7.55 1.4953 -10.1, 7.55 1.6217 -10.1, 7.55 3.94 -10.1, 7.55 -3.94 -5.95, 7.55 -3.94 -8.2076, 7.55 -3.94 -8.6147, 7.55 -3.94 -8.7321, 7.55 -3.94 -9.2498, 7.55 -3.94 -9.4084, 7.55 -3.94 -10.1, -0.2117 -2.5641 -7.725, -0.2117 -2.5641 -7.8, -0.2117 -2.8471 -7.725, -0.2117 -2.8471 -7.8, -0.4596 -2.8471 -7.725, -0.4596 -2.8471 -7.8, -0.5617 -2.8471 -7.725, -0.5617 -2.8471 -7.8, -0.5617 -2.9365 -7.725, -0.5617 -2.9365 -7.8, -0.2117 -2.9365 -7.8, -0.2117 -2.9365 -7.725, -0.4596 -2.9365 -7.8, -0.2117 -3.145 -7.725, -0.2117 -3.145 -7.8, -0.1242 -3.145 -7.725, -0.1242 -3.145 -7.8, -0.1242 -2.9365 -7.725, -0.1242 -2.9365 -7.8, 0.0217 -2.9365 -7.725, 0.0217 -2.9365 -7.8, 0.0217 -2.8471 -7.725, 0.0217 -2.8471 -7.8, -0.1242 -2.8471 -7.725, -0.1242 -2.8471 -7.8, -0.1242 -2.445 -7.725, -0.1242 -2.445 -7.8, -0.2117 -2.445 -7.725, -0.2117 -2.445 -7.8, -0.4596 -2.7298 -7.8, -0.27 2.445 -7.725, -0.1825 2.445 -7.725, -0.27 3.0259 -7.725, -0.1825 3.145 -7.725, -0.27 3.145 -7.725, -0.3575 3.0407 -7.725, -0.3575 2.9216 -7.725, -0.1825 3.145 -7.8, -0.27 3.145 -7.8, -0.3575 3.0407 -7.8, -0.3575 2.9216 -7.8, -0.27 3.0259 -7.8, -0.27 2.445 -7.8, -0.1825 2.445 -7.8, 5.4124 0.7003 -5.9437, 5.2375 0.6279 -5.9437, 6.3003 0.1876 -5.9437, 4.8997 -0.1876 -5.9437, 4.875 0.0 -5.9437, 4.8997 0.1876 -5.9437, 6.2279 -0.3625 -5.9437, 6.3003 -0.1876 -5.9437, 6.325 0.0 -5.9437, 5.9625 0.6279 -5.9437, 5.7876 0.7003 -5.9437, 6.1127 0.5127 -5.9437, 6.2279 0.3625 -5.9437, 5.6 0.725 -5.9437, 5.0873 0.5127 -5.9437, 4.9721 0.3625 -5.9437, 6.1127 -0.5127 -5.9437, 4.9721 -0.3625 -5.9437, 5.0873 -0.5127 -5.9437, 5.4124 -0.7003 -5.9437, 5.6 -0.725 -5.9437, 5.7876 -0.7003 -5.9437, 5.2375 -0.6279 -5.9437, 5.9625 -0.6279 -5.9437, 5.9625 -0.6279 -5.9437
            ]
        }
        coordIndex [
            0,1,2,-1,3,4,5,-1,6,7,8,-1,9,10,11,-1,11,10,12,-1,13,14,11,-1,11,14,15,-1,11,15,16,-1,16,17,11,-1,11,17,18,-1,11,18,9,-1,19,20,21,-1,21,20,22,-1,22,20,23,-1,22,23,24,-1,19,21,25,-1,25,21,26,-1,25,26,27,-1,28,29,26,-1,26,29,30,-1,26,30,31,-1,26,32,27,-1,27,32,33,-1,27,33,34,-1,34,33,35,-1,34,35,36,-1,31,37,26,-1,26,37,38,-1,26,38,32,-1,39,40,41,-1,39,41,42,-1,40,43,41,-1,41,43,44,-1,41,44,45,-1,45,44,46,-1,46,47,45,-1,45,47,48,-1,45,48,28,-1,28,48,49,-1,28,49,29,-1,50,42,51,-1,51,42,41,-1,51,41,52,-1,52,41,53,-1,52,53,54,-1,54,53,55,-1,56,57,53,-1,53,57,58,-1,53,58,55,-1,59,60,61,-1,61,60,62,-1,61,62,56,-1,56,62,63,-1,56,63,57,-1,64,65,66,-1,66,65,67,-1,67,68,66,-1,66,68,69,-1,66,69,59,-1,70,71,72,-1,73,74,75,-1,76,77,78,-1,79,80,81,-1,81,80,82,-1,73,75,83,-1,76,78,84,-1,85,86,80,-1,80,86,87,-1,80,87,88,-1,72,71,78,-1,78,71,89,-1,78,89,84,-1,74,90,75,-1,75,90,91,-1,75,91,92,-1,93,94,95,-1,95,94,96,-1,95,96,97,-1,98,88,99,-1,99,88,100,-1,99,100,95,-1,95,100,101,-1,95,101,93,-1,98,102,88,-1,88,102,103,-1,88,103,80,-1,80,103,104,-1,80,104,82,-1,105,106,107,-1,107,106,108,-1,107,108,75,-1,75,108,109,-1,75,109,83,-1,110,111,75,-1,75,111,112,-1,75,112,80,-1,80,112,113,-1,80,113,85,-1,114,115,64,-1,64,115,116,-1,64,116,117,-1,117,118,64,-1,64,118,119,-1,64,119,120,-1,120,119,105,-1,120,105,121,-1,121,105,107,-1,77,122,78,-1,78,122,123,-1,78,123,64,-1,64,123,124,-1,64,124,114,-1,92,125,75,-1,75,125,126,-1,75,126,127,-1,127,128,75,-1,75,128,129,-1,75,129,110,-1,130,131,132,-1,132,88,130,-1,130,88,87,-1,130,87,133,-1,133,87,134,-1,134,135,133,-1,133,135,136,-1,133,136,137,-1,138,139,140,-1,139,141,140,-1,140,141,142,-1,140,142,143,-1,144,140,145,-1,131,130,144,-1,144,130,146,-1,144,146,140,-1,140,146,147,-1,140,147,138,-1,145,148,144,-1,144,148,149,-1,144,149,150,-1,143,142,151,-1,151,142,152,-1,151,152,153,-1,153,152,154,-1,153,154,155,-1,156,157,150,-1,150,157,158,-1,150,158,144,-1,10,159,12,-1,12,159,160,-1,12,160,72,-1,72,160,161,-1,72,161,70,-1,162,163,164,-1,164,163,165,-1,164,165,166,-1,167,168,169,-1,169,168,170,-1,163,171,165,-1,165,171,172,-1,165,172,173,-1,173,172,174,-1,173,174,175,-1,175,174,176,-1,175,176,170,-1,170,176,177,-1,170,177,169,-1,178,179,180,-1,181,182,183,-1,183,182,184,-1,183,184,185,-1,185,184,186,-1,185,186,187,-1,188,189,180,-1,180,189,190,-1,180,190,178,-1,183,191,181,-1,181,191,192,-1,181,192,193,-1,194,195,196,-1,187,186,197,-1,197,186,198,-1,197,198,194,-1,182,189,184,-1,184,189,188,-1,184,188,199,-1,199,188,200,-1,199,200,196,-1,196,200,201,-1,196,201,194,-1,202,203,198,-1,198,203,204,-1,198,204,205,-1,206,207,195,-1,208,209,206,-1,207,210,195,-1,195,210,211,-1,195,211,212,-1,208,206,213,-1,194,198,195,-1,195,198,205,-1,195,205,206,-1,206,205,214,-1,206,214,213,-1,209,215,206,-1,206,215,216,-1,206,216,217,-1,217,218,206,-1,206,218,219,-1,206,219,220,-1,220,221,206,-1,206,221,222,-1,206,222,223,-1,223,222,224,-1,224,222,225,-1,225,222,226,-1,225,226,227,-1,227,228,225,-1,225,228,229,-1,225,229,230,-1,230,229,231,-1,232,202,233,-1,233,202,234,-1,8,235,236,-1,236,237,8,-1,8,237,238,-1,8,238,6,-1,239,240,241,-1,241,240,242,-1,242,243,244,-1,244,243,245,-1,244,245,8,-1,8,245,246,-1,8,246,235,-1,247,248,249,-1,248,250,249,-1,249,250,251,-1,249,251,252,-1,247,249,253,-1,253,249,254,-1,253,254,255,-1,255,254,256,-1,256,254,257,-1,256,257,212,-1,258,259,173,-1,260,261,175,-1,175,261,262,-1,263,264,265,-1,265,264,173,-1,265,173,266,-1,266,173,259,-1,262,267,175,-1,175,267,268,-1,175,268,269,-1,269,270,175,-1,175,270,271,-1,175,271,173,-1,173,271,272,-1,173,272,258,-1,184,273,260,-1,260,273,274,-1,260,274,261,-1,263,275,264,-1,264,275,276,-1,264,276,199,-1,199,276,277,-1,199,277,184,-1,184,277,278,-1,184,278,273,-1,279,280,281,-1,281,280,282,-1,283,284,285,-1,285,284,286,-1,287,288,289,-1,289,290,291,-1,254,292,293,-1,294,295,296,-1,279,297,280,-1,280,297,298,-1,280,298,299,-1,299,298,300,-1,301,302,300,-1,300,302,303,-1,300,303,299,-1,304,305,283,-1,283,305,306,-1,283,306,307,-1,288,308,289,-1,289,308,309,-1,289,309,290,-1,307,310,283,-1,283,310,311,-1,283,311,284,-1,293,312,254,-1,254,312,313,-1,254,313,314,-1,291,315,289,-1,289,315,316,-1,289,316,254,-1,254,316,282,-1,254,282,292,-1,292,282,280,-1,294,317,295,-1,295,317,318,-1,295,318,319,-1,319,318,320,-1,319,320,321,-1,322,323,300,-1,300,323,324,-1,300,324,325,-1,326,327,328,-1,328,327,329,-1,328,329,330,-1,331,332,333,-1,333,332,334,-1,333,334,321,-1,321,334,335,-1,321,335,319,-1,325,336,300,-1,300,336,337,-1,300,337,301,-1,338,339,340,-1,326,331,327,-1,327,331,333,-1,327,333,341,-1,341,333,285,-1,341,285,342,-1,342,285,286,-1,342,286,343,-1,343,286,344,-1,345,344,346,-1,346,344,286,-1,346,286,338,-1,338,286,284,-1,338,284,339,-1,347,348,5,-1,349,350,257,-1,314,294,254,-1,254,294,296,-1,254,296,257,-1,257,296,351,-1,257,351,349,-1,352,353,5,-1,5,353,354,-1,350,355,257,-1,257,355,356,-1,257,356,357,-1,357,356,358,-1,357,358,347,-1,359,360,348,-1,348,360,361,-1,348,361,5,-1,5,361,362,-1,5,362,352,-1,354,363,5,-1,5,363,364,-1,5,364,3,-1,365,366,367,-1,367,366,368,-1,367,368,369,-1,367,370,365,-1,365,370,371,-1,365,371,372,-1,372,373,365,-1,365,373,374,-1,365,374,375,-1,375,374,376,-1,375,376,377,-1,377,376,378,-1,377,378,348,-1,348,378,379,-1,348,379,359,-1,380,381,369,-1,369,381,382,-1,369,382,367,-1,383,384,330,-1,330,384,385,-1,330,385,328,-1,383,386,384,-1,384,386,387,-1,384,387,388,-1,388,387,389,-1,388,390,391,-1,389,392,388,-1,388,392,393,-1,388,393,394,-1,394,395,388,-1,388,395,396,-1,388,396,390,-1,391,397,388,-1,388,397,398,-1,388,398,399,-1,400,401,402,-1,402,401,403,-1,402,403,404,-1,405,406,407,-1,403,408,404,-1,404,408,409,-1,404,409,410,-1,410,409,405,-1,410,405,411,-1,411,405,407,-1,412,413,5,-1,5,413,414,-1,347,5,357,-1,357,5,414,-1,357,414,408,-1,408,414,415,-1,408,415,409,-1,416,413,417,-1,417,413,412,-1,417,412,418,-1,419,420,421,-1,422,423,412,-1,412,423,424,-1,412,424,418,-1,345,346,4,-1,4,346,419,-1,4,419,5,-1,5,419,421,-1,5,421,412,-1,412,421,425,-1,412,425,426,-1,427,428,429,-1,429,428,430,-1,429,430,419,-1,419,430,431,-1,419,431,420,-1,426,432,412,-1,412,432,433,-1,412,433,422,-1,434,435,436,-1,434,436,400,-1,435,437,436,-1,436,437,438,-1,436,438,429,-1,429,438,439,-1,429,439,427,-1,440,441,442,-1,442,441,443,-1,2,1,444,-1,445,446,447,-1,447,446,444,-1,440,442,445,-1,445,442,448,-1,445,448,446,-1,446,448,449,-1,446,449,450,-1,1,451,444,-1,444,451,452,-1,444,452,447,-1,447,452,453,-1,452,454,453,-1,453,454,455,-1,453,455,456,-1,449,457,450,-1,450,457,458,-1,450,458,401,-1,401,458,0,-1,401,0,403,-1,403,0,2,-1,202,198,234,-1,234,198,186,-1,234,186,459,-1,459,186,184,-1,459,184,460,-1,460,184,260,-1,460,260,461,-1,461,260,175,-1,461,175,462,-1,462,175,170,-1,462,170,463,-1,463,170,168,-1,463,168,464,-1,22,244,465,-1,465,244,8,-1,465,8,233,-1,233,8,7,-1,233,7,232,-1,242,244,241,-1,241,244,466,-1,241,466,467,-1,12,468,11,-1,11,468,469,-1,11,469,470,-1,471,466,470,-1,470,466,244,-1,470,244,11,-1,11,244,22,-1,11,22,13,-1,13,22,24,-1,212,257,195,-1,195,257,357,-1,195,357,196,-1,196,357,408,-1,196,408,199,-1,199,408,403,-1,199,403,264,-1,264,403,2,-1,264,2,173,-1,173,2,444,-1,173,444,165,-1,467,468,241,-1,241,468,12,-1,241,12,472,-1,472,12,72,-1,473,474,475,-1,476,477,478,-1,169,166,167,-1,167,166,165,-1,167,165,474,-1,474,165,444,-1,474,444,475,-1,475,444,479,-1,480,481,482,-1,482,481,483,-1,482,483,484,-1,480,482,485,-1,485,482,479,-1,485,479,486,-1,487,488,444,-1,489,490,479,-1,479,490,491,-1,479,491,486,-1,484,492,482,-1,482,492,493,-1,482,493,494,-1,444,488,479,-1,479,488,495,-1,479,495,489,-1,478,496,476,-1,476,496,473,-1,476,473,497,-1,497,473,475,-1,496,482,473,-1,473,482,494,-1,473,494,446,-1,446,494,498,-1,446,498,444,-1,444,498,499,-1,444,499,487,-1,252,239,249,-1,249,239,241,-1,249,241,254,-1,254,241,472,-1,254,472,289,-1,289,472,500,-1,501,78,500,-1,502,503,504,-1,504,503,505,-1,504,505,506,-1,78,501,72,-1,72,501,507,-1,72,507,472,-1,472,507,508,-1,472,508,509,-1,510,511,509,-1,509,511,506,-1,509,506,472,-1,472,506,505,-1,472,505,500,-1,500,505,512,-1,500,512,501,-1,400,436,401,-1,401,436,513,-1,401,513,450,-1,450,513,514,-1,450,514,446,-1,446,514,515,-1,446,515,473,-1,64,66,78,-1,78,66,516,-1,78,516,500,-1,500,516,338,-1,500,338,289,-1,289,338,340,-1,289,340,287,-1,59,61,66,-1,66,61,517,-1,66,517,516,-1,516,517,518,-1,516,518,338,-1,338,518,519,-1,338,519,346,-1,346,519,520,-1,346,520,419,-1,419,520,521,-1,419,521,429,-1,429,521,522,-1,429,522,436,-1,436,522,523,-1,436,523,513,-1,513,523,524,-1,513,524,514,-1,514,524,525,-1,514,525,515,-1,21,526,26,-1,26,526,527,-1,26,527,28,-1,28,527,528,-1,28,528,45,-1,45,528,529,-1,45,529,41,-1,41,529,530,-1,41,530,53,-1,53,530,531,-1,53,531,56,-1,56,531,532,-1,533,534,535,-1,535,534,536,-1,535,536,537,-1,537,536,538,-1,537,538,533,-1,533,538,534,-1,539,540,541,-1,541,540,542,-1,543,544,545,-1,545,544,541,-1,545,541,542,-1,544,543,546,-1,546,543,547,-1,546,547,548,-1,548,547,549,-1,548,549,550,-1,550,549,551,-1,550,551,552,-1,552,551,553,-1,552,553,554,-1,554,553,555,-1,554,555,556,-1,556,555,557,-1,556,557,558,-1,558,557,559,-1,558,559,560,-1,560,559,561,-1,560,561,539,-1,539,561,562,-1,539,562,540,-1,533,558,560,-1,544,546,548,-1,533,560,537,-1,554,556,552,-1,552,556,550,-1,558,533,556,-1,556,533,535,-1,556,535,550,-1,548,550,544,-1,544,550,535,-1,544,535,541,-1,541,535,537,-1,541,537,539,-1,539,537,560,-1,563,564,565,-1,565,564,566,-1,566,567,565,-1,565,567,568,-1,565,568,569,-1,566,570,567,-1,567,570,571,-1,567,571,568,-1,568,571,572,-1,568,572,569,-1,569,572,573,-1,569,573,565,-1,565,573,574,-1,565,574,563,-1,563,574,575,-1,563,575,564,-1,564,575,576,-1,564,576,566,-1,566,576,570,-1,577,578,579,-1,580,579,581,-1,581,579,582,-1,583,584,580,-1,580,584,585,-1,580,585,579,-1,586,587,588,-1,588,587,589,-1,589,587,579,-1,579,587,590,-1,579,590,577,-1,578,591,579,-1,579,591,592,-1,579,592,582,-1,583,580,593,-1,593,580,594,-1,593,594,595,-1,596,597,598,-1,595,599,593,-1,593,599,596,-1,593,596,600,-1,600,596,598,-1,
        ]
    }
}
Shape{
    appearance Appearance {
        material  Material 	{
            diffuseColor 0.7294117647058823 0.3568627450980392 0.023529411764705882
            specularColor 0.36470588235294116 0.17647058823529413 0.011764705882352941
            ambientIntensity 0.2
            transparency 0
            shininess 0.5
        }
    }
    geometry IndexedFaceSet {
        ccw TRUE
        solid FALSE
        coord DEF co Coordinate {
            point [
                6.325 0.0 -5.9437, 6.325 0.0 -5.85, 6.3201 0.0842 -5.85, 6.3003 0.1876 -5.9437, 6.2958 0.1866 -5.85, 6.2813 0.248 -5.85, 6.2279 0.3625 -5.9437, 6.2246 0.3609 -5.85, 6.2057 0.3984 -5.85, 6.1127 0.5127 -5.9437, 6.111 0.5113 -5.85, 6.0975 0.5273 -5.85, 5.9625 0.6279 -5.9437, 5.9625 0.6279 -5.85, 5.8079 0.6945 -5.85, 5.7876 0.7003 -5.9437, 5.7873 0.6982 -5.85, 5.6422 0.7238 -5.85, 5.6 0.725 -5.9437, 5.6002 0.7213 -5.85, 5.4124 0.7003 -5.9437, 5.4741 0.714 -5.85, 5.4137 0.6959 -5.85, 5.2375 0.6279 -5.9437, 5.3128 0.6657 -5.85, 5.24 0.6236 -5.85, 5.1671 0.5815 -5.85, 5.0873 0.5127 -5.9437, 5.0905 0.5093 -5.85, 5.0446 0.466 -5.85, 4.9721 0.3625 -5.9437, 4.9752 0.3605 -5.85, 4.9521 0.3254 -5.85, 4.8997 0.1876 -5.9437, 4.875 0.0 -5.85, 4.875 0.0 -5.9437, 4.8945 0.1672 -5.85, 4.9017 0.1869 -5.85, 4.8945 -0.1672 -5.85, 4.8997 -0.1876 -5.9437, 4.9017 -0.1869 -5.85, 4.9521 -0.3254 -5.85, 4.9721 -0.3625 -5.9437, 4.9752 -0.3605 -5.85, 5.0873 -0.5127 -5.9437, 5.0446 -0.466 -5.85, 5.0879 -0.5121 -5.85, 5.1 -0.525 -5.85, 5.2375 -0.6279 -5.9437, 5.1697 -0.5835 -5.85, 5.2395 -0.6244 -5.85, 5.302 -0.6609 -5.85, 5.4124 -0.7003 -5.9437, 5.4133 -0.6975 -5.85, 5.4476 -0.7088 -5.85, 5.6 -0.725 -5.9437, 5.6 -0.725 -5.85, 5.7524 -0.7088 -5.85, 5.7876 -0.7003 -5.9437, 5.7867 -0.6975 -5.85, 5.9625 -0.6279 -5.9437, 5.898 -0.6609 -5.85, 5.9605 -0.6244 -5.85, 6.0303 -0.5835 -5.85, 6.1127 -0.5127 -5.9437, 6.1 -0.525 -5.85, 6.1113 -0.5115 -5.85, 6.2057 -0.3984 -5.85, 6.2279 -0.3625 -5.9437, 6.2246 -0.3609 -5.85, 6.3003 -0.1876 -5.9437, 6.2813 -0.248 -5.85, 6.2958 -0.1866 -5.85, 6.3201 -0.0842 -5.85, 5.8 -1.0053 -5.55, 5.8124 -0.9897 -5.551, 5.8049 -0.953 -5.5542, 6.0935 -0.54 -5.7878, 6.0953 -0.5358 -5.7998, 6.0328 -0.5869 -5.7997, 5.7533 -0.7129 -5.7997, 5.3003 -0.6648 -5.7997, 5.1672 -0.5869 -5.7997, 5.1044 -0.5352 -5.7998, 5.1009 -0.5271 -5.8268, 5.8997 -0.6648 -5.7997, 6.0986 -0.5282 -5.8212, 6.0985 -0.5284 -5.8208, 6.0547 -0.6218 -5.6915, 6.0562 -0.6188 -5.6945, 6.0454 -0.604 -5.729, 6.073 -0.5838 -5.7298, 6.083 -0.5632 -5.7506, 6.0347 -0.6583 -5.6678, 5.9085 -0.6842 -5.729, 6.0346 -0.6583 -5.6677, 5.924 -0.7187 -5.6656, 6.0076 -0.7075 -5.6358, 5.9985 -0.7242 -5.625, 5.9288 -0.8334 -5.5792, 5.9554 -0.7917 -5.5967, 5.9455 -0.7663 -5.6134, 5.9835 -0.7477 -5.6151, 5.9836 -0.7475 -5.6152, 5.7767 -0.8218 -5.6134, 5.79 -0.8838 -5.5755, 5.9206 -0.8447 -5.5766, 5.8478 -0.9453 -5.5538, 5.8502 -0.9419 -5.5546, 5.8716 -0.9123 -5.5613, 5.4 -1.0053 -5.55, 5.6 -1.025 -5.55, 5.3884 -0.99 -5.5523, 5.6 -0.9747 -5.5542, 5.3498 -0.9391 -5.5601, 5.3951 -0.953 -5.5542, 5.2844 -0.8528 -5.5732, 5.41 -0.8838 -5.5755, 5.2794 -0.845 -5.5764, 5.2547 -0.8063 -5.5925, 5.4233 -0.8218 -5.6134, 5.2456 -0.7921 -5.5983, 5.2171 -0.7475 -5.6168, 5.2545 -0.7663 -5.6134, 5.1942 -0.7117 -5.6317, 5.276 -0.7187 -5.6656, 5.1661 -0.6593 -5.6684, 5.2915 -0.6842 -5.729, 5.1445 -0.6189 -5.6966, 5.1358 -0.6027 -5.708, 5.1426 -0.6154 -5.6991, 5.1546 -0.604 -5.729, 5.1049 -0.5362 -5.7962, 5.1143 -0.5573 -5.7586, 5.1266 -0.5833 -5.7296, 5.7578 -0.7337 -5.729, 5.7657 -0.7708 -5.6656, 5.4467 -0.7129 -5.7997, 5.4422 -0.7337 -5.729, 5.4343 -0.7708 -5.6656, 5.6 -0.7292 -5.7997, 5.6 -0.7505 -5.729, 5.6 -0.7884 -5.6656, 5.6 -0.8406 -5.6134, 5.6 -0.904 -5.5755, 6.2853 -0.2494 -5.7997, 6.052 -0.7829 -5.5755, 5.8502 -0.9419 -5.5546, 5.8796 -0.9338 -5.5542, 5.894 -0.9819 -5.55, 5.194 -0.9412 -5.55, 5.2139 -0.895 -5.5542, 5.0179 -0.7819 -5.5542, 4.9879 -0.8222 -5.55, 4.8533 -0.6266 -5.5542, 4.8148 -0.6589 -5.55, 4.7289 -0.4375 -5.5542, 4.684 -0.46 -5.55, 4.6515 -0.2248 -5.5542, 4.6026 -0.2364 -5.55, 4.6253 0.0 -5.5542, 4.575 0.0 -5.55, 4.6515 0.2248 -5.5542, 4.6026 0.2364 -5.55, 4.7289 0.4375 -5.5542, 4.684 0.46 -5.55, 4.8533 0.6266 -5.5542, 4.8148 0.6589 -5.55, 5.0179 0.7819 -5.5542, 4.9879 0.8222 -5.55, 5.2139 0.895 -5.5542, 5.194 0.9412 -5.55, 5.4307 0.9599 -5.5542, 5.422 1.0094 -5.55, 5.6567 0.9731 -5.5542, 5.6596 1.0233 -5.55, 5.8796 0.9338 -5.5542, 5.894 0.9819 -5.55, 6.0874 0.8442 -5.5542, 6.1125 0.8877 -5.55, 6.2689 0.709 -5.5542, 6.3034 0.7456 -5.55, 6.4144 0.5356 -5.5542, 6.4564 0.5632 -5.55, 6.516 0.3334 -5.5542, 6.5632 0.3506 -5.55, 6.5682 0.1132 -5.5542, 6.6181 0.119 -5.55, 6.5682 -0.1132 -5.5542, 6.6181 -0.119 -5.55, 6.516 -0.3334 -5.5542, 6.5632 -0.3506 -5.55, 6.4144 -0.5356 -5.5542, 6.4564 -0.5632 -5.55, 6.2689 -0.709 -5.5542, 6.3034 -0.7456 -5.55, 6.0874 -0.8442 -5.5542, 6.1125 -0.8877 -5.55, 6.0203 -0.728 -5.6134, 6.1769 -0.6114 -5.6134, 6.073 -0.5838 -5.7298, 6.141 -0.5734 -5.6656, 6.0953 -0.5358 -5.7998, 6.115 -0.5459 -5.729, 6.2093 -0.4007 -5.7997, 6.1004 -0.5304 -5.7997, 6.3243 -0.0847 -5.7997, 6.3243 0.0847 -5.7997, 6.2853 0.2494 -5.7997, 6.2093 0.4007 -5.7997, 6.1004 0.5304 -5.7997, 5.9646 0.6315 -5.7997, 5.8091 0.6986 -5.7997, 5.6424 0.728 -5.7997, 5.4734 0.7182 -5.7997, 5.3112 0.6696 -5.7997, 5.0414 0.4687 -5.7997, 5.1645 0.5849 -5.7997, 4.9483 0.3273 -5.7997, 4.8904 -0.1682 -5.7997, 4.8708 0.0 -5.7997, 4.8904 0.1682 -5.7997, 4.9483 -0.3273 -5.7997, 5.0414 -0.4687 -5.7997, 5.0251 -0.4824 -5.729, 4.9961 -0.5068 -5.6656, 5.1292 -0.6324 -5.6656, 5.098 -0.6743 -5.6134, 5.0602 -0.7251 -5.5755, 5.2419 -0.8301 -5.5755, 6.227 -0.4124 -5.729, 6.3052 -0.2567 -5.729, 6.3454 -0.0871 -5.729, 6.3454 0.0871 -5.729, 6.3052 0.2567 -5.729, 6.227 0.4124 -5.729, 6.115 0.5459 -5.729, 5.9752 0.6499 -5.729, 5.8152 0.719 -5.729, 5.6436 0.7492 -5.729, 5.4697 0.7391 -5.729, 5.3027 0.6891 -5.729, 5.1518 0.602 -5.729, 5.0251 0.4824 -5.729, 4.9293 0.3368 -5.729, 4.8697 0.1731 -5.729, 4.8495 0.0 -5.729, 4.8697 -0.1731 -5.729, 4.9293 -0.3368 -5.729, 6.2587 -0.4332 -5.6656, 6.3408 -0.2696 -5.6656, 6.383 -0.0915 -5.6656, 6.383 0.0915 -5.6656, 6.3408 0.2696 -5.6656, 6.2587 0.4332 -5.6656, 6.141 0.5734 -5.6656, 5.9942 0.6827 -5.6656, 5.8261 0.7552 -5.6656, 5.6458 0.787 -5.6656, 5.4631 0.7764 -5.6656, 5.2877 0.7239 -5.6656, 5.1292 0.6324 -5.6656, 4.9961 0.5068 -5.6656, 4.8955 0.3538 -5.6656, 4.8329 0.1818 -5.6656, 4.8116 0.0 -5.6656, 4.8329 -0.1818 -5.6656, 4.8955 -0.3538 -5.6656, 6.3023 -0.4619 -5.6134, 6.3899 -0.2875 -5.6134, 6.4349 -0.0976 -5.6134, 6.4349 0.0976 -5.6134, 6.3899 0.2875 -5.6134, 6.3023 0.4619 -5.6134, 6.1769 0.6114 -5.6134, 6.0203 0.728 -5.6134, 5.8411 0.8053 -5.6134, 5.6489 0.8392 -5.6134, 5.454 0.8278 -5.6134, 5.2671 0.7718 -5.6134, 5.098 0.6743 -5.6134, 4.9561 0.5403 -5.6134, 4.8488 0.3773 -5.6134, 4.7821 0.1939 -5.6134, 4.7594 0.0 -5.6134, 4.7821 -0.1939 -5.6134, 4.8488 -0.3773 -5.6134, 4.9561 -0.5403 -5.6134, 6.2204 -0.6575 -5.5755, 6.3553 -0.4968 -5.5755, 6.4495 -0.3092 -5.5755, 6.4979 -0.1049 -5.5755, 6.4979 0.1049 -5.5755, 6.4495 0.3092 -5.5755, 6.3553 0.4968 -5.5755, 6.2204 0.6575 -5.5755, 6.052 0.7829 -5.5755, 5.8593 0.866 -5.5755, 5.6526 0.9025 -5.5755, 5.443 0.8903 -5.5755, 5.2419 0.8301 -5.5755, 5.0602 0.7251 -5.5755, 4.9075 0.5811 -5.5755, 4.7922 0.4057 -5.5755, 4.7204 0.2085 -5.5755, 4.696 0.0 -5.5755, 4.7204 -0.2085 -5.5755, 4.7922 -0.4057 -5.5755, 4.9075 -0.5811 -5.5755, 4.9075 -0.5811 -5.5755
            ]
        }
        coordIndex [
            0,1,2,-1,0,2,3,-1,2,4,3,-1,3,4,5,-1,3,5,6,-1,5,7,6,-1,6,7,8,-1,6,8,9,-1,8,10,9,-1,9,10,11,-1,9,11,12,-1,11,13,12,-1,12,13,14,-1,12,14,15,-1,14,16,15,-1,15,16,17,-1,15,17,18,-1,18,17,19,-1,18,19,20,-1,19,21,20,-1,20,21,22,-1,20,22,23,-1,23,22,24,-1,24,25,23,-1,23,25,26,-1,23,26,27,-1,26,28,27,-1,27,28,29,-1,27,29,30,-1,29,31,30,-1,30,31,32,-1,30,32,33,-1,34,35,36,-1,36,35,33,-1,36,33,37,-1,37,33,32,-1,34,38,35,-1,35,38,39,-1,38,40,39,-1,39,40,41,-1,39,41,42,-1,42,41,43,-1,42,43,44,-1,44,43,45,-1,45,46,44,-1,44,46,47,-1,44,47,48,-1,48,47,49,-1,49,50,48,-1,48,50,51,-1,48,51,52,-1,51,53,52,-1,52,53,54,-1,52,54,55,-1,54,56,55,-1,55,56,57,-1,55,57,58,-1,58,57,59,-1,58,59,60,-1,60,59,61,-1,61,62,60,-1,60,62,63,-1,60,63,64,-1,64,63,65,-1,65,66,64,-1,64,66,67,-1,64,67,68,-1,68,67,69,-1,68,69,70,-1,69,71,70,-1,70,71,72,-1,70,72,0,-1,0,72,73,-1,0,73,1,-1,74,75,76,-1,77,78,79,-1,59,57,80,-1,53,51,81,-1,50,49,82,-1,83,82,84,-1,84,82,49,-1,84,49,47,-1,59,80,61,-1,63,62,85,-1,65,63,86,-1,86,63,87,-1,88,89,90,-1,90,89,91,-1,90,91,79,-1,79,91,92,-1,79,92,77,-1,93,94,95,-1,95,94,96,-1,95,96,97,-1,97,96,98,-1,99,100,101,-1,101,100,102,-1,101,102,96,-1,96,102,103,-1,96,103,98,-1,104,105,106,-1,75,107,76,-1,76,107,108,-1,76,108,105,-1,105,108,109,-1,105,109,106,-1,110,111,112,-1,112,111,113,-1,114,115,116,-1,116,115,117,-1,116,117,118,-1,118,117,119,-1,119,117,120,-1,119,120,121,-1,122,123,124,-1,124,123,125,-1,124,125,126,-1,126,125,127,-1,126,127,128,-1,129,130,131,-1,83,132,82,-1,82,132,133,-1,82,133,131,-1,131,133,134,-1,131,134,129,-1,93,88,94,-1,94,88,90,-1,94,90,85,-1,85,90,79,-1,85,79,63,-1,63,79,78,-1,63,78,87,-1,51,50,81,-1,81,50,82,-1,81,82,127,-1,127,82,131,-1,127,131,128,-1,128,131,130,-1,62,61,85,-1,85,61,80,-1,85,80,94,-1,94,80,135,-1,94,135,96,-1,96,135,136,-1,96,136,101,-1,101,136,104,-1,101,104,99,-1,99,104,106,-1,54,53,137,-1,137,53,81,-1,137,81,138,-1,138,81,127,-1,138,127,139,-1,139,127,125,-1,139,125,120,-1,120,125,123,-1,120,123,121,-1,121,123,122,-1,57,56,80,-1,80,56,140,-1,80,140,135,-1,135,140,141,-1,135,141,136,-1,136,141,142,-1,136,142,104,-1,104,142,143,-1,104,143,105,-1,105,143,144,-1,105,144,76,-1,76,144,113,-1,76,113,74,-1,74,113,111,-1,56,54,140,-1,140,54,137,-1,140,137,141,-1,141,137,138,-1,141,138,142,-1,142,138,139,-1,142,139,143,-1,143,139,120,-1,143,120,144,-1,144,120,117,-1,144,117,113,-1,113,117,115,-1,113,115,112,-1,112,115,114,-1,72,71,145,-1,99,106,146,-1,147,148,109,-1,75,74,149,-1,150,151,152,-1,150,110,112,-1,150,152,153,-1,153,152,154,-1,153,154,155,-1,155,154,156,-1,155,156,157,-1,157,156,158,-1,157,158,159,-1,159,158,160,-1,159,160,161,-1,161,160,162,-1,161,162,163,-1,163,162,164,-1,163,164,165,-1,165,164,166,-1,165,166,167,-1,167,166,168,-1,167,168,169,-1,169,168,170,-1,169,170,171,-1,171,170,172,-1,171,172,173,-1,173,172,174,-1,173,174,175,-1,175,174,176,-1,175,176,177,-1,177,176,178,-1,177,178,179,-1,179,178,180,-1,179,180,181,-1,181,180,182,-1,181,182,183,-1,183,182,184,-1,183,184,185,-1,185,184,186,-1,185,186,187,-1,187,186,188,-1,187,188,189,-1,189,188,190,-1,189,190,191,-1,191,190,192,-1,191,192,193,-1,193,192,194,-1,193,194,195,-1,195,194,196,-1,195,196,197,-1,197,196,148,-1,197,148,149,-1,148,147,149,-1,149,147,107,-1,149,107,75,-1,103,102,146,-1,146,102,100,-1,146,100,99,-1,103,198,98,-1,98,198,97,-1,97,198,95,-1,95,198,199,-1,95,199,93,-1,200,89,201,-1,201,89,88,-1,201,88,93,-1,202,77,203,-1,203,77,92,-1,203,92,200,-1,204,86,205,-1,205,86,87,-1,205,87,202,-1,145,71,204,-1,71,69,204,-1,204,69,67,-1,204,67,86,-1,86,67,66,-1,86,66,65,-1,72,145,73,-1,73,145,206,-1,73,206,1,-1,1,206,207,-1,1,207,2,-1,2,207,4,-1,4,207,208,-1,4,208,5,-1,5,208,7,-1,7,208,209,-1,7,209,8,-1,8,209,10,-1,10,209,210,-1,10,210,11,-1,11,210,211,-1,11,211,13,-1,13,211,212,-1,13,212,14,-1,14,212,16,-1,16,212,213,-1,16,213,17,-1,214,215,24,-1,24,22,214,-1,214,22,21,-1,214,21,213,-1,213,21,19,-1,213,19,17,-1,216,28,217,-1,217,28,26,-1,217,26,215,-1,215,26,25,-1,215,25,24,-1,218,31,216,-1,216,31,29,-1,216,29,28,-1,219,34,220,-1,220,34,36,-1,220,36,221,-1,221,36,37,-1,221,37,218,-1,218,37,32,-1,218,32,31,-1,43,41,222,-1,222,41,40,-1,222,40,219,-1,219,40,38,-1,219,38,34,-1,223,83,84,-1,43,222,45,-1,45,222,223,-1,45,223,46,-1,46,223,84,-1,46,84,47,-1,132,224,133,-1,133,224,134,-1,129,225,130,-1,130,225,226,-1,130,226,128,-1,128,226,126,-1,227,122,124,-1,121,228,119,-1,119,228,229,-1,119,229,118,-1,150,112,151,-1,151,112,114,-1,151,114,116,-1,202,203,205,-1,205,203,230,-1,205,230,204,-1,204,230,231,-1,204,231,145,-1,145,231,232,-1,145,232,206,-1,206,232,233,-1,206,233,207,-1,207,233,234,-1,207,234,208,-1,208,234,235,-1,208,235,209,-1,209,235,236,-1,209,236,210,-1,210,236,237,-1,210,237,211,-1,211,237,238,-1,211,238,212,-1,212,238,239,-1,212,239,213,-1,213,239,240,-1,213,240,214,-1,214,240,241,-1,214,241,215,-1,215,241,242,-1,215,242,217,-1,217,242,243,-1,217,243,216,-1,216,243,244,-1,216,244,218,-1,218,244,245,-1,218,245,221,-1,221,245,246,-1,221,246,220,-1,220,246,247,-1,220,247,219,-1,219,247,248,-1,219,248,222,-1,222,248,224,-1,222,224,223,-1,223,224,132,-1,223,132,83,-1,200,201,203,-1,203,201,249,-1,203,249,230,-1,230,249,250,-1,230,250,231,-1,231,250,251,-1,231,251,232,-1,232,251,252,-1,232,252,233,-1,233,252,253,-1,233,253,234,-1,234,253,254,-1,234,254,235,-1,235,254,255,-1,235,255,236,-1,236,255,256,-1,236,256,237,-1,237,256,257,-1,237,257,238,-1,238,257,258,-1,238,258,239,-1,239,258,259,-1,239,259,240,-1,240,259,260,-1,240,260,241,-1,241,260,261,-1,241,261,242,-1,242,261,262,-1,242,262,243,-1,243,262,263,-1,243,263,244,-1,244,263,264,-1,244,264,245,-1,245,264,265,-1,245,265,246,-1,246,265,266,-1,246,266,247,-1,247,266,267,-1,247,267,248,-1,248,267,225,-1,248,225,224,-1,224,225,129,-1,224,129,134,-1,93,199,201,-1,201,199,268,-1,201,268,249,-1,249,268,269,-1,249,269,250,-1,250,269,270,-1,250,270,251,-1,251,270,271,-1,251,271,252,-1,252,271,272,-1,252,272,253,-1,253,272,273,-1,253,273,254,-1,254,273,274,-1,254,274,255,-1,255,274,275,-1,255,275,256,-1,256,275,276,-1,256,276,257,-1,257,276,277,-1,257,277,258,-1,258,277,278,-1,258,278,259,-1,259,278,279,-1,259,279,260,-1,260,279,280,-1,260,280,261,-1,261,280,281,-1,261,281,262,-1,262,281,282,-1,262,282,263,-1,263,282,283,-1,263,283,264,-1,264,283,284,-1,264,284,265,-1,265,284,285,-1,265,285,266,-1,266,285,286,-1,266,286,267,-1,267,286,287,-1,267,287,225,-1,225,287,227,-1,225,227,226,-1,226,227,124,-1,226,124,126,-1,103,146,198,-1,198,146,288,-1,198,288,199,-1,199,288,289,-1,199,289,268,-1,268,289,290,-1,268,290,269,-1,269,290,291,-1,269,291,270,-1,270,291,292,-1,270,292,271,-1,271,292,293,-1,271,293,272,-1,272,293,294,-1,272,294,273,-1,273,294,295,-1,273,295,274,-1,274,295,296,-1,274,296,275,-1,275,296,297,-1,275,297,276,-1,276,297,298,-1,276,298,277,-1,277,298,299,-1,277,299,278,-1,278,299,300,-1,278,300,279,-1,279,300,301,-1,279,301,280,-1,280,301,302,-1,280,302,281,-1,281,302,303,-1,281,303,282,-1,282,303,304,-1,282,304,283,-1,283,304,305,-1,283,305,284,-1,284,305,306,-1,284,306,285,-1,285,306,307,-1,285,307,286,-1,286,307,308,-1,286,308,287,-1,287,308,228,-1,287,228,227,-1,227,228,121,-1,227,121,122,-1,109,148,106,-1,106,148,196,-1,106,196,146,-1,146,196,194,-1,146,194,288,-1,288,194,192,-1,288,192,289,-1,289,192,190,-1,289,190,290,-1,290,190,188,-1,290,188,291,-1,291,188,186,-1,291,186,292,-1,292,186,184,-1,292,184,293,-1,293,184,182,-1,293,182,294,-1,294,182,180,-1,294,180,295,-1,295,180,178,-1,295,178,296,-1,296,178,176,-1,296,176,297,-1,297,176,174,-1,297,174,298,-1,298,174,172,-1,298,172,299,-1,299,172,170,-1,299,170,300,-1,300,170,168,-1,300,168,301,-1,301,168,166,-1,301,166,302,-1,302,166,164,-1,302,164,303,-1,303,164,162,-1,303,162,304,-1,304,162,160,-1,304,160,305,-1,305,160,158,-1,305,158,306,-1,306,158,156,-1,306,156,307,-1,307,156,154,-1,307,154,308,-1,308,154,152,-1,308,152,228,-1,228,152,151,-1,228,151,229,-1,229,151,116,-1,229,116,118,-1,
        ]
    }
}
Shape{
    appearance Appearance {
        material  Material 	{
            diffuseColor 0.5019607843137255 0.5019607843137255 0.5019607843137255
            specularColor 0.25098039215686274 0.25098039215686274 0.25098039215686274
            ambientIntensity 0.2
            transparency 0
            shininess 0.5
        }
    }
    geometry IndexedFaceSet {
        ccw TRUE
        solid FALSE
        coord DEF co Coordinate {
            point [
                -6.325 0.0 -5.9437, -4.8997 -0.1876 -5.9437, -6.3003 0.1876 -5.9437, -4.875 0.0 -5.9437, -4.8997 0.1876 -5.9437, -6.3003 -0.1876 -5.9437, -6.2279 -0.3625 -5.9437, -6.1127 -0.5127 -5.9437, -4.9721 0.3625 -5.9437, -5.0873 0.5127 -5.9437, -5.2375 0.6279 -5.9437, -5.4124 0.7003 -5.9437, -5.6 0.725 -5.9437, -5.7876 0.7003 -5.9437, -5.9625 0.6279 -5.9437, -6.1127 0.5127 -5.9437, -6.2279 0.3625 -5.9437, -5.2375 -0.6279 -5.9437, -5.0873 -0.5127 -5.9437, -4.9721 -0.3625 -5.9437, -5.9625 -0.6279 -5.9437, -5.7876 -0.7003 -5.9437, -5.4124 -0.7003 -5.9437, -5.6 -0.725 -5.9437, -5.6 -0.725 -5.9437
            ]
        }
        coordIndex [
            0,1,2,-1,2,1,3,-1,2,3,4,-1,0,5,1,-1,1,5,6,-1,1,6,7,-1,4,8,2,-1,2,8,9,-1,2,9,10,-1,10,11,2,-1,2,11,12,-1,2,12,13,-1,13,14,2,-1,2,14,15,-1,2,15,16,-1,17,18,7,-1,7,18,19,-1,7,19,1,-1,7,20,17,-1,17,20,21,-1,17,21,22,-1,22,21,23,-1,
        ]
    }
}
Shape{
    appearance Appearance {
        material  Material 	{
            diffuseColor 0.7294117647058823 0.3568627450980392 0.023529411764705882
            specularColor 0.36470588235294116 0.17647058823529413 0.011764705882352941
            ambientIntensity 0.2
            transparency 0
            shininess 0.5
        }
    }
    geometry IndexedFaceSet {
        ccw TRUE
        solid FALSE
        coord DEF co Coordinate {
            point [
                -5.1422 -0.6153 -5.698, -5.127 -0.5838 -5.7298, -5.1546 -0.604 -5.729, -5.1014 -0.5282 -5.8212, -5.1 -0.525 -5.85, -5.1697 -0.5835 -5.85, -5.8116 -0.99 -5.5523, -5.8049 -0.953 -5.5542, -5.8502 -0.9391 -5.5601, -5.8 -1.0053 -5.55, -5.6 -1.025 -5.55, -5.6 -0.9747 -5.5542, -5.9156 -0.8528 -5.5732, -5.8702 -0.9127 -5.5641, -5.79 -0.8838 -5.5755, -5.9206 -0.845 -5.5764, -5.7767 -0.8218 -5.6134, -5.9544 -0.7921 -5.5983, -5.9455 -0.7663 -5.6134, -5.9829 -0.7475 -5.6168, -5.924 -0.7187 -5.6656, -6.0081 -0.7073 -5.6347, -6.0058 -0.7116 -5.6317, -6.0339 -0.6593 -5.6684, -5.9085 -0.6842 -5.729, -6.0555 -0.6189 -5.6966, -6.0454 -0.604 -5.729, -6.0643 -0.6026 -5.708, -6.0734 -0.5833 -5.7296, -6.0985 -0.5284 -5.8224, -6.0956 -0.5352 -5.7998, -6.0328 -0.5869 -5.7997, -6.0951 -0.5362 -5.7962, -6.0857 -0.5573 -5.7586, -6.0303 -0.5835 -5.85, -6.1 -0.525 -5.85, -6.0991 -0.5271 -5.8269, -5.9605 -0.6244 -5.85, -5.8997 -0.6648 -5.7997, -5.898 -0.6609 -5.85, -5.7867 -0.6975 -5.85, -5.7533 -0.7129 -5.7997, -5.7524 -0.7088 -5.85, -5.6 -0.7292 -5.7997, -5.6 -0.725 -5.85, -5.4467 -0.7129 -5.7997, -5.4476 -0.7088 -5.85, -5.3003 -0.6648 -5.7997, -5.302 -0.6609 -5.85, -5.4133 -0.6975 -5.85, -5.1047 -0.5358 -5.7998, -5.1672 -0.5869 -5.7997, -5.2395 -0.6244 -5.85, -5.117 -0.5632 -5.7507, -5.1065 -0.54 -5.7878, -5.1654 -0.6583 -5.6677, -5.1653 -0.6583 -5.6678, -5.2915 -0.6842 -5.729, -5.1453 -0.6217 -5.6915, -5.1438 -0.6188 -5.6945, -5.2164 -0.7477 -5.6151, -5.2163 -0.7475 -5.6151, -5.276 -0.7187 -5.6656, -5.2014 -0.7241 -5.625, -5.2793 -0.8446 -5.5768, -5.2693 -0.8308 -5.58, -5.4233 -0.8218 -5.6134, -5.2535 -0.806 -5.5905, -5.2545 -0.7663 -5.6134, -5.2445 -0.7918 -5.5965, -5.3505 -0.943 -5.5541, -5.3498 -0.942 -5.5543, -5.3951 -0.953 -5.5542, -5.4 -1.0053 -5.55, -5.3876 -0.9897 -5.551, -5.41 -0.8838 -5.5755, -5.6 -0.904 -5.5755, -5.6 -0.8406 -5.6134, -5.4343 -0.7708 -5.6656, -5.6 -0.7884 -5.6656, -5.7657 -0.7708 -5.6656, -5.4422 -0.7337 -5.729, -5.6 -0.7505 -5.729, -5.7578 -0.7337 -5.729, -4.875 0.0 -5.85, -4.875 0.0 -5.9437, -4.8945 -0.1672 -5.85, -4.8997 -0.1876 -5.9437, -4.9017 -0.1869 -5.85, -4.9521 -0.3254 -5.85, -4.9721 -0.3625 -5.9437, -4.9752 -0.3605 -5.85, -5.0446 -0.466 -5.85, -5.0873 -0.5127 -5.9437, -5.0879 -0.5121 -5.85, -5.2375 -0.6279 -5.9437, -5.4124 -0.7003 -5.9437, -5.6 -0.725 -5.9437, -5.7876 -0.7003 -5.9437, -5.9625 -0.6279 -5.9437, -6.1127 -0.5127 -5.9437, -6.1113 -0.5115 -5.85, -6.2057 -0.3984 -5.85, -6.2279 -0.3625 -5.9437, -6.2246 -0.3609 -5.85, -6.2813 -0.248 -5.85, -6.3003 -0.1876 -5.9437, -6.2958 -0.1866 -5.85, -6.3201 -0.0842 -5.85, -6.325 0.0 -5.9437, -6.325 0.0 -5.85, -5.0446 0.466 -5.85, -5.0905 0.5093 -5.85, -5.0873 0.5127 -5.9437, -6.2813 0.248 -5.85, -6.2958 0.1866 -5.85, -6.3003 0.1876 -5.9437, -6.3201 0.0842 -5.85, -6.2246 0.3609 -5.85, -6.2279 0.3625 -5.9437, -6.2057 0.3984 -5.85, -6.1127 0.5127 -5.9437, -6.111 0.5113 -5.85, -6.0975 0.5273 -5.85, -5.9625 0.6279 -5.9437, -5.9625 0.6279 -5.85, -5.8079 0.6945 -5.85, -5.7876 0.7003 -5.9437, -5.7873 0.6982 -5.85, -5.6422 0.7238 -5.85, -5.6 0.725 -5.9437, -5.6002 0.7213 -5.85, -5.4741 0.714 -5.85, -5.4124 0.7003 -5.9437, -5.4137 0.6959 -5.85, -5.3128 0.6657 -5.85, -5.2375 0.6279 -5.9437, -5.24 0.6236 -5.85, -5.1671 0.5815 -5.85, -4.9752 0.3605 -5.85, -4.9721 0.3625 -5.9437, -4.9521 0.3254 -5.85, -4.8997 0.1876 -5.9437, -4.9017 0.1869 -5.85, -4.8945 0.1672 -5.85, -5.1047 -0.5358 -5.7998, -5.0414 -0.4687 -5.7997, -5.0251 -0.4824 -5.729, -5.1292 -0.6324 -5.6656, -4.9961 -0.5068 -5.6656, -5.098 -0.6743 -5.6134, -5.194 -0.9412 -5.55, -6.0203 -0.728 -5.6134, -6.3243 0.0847 -5.7997, -5.0414 0.4687 -5.7997, -4.9483 0.3273 -5.7997, -4.8904 0.1682 -5.7997, -5.1645 0.5849 -5.7997, -5.3112 0.6696 -5.7997, -5.4734 0.7182 -5.7997, -5.6424 0.728 -5.7997, -5.8091 0.6986 -5.7997, -5.9646 0.6315 -5.7997, -6.1004 0.5304 -5.7997, -6.2093 0.4007 -5.7997, -6.2853 0.2494 -5.7997, -6.3243 -0.0847 -5.7997, -6.2853 -0.2494 -5.7997, -6.2093 -0.4007 -5.7997, -6.1004 -0.5304 -5.7997, -6.115 -0.5459 -5.729, -6.141 -0.5734 -5.6656, -6.1769 -0.6114 -5.6134, -6.052 -0.7829 -5.5755, -5.8796 -0.9338 -5.5542, -6.0874 -0.8442 -5.5542, -5.894 -0.9819 -5.55, -6.1125 -0.8877 -5.55, -6.2689 -0.709 -5.5542, -6.3034 -0.7456 -5.55, -6.4144 -0.5356 -5.5542, -6.4564 -0.5632 -5.55, -6.516 -0.3334 -5.5542, -6.5632 -0.3506 -5.55, -6.5682 -0.1132 -5.5542, -6.6181 -0.119 -5.55, -6.5682 0.1132 -5.5542, -6.6181 0.119 -5.55, -6.516 0.3334 -5.5542, -6.5632 0.3506 -5.55, -6.4144 0.5356 -5.5542, -6.4564 0.5632 -5.55, -6.2689 0.709 -5.5542, -6.3034 0.7456 -5.55, -6.0874 0.8442 -5.5542, -6.1125 0.8877 -5.55, -5.8796 0.9338 -5.5542, -5.894 0.9819 -5.55, -5.6567 0.9731 -5.5542, -5.6596 1.0233 -5.55, -5.4307 0.9599 -5.5542, -5.422 1.0094 -5.55, -5.2139 0.895 -5.5542, -5.194 0.9412 -5.55, -5.0179 0.7819 -5.5542, -4.9879 0.8222 -5.55, -4.8533 0.6266 -5.5542, -4.8148 0.6589 -5.55, -4.7289 0.4375 -5.5542, -4.684 0.46 -5.55, -4.6515 0.2248 -5.5542, -4.6026 0.2364 -5.55, -4.6253 0.0 -5.5542, -4.575 0.0 -5.55, -4.6515 -0.2248 -5.5542, -4.6026 -0.2364 -5.55, -4.7289 -0.4375 -5.5542, -4.684 -0.46 -5.55, -4.8533 -0.6266 -5.5542, -4.8148 -0.6589 -5.55, -5.0179 -0.7819 -5.5542, -4.9879 -0.8222 -5.55, -5.2139 -0.895 -5.5542, -5.2419 -0.8301 -5.5755, -5.2793 -0.8446 -5.5768, -5.3498 -0.942 -5.5543, -5.0602 -0.7251 -5.5755, -4.9483 -0.3273 -5.7997, -4.8708 0.0 -5.7997, -4.8904 -0.1682 -5.7997, -6.2204 -0.6575 -5.5755, -6.3553 -0.4968 -5.5755, -6.4495 -0.3092 -5.5755, -6.4979 -0.1049 -5.5755, -6.4979 0.1049 -5.5755, -6.4495 0.3092 -5.5755, -6.3553 0.4968 -5.5755, -6.2204 0.6575 -5.5755, -6.052 0.7829 -5.5755, -5.8593 0.866 -5.5755, -5.6526 0.9025 -5.5755, -5.443 0.8903 -5.5755, -5.2419 0.8301 -5.5755, -5.0602 0.7251 -5.5755, -4.9075 0.5811 -5.5755, -4.7922 0.4057 -5.5755, -4.7204 0.2085 -5.5755, -4.696 0.0 -5.5755, -4.7204 -0.2085 -5.5755, -4.7922 -0.4057 -5.5755, -4.9075 -0.5811 -5.5755, -6.3023 -0.4619 -5.6134, -6.3899 -0.2875 -5.6134, -6.4349 -0.0976 -5.6134, -6.4349 0.0976 -5.6134, -6.3899 0.2875 -5.6134, -6.3023 0.4619 -5.6134, -6.1769 0.6114 -5.6134, -6.0203 0.728 -5.6134, -5.8411 0.8053 -5.6134, -5.6489 0.8392 -5.6134, -5.454 0.8278 -5.6134, -5.2671 0.7718 -5.6134, -5.098 0.6743 -5.6134, -4.9561 0.5403 -5.6134, -4.8488 0.3773 -5.6134, -4.7821 0.1939 -5.6134, -4.7594 0.0 -5.6134, -4.7821 -0.1939 -5.6134, -4.8488 -0.3773 -5.6134, -4.9561 -0.5403 -5.6134, -6.2587 -0.4332 -5.6656, -6.3408 -0.2696 -5.6656, -6.383 -0.0915 -5.6656, -6.383 0.0915 -5.6656, -6.3408 0.2696 -5.6656, -6.2587 0.4332 -5.6656, -6.141 0.5734 -5.6656, -5.9942 0.6827 -5.6656, -5.8261 0.7552 -5.6656, -5.6458 0.787 -5.6656, -5.4631 0.7764 -5.6656, -5.2877 0.7239 -5.6656, -5.1292 0.6324 -5.6656, -4.9961 0.5068 -5.6656, -4.8955 0.3538 -5.6656, -4.8329 0.1818 -5.6656, -4.8116 0.0 -5.6656, -4.8329 -0.1818 -5.6656, -4.8955 -0.3538 -5.6656, -6.227 -0.4124 -5.729, -6.3052 -0.2567 -5.729, -6.3454 -0.0871 -5.729, -6.3454 0.0871 -5.729, -6.3052 0.2567 -5.729, -6.227 0.4124 -5.729, -6.115 0.5459 -5.729, -5.9752 0.6499 -5.729, -5.8152 0.719 -5.729, -5.6436 0.7492 -5.729, -5.4697 0.7391 -5.729, -5.3027 0.6891 -5.729, -5.1518 0.602 -5.729, -5.0251 0.4824 -5.729, -4.9293 0.3368 -5.729, -4.8697 0.1731 -5.729, -4.8495 0.0 -5.729, -4.8697 -0.1731 -5.729, -4.9293 -0.3368 -5.729, 6.1 1.6085 -5.85, 6.0743 2.0001 -5.85, 6.0898 1.6085 -5.7724, 6.0642 1.9987 -5.7724, 6.0598 1.6085 -5.7, 6.0345 1.9948 -5.7, 6.0121 1.6085 -5.6379, 5.9872 1.9886 -5.6379, 5.95 1.6085 -5.5902, 5.9256 1.9805 -5.5902, 5.8776 1.6085 -5.5602, 5.8539 1.9711 -5.5602, 5.8 1.6085 -5.55, 5.7769 1.9609 -5.55, 5.9978 2.385 -5.85, 5.9879 2.3823 -5.7724, 5.959 2.3746 -5.7, 5.9129 2.3622 -5.6379, 5.8529 2.3461 -5.5902, 5.783 2.3274 -5.5602, 5.708 2.3073 -5.55, 5.8716 2.7566 -5.85, 5.8622 2.7526 -5.7724, 5.8345 2.7412 -5.7, 5.7905 2.7229 -5.6379, 5.7331 2.6991 -5.5902, 5.6662 2.6715 -5.5602, 5.5945 2.6417 -5.55, 5.6981 3.1085 -5.85, 5.6892 3.1034 -5.7724, 5.6633 3.0884 -5.7, 5.622 3.0646 -5.6379, 5.5682 3.0335 -5.5902, 5.5055 2.9973 -5.5602, 5.4383 2.9585 -5.55, 5.4801 3.4348 -5.85, 5.4719 3.4286 -5.7724, 5.4482 3.4103 -5.7, 5.4103 3.3813 -5.6379, 5.3611 3.3435 -5.5902, 5.3037 3.2994 -5.5602, 5.2421 3.2522 -5.55, 5.2213 3.7298 -5.85, 5.2141 3.7226 -5.7724, 5.1929 3.7014 -5.7, 5.1592 3.6677 -5.6379, 5.1153 3.6238 -5.5902, 5.0641 3.5726 -5.5602, 5.0092 3.5177 -5.55, 3.8227 4.7042 -5.55, 3.8776 4.7591 -5.5602, 3.9288 4.8103 -5.5902, 3.9727 4.8542 -5.6379, 4.0064 4.8879 -5.7, 4.0276 4.9091 -5.7724, 4.0348 4.9163 -5.85, 3.7398 5.1751 -5.85, 3.7336 5.1669 -5.7724, 3.7153 5.1432 -5.7, 3.6863 5.1053 -5.6379, 3.6485 5.0561 -5.5902, 3.6044 4.9987 -5.5602, 3.5572 4.9371 -5.55, 3.4135 5.3931 -5.85, 3.4084 5.3842 -5.7724, 3.3934 5.3583 -5.7, 3.3696 5.317 -5.6379, 3.3385 5.2632 -5.5902, 3.3023 5.2005 -5.5602, 3.2635 5.1333 -5.55, 3.0616 5.5666 -5.85, 3.0576 5.5572 -5.7724, 3.0462 5.5295 -5.7, 3.0279 5.4855 -5.6379, 3.0041 5.4281 -5.5902, 2.9765 5.3612 -5.5602, 2.9467 5.2895 -5.55, 2.69 5.6928 -5.85, 2.6873 5.6829 -5.7724, 2.6796 5.654 -5.7, 2.6672 5.6079 -5.6379, 2.6511 5.5479 -5.5902, 2.6324 5.478 -5.5602, 2.6123 5.403 -5.55, 2.3051 5.7693 -5.85, 2.3037 5.7592 -5.7724, 2.2998 5.7295 -5.7, 2.2936 5.6822 -5.6379, 2.2855 5.6206 -5.5902, 2.2761 5.5489 -5.5602, 2.2659 5.4719 -5.55, 1.9135 5.795 -5.85, 1.9135 5.7848 -5.7724, 1.9135 5.7548 -5.7, 1.9135 5.7071 -5.6379, 1.9135 5.645 -5.5902, 1.9135 5.5726 -5.5602, 1.9135 5.495 -5.55, -1.9135 5.495 -5.55, -1.9135 5.5726 -5.5602, -1.9135 5.645 -5.5902, -1.9135 5.7071 -5.6379, -1.9135 5.7548 -5.7, -1.9135 5.7848 -5.7724, -1.9135 5.795 -5.85, -2.3051 5.7693 -5.85, -2.3037 5.7592 -5.7724, -2.2998 5.7295 -5.7, -2.2936 5.6822 -5.6379, -2.2855 5.6206 -5.5902, -2.2761 5.5489 -5.5602, -2.2659 5.4719 -5.55, -2.69 5.6928 -5.85, -2.6873 5.6829 -5.7724, -2.6796 5.654 -5.7, -2.6672 5.6079 -5.6379, -2.6511 5.5479 -5.5902, -2.6324 5.478 -5.5602, -2.6123 5.403 -5.55, -3.0616 5.5666 -5.85, -3.0576 5.5572 -5.7724, -3.0462 5.5295 -5.7, -3.0279 5.4855 -5.6379, -3.0041 5.4281 -5.5902, -2.9765 5.3612 -5.5602, -2.9467 5.2895 -5.55, -3.4135 5.3931 -5.85, -3.4084 5.3842 -5.7724, -3.3934 5.3583 -5.7, -3.3696 5.317 -5.6379, -3.3385 5.2632 -5.5902, -3.3023 5.2005 -5.5602, -3.2635 5.1333 -5.55, -3.7398 5.1751 -5.85, -3.7336 5.1669 -5.7724, -3.7153 5.1432 -5.7, -3.6863 5.1053 -5.6379, -3.6485 5.0561 -5.5902, -3.6044 4.9987 -5.5602, -3.5572 4.9371 -5.55, -4.0348 4.9163 -5.85, -4.0276 4.9091 -5.7724, -4.0064 4.8879 -5.7, -3.9727 4.8542 -5.6379, -3.9288 4.8103 -5.5902, -3.8776 4.7591 -5.5602, -3.8227 4.7042 -5.55, -5.0092 3.5177 -5.55, -5.0641 3.5726 -5.5602, -5.1153 3.6238 -5.5902, -5.1592 3.6677 -5.6379, -5.1929 3.7014 -5.7, -5.2141 3.7226 -5.7724, -5.2213 3.7298 -5.85, -5.4801 3.4348 -5.85, -5.4719 3.4286 -5.7724, -5.4482 3.4103 -5.7, -5.4103 3.3813 -5.6379, -5.3611 3.3435 -5.5902, -5.3037 3.2994 -5.5602, -5.2421 3.2522 -5.55, -5.6981 3.1085 -5.85, -5.6892 3.1034 -5.7724, -5.6633 3.0884 -5.7, -5.622 3.0646 -5.6379, -5.5682 3.0335 -5.5902, -5.5055 2.9973 -5.5602, -5.4383 2.9585 -5.55, -5.8716 2.7566 -5.85, -5.8622 2.7526 -5.7724, -5.8345 2.7412 -5.7, -5.7905 2.7229 -5.6379, -5.7331 2.6991 -5.5902, -5.6662 2.6715 -5.5602, -5.5945 2.6417 -5.55, -5.9978 2.385 -5.85, -5.9879 2.3823 -5.7724, -5.959 2.3746 -5.7, -5.9129 2.3622 -5.6379, -5.8529 2.3461 -5.5902, -5.783 2.3274 -5.5602, -5.708 2.3073 -5.55, -6.0743 2.0001 -5.85, -6.0642 1.9987 -5.7724, -6.0345 1.9948 -5.7, -5.9872 1.9886 -5.6379, -5.9256 1.9805 -5.5902, -5.8539 1.9711 -5.5602, -5.7769 1.9609 -5.55, -6.1 1.6085 -5.85, -6.0898 1.6085 -5.7724, -6.0598 1.6085 -5.7, -6.0121 1.6085 -5.6379, -5.95 1.6085 -5.5902, -5.8776 1.6085 -5.5602, -5.8 1.6085 -5.55, 5.2213 -3.7298 -5.85, 5.4801 -3.4348 -5.85, 5.2141 -3.7226 -5.7724, 5.4719 -3.4286 -5.7724, 5.1929 -3.7014 -5.7, 5.4482 -3.4103 -5.7, 5.1592 -3.6677 -5.6379, 5.4103 -3.3813 -5.6379, 5.1153 -3.6238 -5.5902, 5.3611 -3.3435 -5.5902, 5.0641 -3.5726 -5.5602, 5.3037 -3.2994 -5.5602, 5.0092 -3.5177 -5.55, 5.2421 -3.2522 -5.55, 5.6981 -3.1085 -5.85, 5.6892 -3.1034 -5.7724, 5.6633 -3.0884 -5.7, 5.622 -3.0646 -5.6379, 5.5682 -3.0335 -5.5902, 5.5055 -2.9973 -5.5602, 5.4383 -2.9585 -5.55, 5.8716 -2.7566 -5.85, 5.8622 -2.7526 -5.7724, 5.8345 -2.7412 -5.7, 5.7905 -2.7229 -5.6379, 5.7331 -2.6991 -5.5902, 5.6662 -2.6715 -5.5602, 5.5945 -2.6417 -5.55, 5.9978 -2.385 -5.85, 5.9879 -2.3823 -5.7724, 5.959 -2.3746 -5.7, 5.9129 -2.3622 -5.6379, 5.8529 -2.3461 -5.5902, 5.783 -2.3274 -5.5602, 5.708 -2.3073 -5.55, 6.0743 -2.0001 -5.85, 6.0642 -1.9987 -5.7724, 6.0345 -1.9948 -5.7, 5.9872 -1.9886 -5.6379, 5.9256 -1.9805 -5.5902, 5.8539 -1.9711 -5.5602, 5.7769 -1.9609 -5.55, 6.1 -1.6085 -5.85, 6.0898 -1.6085 -5.7724, 6.0598 -1.6085 -5.7, 6.0121 -1.6085 -5.6379, 5.95 -1.6085 -5.5902, 5.8776 -1.6085 -5.5602, 5.8 -1.6085 -5.55, 3.8227 -4.7042 -5.55, 3.8776 -4.7591 -5.5602, 3.9288 -4.8103 -5.5902, 3.9727 -4.8542 -5.6379, 4.0064 -4.8879 -5.7, 4.0276 -4.9091 -5.7724, 4.0348 -4.9163 -5.85, 1.9135 -5.795 -5.85, 2.3051 -5.7693 -5.85, 1.9135 -5.7848 -5.7724, 2.3037 -5.7592 -5.7724, 1.9135 -5.7548 -5.7, 2.2998 -5.7295 -5.7, 1.9135 -5.7071 -5.6379, 2.2936 -5.6822 -5.6379, 1.9135 -5.645 -5.5902, 2.2855 -5.6206 -5.5902, 1.9135 -5.5726 -5.5602, 2.2761 -5.5489 -5.5602, 1.9135 -5.495 -5.55, 2.2659 -5.4719 -5.55, 2.69 -5.6928 -5.85, 2.6873 -5.6829 -5.7724, 2.6796 -5.654 -5.7, 2.6672 -5.6079 -5.6379, 2.6511 -5.5479 -5.5902, 2.6324 -5.478 -5.5602, 2.6123 -5.403 -5.55, 3.0616 -5.5666 -5.85, 3.0576 -5.5572 -5.7724, 3.0462 -5.5295 -5.7, 3.0279 -5.4855 -5.6379, 3.0041 -5.4281 -5.5902, 2.9765 -5.3612 -5.5602, 2.9467 -5.2895 -5.55, 3.4135 -5.3931 -5.85, 3.4084 -5.3842 -5.7724, 3.3934 -5.3583 -5.7, 3.3696 -5.317 -5.6379, 3.3385 -5.2632 -5.5902, 3.3023 -5.2005 -5.5602, 3.2635 -5.1333 -5.55, 3.7398 -5.1751 -5.85, 3.7336 -5.1669 -5.7724, 3.7153 -5.1432 -5.7, 3.6863 -5.1053 -5.6379, 3.6485 -5.0561 -5.5902, 3.6044 -4.9987 -5.5602, 3.5572 -4.9371 -5.55, -1.9135 -5.495 -5.55, -1.9135 -5.5726 -5.5602, -1.9135 -5.645 -5.5902, -1.9135 -5.7071 -5.6379, -1.9135 -5.7548 -5.7, -1.9135 -5.7848 -5.7724, -1.9135 -5.795 -5.85, -4.0348 -4.9163 -5.85, -3.7398 -5.1751 -5.85, -4.0276 -4.9091 -5.7724, -3.7336 -5.1669 -5.7724, -4.0064 -4.8879 -5.7, -3.7153 -5.1432 -5.7, -3.9727 -4.8542 -5.6379, -3.6863 -5.1053 -5.6379, -3.9288 -4.8103 -5.5902, -3.6485 -5.0561 -5.5902, -3.8776 -4.7591 -5.5602, -3.6044 -4.9987 -5.5602, -3.8227 -4.7042 -5.55, -3.5572 -4.9371 -5.55, -3.4135 -5.3931 -5.85, -3.4084 -5.3842 -5.7724, -3.3934 -5.3583 -5.7, -3.3696 -5.317 -5.6379, -3.3385 -5.2632 -5.5902, -3.3023 -5.2005 -5.5602, -3.2635 -5.1333 -5.55, -3.0616 -5.5666 -5.85, -3.0576 -5.5572 -5.7724, -3.0462 -5.5295 -5.7, -3.0279 -5.4855 -5.6379, -3.0041 -5.4281 -5.5902, -2.9765 -5.3612 -5.5602, -2.9467 -5.2895 -5.55, -2.69 -5.6928 -5.85, -2.6873 -5.6829 -5.7724, -2.6796 -5.654 -5.7, -2.6672 -5.6079 -5.6379, -2.6511 -5.5479 -5.5902, -2.6324 -5.478 -5.5602, -2.6123 -5.403 -5.55, -2.3051 -5.7693 -5.85, -2.3037 -5.7592 -5.7724, -2.2998 -5.7295 -5.7, -2.2936 -5.6822 -5.6379, -2.2855 -5.6206 -5.5902, -2.2761 -5.5489 -5.5602, -2.2659 -5.4719 -5.55, -5.0092 -3.5177 -5.55, -5.0641 -3.5726 -5.5602, -5.1153 -3.6238 -5.5902, -5.1592 -3.6677 -5.6379, -5.1929 -3.7014 -5.7, -5.2141 -3.7226 -5.7724, -5.2213 -3.7298 -5.85, -6.1 -1.6085 -5.85, -6.0743 -2.0001 -5.85, -6.0898 -1.6085 -5.7724, -6.0642 -1.9987 -5.7724, -6.0598 -1.6085 -5.7, -6.0345 -1.9948 -5.7, -6.0121 -1.6085 -5.6379, -5.9872 -1.9886 -5.6379, -5.95 -1.6085 -5.5902, -5.9256 -1.9805 -5.5902, -5.8776 -1.6085 -5.5602, -5.8539 -1.9711 -5.5602, -5.8 -1.6085 -5.55, -5.7769 -1.9609 -5.55, -5.9978 -2.385 -5.85, -5.9879 -2.3823 -5.7724, -5.959 -2.3746 -5.7, -5.9129 -2.3622 -5.6379, -5.8529 -2.3461 -5.5902, -5.783 -2.3274 -5.5602, -5.708 -2.3073 -5.55, -5.8716 -2.7566 -5.85, -5.8622 -2.7526 -5.7724, -5.8345 -2.7412 -5.7, -5.7905 -2.7229 -5.6379, -5.7331 -2.6991 -5.5902, -5.6662 -2.6715 -5.5602, -5.5945 -2.6417 -5.55, -5.6981 -3.1085 -5.85, -5.6892 -3.1034 -5.7724, -5.6633 -3.0884 -5.7, -5.622 -3.0646 -5.6379, -5.5682 -3.0335 -5.5902, -5.5055 -2.9973 -5.5602, -5.4383 -2.9585 -5.55, -5.4801 -3.4348 -5.85, -5.4719 -3.4286 -5.7724, -5.4482 -3.4103 -5.7, -5.4103 -3.3813 -5.6379, -5.3611 -3.3435 -5.5902, -5.3037 -3.2994 -5.5602, -5.2421 -3.2522 -5.55, -6.0938 1.3886 -5.7896, -6.0885 1.3849 -5.7728, -5.927 1.2654 -5.5782, -5.8768 1.2255 -5.563, -5.8453 1.2005 -5.5534, -5.8 1.1629 -5.55, -5.8766 1.2254 -5.5629, -5.9488 1.282 -5.5921, -5.9487 1.2819 -5.592, -6.0424 1.3519 -5.6733, -6.0106 1.3285 -5.6393, -6.0106 1.3285 -5.6392, -5.9927 1.3153 -5.62, -6.0582 1.3632 -5.7009, -6.0583 1.3632 -5.7009, -6.075 1.3753 -5.7302, -6.0955 1.3898 -5.8059, -6.1 1.393 -5.85, -6.0996 -1.3927 -5.8341, -6.1 -1.393 -5.85, -6.0955 -1.3898 -5.8087, -6.0897 -1.3857 -5.7724, -6.0897 -1.3857 -5.772, -6.0654 -1.3684 -5.7101, -6.011 -1.3288 -5.6392, -6.0241 -1.3385 -5.6505, -6.0588 -1.3637 -5.7006, -6.0588 -1.3637 -5.7007, -6.0109 -1.3287 -5.6391, -5.9653 -1.2947 -5.5996, -5.8773 -1.226 -5.5623, -5.8929 -1.2388 -5.5648, -5.9491 -1.2822 -5.5918, -5.9492 -1.2823 -5.5919, -5.8771 -1.2259 -5.5622, -5.8 -1.1629 -5.55, -5.8929 -1.2388 -5.5648, -6.0223 -1.1846 -5.5602, -6.0466 -1.2528 -5.5902, -6.0241 -1.3385 -5.6505, -6.0675 -1.3113 -5.6379, -6.0936 -1.3844 -5.7724, -6.0897 -1.3857 -5.7724, -6.0897 -1.3857 -5.772, -6.0654 -1.3684 -5.7101, -6.0835 -1.3562 -5.7, -6.0996 -1.3927 -5.8341, -6.35 -1.2759 -5.85, -6.0885 1.3849 -5.7727, -6.0938 1.3886 -5.7896, -6.0936 1.3844 -5.7724, -6.3449 1.2671 -5.7724, -6.075 1.3753 -5.7302, -6.0835 1.3562 -5.7, -6.0424 1.3519 -5.6733, -6.0675 1.3113 -5.6379, -6.0466 1.2528 -5.5902, -5.927 1.2654 -5.5782, -6.0223 1.1846 -5.5602, -5.9963 1.1115 -5.55, -5.8453 1.2005 -5.5534, -6.3449 -1.2671 -5.7724, -6.5696 -1.1046 -5.7724, -6.5764 -1.1123 -5.85, -6.7598 -0.9028 -5.7724, -6.7679 -0.9091 -5.85, -6.9088 -0.6688 -5.7724, -6.9179 -0.6735 -5.85, -7.0111 -0.4111 -5.7724, -7.0209 -0.4139 -5.85, -7.0632 -0.1387 -5.7724, -7.0734 -0.1396 -5.85, -7.0632 0.1387 -5.7724, -7.0734 0.1396 -5.85, -7.0111 0.4111 -5.7724, -7.0209 0.4139 -5.85, -6.9088 0.6688 -5.7724, -6.9179 0.6735 -5.85, -6.7598 0.9028 -5.7724, -6.7679 0.9091 -5.85, -6.5696 1.1046 -5.7724, -6.5764 1.1123 -5.85, -6.35 1.2759 -5.85, -6.3297 -1.2412 -5.7, -6.5498 -1.0821 -5.7, -6.7362 -0.8844 -5.7, -6.8821 -0.6552 -5.7, -6.9824 -0.4027 -5.7, -7.0334 -0.1358 -5.7, -7.0334 0.1358 -5.7, -6.9824 0.4027 -5.7, -6.8821 0.6552 -5.7, -6.7362 0.8844 -5.7, -6.5498 1.0821 -5.7, -6.3297 1.2412 -5.7, -6.3055 -1.2001 -5.6379, -6.5184 -1.0462 -5.6379, -6.6986 -0.8551 -5.6379, -6.8396 -0.6335 -5.6379, -6.9366 -0.3893 -5.6379, -6.9859 -0.1313 -5.6379, -6.9859 0.1313 -5.6379, -6.9366 0.3893 -5.6379, -6.8396 0.6335 -5.6379, -6.6986 0.8551 -5.6379, -6.5184 1.0462 -5.6379, -6.3055 1.2001 -5.6379, -6.274 -1.1466 -5.5902, -6.4774 -0.9995 -5.5902, -6.6495 -0.8169 -5.5902, -6.7843 -0.6052 -5.5902, -6.8769 -0.372 -5.5902, -6.9241 -0.1255 -5.5902, -6.9241 0.1255 -5.5902, -6.8769 0.372 -5.5902, -6.7843 0.6052 -5.5902, -6.6495 0.8169 -5.5902, -6.4774 0.9995 -5.5902, -6.274 1.1466 -5.5902, -6.2374 -1.0842 -5.5602, -6.4297 -0.9452 -5.5602, -6.5924 -0.7725 -5.5602, -6.7199 -0.5723 -5.5602, -6.8075 -0.3517 -5.5602, -6.852 -0.1187 -5.5602, -6.852 0.1187 -5.5602, -6.8075 0.3517 -5.5602, -6.7199 0.5723 -5.5602, -6.5924 0.7725 -5.5602, -6.4297 0.9452 -5.5602, -6.2374 1.0842 -5.5602, -5.9963 -1.1115 -5.55, -6.198 -1.0172 -5.55, -6.3784 -0.8868 -5.55, -6.5312 -0.7248 -5.55, -6.6507 -0.537 -5.55, -6.7329 -0.33 -5.55, -6.7747 -0.1113 -5.55, -6.7747 0.1113 -5.55, -6.7329 0.33 -5.55, -6.6507 0.537 -5.55, -6.5312 0.7248 -5.55, -6.3784 0.8868 -5.55, -6.198 1.0172 -5.55, -5.1115 -1.3849 -5.7727, -5.1062 -1.3886 -5.7896, -5.1064 -1.3844 -5.7724, -5.1045 -1.3898 -5.8059, -4.8551 -1.2671 -5.7724, -5.125 -1.3753 -5.7302, -5.1165 -1.3562 -5.7, -5.1417 -1.3632 -5.7009, -5.1418 -1.3632 -5.7009, -5.1576 -1.3519 -5.6733, -5.1325 -1.3113 -5.6379, -5.1894 -1.3285 -5.6393, -5.1894 -1.3285 -5.6392, -5.2074 -1.3153 -5.62, -5.1534 -1.2528 -5.5902, -5.2512 -1.282 -5.5921, -5.2513 -1.2819 -5.592, -5.273 -1.2654 -5.5782, -5.1777 -1.1846 -5.5602, -5.3232 -1.2255 -5.563, -5.3234 -1.2254 -5.5629, -5.2037 -1.1115 -5.55, -5.4 -1.1629 -5.55, -5.3547 -1.2005 -5.5534, -5.2509 1.2822 -5.5918, -5.307 1.2388 -5.5648, -5.1777 1.1846 -5.5602, -5.3227 1.226 -5.5623, -5.3229 1.2258 -5.5623, -5.4 1.1629 -5.55, -5.1891 1.3287 -5.6391, -5.2347 1.2948 -5.5997, -5.1534 1.2528 -5.5902, -5.2508 1.2823 -5.5919, -5.1412 1.3637 -5.7006, -5.1759 1.3385 -5.6505, -5.1325 1.3113 -5.6379, -5.189 1.3288 -5.6392, -5.1064 1.3844 -5.7724, -5.1103 1.3857 -5.7724, -5.1103 1.3857 -5.7719, -5.1346 1.3684 -5.7101, -5.1165 1.3562 -5.7, -5.1412 1.3637 -5.7007, -5.1 1.393 -5.85, -5.1004 1.3927 -5.834, -4.85 1.2759 -5.85, -5.1045 1.3898 -5.8087, -4.8551 1.2671 -5.7724, -4.6304 1.1046 -5.7724, -4.6236 1.1123 -5.85, -4.4402 0.9028 -5.7724, -4.4321 0.9091 -5.85, -4.2912 0.6688 -5.7724, -4.2821 0.6735 -5.85, -4.1889 0.4111 -5.7724, -4.1791 0.4139 -5.85, -4.1368 0.1387 -5.7724, -4.1266 0.1396 -5.85, -4.1368 -0.1387 -5.7724, -4.1266 -0.1396 -5.85, -4.1889 -0.4111 -5.7724, -4.1791 -0.4139 -5.85, -4.2912 -0.6688 -5.7724, -4.2821 -0.6735 -5.85, -4.4402 -0.9028 -5.7724, -4.4321 -0.9091 -5.85, -4.6304 -1.1046 -5.7724, -4.6236 -1.1123 -5.85, -4.85 -1.2759 -5.85, -5.1 -1.393 -5.85, -4.8703 1.2412 -5.7, -4.6502 1.0821 -5.7, -4.4638 0.8844 -5.7, -4.3179 0.6552 -5.7, -4.2176 0.4027 -5.7, -4.1666 0.1358 -5.7, -4.1666 -0.1358 -5.7, -4.2176 -0.4027 -5.7, -4.3179 -0.6552 -5.7, -4.4638 -0.8844 -5.7, -4.6502 -1.0821 -5.7, -4.8703 -1.2412 -5.7, -4.8945 1.2001 -5.6379, -4.6816 1.0462 -5.6379, -4.5014 0.8551 -5.6379, -4.3604 0.6335 -5.6379, -4.2634 0.3893 -5.6379, -4.2141 0.1313 -5.6379, -4.2141 -0.1313 -5.6379, -4.2634 -0.3893 -5.6379, -4.3604 -0.6335 -5.6379, -4.5014 -0.8551 -5.6379, -4.6816 -1.0462 -5.6379, -4.8945 -1.2001 -5.6379, -4.926 1.1466 -5.5902, -4.7226 0.9995 -5.5902, -4.5505 0.8169 -5.5902, -4.4157 0.6052 -5.5902, -4.3231 0.372 -5.5902, -4.2759 0.1255 -5.5902, -4.2759 -0.1255 -5.5902, -4.3231 -0.372 -5.5902, -4.4157 -0.6052 -5.5902, -4.5505 -0.8169 -5.5902, -4.7226 -0.9995 -5.5902, -4.926 -1.1466 -5.5902, -4.9626 1.0842 -5.5602, -4.7703 0.9452 -5.5602, -4.6076 0.7725 -5.5602, -4.4801 0.5723 -5.5602, -4.3925 0.3517 -5.5602, -4.348 0.1187 -5.5602, -4.348 -0.1187 -5.5602, -4.3925 -0.3517 -5.5602, -4.4801 -0.5723 -5.5602, -4.6076 -0.7725 -5.5602, -4.7703 -0.9452 -5.5602, -4.9626 -1.0842 -5.5602, -5.2037 1.1115 -5.55, -5.002 1.0172 -5.55, -4.8216 0.8868 -5.55, -4.6688 0.7248 -5.55, -4.5493 0.537 -5.55, -4.4671 0.33 -5.55, -4.4253 0.1113 -5.55, -4.4253 -0.1113 -5.55, -4.4671 -0.33 -5.55, -4.5493 -0.537 -5.55, -4.6688 -0.7248 -5.55, -4.8216 -0.8868 -5.55, -5.002 -1.0172 -5.55, 4.7263 -3.2348 -5.55, 4.9607 -2.9604 -5.55, 4.6714 -3.1799 -5.5602, 4.8979 -2.9148 -5.5602, 4.6203 -3.1288 -5.5902, 4.8394 -2.8722 -5.5902, 4.5763 -3.0848 -5.6379, 4.7891 -2.8357 -5.6379, 4.5426 -3.0511 -5.7, 4.7506 -2.8077 -5.7, 4.5214 -3.0299 -5.7724, 4.7263 -2.7901 -5.7724, 4.5142 -3.0227 -5.85, 4.718 -2.7841 -5.85, 5.1493 -2.6527 -5.55, 5.0801 -2.6174 -5.5602, 5.0157 -2.5846 -5.5902, 4.9603 -2.5564 -5.6379, 4.9178 -2.5347 -5.7, 4.8911 -2.5211 -5.7724, 4.882 -2.5165 -5.85, 5.2874 -2.3192 -5.55, 5.2136 -2.2952 -5.5602, 5.1448 -2.2729 -5.5902, 5.0857 -2.2537 -5.6379, 5.0403 -2.239 -5.7, 5.0118 -2.2297 -5.7724, 5.0021 -2.2265 -5.85, 5.3717 -1.9683 -5.55, 5.295 -1.9562 -5.5602, 5.2235 -1.9448 -5.5902, 5.1622 -1.9351 -5.6379, 5.1151 -1.9277 -5.7, 5.0855 -1.923 -5.7724, 5.0754 -1.9214 -5.85, 5.4 -1.6085 -5.55, 5.3224 -1.6085 -5.5602, 5.25 -1.6085 -5.5902, 5.1879 -1.6085 -5.6379, 5.1402 -1.6085 -5.7, 5.1102 -1.6085 -5.7724, 5.1 -1.6085 -5.85, 3.3277 -4.2092 -5.85, 3.333 -4.2145 -5.7832, 3.3356 -4.2171 -5.7727, 3.3487 -4.2302 -5.7198, 3.3571 -4.2386 -5.7009, 3.374 -4.2555 -5.663, 3.3908 -4.2723 -5.6392, 3.4076 -4.2891 -5.6155, 3.4344 -4.3159 -5.5916, 3.4478 -4.3293 -5.5797, 3.5398 -4.4213 -5.55, 3.4926 -4.3741 -5.5575, 3.4852 -4.3667 -5.5612, 3.2262 -4.6017 -5.5575, 3.2654 -4.6557 -5.55, 1.9135 -5.095 -5.55, 2.2733 -5.0667 -5.55, 1.9135 -5.0282 -5.5575, 2.2629 -5.0007 -5.5575, 1.9135 -5.0177 -5.5612, 2.2529 -4.9381 -5.5797, 3.1889 -4.5504 -5.5797, 2.244 -4.8819 -5.6155, 1.9135 -4.9459 -5.5916, 1.9135 -4.9648 -5.5797, 3.1555 -4.5044 -5.6155, 2.2366 -4.835 -5.663, 1.9135 -4.8842 -5.6392, 1.9135 -4.908 -5.6155, 3.1275 -4.466 -5.663, 1.9135 -4.8062 -5.7727, 1.9135 -4.8247 -5.7198, 2.231 -4.7997 -5.7198, 1.9135 -4.8366 -5.7009, 1.9135 -4.8605 -5.663, 2.6242 -4.9824 -5.55, 2.6036 -4.9189 -5.5575, 2.584 -4.8586 -5.5797, 2.5664 -4.8045 -5.6155, 2.5518 -4.7594 -5.663, 2.5407 -4.7254 -5.7198, 2.9577 -4.8443 -5.55, 2.9274 -4.7848 -5.5575, 2.8986 -4.7283 -5.5797, 2.8728 -4.6777 -5.6155, 2.8512 -4.6353 -5.663, 2.835 -4.6035 -5.7198, 3.1065 -4.4371 -5.7198, 1.9135 -4.795 -5.85, 1.9135 -4.8025 -5.7832, 2.2275 -4.7778 -5.7832, 2.5339 -4.7043 -5.7832, 2.8249 -4.5837 -5.7832, 3.0935 -4.4191 -5.7832, 2.2264 -4.7704 -5.85, 2.5315 -4.6971 -5.85, 2.8215 -4.577 -5.85, 3.0891 -4.413 -5.85, -1.9135 -4.795 -5.85, -1.9135 -4.8052 -5.7724, -1.9135 -4.8352 -5.7, -1.9135 -4.8829 -5.6379, -1.9135 -4.945 -5.5902, -1.9135 -5.0174 -5.5602, -1.9135 -5.095 -5.55, -3.5398 -4.4213 -5.55, -3.2654 -4.6557 -5.55, -3.4849 -4.3664 -5.5602, -3.2198 -4.5929 -5.5602, -3.4338 -4.3153 -5.5902, -3.1772 -4.5344 -5.5902, -3.3898 -4.2713 -5.6379, -3.1407 -4.4841 -5.6379, -3.3561 -4.2376 -5.7, -3.1127 -4.4456 -5.7, -3.3349 -4.2164 -5.7724, -3.0951 -4.4213 -5.7724, -3.3277 -4.2092 -5.85, -3.0891 -4.413 -5.85, -2.9577 -4.8443 -5.55, -2.9224 -4.7751 -5.5602, -2.8896 -4.7107 -5.5902, -2.8614 -4.6553 -5.6379, -2.8397 -4.6128 -5.7, -2.8261 -4.5861 -5.7724, -2.8215 -4.577 -5.85, -2.6242 -4.9824 -5.55, -2.6002 -4.9086 -5.5602, -2.5779 -4.8398 -5.5902, -2.5587 -4.7807 -5.6379, -2.544 -4.7353 -5.7, -2.5347 -4.7068 -5.7724, -2.5315 -4.6971 -5.85, -2.2733 -5.0667 -5.55, -2.2612 -4.99 -5.5602, -2.2498 -4.9185 -5.5902, -2.2401 -4.8572 -5.6379, -2.2327 -4.8101 -5.7, -2.228 -4.7805 -5.7724, -2.2264 -4.7704 -5.85, -4.5142 -3.0227 -5.85, -4.5195 -3.028 -5.7832, -4.5221 -3.0306 -5.7727, -4.5352 -3.0437 -5.7198, -4.5436 -3.0521 -5.7009, -4.5605 -3.069 -5.663, -4.5773 -3.0858 -5.6392, -4.5941 -3.1026 -5.6155, -4.6209 -3.1294 -5.5916, -4.6343 -3.1428 -5.5797, -4.7263 -3.2348 -5.55, -4.6791 -3.1876 -5.5575, -4.6717 -3.1802 -5.5612, -4.9067 -2.9212 -5.5575, -4.9607 -2.9604 -5.55, -5.4 -1.6085 -5.55, -5.3717 -1.9683 -5.55, -5.3332 -1.6085 -5.5575, -5.3057 -1.9579 -5.5575, -5.3227 -1.6085 -5.5612, -5.2431 -1.9479 -5.5797, -4.8554 -2.8839 -5.5797, -5.1869 -1.939 -5.6155, -5.2509 -1.6085 -5.5916, -5.2698 -1.6085 -5.5797, -4.8094 -2.8505 -5.6155, -5.14 -1.9316 -5.663, -5.1892 -1.6085 -5.6392, -5.213 -1.6085 -5.6155, -4.771 -2.8225 -5.663, -5.1112 -1.6085 -5.7727, -5.1297 -1.6085 -5.7198, -5.1047 -1.926 -5.7198, -5.1416 -1.6085 -5.7009, -5.1655 -1.6085 -5.663, -5.2874 -2.3192 -5.55, -5.2239 -2.2986 -5.5575, -5.1636 -2.279 -5.5797, -5.1095 -2.2614 -5.6155, -5.0644 -2.2468 -5.663, -5.0304 -2.2357 -5.7198, -5.1493 -2.6527 -5.55, -5.0898 -2.6224 -5.5575, -5.0333 -2.5936 -5.5797, -4.9827 -2.5678 -5.6155, -4.9403 -2.5462 -5.663, -4.9085 -2.53 -5.7198, -4.7421 -2.8015 -5.7198, -5.1 -1.6085 -5.85, -5.1075 -1.6085 -5.7832, -5.0828 -1.9225 -5.7832, -5.0093 -2.2289 -5.7832, -4.8887 -2.5199 -5.7832, -4.7241 -2.7885 -5.7832, -5.0754 -1.9214 -5.85, -5.0021 -2.2265 -5.85, -4.882 -2.5165 -5.85, -4.718 -2.7841 -5.85, -5.1004 1.3927 -5.834, -5.1 1.6085 -5.85, -5.1102 1.6085 -5.7724, -5.1103 1.3857 -5.7724, -5.1103 1.3857 -5.7719, -5.1402 1.6085 -5.7, -5.1759 1.3385 -5.6505, -5.1879 1.6085 -5.6379, -5.25 1.6085 -5.5902, -5.2347 1.2948 -5.5997, -5.3224 1.6085 -5.5602, -5.4 1.6085 -5.55, -5.3547 -1.2005 -5.5534, -5.1576 -1.3519 -5.6733, -5.125 -1.3753 -5.7302, -5.1115 -1.3849 -5.7728, -5.1062 -1.3886 -5.7896, -4.7263 3.2348 -5.55, -4.9607 2.9604 -5.55, -4.6714 3.1799 -5.5602, -4.8979 2.9148 -5.5602, -4.6203 3.1288 -5.5902, -4.8394 2.8722 -5.5902, -4.5763 3.0848 -5.6379, -4.7891 2.8357 -5.6379, -4.5426 3.0511 -5.7, -4.7506 2.8077 -5.7, -4.5214 3.0299 -5.7724, -4.7263 2.7901 -5.7724, -4.5142 3.0227 -5.85, -4.718 2.7841 -5.85, -5.1493 2.6527 -5.55, -5.0801 2.6174 -5.5602, -5.0157 2.5846 -5.5902, -4.9603 2.5564 -5.6379, -4.9178 2.5347 -5.7, -4.8911 2.5211 -5.7724, -4.882 2.5165 -5.85, -5.2874 2.3192 -5.55, -5.2136 2.2952 -5.5602, -5.1448 2.2729 -5.5902, -5.0857 2.2537 -5.6379, -5.0403 2.239 -5.7, -5.0118 2.2297 -5.7724, -5.0021 2.2265 -5.85, -5.3717 1.9683 -5.55, -5.295 1.9562 -5.5602, -5.2235 1.9448 -5.5902, -5.1622 1.9351 -5.6379, -5.1151 1.9277 -5.7, -5.0855 1.923 -5.7724, -5.0754 1.9214 -5.85, -3.3277 4.2092 -5.85, -3.333 4.2145 -5.7832, -3.3356 4.2171 -5.7727, -3.3487 4.2302 -5.7198, -3.3571 4.2386 -5.7009, -3.374 4.2555 -5.663, -3.3908 4.2723 -5.6392, -3.4076 4.2891 -5.6155, -3.4344 4.3159 -5.5916, -3.4478 4.3293 -5.5797, -3.5398 4.4213 -5.55, -3.4926 4.3741 -5.5575, -3.4852 4.3667 -5.5612, -3.2262 4.6017 -5.5575, -3.2654 4.6557 -5.55, -1.9135 5.095 -5.55, -2.2733 5.0667 -5.55, -1.9135 5.0282 -5.5575, -2.2629 5.0007 -5.5575, -1.9135 5.0177 -5.5612, -2.2529 4.9381 -5.5797, -3.1889 4.5504 -5.5797, -2.244 4.8819 -5.6155, -1.9135 4.9459 -5.5916, -1.9135 4.9648 -5.5797, -3.1555 4.5044 -5.6155, -2.2366 4.835 -5.663, -1.9135 4.8842 -5.6392, -1.9135 4.908 -5.6155, -3.1275 4.466 -5.663, -1.9135 4.8062 -5.7727, -1.9135 4.8247 -5.7198, -2.231 4.7997 -5.7198, -1.9135 4.8366 -5.7009, -1.9135 4.8605 -5.663, -2.6242 4.9824 -5.55, -2.6036 4.9189 -5.5575, -2.584 4.8586 -5.5797, -2.5664 4.8045 -5.6155, -2.5518 4.7594 -5.663, -2.5407 4.7254 -5.7198, -2.9577 4.8443 -5.55, -2.9274 4.7848 -5.5575, -2.8986 4.7283 -5.5797, -2.8728 4.6777 -5.6155, -2.8512 4.6353 -5.663, -2.835 4.6035 -5.7198, -3.1065 4.4371 -5.7198, -1.9135 4.795 -5.85, -1.9135 4.8025 -5.7832, -2.2275 4.7778 -5.7832, -2.5339 4.7043 -5.7832, -2.8249 4.5837 -5.7832, -3.0935 4.4191 -5.7832, -2.2264 4.7704 -5.85, -2.5315 4.6971 -5.85, -2.8215 4.577 -5.85, -3.0891 4.413 -5.85, 1.9135 4.795 -5.85, 1.9135 4.8052 -5.7724, 1.9135 4.8352 -5.7, 1.9135 4.8829 -5.6379, 1.9135 4.945 -5.5902, 1.9135 5.0174 -5.5602, 1.9135 5.095 -5.55, 3.5398 4.4213 -5.55, 3.2654 4.6557 -5.55, 3.4849 4.3664 -5.5602, 3.2198 4.5929 -5.5602, 3.4338 4.3153 -5.5902, 3.1772 4.5344 -5.5902, 3.3898 4.2713 -5.6379, 3.1407 4.4841 -5.6379, 3.3561 4.2376 -5.7, 3.1127 4.4456 -5.7, 3.3349 4.2164 -5.7724, 3.0951 4.4213 -5.7724, 3.3277 4.2092 -5.85, 3.0891 4.413 -5.85, 2.9577 4.8443 -5.55, 2.9224 4.7751 -5.5602, 2.8896 4.7107 -5.5902, 2.8614 4.6553 -5.6379, 2.8397 4.6128 -5.7, 2.8261 4.5861 -5.7724, 2.8215 4.577 -5.85, 2.6242 4.9824 -5.55, 2.6002 4.9086 -5.5602, 2.5779 4.8398 -5.5902, 2.5587 4.7807 -5.6379, 2.544 4.7353 -5.7, 2.5347 4.7068 -5.7724, 2.5315 4.6971 -5.85, 2.2733 5.0667 -5.55, 2.2612 4.99 -5.5602, 2.2498 4.9185 -5.5902, 2.2401 4.8572 -5.6379, 2.2327 4.8101 -5.7, 2.228 4.7805 -5.7724, 2.2264 4.7704 -5.85, 4.5142 3.0227 -5.85, 4.5195 3.028 -5.7832, 4.5221 3.0306 -5.7727, 4.5352 3.0437 -5.7198, 4.5436 3.0521 -5.7009, 4.5605 3.069 -5.663, 4.5773 3.0858 -5.6392, 4.5941 3.1026 -5.6155, 4.6209 3.1294 -5.5916, 4.6343 3.1428 -5.5797, 4.7263 3.2348 -5.55, 4.6791 3.1876 -5.5575, 4.6717 3.1802 -5.5612, 4.9067 2.9212 -5.5575, 4.9607 2.9604 -5.55, 5.4 1.6085 -5.55, 5.3717 1.9683 -5.55, 5.3332 1.6085 -5.5575, 5.3057 1.9579 -5.5575, 5.3227 1.6085 -5.5612, 5.2431 1.9479 -5.5797, 4.8554 2.8839 -5.5797, 5.1869 1.939 -5.6155, 5.2509 1.6085 -5.5916, 5.2698 1.6085 -5.5797, 4.8094 2.8505 -5.6155, 5.14 1.9316 -5.663, 5.1892 1.6085 -5.6392, 5.213 1.6085 -5.6155, 4.771 2.8225 -5.663, 5.1112 1.6085 -5.7727, 5.1297 1.6085 -5.7198, 5.1047 1.926 -5.7198, 5.1416 1.6085 -5.7009, 5.1655 1.6085 -5.663, 5.2874 2.3192 -5.55, 5.2239 2.2986 -5.5575, 5.1636 2.279 -5.5797, 5.1095 2.2614 -5.6155, 5.0644 2.2468 -5.663, 5.0304 2.2357 -5.7198, 5.1493 2.6527 -5.55, 5.0898 2.6224 -5.5575, 5.0333 2.5936 -5.5797, 4.9827 2.5678 -5.6155, 4.9403 2.5462 -5.663, 4.9085 2.53 -5.7198, 4.7421 2.8015 -5.7198, 5.1 1.6085 -5.85, 5.1075 1.6085 -5.7832, 5.0828 1.9225 -5.7832, 5.0093 2.2289 -5.7832, 4.8887 2.5199 -5.7832, 4.7241 2.7885 -5.7832, 5.0754 1.9214 -5.85, 5.0021 2.2265 -5.85, 4.882 2.5165 -5.85, 4.718 2.7841 -5.85, 5.1 -1.393 -5.85, 5.1045 -1.3898 -5.8059, 5.1062 -1.3886 -5.7896, 5.1115 -1.3849 -5.7728, 5.125 -1.3753 -5.7302, 5.1417 -1.3632 -5.7009, 5.1418 -1.3632 -5.7009, 5.1576 -1.3519 -5.6733, 5.2512 -1.282 -5.5921, 5.2073 -1.3153 -5.62, 5.1894 -1.3285 -5.6392, 5.1894 -1.3285 -5.6393, 5.2513 -1.2819 -5.592, 5.273 -1.2654 -5.5782, 5.4 -1.1629 -5.55, 5.3547 -1.2005 -5.5534, 5.3234 -1.2254 -5.5629, 5.3232 -1.2255 -5.563, 5.1346 1.3684 -5.7101, 5.1412 1.3637 -5.7007, 5.3227 1.226 -5.5623, 5.3229 1.2259 -5.5622, 5.4 1.1629 -5.55, 5.2508 1.2823 -5.5919, 5.2509 1.2822 -5.5918, 5.3071 1.2388 -5.5648, 5.189 1.3287 -5.6392, 5.1891 1.3287 -5.6391, 5.2347 1.2947 -5.5996, 5.1412 1.3637 -5.7006, 5.1759 1.3385 -5.6506, 5.1103 1.3857 -5.772, 5.1103 1.3857 -5.7724, 5.1045 1.3898 -5.8087, 5.1004 1.3927 -5.8341, 5.1 1.393 -5.85, 5.002 1.0172 -5.55, 5.8 1.1629 -5.55, 5.2037 1.1115 -5.55, 4.8216 0.8868 -5.55, 4.9879 0.8222 -5.55, 5.4 -1.0053 -5.55, 5.2037 -1.1115 -5.55, 5.194 -0.9412 -5.55, 5.002 -1.0172 -5.55, 4.9879 -0.8222 -5.55, 4.8148 0.6589 -5.55, 4.6688 0.7248 -5.55, 4.684 0.46 -5.55, 4.5493 0.537 -5.55, 4.6026 0.2364 -5.55, 5.894 -0.9819 -5.55, 5.8 -1.0053 -5.55, 5.6 -1.025 -5.55, 5.194 0.9412 -5.55, 5.422 1.0094 -5.55, 5.6596 1.0233 -5.55, 5.9963 1.1115 -5.55, 5.894 0.9819 -5.55, 6.198 1.0172 -5.55, 6.1125 0.8877 -5.55, 6.3784 0.8868 -5.55, 6.3034 0.7456 -5.55, 6.5312 0.7248 -5.55, 6.4564 0.5632 -5.55, 4.4671 0.33 -5.55, 4.4253 0.1113 -5.55, 4.575 0.0 -5.55, 4.4253 -0.1113 -5.55, 4.6026 -0.2364 -5.55, 4.4671 -0.33 -5.55, 4.684 -0.46 -5.55, 4.5493 -0.537 -5.55, 4.8148 -0.6589 -5.55, 4.6688 -0.7248 -5.55, 4.8216 -0.8868 -5.55, 6.4564 -0.5632 -5.55, 6.6507 -0.537 -5.55, 6.5632 -0.3506 -5.55, 6.7329 -0.33 -5.55, 6.6181 -0.119 -5.55, 6.7747 -0.1113 -5.55, 6.6181 0.119 -5.55, 6.7747 0.1113 -5.55, 6.5632 0.3506 -5.55, 6.7329 0.33 -5.55, 6.6507 0.537 -5.55, 5.8 -1.1629 -5.55, 5.9963 -1.1115 -5.55, 6.1125 -0.8877 -5.55, 6.198 -1.0172 -5.55, 6.3034 -0.7456 -5.55, 6.3784 -0.8868 -5.55, 6.5312 -0.7248 -5.55, 6.0654 -1.3684 -5.7101, 6.0588 -1.3637 -5.7007, 6.0241 -1.3385 -5.6506, 6.011 -1.3287 -5.6392, 5.9653 -1.2947 -5.5996, 5.9492 -1.2823 -5.5919, 5.8929 -1.2388 -5.5648, 5.8773 -1.226 -5.5623, 5.8771 -1.2259 -5.5622, 5.9491 -1.2822 -5.5918, 6.0109 -1.3287 -5.6392, 6.0588 -1.3637 -5.7007, 6.1 -1.393 -5.85, 6.0996 -1.3927 -5.8341, 6.0955 -1.3898 -5.8087, 6.0897 -1.3857 -5.7724, 6.0897 -1.3857 -5.772, 6.1 1.393 -5.85, 6.0955 1.3898 -5.8059, 6.0938 1.3886 -5.7896, 6.0885 1.3849 -5.7728, 6.075 1.3753 -5.7302, 6.0583 1.3632 -5.7009, 6.0582 1.3632 -5.7009, 6.0424 1.3519 -5.6733, 5.9488 1.282 -5.5921, 5.9927 1.3153 -5.62, 6.0106 1.3285 -5.6392, 6.0106 1.3285 -5.6393, 5.9487 1.2819 -5.592, 5.927 1.2654 -5.5782, 5.8453 1.2005 -5.5534, 5.8766 1.2254 -5.5629, 5.8768 1.2255 -5.563, 5.1004 1.3927 -5.8341, 4.85 1.2759 -5.85, 5.3547 -1.2005 -5.5534, 5.1777 -1.1846 -5.5602, 5.273 -1.2654 -5.5782, 5.1534 -1.2528 -5.5902, 5.1325 -1.3113 -5.6379, 5.1576 -1.3519 -5.6733, 5.1165 -1.3562 -5.7, 5.125 -1.3753 -5.7302, 4.85 -1.2759 -5.85, 4.8551 1.2671 -5.7724, 5.1064 1.3844 -5.7724, 5.1346 1.3684 -5.7101, 5.1103 1.3857 -5.772, 5.1103 1.3857 -5.7724, 5.1759 1.3385 -5.6506, 5.1165 1.3562 -5.7, 5.1325 1.3113 -5.6379, 5.1534 1.2528 -5.5902, 5.1777 1.1846 -5.5602, 4.9626 1.0842 -5.5602, 4.7703 0.9452 -5.5602, 4.6076 0.7725 -5.5602, 4.4801 0.5723 -5.5602, 4.3925 0.3517 -5.5602, 4.348 0.1187 -5.5602, 4.348 -0.1187 -5.5602, 4.3925 -0.3517 -5.5602, 4.4801 -0.5723 -5.5602, 4.6076 -0.7725 -5.5602, 4.7703 -0.9452 -5.5602, 4.9626 -1.0842 -5.5602, 4.926 1.1466 -5.5902, 4.7226 0.9995 -5.5902, 4.5505 0.8169 -5.5902, 4.4157 0.6052 -5.5902, 4.3231 0.372 -5.5902, 4.2759 0.1255 -5.5902, 4.2759 -0.1255 -5.5902, 4.3231 -0.372 -5.5902, 4.4157 -0.6052 -5.5902, 4.5505 -0.8169 -5.5902, 4.7226 -0.9995 -5.5902, 4.926 -1.1466 -5.5902, 4.8945 1.2001 -5.6379, 4.6816 1.0462 -5.6379, 4.5014 0.8551 -5.6379, 4.3604 0.6335 -5.6379, 4.2634 0.3893 -5.6379, 4.2141 0.1313 -5.6379, 4.2141 -0.1313 -5.6379, 4.2634 -0.3893 -5.6379, 4.3604 -0.6335 -5.6379, 4.5014 -0.8551 -5.6379, 4.6816 -1.0462 -5.6379, 4.8945 -1.2001 -5.6379, 4.8703 1.2412 -5.7, 4.6502 1.0821 -5.7, 4.4638 0.8844 -5.7, 4.3179 0.6552 -5.7, 4.2176 0.4027 -5.7, 4.1666 0.1358 -5.7, 4.1666 -0.1358 -5.7, 4.2176 -0.4027 -5.7, 4.3179 -0.6552 -5.7, 4.4638 -0.8844 -5.7, 4.6502 -1.0821 -5.7, 4.8703 -1.2412 -5.7, 4.6304 1.1046 -5.7724, 4.4402 0.9028 -5.7724, 4.2912 0.6688 -5.7724, 4.1889 0.4111 -5.7724, 4.1368 0.1387 -5.7724, 4.1368 -0.1387 -5.7724, 4.1889 -0.4111 -5.7724, 4.2912 -0.6688 -5.7724, 4.4402 -0.9028 -5.7724, 4.6304 -1.1046 -5.7724, 4.8551 -1.2671 -5.7724, 5.1064 -1.3844 -5.7724, 5.1115 -1.3849 -5.7727, 4.6236 1.1123 -5.85, 4.4321 0.9091 -5.85, 4.2821 0.6735 -5.85, 4.1791 0.4139 -5.85, 4.1266 0.1396 -5.85, 4.1266 -0.1396 -5.85, 4.1791 -0.4139 -5.85, 4.2821 -0.6735 -5.85, 4.4321 -0.9091 -5.85, 4.6236 -1.1123 -5.85, 5.1062 -1.3886 -5.7896, 5.8453 1.2005 -5.5534, 6.0996 -1.3927 -5.8341, 6.35 -1.2759 -5.85, 6.3449 -1.2671 -5.7724, 6.0936 -1.3844 -5.7724, 6.0897 -1.3857 -5.772, 6.0897 -1.3857 -5.7724, 6.0241 -1.3385 -5.6506, 6.0835 -1.3562 -5.7, 6.0675 -1.3113 -5.6379, 6.0466 -1.2528 -5.5902, 6.0223 -1.1846 -5.5602, 6.0223 1.1846 -5.5602, 5.927 1.2654 -5.5782, 6.0466 1.2528 -5.5902, 6.0675 1.3113 -5.6379, 6.0424 1.3519 -5.6733, 6.0835 1.3562 -5.7, 6.35 1.2759 -5.85, 6.2374 -1.0842 -5.5602, 6.4297 -0.9452 -5.5602, 6.5924 -0.7725 -5.5602, 6.7199 -0.5723 -5.5602, 6.8075 -0.3517 -5.5602, 6.852 -0.1187 -5.5602, 6.852 0.1187 -5.5602, 6.8075 0.3517 -5.5602, 6.7199 0.5723 -5.5602, 6.5924 0.7725 -5.5602, 6.4297 0.9452 -5.5602, 6.2374 1.0842 -5.5602, 6.274 -1.1466 -5.5902, 6.4774 -0.9995 -5.5902, 6.6495 -0.8169 -5.5902, 6.7843 -0.6052 -5.5902, 6.8769 -0.372 -5.5902, 6.9241 -0.1255 -5.5902, 6.9241 0.1255 -5.5902, 6.8769 0.372 -5.5902, 6.7843 0.6052 -5.5902, 6.6495 0.8169 -5.5902, 6.4774 0.9995 -5.5902, 6.274 1.1466 -5.5902, 6.3055 -1.2001 -5.6379, 6.5184 -1.0462 -5.6379, 6.6986 -0.8551 -5.6379, 6.8396 -0.6335 -5.6379, 6.9366 -0.3893 -5.6379, 6.9859 -0.1313 -5.6379, 6.9859 0.1313 -5.6379, 6.9366 0.3893 -5.6379, 6.8396 0.6335 -5.6379, 6.6986 0.8551 -5.6379, 6.5184 1.0462 -5.6379, 6.3055 1.2001 -5.6379, 6.3297 -1.2412 -5.7, 6.5498 -1.0821 -5.7, 6.7362 -0.8844 -5.7, 6.8821 -0.6552 -5.7, 6.9824 -0.4027 -5.7, 7.0334 -0.1358 -5.7, 7.0334 0.1358 -5.7, 6.9824 0.4027 -5.7, 6.8821 0.6552 -5.7, 6.7362 0.8844 -5.7, 6.5498 1.0821 -5.7, 6.3297 1.2412 -5.7, 6.5696 -1.1046 -5.7724, 6.7598 -0.9028 -5.7724, 6.9088 -0.6688 -5.7724, 7.0111 -0.4111 -5.7724, 7.0632 -0.1387 -5.7724, 7.0632 0.1387 -5.7724, 7.0111 0.4111 -5.7724, 6.9088 0.6688 -5.7724, 6.7598 0.9028 -5.7724, 6.5696 1.1046 -5.7724, 6.3449 1.2671 -5.7724, 6.0936 1.3844 -5.7724, 6.0885 1.3849 -5.7727, 6.5764 -1.1123 -5.85, 6.7679 -0.9091 -5.85, 6.9179 -0.6735 -5.85, 7.0209 -0.4139 -5.85, 7.0734 -0.1396 -5.85, 7.0734 0.1396 -5.85, 7.0209 0.4139 -5.85, 6.9179 0.6735 -5.85, 6.7679 0.9091 -5.85, 6.5764 1.1123 -5.85, 6.0938 1.3886 -5.7896, 6.0938 1.3886 -5.7896
            ]
        }
        coordIndex [
            0,1,2,-1,3,4,5,-1,6,7,8,-1,6,9,10,-1,7,6,11,-1,12,13,14,-1,15,16,17,-1,17,16,18,-1,17,18,19,-1,20,21,22,-1,23,24,25,-1,25,24,26,-1,25,26,27,-1,27,26,28,-1,29,30,31,-1,31,30,32,-1,31,32,33,-1,34,35,36,-1,36,29,34,-1,34,29,31,-1,34,31,37,-1,37,31,38,-1,37,38,39,-1,39,38,40,-1,40,38,41,-1,40,41,42,-1,42,41,43,-1,42,43,44,-1,44,43,45,-1,44,45,46,-1,47,48,45,-1,45,48,49,-1,45,49,46,-1,50,3,51,-1,51,3,5,-1,51,5,47,-1,47,5,52,-1,47,52,48,-1,1,53,51,-1,51,53,54,-1,51,54,50,-1,55,56,57,-1,57,56,58,-1,57,58,2,-1,2,58,59,-1,2,59,0,-1,60,61,62,-1,62,61,63,-1,62,63,55,-1,64,65,66,-1,66,65,67,-1,66,67,68,-1,68,67,69,-1,68,69,60,-1,70,71,72,-1,72,71,64,-1,6,10,11,-1,11,10,73,-1,11,73,72,-1,72,73,74,-1,72,74,70,-1,64,75,72,-1,72,75,76,-1,72,76,11,-1,11,76,14,-1,11,14,7,-1,7,14,13,-1,7,13,8,-1,64,66,75,-1,75,66,77,-1,75,77,76,-1,76,77,16,-1,76,16,14,-1,14,16,15,-1,14,15,12,-1,60,62,68,-1,68,62,78,-1,68,78,66,-1,66,78,79,-1,66,79,77,-1,77,79,80,-1,77,80,16,-1,16,80,20,-1,16,20,18,-1,18,20,22,-1,18,22,19,-1,55,57,62,-1,62,57,81,-1,62,81,78,-1,78,81,82,-1,78,82,79,-1,79,82,83,-1,79,83,80,-1,80,83,24,-1,80,24,20,-1,20,24,23,-1,20,23,21,-1,1,51,2,-1,2,51,47,-1,2,47,57,-1,57,47,45,-1,57,45,81,-1,81,45,43,-1,81,43,82,-1,82,43,41,-1,82,41,83,-1,83,41,38,-1,83,38,24,-1,24,38,31,-1,24,31,26,-1,26,31,33,-1,26,33,28,-1,84,85,86,-1,86,85,87,-1,86,87,88,-1,88,87,89,-1,89,87,90,-1,89,90,91,-1,91,90,92,-1,92,90,93,-1,92,93,94,-1,48,52,95,-1,95,52,5,-1,95,5,93,-1,93,5,4,-1,93,4,94,-1,48,95,49,-1,49,95,96,-1,49,96,46,-1,46,96,97,-1,46,97,44,-1,44,97,42,-1,42,97,98,-1,42,98,40,-1,40,98,39,-1,39,98,99,-1,39,99,37,-1,100,101,35,-1,100,35,99,-1,99,35,34,-1,99,34,37,-1,101,100,102,-1,102,100,103,-1,102,103,104,-1,104,103,105,-1,105,103,106,-1,105,106,107,-1,107,106,108,-1,108,106,109,-1,108,109,110,-1,111,112,113,-1,114,115,116,-1,116,115,109,-1,109,115,117,-1,109,117,110,-1,114,116,118,-1,118,116,119,-1,118,119,120,-1,120,119,121,-1,120,121,122,-1,122,121,123,-1,123,121,124,-1,123,124,125,-1,125,124,126,-1,126,124,127,-1,126,127,128,-1,128,127,129,-1,129,127,130,-1,129,130,131,-1,131,130,132,-1,132,130,133,-1,132,133,134,-1,134,133,135,-1,135,133,136,-1,135,136,137,-1,113,112,136,-1,136,112,138,-1,136,138,137,-1,111,113,139,-1,139,113,140,-1,139,140,141,-1,141,140,142,-1,141,142,143,-1,143,142,144,-1,144,142,85,-1,144,85,84,-1,3,145,146,-1,53,1,147,-1,0,148,149,-1,63,61,150,-1,74,73,151,-1,17,19,152,-1,110,117,153,-1,112,111,154,-1,141,143,155,-1,155,143,156,-1,154,111,155,-1,155,111,139,-1,155,139,141,-1,112,154,138,-1,138,154,157,-1,138,157,137,-1,137,157,158,-1,137,158,135,-1,135,158,134,-1,134,158,159,-1,134,159,132,-1,132,159,131,-1,131,159,160,-1,131,160,129,-1,129,160,128,-1,128,160,161,-1,128,161,126,-1,126,161,162,-1,126,162,125,-1,125,162,163,-1,125,163,123,-1,123,163,122,-1,122,163,164,-1,122,164,120,-1,153,117,165,-1,117,115,165,-1,165,115,114,-1,165,114,164,-1,164,114,118,-1,164,118,120,-1,110,153,108,-1,108,153,166,-1,108,166,107,-1,107,166,167,-1,107,167,105,-1,105,167,104,-1,104,167,168,-1,104,168,102,-1,36,168,29,-1,29,168,169,-1,102,168,101,-1,101,168,36,-1,101,36,35,-1,27,28,170,-1,170,28,33,-1,33,32,169,-1,169,32,30,-1,169,30,29,-1,27,171,25,-1,25,171,23,-1,23,172,21,-1,21,172,152,-1,21,152,22,-1,22,152,19,-1,12,15,173,-1,173,15,17,-1,6,8,174,-1,174,8,13,-1,174,13,175,-1,175,13,12,-1,176,9,6,-1,6,174,176,-1,176,174,175,-1,176,175,177,-1,177,175,178,-1,177,178,179,-1,179,178,180,-1,179,180,181,-1,181,180,182,-1,181,182,183,-1,183,182,184,-1,183,184,185,-1,185,184,186,-1,185,186,187,-1,187,186,188,-1,187,188,189,-1,189,188,190,-1,189,190,191,-1,191,190,192,-1,191,192,193,-1,193,192,194,-1,193,194,195,-1,195,194,196,-1,195,196,197,-1,197,196,198,-1,197,198,199,-1,199,198,200,-1,199,200,201,-1,201,200,202,-1,201,202,203,-1,203,202,204,-1,203,204,205,-1,205,204,206,-1,205,206,207,-1,207,206,208,-1,207,208,209,-1,209,208,210,-1,209,210,211,-1,211,210,212,-1,211,212,213,-1,213,212,214,-1,213,214,215,-1,215,214,216,-1,215,216,217,-1,217,216,218,-1,217,218,219,-1,219,218,220,-1,219,220,221,-1,221,220,222,-1,221,222,151,-1,67,65,223,-1,223,65,224,-1,223,224,225,-1,67,223,69,-1,69,223,226,-1,69,226,60,-1,63,150,55,-1,0,59,148,-1,148,59,58,-1,148,58,56,-1,53,147,54,-1,227,91,146,-1,146,91,92,-1,146,92,3,-1,3,92,94,-1,3,94,4,-1,143,144,156,-1,156,144,84,-1,156,84,228,-1,228,84,86,-1,228,86,229,-1,229,86,88,-1,229,88,227,-1,227,88,89,-1,227,89,91,-1,12,173,175,-1,175,173,230,-1,175,230,178,-1,178,230,231,-1,178,231,180,-1,180,231,232,-1,180,232,182,-1,182,232,233,-1,182,233,184,-1,184,233,234,-1,184,234,186,-1,186,234,235,-1,186,235,188,-1,188,235,236,-1,188,236,190,-1,190,236,237,-1,190,237,192,-1,192,237,238,-1,192,238,194,-1,194,238,239,-1,194,239,196,-1,196,239,240,-1,196,240,198,-1,198,240,241,-1,198,241,200,-1,200,241,242,-1,200,242,202,-1,202,242,243,-1,202,243,204,-1,204,243,244,-1,204,244,206,-1,206,244,245,-1,206,245,208,-1,208,245,246,-1,208,246,210,-1,210,246,247,-1,210,247,212,-1,212,247,248,-1,212,248,214,-1,214,248,249,-1,214,249,216,-1,216,249,250,-1,216,250,218,-1,218,250,226,-1,218,226,220,-1,220,226,223,-1,220,223,222,-1,222,223,225,-1,222,225,151,-1,151,225,70,-1,151,70,74,-1,17,152,173,-1,173,152,172,-1,173,172,230,-1,230,172,251,-1,230,251,231,-1,231,251,252,-1,231,252,232,-1,232,252,253,-1,232,253,233,-1,233,253,254,-1,233,254,234,-1,234,254,255,-1,234,255,235,-1,235,255,256,-1,235,256,236,-1,236,256,257,-1,236,257,237,-1,237,257,258,-1,237,258,238,-1,238,258,259,-1,238,259,239,-1,239,259,260,-1,239,260,240,-1,240,260,261,-1,240,261,241,-1,241,261,262,-1,241,262,242,-1,242,262,263,-1,242,263,243,-1,243,263,264,-1,243,264,244,-1,244,264,265,-1,244,265,245,-1,245,265,266,-1,245,266,246,-1,246,266,267,-1,246,267,247,-1,247,267,268,-1,247,268,248,-1,248,268,269,-1,248,269,249,-1,249,269,270,-1,249,270,250,-1,250,270,150,-1,250,150,226,-1,226,150,61,-1,226,61,60,-1,23,171,172,-1,172,171,271,-1,172,271,251,-1,251,271,272,-1,251,272,252,-1,252,272,273,-1,252,273,253,-1,253,273,274,-1,253,274,254,-1,254,274,275,-1,254,275,255,-1,255,275,276,-1,255,276,256,-1,256,276,277,-1,256,277,257,-1,257,277,278,-1,257,278,258,-1,258,278,279,-1,258,279,259,-1,259,279,280,-1,259,280,260,-1,260,280,281,-1,260,281,261,-1,261,281,282,-1,261,282,262,-1,262,282,283,-1,262,283,263,-1,263,283,284,-1,263,284,264,-1,264,284,285,-1,264,285,265,-1,265,285,286,-1,265,286,266,-1,266,286,287,-1,266,287,267,-1,267,287,288,-1,267,288,268,-1,268,288,289,-1,268,289,269,-1,269,289,149,-1,269,149,270,-1,270,149,148,-1,270,148,150,-1,150,148,56,-1,150,56,55,-1,27,170,171,-1,171,170,290,-1,171,290,271,-1,271,290,291,-1,271,291,272,-1,272,291,292,-1,272,292,273,-1,273,292,293,-1,273,293,274,-1,274,293,294,-1,274,294,275,-1,275,294,295,-1,275,295,276,-1,276,295,296,-1,276,296,277,-1,277,296,297,-1,277,297,278,-1,278,297,298,-1,278,298,279,-1,279,298,299,-1,279,299,280,-1,280,299,300,-1,280,300,281,-1,281,300,301,-1,281,301,282,-1,282,301,302,-1,282,302,283,-1,283,302,303,-1,283,303,284,-1,284,303,304,-1,284,304,285,-1,285,304,305,-1,285,305,286,-1,286,305,306,-1,286,306,287,-1,287,306,307,-1,287,307,288,-1,288,307,308,-1,288,308,289,-1,289,308,147,-1,289,147,149,-1,149,147,1,-1,149,1,0,-1,33,169,170,-1,170,169,168,-1,170,168,290,-1,290,168,167,-1,290,167,291,-1,291,167,166,-1,291,166,292,-1,292,166,153,-1,292,153,293,-1,293,153,165,-1,293,165,294,-1,294,165,164,-1,294,164,295,-1,295,164,163,-1,295,163,296,-1,296,163,162,-1,296,162,297,-1,297,162,161,-1,297,161,298,-1,298,161,160,-1,298,160,299,-1,299,160,159,-1,299,159,300,-1,300,159,158,-1,300,158,301,-1,301,158,157,-1,301,157,302,-1,302,157,154,-1,302,154,303,-1,303,154,155,-1,303,155,304,-1,304,155,156,-1,304,156,305,-1,305,156,228,-1,305,228,306,-1,306,228,229,-1,306,229,307,-1,307,229,227,-1,307,227,308,-1,308,227,146,-1,308,146,147,-1,147,146,145,-1,147,145,54,-1,309,310,311,-1,311,310,312,-1,311,312,313,-1,313,312,314,-1,313,314,315,-1,315,314,316,-1,315,316,317,-1,317,316,318,-1,317,318,319,-1,319,318,320,-1,319,320,321,-1,321,320,322,-1,310,323,312,-1,312,323,324,-1,312,324,314,-1,314,324,325,-1,314,325,316,-1,316,325,326,-1,316,326,318,-1,318,326,327,-1,318,327,320,-1,320,327,328,-1,320,328,322,-1,322,328,329,-1,323,330,324,-1,324,330,331,-1,324,331,325,-1,325,331,332,-1,325,332,326,-1,326,332,333,-1,326,333,327,-1,327,333,334,-1,327,334,328,-1,328,334,335,-1,328,335,329,-1,329,335,336,-1,330,337,331,-1,331,337,338,-1,331,338,332,-1,332,338,339,-1,332,339,333,-1,333,339,340,-1,333,340,334,-1,334,340,341,-1,334,341,335,-1,335,341,342,-1,335,342,336,-1,336,342,343,-1,337,344,338,-1,338,344,345,-1,338,345,339,-1,339,345,346,-1,339,346,340,-1,340,346,347,-1,340,347,341,-1,341,347,348,-1,341,348,342,-1,342,348,349,-1,342,349,343,-1,343,349,350,-1,344,351,345,-1,345,351,352,-1,345,352,346,-1,346,352,353,-1,346,353,347,-1,347,353,354,-1,347,354,348,-1,348,354,355,-1,348,355,349,-1,349,355,356,-1,349,356,350,-1,350,356,357,-1,358,357,356,-1,358,356,359,-1,359,356,355,-1,359,355,360,-1,360,355,354,-1,360,354,361,-1,361,354,353,-1,361,353,362,-1,362,353,352,-1,362,352,363,-1,363,352,351,-1,363,351,364,-1,364,365,363,-1,363,365,366,-1,363,366,362,-1,362,366,367,-1,362,367,361,-1,361,367,368,-1,361,368,360,-1,360,368,369,-1,360,369,359,-1,359,369,370,-1,359,370,358,-1,358,370,371,-1,365,372,366,-1,366,372,373,-1,366,373,367,-1,367,373,374,-1,367,374,368,-1,368,374,375,-1,368,375,369,-1,369,375,376,-1,369,376,370,-1,370,376,377,-1,370,377,371,-1,371,377,378,-1,372,379,373,-1,373,379,380,-1,373,380,374,-1,374,380,381,-1,374,381,375,-1,375,381,382,-1,375,382,376,-1,376,382,383,-1,376,383,377,-1,377,383,384,-1,377,384,378,-1,378,384,385,-1,379,386,380,-1,380,386,387,-1,380,387,381,-1,381,387,388,-1,381,388,382,-1,382,388,389,-1,382,389,383,-1,383,389,390,-1,383,390,384,-1,384,390,391,-1,384,391,385,-1,385,391,392,-1,386,393,387,-1,387,393,394,-1,387,394,388,-1,388,394,395,-1,388,395,389,-1,389,395,396,-1,389,396,390,-1,390,396,397,-1,390,397,391,-1,391,397,398,-1,391,398,392,-1,392,398,399,-1,393,400,394,-1,394,400,401,-1,394,401,395,-1,395,401,402,-1,395,402,396,-1,396,402,403,-1,396,403,397,-1,397,403,404,-1,397,404,398,-1,398,404,405,-1,398,405,399,-1,399,405,406,-1,407,406,405,-1,407,405,408,-1,408,405,404,-1,408,404,409,-1,409,404,403,-1,409,403,410,-1,410,403,402,-1,410,402,411,-1,411,402,401,-1,411,401,412,-1,412,401,400,-1,412,400,413,-1,413,414,412,-1,412,414,415,-1,412,415,411,-1,411,415,416,-1,411,416,410,-1,410,416,417,-1,410,417,409,-1,409,417,418,-1,409,418,408,-1,408,418,419,-1,408,419,407,-1,407,419,420,-1,414,421,415,-1,415,421,422,-1,415,422,416,-1,416,422,423,-1,416,423,417,-1,417,423,424,-1,417,424,418,-1,418,424,425,-1,418,425,419,-1,419,425,426,-1,419,426,420,-1,420,426,427,-1,421,428,422,-1,422,428,429,-1,422,429,423,-1,423,429,430,-1,423,430,424,-1,424,430,431,-1,424,431,425,-1,425,431,432,-1,425,432,426,-1,426,432,433,-1,426,433,427,-1,427,433,434,-1,428,435,429,-1,429,435,436,-1,429,436,430,-1,430,436,437,-1,430,437,431,-1,431,437,438,-1,431,438,432,-1,432,438,439,-1,432,439,433,-1,433,439,440,-1,433,440,434,-1,434,440,441,-1,435,442,436,-1,436,442,443,-1,436,443,437,-1,437,443,444,-1,437,444,438,-1,438,444,445,-1,438,445,439,-1,439,445,446,-1,439,446,440,-1,440,446,447,-1,440,447,441,-1,441,447,448,-1,442,449,443,-1,443,449,450,-1,443,450,444,-1,444,450,451,-1,444,451,445,-1,445,451,452,-1,445,452,446,-1,446,452,453,-1,446,453,447,-1,447,453,454,-1,447,454,448,-1,448,454,455,-1,456,455,454,-1,456,454,457,-1,457,454,453,-1,457,453,458,-1,458,453,452,-1,458,452,459,-1,459,452,451,-1,459,451,460,-1,460,451,450,-1,460,450,461,-1,461,450,449,-1,461,449,462,-1,462,463,461,-1,461,463,464,-1,461,464,460,-1,460,464,465,-1,460,465,459,-1,459,465,466,-1,459,466,458,-1,458,466,467,-1,458,467,457,-1,457,467,468,-1,457,468,456,-1,456,468,469,-1,463,470,464,-1,464,470,471,-1,464,471,465,-1,465,471,472,-1,465,472,466,-1,466,472,473,-1,466,473,467,-1,467,473,474,-1,467,474,468,-1,468,474,475,-1,468,475,469,-1,469,475,476,-1,470,477,471,-1,471,477,478,-1,471,478,472,-1,472,478,479,-1,472,479,473,-1,473,479,480,-1,473,480,474,-1,474,480,481,-1,474,481,475,-1,475,481,482,-1,475,482,476,-1,476,482,483,-1,477,484,478,-1,478,484,485,-1,478,485,479,-1,479,485,486,-1,479,486,480,-1,480,486,487,-1,480,487,481,-1,481,487,488,-1,481,488,482,-1,482,488,489,-1,482,489,483,-1,483,489,490,-1,484,491,485,-1,485,491,492,-1,485,492,486,-1,486,492,493,-1,486,493,487,-1,487,493,494,-1,487,494,488,-1,488,494,495,-1,488,495,489,-1,489,495,496,-1,489,496,490,-1,490,496,497,-1,491,498,492,-1,492,498,499,-1,492,499,493,-1,493,499,500,-1,493,500,494,-1,494,500,501,-1,494,501,495,-1,495,501,502,-1,495,502,496,-1,496,502,503,-1,496,503,497,-1,497,503,504,-1,505,506,507,-1,507,506,508,-1,507,508,509,-1,509,508,510,-1,509,510,511,-1,511,510,512,-1,511,512,513,-1,513,512,514,-1,513,514,515,-1,515,514,516,-1,515,516,517,-1,517,516,518,-1,506,519,508,-1,508,519,520,-1,508,520,510,-1,510,520,521,-1,510,521,512,-1,512,521,522,-1,512,522,514,-1,514,522,523,-1,514,523,516,-1,516,523,524,-1,516,524,518,-1,518,524,525,-1,519,526,520,-1,520,526,527,-1,520,527,521,-1,521,527,528,-1,521,528,522,-1,522,528,529,-1,522,529,523,-1,523,529,530,-1,523,530,524,-1,524,530,531,-1,524,531,525,-1,525,531,532,-1,526,533,527,-1,527,533,534,-1,527,534,528,-1,528,534,535,-1,528,535,529,-1,529,535,536,-1,529,536,530,-1,530,536,537,-1,530,537,531,-1,531,537,538,-1,531,538,532,-1,532,538,539,-1,533,540,534,-1,534,540,541,-1,534,541,535,-1,535,541,542,-1,535,542,536,-1,536,542,543,-1,536,543,537,-1,537,543,544,-1,537,544,538,-1,538,544,545,-1,538,545,539,-1,539,545,546,-1,540,547,541,-1,541,547,548,-1,541,548,542,-1,542,548,549,-1,542,549,543,-1,543,549,550,-1,543,550,544,-1,544,550,551,-1,544,551,545,-1,545,551,552,-1,545,552,546,-1,546,552,553,-1,517,554,555,-1,517,555,515,-1,515,555,556,-1,515,556,513,-1,513,556,557,-1,513,557,511,-1,511,557,558,-1,511,558,509,-1,509,558,559,-1,509,559,507,-1,507,559,560,-1,507,560,505,-1,561,562,563,-1,563,562,564,-1,563,564,565,-1,565,564,566,-1,565,566,567,-1,567,566,568,-1,567,568,569,-1,569,568,570,-1,569,570,571,-1,571,570,572,-1,571,572,573,-1,573,572,574,-1,562,575,564,-1,564,575,576,-1,564,576,566,-1,566,576,577,-1,566,577,568,-1,568,577,578,-1,568,578,570,-1,570,578,579,-1,570,579,572,-1,572,579,580,-1,572,580,574,-1,574,580,581,-1,575,582,576,-1,576,582,583,-1,576,583,577,-1,577,583,584,-1,577,584,578,-1,578,584,585,-1,578,585,579,-1,579,585,586,-1,579,586,580,-1,580,586,587,-1,580,587,581,-1,581,587,588,-1,582,589,583,-1,583,589,590,-1,583,590,584,-1,584,590,591,-1,584,591,585,-1,585,591,592,-1,585,592,586,-1,586,592,593,-1,586,593,587,-1,587,593,594,-1,587,594,588,-1,588,594,595,-1,589,596,590,-1,590,596,597,-1,590,597,591,-1,591,597,598,-1,591,598,592,-1,592,598,599,-1,592,599,593,-1,593,599,600,-1,593,600,594,-1,594,600,601,-1,594,601,595,-1,595,601,602,-1,596,560,597,-1,597,560,559,-1,597,559,598,-1,598,559,558,-1,598,558,599,-1,599,558,557,-1,599,557,600,-1,600,557,556,-1,600,556,601,-1,601,556,555,-1,601,555,602,-1,602,555,554,-1,573,603,604,-1,573,604,571,-1,571,604,605,-1,571,605,569,-1,569,605,606,-1,569,606,567,-1,567,606,607,-1,567,607,565,-1,565,607,608,-1,565,608,563,-1,563,608,609,-1,563,609,561,-1,610,611,612,-1,612,611,613,-1,612,613,614,-1,614,613,615,-1,614,615,616,-1,616,615,617,-1,616,617,618,-1,618,617,619,-1,618,619,620,-1,620,619,621,-1,620,621,622,-1,622,621,623,-1,611,624,613,-1,613,624,625,-1,613,625,615,-1,615,625,626,-1,615,626,617,-1,617,626,627,-1,617,627,619,-1,619,627,628,-1,619,628,621,-1,621,628,629,-1,621,629,623,-1,623,629,630,-1,624,631,625,-1,625,631,632,-1,625,632,626,-1,626,632,633,-1,626,633,627,-1,627,633,634,-1,627,634,628,-1,628,634,635,-1,628,635,629,-1,629,635,636,-1,629,636,630,-1,630,636,637,-1,631,638,632,-1,632,638,639,-1,632,639,633,-1,633,639,640,-1,633,640,634,-1,634,640,641,-1,634,641,635,-1,635,641,642,-1,635,642,636,-1,636,642,643,-1,636,643,637,-1,637,643,644,-1,638,645,639,-1,639,645,646,-1,639,646,640,-1,640,646,647,-1,640,647,641,-1,641,647,648,-1,641,648,642,-1,642,648,649,-1,642,649,643,-1,643,649,650,-1,643,650,644,-1,644,650,651,-1,645,609,646,-1,646,609,608,-1,646,608,647,-1,647,608,607,-1,647,607,648,-1,648,607,606,-1,648,606,649,-1,649,606,605,-1,649,605,650,-1,650,605,604,-1,650,604,651,-1,651,604,603,-1,622,652,653,-1,622,653,620,-1,620,653,654,-1,620,654,618,-1,618,654,655,-1,618,655,616,-1,616,655,656,-1,616,656,614,-1,614,656,657,-1,614,657,612,-1,612,657,658,-1,612,658,610,-1,659,660,661,-1,661,660,662,-1,661,662,663,-1,663,662,664,-1,663,664,665,-1,665,664,666,-1,665,666,667,-1,667,666,668,-1,667,668,669,-1,669,668,670,-1,669,670,671,-1,671,670,672,-1,660,673,662,-1,662,673,674,-1,662,674,664,-1,664,674,675,-1,664,675,666,-1,666,675,676,-1,666,676,668,-1,668,676,677,-1,668,677,670,-1,670,677,678,-1,670,678,672,-1,672,678,679,-1,673,680,674,-1,674,680,681,-1,674,681,675,-1,675,681,682,-1,675,682,676,-1,676,682,683,-1,676,683,677,-1,677,683,684,-1,677,684,678,-1,678,684,685,-1,678,685,679,-1,679,685,686,-1,680,687,681,-1,681,687,688,-1,681,688,682,-1,682,688,689,-1,682,689,683,-1,683,689,690,-1,683,690,684,-1,684,690,691,-1,684,691,685,-1,685,691,692,-1,685,692,686,-1,686,692,693,-1,687,694,688,-1,688,694,695,-1,688,695,689,-1,689,695,696,-1,689,696,690,-1,690,696,697,-1,690,697,691,-1,691,697,698,-1,691,698,692,-1,692,698,699,-1,692,699,693,-1,693,699,700,-1,694,658,695,-1,695,658,657,-1,695,657,696,-1,696,657,656,-1,696,656,697,-1,697,656,655,-1,697,655,698,-1,698,655,654,-1,698,654,699,-1,699,654,653,-1,699,653,700,-1,700,653,652,-1,701,702,499,-1,703,704,503,-1,705,706,504,-1,503,704,504,-1,504,704,707,-1,504,707,705,-1,502,708,503,-1,503,708,709,-1,503,709,703,-1,710,711,501,-1,501,711,712,-1,501,712,502,-1,502,712,713,-1,502,713,708,-1,710,501,714,-1,714,501,500,-1,714,500,715,-1,499,702,500,-1,500,702,716,-1,500,716,715,-1,701,499,717,-1,717,499,498,-1,717,498,718,-1,719,720,659,-1,719,659,721,-1,721,659,661,-1,721,661,722,-1,722,661,723,-1,723,661,663,-1,723,663,724,-1,725,726,665,-1,665,726,727,-1,665,727,663,-1,663,727,728,-1,663,728,724,-1,725,665,729,-1,729,665,667,-1,729,667,730,-1,731,732,669,-1,669,732,733,-1,669,733,667,-1,667,733,734,-1,667,734,730,-1,731,669,735,-1,735,669,671,-1,735,671,736,-1,733,737,738,-1,737,731,738,-1,738,731,735,-1,738,735,736,-1,729,730,739,-1,739,730,734,-1,739,734,733,-1,727,740,741,-1,741,740,725,-1,741,725,729,-1,742,743,744,-1,744,745,746,-1,746,745,728,-1,746,728,727,-1,720,747,748,-1,748,747,721,-1,749,750,751,-1,751,750,717,-1,751,717,752,-1,753,754,715,-1,715,754,714,-1,755,756,711,-1,711,756,712,-1,713,757,708,-1,708,757,709,-1,758,759,704,-1,704,759,707,-1,760,706,761,-1,743,742,721,-1,721,742,762,-1,721,762,748,-1,748,762,763,-1,748,763,764,-1,764,763,765,-1,764,765,766,-1,766,765,767,-1,766,767,768,-1,768,767,769,-1,768,769,770,-1,770,769,771,-1,770,771,772,-1,772,771,773,-1,772,773,774,-1,774,773,775,-1,774,775,776,-1,776,775,777,-1,776,777,778,-1,778,777,779,-1,778,779,780,-1,780,779,781,-1,780,781,782,-1,782,781,752,-1,782,752,783,-1,783,752,717,-1,783,717,718,-1,744,746,742,-1,742,746,784,-1,742,784,762,-1,762,784,785,-1,762,785,763,-1,763,785,786,-1,763,786,765,-1,765,786,787,-1,765,787,767,-1,767,787,788,-1,767,788,769,-1,769,788,789,-1,769,789,771,-1,771,789,790,-1,771,790,773,-1,773,790,791,-1,773,791,775,-1,775,791,792,-1,775,792,777,-1,777,792,793,-1,777,793,779,-1,779,793,794,-1,779,794,781,-1,781,794,795,-1,781,795,752,-1,752,795,754,-1,752,754,751,-1,751,754,753,-1,751,753,749,-1,727,741,746,-1,746,741,796,-1,746,796,784,-1,784,796,797,-1,784,797,785,-1,785,797,798,-1,785,798,786,-1,786,798,799,-1,786,799,787,-1,787,799,800,-1,787,800,788,-1,788,800,801,-1,788,801,789,-1,789,801,802,-1,789,802,790,-1,790,802,803,-1,790,803,791,-1,791,803,804,-1,791,804,792,-1,792,804,805,-1,792,805,793,-1,793,805,806,-1,793,806,794,-1,794,806,807,-1,794,807,795,-1,795,807,756,-1,795,756,754,-1,754,756,755,-1,754,755,714,-1,729,739,741,-1,741,739,808,-1,741,808,796,-1,796,808,809,-1,796,809,797,-1,797,809,810,-1,797,810,798,-1,798,810,811,-1,798,811,799,-1,799,811,812,-1,799,812,800,-1,800,812,813,-1,800,813,801,-1,801,813,814,-1,801,814,802,-1,802,814,815,-1,802,815,803,-1,803,815,816,-1,803,816,804,-1,804,816,817,-1,804,817,805,-1,805,817,818,-1,805,818,806,-1,806,818,819,-1,806,819,807,-1,807,819,757,-1,807,757,756,-1,756,757,713,-1,756,713,712,-1,733,738,739,-1,739,738,820,-1,739,820,808,-1,808,820,821,-1,808,821,809,-1,809,821,822,-1,809,822,810,-1,810,822,823,-1,810,823,811,-1,811,823,824,-1,811,824,812,-1,812,824,825,-1,812,825,813,-1,813,825,826,-1,813,826,814,-1,814,826,827,-1,814,827,815,-1,815,827,828,-1,815,828,816,-1,816,828,829,-1,816,829,817,-1,817,829,830,-1,817,830,818,-1,818,830,831,-1,818,831,819,-1,819,831,759,-1,819,759,757,-1,757,759,758,-1,757,758,709,-1,736,832,738,-1,738,832,833,-1,738,833,820,-1,820,833,834,-1,820,834,821,-1,821,834,835,-1,821,835,822,-1,822,835,836,-1,822,836,823,-1,823,836,837,-1,823,837,824,-1,824,837,838,-1,824,838,825,-1,825,838,839,-1,825,839,826,-1,826,839,840,-1,826,840,827,-1,827,840,841,-1,827,841,828,-1,828,841,842,-1,828,842,829,-1,829,842,843,-1,829,843,830,-1,830,843,844,-1,830,844,831,-1,831,844,760,-1,831,760,759,-1,759,760,761,-1,759,761,707,-1,845,846,847,-1,847,846,848,-1,847,848,849,-1,850,851,852,-1,852,851,853,-1,854,855,856,-1,856,855,857,-1,858,859,860,-1,860,859,861,-1,862,863,864,-1,864,863,865,-1,866,867,868,-1,869,870,871,-1,870,872,871,-1,871,872,873,-1,871,873,874,-1,875,876,877,-1,877,876,878,-1,877,878,869,-1,879,880,881,-1,881,880,882,-1,881,882,875,-1,883,884,885,-1,885,886,887,-1,887,886,888,-1,887,888,879,-1,889,890,891,-1,891,890,892,-1,884,883,892,-1,892,883,893,-1,892,893,891,-1,891,893,894,-1,891,894,895,-1,895,894,896,-1,895,896,897,-1,897,896,898,-1,897,898,899,-1,899,898,900,-1,899,900,901,-1,901,900,902,-1,901,902,903,-1,903,902,904,-1,903,904,905,-1,905,904,906,-1,905,906,907,-1,907,906,908,-1,907,908,909,-1,909,908,910,-1,909,910,911,-1,911,910,912,-1,911,912,913,-1,913,912,849,-1,913,849,914,-1,914,849,848,-1,914,848,915,-1,885,887,883,-1,883,887,916,-1,883,916,893,-1,893,916,917,-1,893,917,894,-1,894,917,918,-1,894,918,896,-1,896,918,919,-1,896,919,898,-1,898,919,920,-1,898,920,900,-1,900,920,921,-1,900,921,902,-1,902,921,922,-1,902,922,904,-1,904,922,923,-1,904,923,906,-1,906,923,924,-1,906,924,908,-1,908,924,925,-1,908,925,910,-1,910,925,926,-1,910,926,912,-1,912,926,927,-1,912,927,849,-1,849,927,851,-1,849,851,847,-1,847,851,850,-1,847,850,845,-1,879,881,887,-1,887,881,928,-1,887,928,916,-1,916,928,929,-1,916,929,917,-1,917,929,930,-1,917,930,918,-1,918,930,931,-1,918,931,919,-1,919,931,932,-1,919,932,920,-1,920,932,933,-1,920,933,921,-1,921,933,934,-1,921,934,922,-1,922,934,935,-1,922,935,923,-1,923,935,936,-1,923,936,924,-1,924,936,937,-1,924,937,925,-1,925,937,938,-1,925,938,926,-1,926,938,939,-1,926,939,927,-1,927,939,855,-1,927,855,851,-1,851,855,854,-1,851,854,853,-1,875,877,881,-1,881,877,940,-1,881,940,928,-1,928,940,941,-1,928,941,929,-1,929,941,942,-1,929,942,930,-1,930,942,943,-1,930,943,931,-1,931,943,944,-1,931,944,932,-1,932,944,945,-1,932,945,933,-1,933,945,946,-1,933,946,934,-1,934,946,947,-1,934,947,935,-1,935,947,948,-1,935,948,936,-1,936,948,949,-1,936,949,937,-1,937,949,950,-1,937,950,938,-1,938,950,951,-1,938,951,939,-1,939,951,859,-1,939,859,855,-1,855,859,858,-1,855,858,857,-1,869,871,877,-1,877,871,952,-1,877,952,940,-1,940,952,953,-1,940,953,941,-1,941,953,954,-1,941,954,942,-1,942,954,955,-1,942,955,943,-1,943,955,956,-1,943,956,944,-1,944,956,957,-1,944,957,945,-1,945,957,958,-1,945,958,946,-1,946,958,959,-1,946,959,947,-1,947,959,960,-1,947,960,948,-1,948,960,961,-1,948,961,949,-1,949,961,962,-1,949,962,950,-1,950,962,963,-1,950,963,951,-1,951,963,863,-1,951,863,859,-1,859,863,862,-1,859,862,861,-1,874,964,871,-1,871,964,965,-1,871,965,952,-1,952,965,966,-1,952,966,953,-1,953,966,967,-1,953,967,954,-1,954,967,968,-1,954,968,955,-1,955,968,969,-1,955,969,956,-1,956,969,970,-1,956,970,957,-1,957,970,971,-1,957,971,958,-1,958,971,972,-1,958,972,959,-1,959,972,973,-1,959,973,960,-1,960,973,974,-1,960,974,961,-1,961,974,975,-1,961,975,962,-1,962,975,976,-1,962,976,963,-1,963,976,866,-1,963,866,863,-1,863,866,868,-1,863,868,865,-1,977,978,979,-1,979,978,980,-1,979,980,981,-1,981,980,982,-1,981,982,983,-1,983,982,984,-1,983,984,985,-1,985,984,986,-1,985,986,987,-1,987,986,988,-1,987,988,989,-1,989,988,990,-1,978,991,980,-1,980,991,992,-1,980,992,982,-1,982,992,993,-1,982,993,984,-1,984,993,994,-1,984,994,986,-1,986,994,995,-1,986,995,988,-1,988,995,996,-1,988,996,990,-1,990,996,997,-1,991,998,992,-1,992,998,999,-1,992,999,993,-1,993,999,1000,-1,993,1000,994,-1,994,1000,1001,-1,994,1001,995,-1,995,1001,1002,-1,995,1002,996,-1,996,1002,1003,-1,996,1003,997,-1,997,1003,1004,-1,998,1005,999,-1,999,1005,1006,-1,999,1006,1000,-1,1000,1006,1007,-1,1000,1007,1001,-1,1001,1007,1008,-1,1001,1008,1002,-1,1002,1008,1009,-1,1002,1009,1003,-1,1003,1009,1010,-1,1003,1010,1004,-1,1004,1010,1011,-1,1005,1012,1006,-1,1006,1012,1013,-1,1006,1013,1007,-1,1007,1013,1014,-1,1007,1014,1008,-1,1008,1014,1015,-1,1008,1015,1009,-1,1009,1015,1016,-1,1009,1016,1010,-1,1010,1016,1017,-1,1010,1017,1011,-1,1011,1017,1018,-1,989,1019,987,-1,987,1019,1020,-1,1020,1021,987,-1,987,1021,1022,-1,987,1022,985,-1,1022,1023,985,-1,985,1023,1024,-1,985,1024,983,-1,1024,1025,983,-1,983,1025,1026,-1,983,1026,981,-1,1026,1027,981,-1,981,1027,1028,-1,981,1028,979,-1,1029,977,1030,-1,1030,977,979,-1,1030,979,1031,-1,1031,979,1028,-1,1032,1033,1029,-1,1034,1035,1036,-1,1036,1035,1037,-1,1036,1037,1038,-1,1038,1037,1039,-1,1029,1030,1032,-1,1032,1030,1031,-1,1032,1031,1040,-1,1041,1042,1039,-1,1039,1042,1043,-1,1039,1043,1038,-1,1031,1028,1040,-1,1040,1028,1027,-1,1040,1027,1044,-1,1045,1046,1041,-1,1041,1046,1047,-1,1041,1047,1042,-1,1027,1026,1044,-1,1044,1026,1025,-1,1044,1025,1048,-1,1049,1050,1051,-1,1051,1050,1052,-1,1051,1052,1045,-1,1045,1052,1053,-1,1045,1053,1046,-1,1035,1054,1037,-1,1037,1054,1055,-1,1037,1055,1039,-1,1039,1055,1056,-1,1039,1056,1041,-1,1041,1056,1057,-1,1041,1057,1045,-1,1045,1057,1058,-1,1045,1058,1051,-1,1051,1058,1059,-1,1054,1060,1055,-1,1055,1060,1061,-1,1055,1061,1056,-1,1056,1061,1062,-1,1056,1062,1057,-1,1057,1062,1063,-1,1057,1063,1058,-1,1058,1063,1064,-1,1058,1064,1059,-1,1059,1064,1065,-1,1060,1033,1061,-1,1061,1033,1032,-1,1061,1032,1062,-1,1062,1032,1040,-1,1062,1040,1063,-1,1063,1040,1044,-1,1063,1044,1064,-1,1064,1044,1048,-1,1064,1048,1065,-1,1065,1048,1066,-1,1067,1068,1069,-1,1069,1068,1049,-1,1025,1024,1048,-1,1048,1024,1023,-1,1048,1023,1066,-1,1066,1023,1022,-1,1066,1022,1021,-1,1049,1051,1069,-1,1069,1051,1059,-1,1069,1059,1070,-1,1070,1059,1065,-1,1070,1065,1071,-1,1071,1065,1066,-1,1071,1066,1072,-1,1072,1066,1021,-1,1072,1021,1020,-1,1067,1069,1073,-1,1073,1069,1070,-1,1073,1070,1074,-1,1074,1070,1071,-1,1074,1071,1075,-1,1075,1071,1072,-1,1075,1072,1076,-1,1076,1072,1020,-1,1076,1020,1019,-1,1068,1067,1077,-1,1068,1077,1049,-1,1049,1077,1078,-1,1049,1078,1050,-1,1050,1078,1079,-1,1050,1079,1052,-1,1052,1079,1053,-1,1053,1079,1080,-1,1053,1080,1046,-1,1046,1080,1047,-1,1047,1080,1081,-1,1047,1081,1042,-1,1042,1081,1043,-1,1043,1081,1082,-1,1043,1082,1038,-1,1038,1082,1036,-1,1036,1082,1083,-1,1036,1083,1034,-1,1084,1085,1086,-1,1086,1085,1087,-1,1086,1087,1088,-1,1088,1087,1089,-1,1088,1089,1090,-1,1090,1089,1091,-1,1090,1091,1092,-1,1092,1091,1093,-1,1092,1093,1094,-1,1094,1093,1095,-1,1094,1095,1096,-1,1096,1095,1097,-1,1085,1098,1087,-1,1087,1098,1099,-1,1087,1099,1089,-1,1089,1099,1100,-1,1089,1100,1091,-1,1091,1100,1101,-1,1091,1101,1093,-1,1093,1101,1102,-1,1093,1102,1095,-1,1095,1102,1103,-1,1095,1103,1097,-1,1097,1103,1104,-1,1098,1105,1099,-1,1099,1105,1106,-1,1099,1106,1100,-1,1100,1106,1107,-1,1100,1107,1101,-1,1101,1107,1108,-1,1101,1108,1102,-1,1102,1108,1109,-1,1102,1109,1103,-1,1103,1109,1110,-1,1103,1110,1104,-1,1104,1110,1111,-1,1105,1112,1106,-1,1106,1112,1113,-1,1106,1113,1107,-1,1107,1113,1114,-1,1107,1114,1108,-1,1108,1114,1115,-1,1108,1115,1109,-1,1109,1115,1116,-1,1109,1116,1110,-1,1110,1116,1117,-1,1110,1117,1111,-1,1111,1117,1118,-1,1112,1083,1113,-1,1113,1083,1082,-1,1113,1082,1114,-1,1114,1082,1081,-1,1114,1081,1115,-1,1115,1081,1080,-1,1115,1080,1116,-1,1116,1080,1079,-1,1116,1079,1117,-1,1117,1079,1078,-1,1117,1078,1118,-1,1118,1078,1077,-1,1096,1119,1094,-1,1094,1119,1120,-1,1120,1121,1094,-1,1094,1121,1122,-1,1094,1122,1092,-1,1122,1123,1092,-1,1092,1123,1124,-1,1092,1124,1090,-1,1124,1125,1090,-1,1090,1125,1126,-1,1090,1126,1088,-1,1126,1127,1088,-1,1088,1127,1128,-1,1088,1128,1086,-1,1129,1084,1130,-1,1130,1084,1086,-1,1130,1086,1131,-1,1131,1086,1128,-1,1132,1133,1129,-1,1134,1135,1136,-1,1136,1135,1137,-1,1136,1137,1138,-1,1138,1137,1139,-1,1129,1130,1132,-1,1132,1130,1131,-1,1132,1131,1140,-1,1141,1142,1139,-1,1139,1142,1143,-1,1139,1143,1138,-1,1131,1128,1140,-1,1140,1128,1127,-1,1140,1127,1144,-1,1145,1146,1141,-1,1141,1146,1147,-1,1141,1147,1142,-1,1127,1126,1144,-1,1144,1126,1125,-1,1144,1125,1148,-1,1149,1150,1151,-1,1151,1150,1152,-1,1151,1152,1145,-1,1145,1152,1153,-1,1145,1153,1146,-1,1135,1154,1137,-1,1137,1154,1155,-1,1137,1155,1139,-1,1139,1155,1156,-1,1139,1156,1141,-1,1141,1156,1157,-1,1141,1157,1145,-1,1145,1157,1158,-1,1145,1158,1151,-1,1151,1158,1159,-1,1154,1160,1155,-1,1155,1160,1161,-1,1155,1161,1156,-1,1156,1161,1162,-1,1156,1162,1157,-1,1157,1162,1163,-1,1157,1163,1158,-1,1158,1163,1164,-1,1158,1164,1159,-1,1159,1164,1165,-1,1160,1133,1161,-1,1161,1133,1132,-1,1161,1132,1162,-1,1162,1132,1140,-1,1162,1140,1163,-1,1163,1140,1144,-1,1163,1144,1164,-1,1164,1144,1148,-1,1164,1148,1165,-1,1165,1148,1166,-1,1167,1168,1169,-1,1169,1168,1149,-1,1125,1124,1148,-1,1148,1124,1123,-1,1148,1123,1166,-1,1166,1123,1122,-1,1166,1122,1121,-1,1149,1151,1169,-1,1169,1151,1159,-1,1169,1159,1170,-1,1170,1159,1165,-1,1170,1165,1171,-1,1171,1165,1166,-1,1171,1166,1172,-1,1172,1166,1121,-1,1172,1121,1120,-1,1167,1169,1173,-1,1173,1169,1170,-1,1173,1170,1174,-1,1174,1170,1171,-1,1174,1171,1175,-1,1175,1171,1172,-1,1175,1172,1176,-1,1176,1172,1120,-1,1176,1120,1119,-1,1177,889,1178,-1,1177,1178,892,-1,892,1178,1179,-1,892,1179,1180,-1,1180,1179,1181,-1,1181,1179,1182,-1,1181,1182,886,-1,882,1183,1184,-1,1184,1183,879,-1,1184,879,1182,-1,1182,879,888,-1,1182,888,886,-1,882,1184,875,-1,875,1184,1185,-1,875,1185,1186,-1,872,870,1187,-1,1187,870,869,-1,1187,869,1185,-1,1185,869,878,-1,1185,878,1186,-1,872,1187,873,-1,873,1187,1188,-1,873,1188,874,-1,1189,867,1134,-1,1189,1134,865,-1,865,1134,1136,-1,865,1136,864,-1,864,1136,1138,-1,864,1138,862,-1,862,1138,1143,-1,862,1143,861,-1,861,1143,860,-1,860,1143,1142,-1,860,1142,858,-1,858,1142,1147,-1,858,1147,857,-1,857,1147,1146,-1,857,1146,856,-1,856,1146,1190,-1,1190,1146,1153,-1,1190,1153,853,-1,853,1153,1152,-1,853,1152,852,-1,852,1152,1191,-1,1191,1152,1150,-1,1191,1150,1192,-1,1192,1150,1149,-1,1192,1149,1193,-1,1193,1149,1168,-1,1193,1168,848,-1,848,1168,1167,-1,848,1167,915,-1,1194,1195,1196,-1,1196,1195,1197,-1,1196,1197,1198,-1,1198,1197,1199,-1,1198,1199,1200,-1,1200,1199,1201,-1,1200,1201,1202,-1,1202,1201,1203,-1,1202,1203,1204,-1,1204,1203,1205,-1,1204,1205,1206,-1,1206,1205,1207,-1,1195,1208,1197,-1,1197,1208,1209,-1,1197,1209,1199,-1,1199,1209,1210,-1,1199,1210,1201,-1,1201,1210,1211,-1,1201,1211,1203,-1,1203,1211,1212,-1,1203,1212,1205,-1,1205,1212,1213,-1,1205,1213,1207,-1,1207,1213,1214,-1,1208,1215,1209,-1,1209,1215,1216,-1,1209,1216,1210,-1,1210,1216,1217,-1,1210,1217,1211,-1,1211,1217,1218,-1,1211,1218,1212,-1,1212,1218,1219,-1,1212,1219,1213,-1,1213,1219,1220,-1,1213,1220,1214,-1,1214,1220,1221,-1,1215,1222,1216,-1,1216,1222,1223,-1,1216,1223,1217,-1,1217,1223,1224,-1,1217,1224,1218,-1,1218,1224,1225,-1,1218,1225,1219,-1,1219,1225,1226,-1,1219,1226,1220,-1,1220,1226,1227,-1,1220,1227,1221,-1,1221,1227,1228,-1,1222,1188,1223,-1,1223,1188,1187,-1,1223,1187,1224,-1,1224,1187,1185,-1,1224,1185,1225,-1,1225,1185,1184,-1,1225,1184,1226,-1,1226,1184,1182,-1,1226,1182,1227,-1,1227,1182,1179,-1,1227,1179,1228,-1,1228,1179,1178,-1,1206,1229,1204,-1,1204,1229,1230,-1,1230,1231,1204,-1,1204,1231,1232,-1,1204,1232,1202,-1,1232,1233,1202,-1,1202,1233,1234,-1,1202,1234,1200,-1,1234,1235,1200,-1,1200,1235,1236,-1,1200,1236,1198,-1,1236,1237,1198,-1,1198,1237,1238,-1,1198,1238,1196,-1,1239,1194,1240,-1,1240,1194,1196,-1,1240,1196,1241,-1,1241,1196,1238,-1,1242,1243,1239,-1,1244,1245,1246,-1,1246,1245,1247,-1,1246,1247,1248,-1,1248,1247,1249,-1,1239,1240,1242,-1,1242,1240,1241,-1,1242,1241,1250,-1,1251,1252,1249,-1,1249,1252,1253,-1,1249,1253,1248,-1,1241,1238,1250,-1,1250,1238,1237,-1,1250,1237,1254,-1,1255,1256,1251,-1,1251,1256,1257,-1,1251,1257,1252,-1,1237,1236,1254,-1,1254,1236,1235,-1,1254,1235,1258,-1,1259,1260,1261,-1,1261,1260,1262,-1,1261,1262,1255,-1,1255,1262,1263,-1,1255,1263,1256,-1,1245,1264,1247,-1,1247,1264,1265,-1,1247,1265,1249,-1,1249,1265,1266,-1,1249,1266,1251,-1,1251,1266,1267,-1,1251,1267,1255,-1,1255,1267,1268,-1,1255,1268,1261,-1,1261,1268,1269,-1,1264,1270,1265,-1,1265,1270,1271,-1,1265,1271,1266,-1,1266,1271,1272,-1,1266,1272,1267,-1,1267,1272,1273,-1,1267,1273,1268,-1,1268,1273,1274,-1,1268,1274,1269,-1,1269,1274,1275,-1,1270,1243,1271,-1,1271,1243,1242,-1,1271,1242,1272,-1,1272,1242,1250,-1,1272,1250,1273,-1,1273,1250,1254,-1,1273,1254,1274,-1,1274,1254,1258,-1,1274,1258,1275,-1,1275,1258,1276,-1,1277,1278,1279,-1,1279,1278,1259,-1,1235,1234,1258,-1,1258,1234,1233,-1,1258,1233,1276,-1,1276,1233,1232,-1,1276,1232,1231,-1,1259,1261,1279,-1,1279,1261,1269,-1,1279,1269,1280,-1,1280,1269,1275,-1,1280,1275,1281,-1,1281,1275,1276,-1,1281,1276,1282,-1,1282,1276,1231,-1,1282,1231,1230,-1,1277,1279,1283,-1,1283,1279,1280,-1,1283,1280,1284,-1,1284,1280,1281,-1,1284,1281,1285,-1,1285,1281,1282,-1,1285,1282,1286,-1,1286,1282,1230,-1,1286,1230,1229,-1,1278,1277,1287,-1,1278,1287,1259,-1,1259,1287,1288,-1,1259,1288,1260,-1,1260,1288,1289,-1,1260,1289,1262,-1,1262,1289,1263,-1,1263,1289,1290,-1,1263,1290,1256,-1,1256,1290,1257,-1,1257,1290,1291,-1,1257,1291,1252,-1,1252,1291,1253,-1,1253,1291,1292,-1,1253,1292,1248,-1,1248,1292,1246,-1,1246,1292,1293,-1,1246,1293,1244,-1,1294,1295,1296,-1,1296,1295,1297,-1,1296,1297,1298,-1,1298,1297,1299,-1,1298,1299,1300,-1,1300,1299,1301,-1,1300,1301,1302,-1,1302,1301,1303,-1,1302,1303,1304,-1,1304,1303,1305,-1,1304,1305,1306,-1,1306,1305,1307,-1,1295,1308,1297,-1,1297,1308,1309,-1,1297,1309,1299,-1,1299,1309,1310,-1,1299,1310,1301,-1,1301,1310,1311,-1,1301,1311,1303,-1,1303,1311,1312,-1,1303,1312,1305,-1,1305,1312,1313,-1,1305,1313,1307,-1,1307,1313,1314,-1,1308,1315,1309,-1,1309,1315,1316,-1,1309,1316,1310,-1,1310,1316,1317,-1,1310,1317,1311,-1,1311,1317,1318,-1,1311,1318,1312,-1,1312,1318,1319,-1,1312,1319,1313,-1,1313,1319,1320,-1,1313,1320,1314,-1,1314,1320,1321,-1,1315,1322,1316,-1,1316,1322,1323,-1,1316,1323,1317,-1,1317,1323,1324,-1,1317,1324,1318,-1,1318,1324,1325,-1,1318,1325,1319,-1,1319,1325,1326,-1,1319,1326,1320,-1,1320,1326,1327,-1,1320,1327,1321,-1,1321,1327,1328,-1,1322,1293,1323,-1,1323,1293,1292,-1,1323,1292,1324,-1,1324,1292,1291,-1,1324,1291,1325,-1,1325,1291,1290,-1,1325,1290,1326,-1,1326,1290,1289,-1,1326,1289,1327,-1,1327,1289,1288,-1,1327,1288,1328,-1,1328,1288,1287,-1,1306,1329,1304,-1,1304,1329,1330,-1,1330,1331,1304,-1,1304,1331,1332,-1,1304,1332,1302,-1,1332,1333,1302,-1,1302,1333,1334,-1,1302,1334,1300,-1,1334,1335,1300,-1,1300,1335,1336,-1,1300,1336,1298,-1,1336,1337,1298,-1,1298,1337,1338,-1,1298,1338,1296,-1,1339,1294,1340,-1,1340,1294,1296,-1,1340,1296,1341,-1,1341,1296,1338,-1,1342,1343,1339,-1,1344,1345,1346,-1,1346,1345,1347,-1,1346,1347,1348,-1,1348,1347,1349,-1,1339,1340,1342,-1,1342,1340,1341,-1,1342,1341,1350,-1,1351,1352,1349,-1,1349,1352,1353,-1,1349,1353,1348,-1,1341,1338,1350,-1,1350,1338,1337,-1,1350,1337,1354,-1,1355,1356,1351,-1,1351,1356,1357,-1,1351,1357,1352,-1,1337,1336,1354,-1,1354,1336,1335,-1,1354,1335,1358,-1,1359,1360,1361,-1,1361,1360,1362,-1,1361,1362,1355,-1,1355,1362,1363,-1,1355,1363,1356,-1,1345,1364,1347,-1,1347,1364,1365,-1,1347,1365,1349,-1,1349,1365,1366,-1,1349,1366,1351,-1,1351,1366,1367,-1,1351,1367,1355,-1,1355,1367,1368,-1,1355,1368,1361,-1,1361,1368,1369,-1,1364,1370,1365,-1,1365,1370,1371,-1,1365,1371,1366,-1,1366,1371,1372,-1,1366,1372,1367,-1,1367,1372,1373,-1,1367,1373,1368,-1,1368,1373,1374,-1,1368,1374,1369,-1,1369,1374,1375,-1,1370,1343,1371,-1,1371,1343,1342,-1,1371,1342,1372,-1,1372,1342,1350,-1,1372,1350,1373,-1,1373,1350,1354,-1,1373,1354,1374,-1,1374,1354,1358,-1,1374,1358,1375,-1,1375,1358,1376,-1,1377,1378,1379,-1,1379,1378,1359,-1,1335,1334,1358,-1,1358,1334,1333,-1,1358,1333,1376,-1,1376,1333,1332,-1,1376,1332,1331,-1,1359,1361,1379,-1,1379,1361,1369,-1,1379,1369,1380,-1,1380,1369,1375,-1,1380,1375,1381,-1,1381,1375,1376,-1,1381,1376,1382,-1,1382,1376,1331,-1,1382,1331,1330,-1,1377,1379,1383,-1,1383,1379,1380,-1,1383,1380,1384,-1,1384,1380,1381,-1,1384,1381,1385,-1,1385,1381,1382,-1,1385,1382,1386,-1,1386,1382,1330,-1,1386,1330,1329,-1,1387,1018,1388,-1,1388,1018,1017,-1,1388,1017,1389,-1,1389,1017,1390,-1,1390,1017,1391,-1,1391,1017,1016,-1,1391,1016,1392,-1,1392,1016,1393,-1,1393,1016,1015,-1,1393,1015,1394,-1,1395,1396,1014,-1,1014,1396,1397,-1,1014,1397,1015,-1,1015,1397,1398,-1,1015,1398,1394,-1,1395,1014,1399,-1,1399,1014,1013,-1,1399,1013,1400,-1,1401,1402,1012,-1,1012,1402,1403,-1,1012,1403,1013,-1,1013,1403,1404,-1,1013,1404,1400,-1,1405,1406,1362,-1,1348,1407,1346,-1,1346,1407,1408,-1,1346,1408,1344,-1,1344,1408,1409,-1,1352,1410,1353,-1,1353,1410,1411,-1,1353,1411,1348,-1,1348,1411,1412,-1,1348,1412,1407,-1,1356,1413,1357,-1,1357,1413,1414,-1,1357,1414,1352,-1,1352,1414,1415,-1,1352,1415,1410,-1,1362,1406,1363,-1,1363,1406,1416,-1,1363,1416,1356,-1,1356,1416,1417,-1,1356,1417,1413,-1,1405,1362,1418,-1,1418,1362,1360,-1,1418,1360,1419,-1,1360,1359,1419,-1,1419,1359,1378,-1,1419,1378,1420,-1,1420,1378,1377,-1,1420,1377,1421,-1,1421,1377,1422,-1,1423,1424,1425,-1,1425,1424,1409,-1,213,973,972,-1,972,971,213,-1,213,971,970,-1,213,970,211,-1,211,970,969,-1,211,969,209,-1,209,969,968,-1,209,968,207,-1,207,968,967,-1,207,967,205,-1,197,199,874,-1,874,199,201,-1,874,201,964,-1,964,201,203,-1,964,203,965,-1,965,203,205,-1,965,205,966,-1,966,205,967,-1,213,215,973,-1,973,215,217,-1,973,217,974,-1,974,217,219,-1,974,219,975,-1,975,219,221,-1,975,221,976,-1,1423,1426,1427,-1,1409,1424,1344,-1,1344,1424,321,-1,1344,321,1345,-1,1345,321,322,-1,1345,322,1364,-1,1154,1135,672,-1,1401,1428,1429,-1,1429,1428,1430,-1,1429,1430,1431,-1,1431,1430,1432,-1,1427,1426,1433,-1,1433,1426,1434,-1,1433,1434,1435,-1,1435,1434,1436,-1,1435,1436,1437,-1,195,706,193,-1,193,706,760,-1,672,1135,671,-1,976,221,866,-1,866,221,151,-1,866,151,867,-1,867,151,73,-1,867,73,10,-1,1438,1439,1401,-1,1401,1439,1440,-1,1401,1440,1428,-1,1427,1441,1423,-1,1423,1441,1442,-1,1423,1442,1424,-1,1424,1442,1443,-1,1424,1443,1444,-1,1444,1443,1445,-1,1444,1445,1446,-1,1446,1445,1447,-1,1446,1447,1448,-1,1448,1447,1449,-1,1448,1449,1450,-1,1450,1449,1451,-1,760,844,193,-1,193,844,843,-1,193,843,191,-1,1436,1452,1437,-1,1437,1452,1453,-1,1437,1453,1454,-1,1454,1453,1455,-1,1454,1455,1456,-1,1456,1455,1457,-1,1456,1457,1458,-1,1458,1457,1459,-1,1458,1459,1460,-1,1460,1459,1461,-1,1460,1461,1432,-1,1432,1461,1462,-1,1432,1462,1431,-1,322,329,1364,-1,1364,329,336,-1,1364,336,1370,-1,1370,336,343,-1,1370,343,1343,-1,1343,343,350,-1,1343,350,1339,-1,1339,350,357,-1,1339,357,1294,-1,1294,357,358,-1,1294,358,1295,-1,1295,358,371,-1,1295,371,1308,-1,181,835,179,-1,179,835,834,-1,179,834,177,-1,177,834,833,-1,177,833,176,-1,176,833,832,-1,176,832,9,-1,9,832,736,-1,843,842,191,-1,191,842,841,-1,191,841,189,-1,189,841,840,-1,189,840,187,-1,187,840,839,-1,187,839,185,-1,185,839,838,-1,185,838,183,-1,183,838,837,-1,183,837,181,-1,181,837,836,-1,181,836,835,-1,1135,1134,671,-1,671,1134,867,-1,671,867,736,-1,736,867,10,-1,736,10,9,-1,1463,1464,1465,-1,1465,1464,1466,-1,1465,1466,1467,-1,1467,1466,1468,-1,1467,1468,1469,-1,1469,1468,1470,-1,1469,1470,1471,-1,1471,1470,1472,-1,1471,1472,1451,-1,1451,1472,1473,-1,1451,1473,1450,-1,195,197,706,-1,706,197,874,-1,706,874,504,-1,504,874,1188,-1,504,1188,497,-1,497,1188,1222,-1,497,1222,490,-1,490,1222,1215,-1,490,1215,483,-1,483,1215,1208,-1,672,679,1154,-1,1154,679,686,-1,1154,686,1160,-1,1160,686,693,-1,1160,693,1133,-1,1133,693,700,-1,1133,700,1129,-1,1129,700,652,-1,1129,652,1084,-1,1084,652,622,-1,1084,622,1085,-1,1085,622,623,-1,1085,623,1098,-1,1264,434,1270,-1,1270,434,441,-1,1270,441,1243,-1,1243,441,448,-1,1243,448,1239,-1,1239,448,455,-1,1239,455,1194,-1,1194,455,456,-1,1194,456,1195,-1,1195,456,469,-1,1195,469,1208,-1,1208,469,476,-1,1208,476,483,-1,371,378,1308,-1,1308,378,385,-1,1308,385,1315,-1,1315,385,392,-1,1315,392,1322,-1,1322,392,399,-1,1322,399,1293,-1,1293,399,406,-1,1293,406,1244,-1,1244,406,407,-1,1244,407,1245,-1,1245,407,420,-1,1245,420,1264,-1,1264,420,427,-1,1264,427,434,-1,991,532,998,-1,998,532,539,-1,998,539,1005,-1,1005,539,546,-1,1005,546,1012,-1,1012,546,553,-1,1012,553,1401,-1,1401,553,1474,-1,1401,1474,1438,-1,1438,1474,1475,-1,1438,1475,1476,-1,1476,1475,1477,-1,1476,1477,1478,-1,1478,1477,1479,-1,1478,1479,1463,-1,1463,1479,1480,-1,1463,1480,1464,-1,1054,588,1060,-1,1060,588,595,-1,1060,595,1033,-1,1033,595,602,-1,1033,602,1029,-1,1029,602,554,-1,1029,554,977,-1,977,554,517,-1,977,517,978,-1,978,517,518,-1,978,518,991,-1,991,518,525,-1,991,525,532,-1,623,630,1098,-1,1098,630,637,-1,1098,637,1105,-1,1105,637,644,-1,1105,644,1112,-1,1112,644,651,-1,1112,651,1083,-1,1083,651,603,-1,1083,603,1034,-1,1034,603,573,-1,1034,573,1035,-1,1035,573,574,-1,1035,574,1054,-1,1054,574,581,-1,1054,581,588,-1,1481,1482,549,-1,1483,1484,550,-1,1485,1486,551,-1,1487,1488,552,-1,552,1488,553,-1,553,1488,1489,-1,553,1489,1474,-1,551,1486,552,-1,552,1486,1490,-1,552,1490,1487,-1,550,1484,551,-1,551,1484,1491,-1,551,1491,1485,-1,549,1482,550,-1,550,1482,1492,-1,550,1492,1483,-1,1493,1494,547,-1,547,1494,1495,-1,547,1495,548,-1,548,1495,1496,-1,548,1496,549,-1,549,1496,1497,-1,549,1497,1481,-1,1498,309,1499,-1,1499,309,311,-1,1499,311,1500,-1,1500,311,1501,-1,1501,311,1502,-1,1502,311,313,-1,1502,313,1503,-1,1503,313,1504,-1,1504,313,315,-1,1504,315,1505,-1,1506,1507,317,-1,317,1507,1508,-1,317,1508,315,-1,315,1508,1509,-1,315,1509,1505,-1,1506,317,1510,-1,1510,317,319,-1,1510,319,1511,-1,1424,1512,321,-1,321,1512,1513,-1,321,1513,319,-1,319,1513,1514,-1,319,1514,1511,-1,1515,1422,1516,-1,1517,1401,1429,-1,1403,1518,1404,-1,1404,1518,1519,-1,1399,1520,1395,-1,1395,1520,1396,-1,1397,1521,1398,-1,1398,1521,1522,-1,1393,1523,1392,-1,1392,1523,1524,-1,1525,1387,1388,-1,1515,1516,1420,-1,1526,1527,1420,-1,1528,1529,1527,-1,1527,1529,1530,-1,1527,1530,1420,-1,1531,1416,1532,-1,1532,1416,1406,-1,1532,1406,1528,-1,1415,1414,1533,-1,1533,1414,1413,-1,1533,1413,1531,-1,1412,1411,1534,-1,1534,1411,1410,-1,1534,1410,1415,-1,1412,1535,1407,-1,1407,1535,1408,-1,1425,1409,1408,-1,1408,1535,1425,-1,1425,1535,1536,-1,1425,1536,1423,-1,1423,1536,1537,-1,1423,1537,1426,-1,1426,1537,1538,-1,1426,1538,1434,-1,1434,1538,1539,-1,1434,1539,1436,-1,1436,1539,1540,-1,1436,1540,1452,-1,1452,1540,1541,-1,1452,1541,1453,-1,1453,1541,1542,-1,1453,1542,1455,-1,1455,1542,1543,-1,1455,1543,1457,-1,1457,1543,1544,-1,1457,1544,1459,-1,1459,1544,1545,-1,1459,1545,1461,-1,1461,1545,1546,-1,1461,1546,1462,-1,1462,1546,1547,-1,1462,1547,1431,-1,1431,1547,1518,-1,1431,1518,1429,-1,1429,1518,1403,-1,1429,1403,1517,-1,1412,1534,1535,-1,1535,1534,1548,-1,1535,1548,1536,-1,1536,1548,1549,-1,1536,1549,1537,-1,1537,1549,1550,-1,1537,1550,1538,-1,1538,1550,1551,-1,1538,1551,1539,-1,1539,1551,1552,-1,1539,1552,1540,-1,1540,1552,1553,-1,1540,1553,1541,-1,1541,1553,1554,-1,1541,1554,1542,-1,1542,1554,1555,-1,1542,1555,1543,-1,1543,1555,1556,-1,1543,1556,1544,-1,1544,1556,1557,-1,1544,1557,1545,-1,1545,1557,1558,-1,1545,1558,1546,-1,1546,1558,1559,-1,1546,1559,1547,-1,1547,1559,1520,-1,1547,1520,1518,-1,1518,1520,1399,-1,1518,1399,1519,-1,1415,1533,1534,-1,1534,1533,1560,-1,1534,1560,1548,-1,1548,1560,1561,-1,1548,1561,1549,-1,1549,1561,1562,-1,1549,1562,1550,-1,1550,1562,1563,-1,1550,1563,1551,-1,1551,1563,1564,-1,1551,1564,1552,-1,1552,1564,1565,-1,1552,1565,1553,-1,1553,1565,1566,-1,1553,1566,1554,-1,1554,1566,1567,-1,1554,1567,1555,-1,1555,1567,1568,-1,1555,1568,1556,-1,1556,1568,1569,-1,1556,1569,1557,-1,1557,1569,1570,-1,1557,1570,1558,-1,1558,1570,1571,-1,1558,1571,1559,-1,1559,1571,1521,-1,1559,1521,1520,-1,1520,1521,1397,-1,1520,1397,1396,-1,1531,1532,1533,-1,1533,1532,1572,-1,1533,1572,1560,-1,1560,1572,1573,-1,1560,1573,1561,-1,1561,1573,1574,-1,1561,1574,1562,-1,1562,1574,1575,-1,1562,1575,1563,-1,1563,1575,1576,-1,1563,1576,1564,-1,1564,1576,1577,-1,1564,1577,1565,-1,1565,1577,1578,-1,1565,1578,1566,-1,1566,1578,1579,-1,1566,1579,1567,-1,1567,1579,1580,-1,1567,1580,1568,-1,1568,1580,1581,-1,1568,1581,1569,-1,1569,1581,1582,-1,1569,1582,1570,-1,1570,1582,1583,-1,1570,1583,1571,-1,1571,1583,1523,-1,1571,1523,1521,-1,1521,1523,1393,-1,1521,1393,1522,-1,1528,1527,1532,-1,1532,1527,1526,-1,1532,1526,1572,-1,1572,1526,1584,-1,1572,1584,1573,-1,1573,1584,1585,-1,1573,1585,1574,-1,1574,1585,1586,-1,1574,1586,1575,-1,1575,1586,1587,-1,1575,1587,1576,-1,1576,1587,1588,-1,1576,1588,1577,-1,1577,1588,1589,-1,1577,1589,1578,-1,1578,1589,1590,-1,1578,1590,1579,-1,1579,1590,1591,-1,1579,1591,1580,-1,1580,1591,1592,-1,1580,1592,1581,-1,1581,1592,1593,-1,1581,1593,1582,-1,1582,1593,1594,-1,1582,1594,1583,-1,1583,1594,1595,-1,1583,1595,1523,-1,1523,1595,1596,-1,1523,1596,1524,-1,1420,1516,1526,-1,1526,1516,1597,-1,1526,1597,1584,-1,1584,1597,1598,-1,1584,1598,1585,-1,1585,1598,1599,-1,1585,1599,1586,-1,1586,1599,1600,-1,1586,1600,1587,-1,1587,1600,1601,-1,1587,1601,1588,-1,1588,1601,1602,-1,1588,1602,1589,-1,1589,1602,1603,-1,1589,1603,1590,-1,1590,1603,1604,-1,1590,1604,1591,-1,1591,1604,1605,-1,1591,1605,1592,-1,1592,1605,1606,-1,1592,1606,1593,-1,1593,1606,1525,-1,1593,1525,1594,-1,1594,1525,1388,-1,1594,1388,1595,-1,1595,1388,1607,-1,1595,1607,1596,-1,1608,1424,1444,-1,1609,1493,1610,-1,1609,1610,1495,-1,1611,1612,1495,-1,1481,1613,1612,-1,1612,1613,1614,-1,1612,1614,1495,-1,1615,1492,1616,-1,1616,1492,1482,-1,1616,1482,1481,-1,1485,1491,1617,-1,1617,1491,1484,-1,1617,1484,1615,-1,1487,1490,1618,-1,1618,1490,1486,-1,1618,1486,1485,-1,1487,1619,1488,-1,1488,1619,1489,-1,1475,1474,1489,-1,1513,1620,1514,-1,1514,1620,1621,-1,1510,1622,1506,-1,1506,1622,1507,-1,1508,1623,1509,-1,1509,1623,1624,-1,1504,1625,1503,-1,1503,1625,1502,-1,1626,1498,1499,-1,1489,1619,1475,-1,1475,1619,1627,-1,1475,1627,1477,-1,1477,1627,1628,-1,1477,1628,1479,-1,1479,1628,1629,-1,1479,1629,1480,-1,1480,1629,1630,-1,1480,1630,1464,-1,1464,1630,1631,-1,1464,1631,1466,-1,1466,1631,1632,-1,1466,1632,1468,-1,1468,1632,1633,-1,1468,1633,1470,-1,1470,1633,1634,-1,1470,1634,1472,-1,1472,1634,1635,-1,1472,1635,1473,-1,1473,1635,1636,-1,1473,1636,1450,-1,1450,1636,1637,-1,1450,1637,1448,-1,1448,1637,1638,-1,1448,1638,1446,-1,1446,1638,1620,-1,1446,1620,1444,-1,1444,1620,1513,-1,1444,1513,1608,-1,1487,1618,1619,-1,1619,1618,1639,-1,1619,1639,1627,-1,1627,1639,1640,-1,1627,1640,1628,-1,1628,1640,1641,-1,1628,1641,1629,-1,1629,1641,1642,-1,1629,1642,1630,-1,1630,1642,1643,-1,1630,1643,1631,-1,1631,1643,1644,-1,1631,1644,1632,-1,1632,1644,1645,-1,1632,1645,1633,-1,1633,1645,1646,-1,1633,1646,1634,-1,1634,1646,1647,-1,1634,1647,1635,-1,1635,1647,1648,-1,1635,1648,1636,-1,1636,1648,1649,-1,1636,1649,1637,-1,1637,1649,1650,-1,1637,1650,1638,-1,1638,1650,1622,-1,1638,1622,1620,-1,1620,1622,1510,-1,1620,1510,1621,-1,1485,1617,1618,-1,1618,1617,1651,-1,1618,1651,1639,-1,1639,1651,1652,-1,1639,1652,1640,-1,1640,1652,1653,-1,1640,1653,1641,-1,1641,1653,1654,-1,1641,1654,1642,-1,1642,1654,1655,-1,1642,1655,1643,-1,1643,1655,1656,-1,1643,1656,1644,-1,1644,1656,1657,-1,1644,1657,1645,-1,1645,1657,1658,-1,1645,1658,1646,-1,1646,1658,1659,-1,1646,1659,1647,-1,1647,1659,1660,-1,1647,1660,1648,-1,1648,1660,1661,-1,1648,1661,1649,-1,1649,1661,1662,-1,1649,1662,1650,-1,1650,1662,1623,-1,1650,1623,1622,-1,1622,1623,1508,-1,1622,1508,1507,-1,1615,1616,1617,-1,1617,1616,1663,-1,1617,1663,1651,-1,1651,1663,1664,-1,1651,1664,1652,-1,1652,1664,1665,-1,1652,1665,1653,-1,1653,1665,1666,-1,1653,1666,1654,-1,1654,1666,1667,-1,1654,1667,1655,-1,1655,1667,1668,-1,1655,1668,1656,-1,1656,1668,1669,-1,1656,1669,1657,-1,1657,1669,1670,-1,1657,1670,1658,-1,1658,1670,1671,-1,1658,1671,1659,-1,1659,1671,1672,-1,1659,1672,1660,-1,1660,1672,1673,-1,1660,1673,1661,-1,1661,1673,1674,-1,1661,1674,1662,-1,1662,1674,1625,-1,1662,1625,1623,-1,1623,1625,1504,-1,1623,1504,1624,-1,1481,1612,1616,-1,1616,1612,1611,-1,1616,1611,1663,-1,1663,1611,1675,-1,1663,1675,1664,-1,1664,1675,1676,-1,1664,1676,1665,-1,1665,1676,1677,-1,1665,1677,1666,-1,1666,1677,1678,-1,1666,1678,1667,-1,1667,1678,1679,-1,1667,1679,1668,-1,1668,1679,1680,-1,1668,1680,1669,-1,1669,1680,1681,-1,1669,1681,1670,-1,1670,1681,1682,-1,1670,1682,1671,-1,1671,1682,1683,-1,1671,1683,1672,-1,1672,1683,1684,-1,1672,1684,1673,-1,1673,1684,1685,-1,1673,1685,1674,-1,1674,1685,1686,-1,1674,1686,1625,-1,1625,1686,1687,-1,1625,1687,1502,-1,1495,1610,1611,-1,1611,1610,1688,-1,1611,1688,1675,-1,1675,1688,1689,-1,1675,1689,1676,-1,1676,1689,1690,-1,1676,1690,1677,-1,1677,1690,1691,-1,1677,1691,1678,-1,1678,1691,1692,-1,1678,1692,1679,-1,1679,1692,1693,-1,1679,1693,1680,-1,1680,1693,1694,-1,1680,1694,1681,-1,1681,1694,1695,-1,1681,1695,1682,-1,1682,1695,1696,-1,1682,1696,1683,-1,1683,1696,1697,-1,1683,1697,1684,-1,1684,1697,1626,-1,1684,1626,1685,-1,1685,1626,1499,-1,1685,1499,1686,-1,1686,1499,1698,-1,1686,1698,1687,-1,
        ]
    }
}
Shape{
    appearance Appearance {
        material  Material 	{
            diffuseColor 0.7529411764705882 0.7529411764705882 0.7529411764705882
            specularColor 0.3764705882352941 0.3764705882352941 0.3764705882352941
            ambientIntensity 0.2
            transparency 0
            shininess 0.5
        }
    }
    geometry IndexedFaceSet {
        ccw TRUE
        solid FALSE
        coord DEF co Coordinate {
            point [
                1.6342 -2.0622 -13.17, 1.5598 -2.093 -13.17, 1.4002 -1.497 -13.17, 1.48 -2.1035 -13.17, 1.4002 -2.093 -13.17, 1.6981 -1.5769 -13.17, 1.7472 -1.6408 -13.17, 1.48 -1.4865 -13.17, 1.5598 -1.497 -13.17, 1.6342 -1.5278 -13.17, 1.778 -1.7152 -13.17, 1.7885 -1.795 -13.17, 1.778 -1.8748 -13.17, 1.7472 -1.9492 -13.17, 1.6981 -2.0131 -13.17, 1.2128 -1.6408 -13.17, 1.2619 -1.5769 -13.17, 1.182 -1.7152 -13.17, 1.1715 -1.795 -13.17, 1.2128 -1.9492 -13.17, 1.182 -1.8748 -13.17, 1.3257 -1.5278 -13.17, 1.3257 -2.0622 -13.17, 1.2619 -2.0131 -13.17, 1.48 -1.4865 -11.54, 1.5598 -1.497 -11.54, 1.6342 -1.5278 -11.54, 1.6981 -1.5769 -11.54, 1.7472 -1.6408 -11.54, 1.778 -1.7152 -11.54, 1.7885 -1.795 -11.54, 1.778 -1.8748 -11.54, 1.7472 -1.9492 -11.54, 1.6981 -2.0131 -11.54, 1.6342 -2.0622 -11.54, 1.5598 -2.093 -11.54, 1.48 -2.1035 -11.54, 1.4002 -2.093 -11.54, 1.3257 -2.0622 -11.54, 1.2619 -2.0131 -11.54, 1.2128 -1.9492 -11.54, 1.182 -1.8748 -11.54, 1.1715 -1.795 -11.54, 1.182 -1.7152 -11.54, 1.2128 -1.6408 -11.54, 1.2619 -1.5769 -11.54, 1.3257 -1.5278 -11.54, 1.4002 -1.497 -11.54, 0.028 -1.8748 -13.17, -0.0028 -1.9492 -13.17, -0.0519 -2.0131 -13.17, -0.3498 -1.497 -13.17, -0.27 -1.4865 -13.17, -0.1902 -2.093 -13.17, -0.1902 -1.497 -13.17, -0.1158 -1.5278 -13.17, -0.0519 -1.5769 -13.17, -0.0028 -1.6408 -13.17, 0.028 -1.7152 -13.17, 0.0385 -1.795 -13.17, -0.1158 -2.0622 -13.17, -0.4881 -2.0131 -13.17, -0.5372 -1.9492 -13.17, -0.4243 -1.5278 -13.17, -0.568 -1.8748 -13.17, -0.5785 -1.795 -13.17, -0.568 -1.7152 -13.17, -0.5372 -1.6408 -13.17, -0.4881 -1.5769 -13.17, -0.27 -2.1035 -13.17, -0.3498 -2.093 -13.17, -0.4243 -2.0622 -13.17, -0.27 -1.4865 -11.54, -0.1902 -1.497 -11.54, -0.1158 -1.5278 -11.54, -0.0519 -1.5769 -11.54, -0.0028 -1.6408 -11.54, 0.028 -1.7152 -11.54, 0.0385 -1.795 -11.54, 0.028 -1.8748 -11.54, -0.0028 -1.9492 -11.54, -0.0519 -2.0131 -11.54, -0.1158 -2.0622 -11.54, -0.1902 -2.093 -11.54, -0.27 -2.1035 -11.54, -0.3498 -2.093 -11.54, -0.4243 -2.0622 -11.54, -0.4881 -2.0131 -11.54, -0.5372 -1.9492 -11.54, -0.568 -1.8748 -11.54, -0.5785 -1.795 -11.54, -0.568 -1.7152 -11.54, -0.5372 -1.6408 -11.54, -0.4881 -1.5769 -11.54, -0.4243 -1.5278 -11.54, -0.3498 -1.497 -11.54, 1.4002 1.497 -13.17, 1.3257 1.5278 -13.17, 1.1715 1.795 -13.17, 1.2128 1.9492 -13.17, 1.2619 2.0131 -13.17, 1.48 1.4865 -13.17, 1.3257 2.0622 -13.17, 1.4002 2.093 -13.17, 1.5598 1.497 -13.17, 1.48 2.1035 -13.17, 1.5598 2.093 -13.17, 1.6342 2.0622 -13.17, 1.6981 2.0131 -13.17, 1.7472 1.9492 -13.17, 1.778 1.8748 -13.17, 1.778 1.7152 -13.17, 1.7472 1.6408 -13.17, 1.6981 1.5769 -13.17, 1.2619 1.5769 -13.17, 1.2128 1.6408 -13.17, 1.182 1.7152 -13.17, 1.182 1.8748 -13.17, 1.7885 1.795 -13.17, 1.6342 1.5278 -13.17, 1.48 2.1035 -11.54, 1.5598 2.093 -11.54, 1.6342 2.0622 -11.54, 1.6981 2.0131 -11.54, 1.7472 1.9492 -11.54, 1.778 1.8748 -11.54, 1.7885 1.795 -11.54, 1.778 1.7152 -11.54, 1.7472 1.6408 -11.54, 1.6981 1.5769 -11.54, 1.6342 1.5278 -11.54, 1.5598 1.497 -11.54, 1.48 1.4865 -11.54, 1.4002 1.497 -11.54, 1.3257 1.5278 -11.54, 1.2619 1.5769 -11.54, 1.2128 1.6408 -11.54, 1.182 1.7152 -11.54, 1.1715 1.795 -11.54, 1.182 1.8748 -11.54, 1.2128 1.9492 -11.54, 1.2619 2.0131 -11.54, 1.3257 2.0622 -11.54, 1.4002 2.093 -11.54, -0.3498 1.497 -13.17, -0.4243 1.5278 -13.17, -0.3498 2.093 -13.17, -0.27 2.1035 -13.17, -0.1902 2.093 -13.17, -0.1902 1.497 -13.17, -0.1158 2.0622 -13.17, -0.27 1.4865 -13.17, 0.028 1.7152 -13.17, -0.0028 1.6408 -13.17, -0.0519 1.5769 -13.17, -0.4881 1.5769 -13.17, -0.5372 1.6408 -13.17, -0.568 1.7152 -13.17, -0.5785 1.795 -13.17, -0.568 1.8748 -13.17, -0.4243 2.0622 -13.17, -0.5372 1.9492 -13.17, -0.4881 2.0131 -13.17, -0.0519 2.0131 -13.17, -0.0028 1.9492 -13.17, 0.028 1.8748 -13.17, 0.0385 1.795 -13.17, -0.1158 1.5278 -13.17, -0.27 2.1035 -11.54, -0.1902 2.093 -11.54, -0.1158 2.0622 -11.54, -0.0519 2.0131 -11.54, -0.0028 1.9492 -11.54, 0.028 1.8748 -11.54, 0.0385 1.795 -11.54, 0.028 1.7152 -11.54, -0.0028 1.6408 -11.54, -0.0519 1.5769 -11.54, -0.1158 1.5278 -11.54, -0.1902 1.497 -11.54, -0.27 1.4865 -11.54, -0.3498 1.497 -11.54, -0.4243 1.5278 -11.54, -0.4881 1.5769 -11.54, -0.5372 1.6408 -11.54, -0.568 1.7152 -11.54, -0.5785 1.795 -11.54, -0.568 1.8748 -11.54, -0.5372 1.9492 -11.54, -0.4881 2.0131 -11.54, -0.4243 2.0622 -11.54, -0.3498 2.093 -11.54, -0.3498 2.093 -11.54
            ]
        }
        coordIndex [
            0,1,2,-1,2,1,3,-1,2,3,4,-1,2,5,6,-1,2,7,5,-1,5,7,8,-1,5,8,9,-1,6,10,2,-1,2,10,11,-1,2,11,12,-1,12,13,2,-1,2,13,14,-1,2,14,0,-1,15,16,17,-1,17,16,18,-1,19,20,2,-1,2,20,18,-1,2,18,21,-1,21,18,16,-1,4,22,2,-1,2,22,23,-1,2,23,19,-1,7,24,25,-1,7,25,8,-1,8,25,26,-1,8,26,9,-1,9,26,27,-1,9,27,5,-1,5,27,28,-1,5,28,6,-1,6,28,29,-1,6,29,10,-1,10,29,30,-1,10,30,11,-1,11,30,31,-1,11,31,12,-1,12,31,32,-1,12,32,13,-1,13,32,33,-1,13,33,14,-1,14,33,34,-1,14,34,0,-1,0,34,35,-1,0,35,1,-1,1,35,36,-1,1,36,3,-1,3,36,37,-1,3,37,4,-1,4,37,38,-1,4,38,22,-1,22,38,39,-1,22,39,23,-1,23,39,40,-1,23,40,19,-1,19,40,41,-1,19,41,20,-1,20,41,42,-1,20,42,18,-1,18,42,43,-1,18,43,17,-1,17,43,44,-1,17,44,15,-1,15,44,45,-1,15,45,16,-1,16,45,46,-1,16,46,21,-1,21,46,47,-1,21,47,2,-1,2,47,24,-1,2,24,7,-1,48,49,50,-1,51,52,53,-1,53,52,54,-1,53,54,55,-1,55,56,53,-1,53,56,57,-1,53,57,58,-1,58,59,53,-1,53,59,48,-1,53,48,60,-1,60,48,50,-1,61,62,63,-1,63,62,64,-1,63,64,65,-1,65,66,63,-1,63,66,67,-1,63,67,68,-1,53,69,51,-1,51,69,70,-1,51,70,63,-1,63,70,71,-1,63,71,61,-1,52,72,73,-1,52,73,54,-1,54,73,74,-1,54,74,55,-1,55,74,75,-1,55,75,56,-1,56,75,76,-1,56,76,57,-1,57,76,77,-1,57,77,58,-1,58,77,78,-1,58,78,59,-1,59,78,79,-1,59,79,48,-1,48,79,80,-1,48,80,49,-1,49,80,81,-1,49,81,50,-1,50,81,82,-1,50,82,60,-1,60,82,83,-1,60,83,53,-1,53,83,84,-1,53,84,69,-1,69,84,85,-1,69,85,70,-1,70,85,86,-1,70,86,71,-1,71,86,87,-1,71,87,61,-1,61,87,88,-1,61,88,62,-1,62,88,89,-1,62,89,64,-1,64,89,90,-1,64,90,65,-1,65,90,91,-1,65,91,66,-1,66,91,92,-1,66,92,67,-1,67,92,93,-1,67,93,68,-1,68,93,94,-1,68,94,63,-1,63,94,95,-1,63,95,51,-1,51,95,72,-1,51,72,52,-1,96,97,98,-1,99,100,101,-1,100,102,101,-1,101,102,103,-1,101,103,104,-1,103,105,104,-1,104,105,106,-1,104,106,107,-1,107,108,104,-1,104,108,109,-1,104,109,110,-1,111,112,113,-1,97,114,98,-1,98,114,115,-1,98,115,116,-1,96,98,101,-1,101,98,117,-1,101,117,99,-1,110,118,104,-1,104,118,111,-1,104,111,119,-1,119,111,113,-1,105,120,121,-1,105,121,106,-1,106,121,122,-1,106,122,107,-1,107,122,123,-1,107,123,108,-1,108,123,124,-1,108,124,109,-1,109,124,125,-1,109,125,110,-1,110,125,126,-1,110,126,118,-1,118,126,127,-1,118,127,111,-1,111,127,128,-1,111,128,112,-1,112,128,129,-1,112,129,113,-1,113,129,130,-1,113,130,119,-1,119,130,131,-1,119,131,104,-1,104,131,132,-1,104,132,101,-1,101,132,133,-1,101,133,96,-1,96,133,134,-1,96,134,97,-1,97,134,135,-1,97,135,114,-1,114,135,136,-1,114,136,115,-1,115,136,137,-1,115,137,116,-1,116,137,138,-1,116,138,98,-1,98,138,139,-1,98,139,117,-1,117,139,140,-1,117,140,99,-1,99,140,141,-1,99,141,100,-1,100,141,142,-1,100,142,102,-1,102,142,143,-1,102,143,103,-1,103,143,120,-1,103,120,105,-1,144,145,146,-1,147,148,149,-1,149,148,150,-1,147,149,146,-1,146,149,151,-1,146,151,144,-1,152,153,154,-1,145,155,146,-1,146,155,156,-1,146,156,157,-1,157,158,146,-1,146,158,159,-1,146,159,160,-1,160,159,161,-1,160,161,162,-1,150,163,149,-1,149,163,164,-1,149,164,165,-1,165,166,149,-1,149,166,152,-1,149,152,167,-1,167,152,154,-1,147,168,169,-1,147,169,148,-1,148,169,170,-1,148,170,150,-1,150,170,171,-1,150,171,163,-1,163,171,172,-1,163,172,164,-1,164,172,173,-1,164,173,165,-1,165,173,174,-1,165,174,166,-1,166,174,175,-1,166,175,152,-1,152,175,176,-1,152,176,153,-1,153,176,177,-1,153,177,154,-1,154,177,178,-1,154,178,167,-1,167,178,179,-1,167,179,149,-1,149,179,180,-1,149,180,151,-1,151,180,181,-1,151,181,144,-1,144,181,182,-1,144,182,145,-1,145,182,183,-1,145,183,155,-1,155,183,184,-1,155,184,156,-1,156,184,185,-1,156,185,157,-1,157,185,186,-1,157,186,158,-1,158,186,187,-1,158,187,159,-1,159,187,188,-1,159,188,161,-1,161,188,189,-1,161,189,162,-1,162,189,190,-1,162,190,160,-1,160,190,191,-1,160,191,146,-1,146,191,168,-1,146,168,147,-1,
        ]
    }
}
Shape{
    appearance Appearance {
        material  Material 	{
            diffuseColor 0.5019607843137255 0.5019607843137255 0.5019607843137255
            specularColor 0.25098039215686274 0.25098039215686274 0.25098039215686274
            ambientIntensity 0.2
            transparency 0
            shininess 0.5
        }
    }
    geometry IndexedFaceSet {
        ccw TRUE
        solid FALSE
        coord DEF co Coordinate {
            point [
                -7.2 0.0 -11.34, -7.1728 -0.294 -11.34, -7.2 0.0 -10.3, -7.1455 -0.4141 -10.3, -6.9822 -0.7983 -11.34, -6.9856 -0.8 -10.3, -7.092 -0.578 -11.34, -7.1391 -0.4123 -11.34, -6.9603 -0.8423 -11.34, -6.7824 -1.0779 -11.34, -6.7314 -1.1314 -10.3, -6.3968 -1.3805 -11.34, -6.4 -1.3856 -10.3, -6.5642 -1.2768 -11.34, -6.7279 -1.1276 -11.34, -6.3132 -1.4323 -11.34, -6.0379 -1.5389 -11.34, -6.0141 -1.5455 -10.3, -6.0137 -1.5434 -11.34, -5.7476 -1.5932 -11.34, -5.6 -1.6 -10.3, -5.1863 -1.5434 -11.34, -5.1859 -1.5455 -10.3, -5.4524 -1.5932 -11.34, -5.6 -1.5932 -11.34, -5.1621 -1.5389 -11.34, -4.8868 -1.4323 -11.34, -4.8 -1.3856 -10.3, -4.4721 -1.1276 -11.34, -4.4686 -1.1314 -10.3, -4.6358 -1.2768 -11.34, -4.8032 -1.3805 -11.34, -4.4176 -1.0779 -11.34, -4.2397 -0.8423 -11.34, -4.2144 -0.8 -10.3, -4.2178 -0.7983 -11.34, -4.108 -0.578 -11.34, -4.0545 -0.4141 -10.3, -4.0 0.0 -11.34, -4.0 0.0 -10.3, -4.0272 -0.294 -11.34, -4.0609 -0.4123 -11.34, -4.1144 -0.5755 -11.3918, -4.6399 -1.2714 -11.3918, -5.453 -1.5864 -11.3918, -5.747 -1.5864 -11.3918, -6.036 -1.5324 -11.3918, -6.5601 -1.2714 -11.3918, -7.0856 -0.5755 -11.3918, -6.9762 -0.2572 -11.54, -6.9055 -0.5057 -11.54, -7.027 -0.2668 -11.5332, -6.9537 -0.5244 -11.5332, -7.0745 -0.2756 -11.5132, -6.9987 -0.5419 -11.5132, -7.1152 -0.2832 -11.4814, -7.0373 -0.5568 -11.4814, -7.1464 -0.2891 -11.44, -7.067 -0.5683 -11.44, -7.1661 -0.2927 -11.3918, -6.6346 -0.9432 -11.54, -6.4437 -1.1172 -11.54, -6.6729 -0.978 -11.5332, -6.4749 -1.1585 -11.5332, -6.7085 -1.0105 -11.5132, -6.504 -1.197 -11.5132, -6.7391 -1.0384 -11.4814, -6.5289 -1.2301 -11.4814, -6.7626 -1.0599 -11.44, -6.5481 -1.2554 -11.44, -6.7774 -1.0733 -11.3918, -4.976 -1.2532 -11.54, -4.7563 -1.1172 -11.54, -4.9529 -1.2996 -11.5332, -4.7251 -1.1585 -11.5332, -4.9314 -1.3427 -11.5132, -4.696 -1.197 -11.5132, -4.9129 -1.3798 -11.4814, -4.6711 -1.2301 -11.4814, -4.8988 -1.4083 -11.44, -4.6519 -1.2554 -11.44, -4.8899 -1.4262 -11.3918, -4.4097 -0.737 -11.54, -4.2945 -0.5057 -11.54, -4.3657 -0.7643 -11.5332, -4.2463 -0.5244 -11.5332, -4.3247 -0.7896 -11.5132, -4.2013 -0.5419 -11.5132, -4.2895 -0.8115 -11.4814, -4.1627 -0.5568 -11.4814, -4.2624 -0.8282 -11.44, -4.133 -0.5683 -11.44, -4.2454 -0.8387 -11.3918, -7.0 0.0 -11.54, -7.0518 0.0 -11.5332, -7.1 0.0 -11.5132, -7.1414 0.0 -11.4814, -7.1732 0.0 -11.44, -7.1932 0.0 -11.3918, -6.9546 -0.8387 -11.3918, -6.9376 -0.8282 -11.44, -6.9105 -0.8115 -11.4814, -6.8753 -0.7896 -11.5132, -6.8343 -0.7643 -11.5332, -6.7903 -0.737 -11.54, -6.3101 -1.4262 -11.3918, -6.3012 -1.4083 -11.44, -6.2871 -1.3798 -11.4814, -6.2686 -1.3427 -11.5132, -6.2471 -1.2996 -11.5332, -6.224 -1.2532 -11.54, -5.9831 -1.3466 -11.54, -5.9973 -1.3963 -11.5332, -6.0105 -1.4427 -11.5132, -6.0218 -1.4826 -11.4814, -6.0305 -1.5131 -11.44, -5.7452 -1.5665 -11.44, -5.7422 -1.5348 -11.4814, -5.7384 -1.4936 -11.5132, -5.734 -1.4456 -11.5332, -5.7292 -1.394 -11.54, -5.4548 -1.5665 -11.44, -5.4578 -1.5348 -11.4814, -5.4616 -1.4936 -11.5132, -5.466 -1.4456 -11.5332, -5.4708 -1.394 -11.54, -5.164 -1.5324 -11.3918, -5.1695 -1.5131 -11.44, -5.1782 -1.4826 -11.4814, -5.1895 -1.4427 -11.5132, -5.2027 -1.3963 -11.5332, -5.2169 -1.3466 -11.54, -4.4226 -1.0733 -11.3918, -4.4374 -1.0599 -11.44, -4.4609 -1.0384 -11.4814, -4.4915 -1.0105 -11.5132, -4.5271 -0.978 -11.5332, -4.5654 -0.9432 -11.54, -4.0339 -0.2927 -11.3918, -4.0536 -0.2891 -11.44, -4.0848 -0.2832 -11.4814, -4.1255 -0.2756 -11.5132, -4.173 -0.2668 -11.5332, -4.2238 -0.2572 -11.54, -4.2 0.0 -11.54, -4.1482 -0.0 -11.5332, -4.1 -0.0 -11.5132, -4.0586 -0.0 -11.4814, -4.0268 -0.0 -11.44, -4.0068 -0.0 -11.3918, 5.134 6.8761 -10.1, 5.3265 6.8378 -10.1, 5.3247 6.8312 -10.1518, 6.2131 6.4291 -10.1, 6.3763 6.3201 -10.1, 6.3721 6.3147 -10.1518, 7.0391 5.6031 -10.1, 7.1481 5.44 -10.1, 7.1422 5.4366 -10.1518, 7.4861 4.524 -10.1, 7.5243 4.3316 -10.1, 7.5176 4.3307 -10.1518, 7.35 3.94 -10.3, 7.326 4.3055 -10.3, 7.4018 3.94 -10.2932, 7.3774 4.3122 -10.2932, 7.45 3.94 -10.2732, 7.4252 4.3185 -10.2732, 7.4914 3.94 -10.2414, 7.4663 4.3239 -10.2414, 7.5232 3.94 -10.2, 7.4978 4.3281 -10.2, 7.5432 3.94 -10.1518, 7.55 3.94 -10.1, 7.4478 4.7165 -10.1, 7.4412 4.7147 -10.1518, 7.4219 4.7095 -10.2, 7.3912 4.7013 -10.2414, 7.3512 4.6906 -10.2732, 7.3046 4.6781 -10.2932, 7.2546 4.6647 -10.3, 7.1369 5.0115 -10.3, 7.1847 5.0313 -10.2932, 7.2293 5.0498 -10.2732, 7.2675 5.0656 -10.2414, 7.2969 5.0778 -10.2, 7.3153 5.0854 -10.1518, 7.3216 5.0881 -10.1, 6.9749 5.34 -10.3, 7.0197 5.3659 -10.2932, 7.0615 5.39 -10.2732, 7.0973 5.4107 -10.2414, 7.1249 5.4266 -10.2, 6.9301 5.7663 -10.1, 6.9247 5.7621 -10.1518, 6.9088 5.75 -10.2, 6.8836 5.7306 -10.2414, 6.8507 5.7054 -10.2732, 6.8125 5.676 -10.2932, 6.7714 5.6445 -10.3, 6.5299 5.9199 -10.3, 6.5665 5.9565 -10.2932, 6.6006 5.9906 -10.2732, 6.6299 6.0199 -10.2414, 6.6524 6.0424 -10.2, 6.6665 6.0565 -10.1518, 6.6713 6.0613 -10.1, 6.2545 6.1614 -10.3, 6.286 6.2025 -10.2932, 6.3154 6.2407 -10.2732, 6.3406 6.2736 -10.2414, 6.36 6.2988 -10.2, 6.05 6.5381 -10.1, 6.0466 6.5322 -10.1518, 6.0366 6.5149 -10.2, 6.0207 6.4873 -10.2414, 6.0 6.4515 -10.2732, 5.9759 6.4097 -10.2932, 5.95 6.3649 -10.3, 5.6215 6.5269 -10.3, 5.6413 6.5747 -10.2932, 5.6598 6.6193 -10.2732, 5.6756 6.6575 -10.2414, 5.6878 6.6869 -10.2, 5.6954 6.7053 -10.1518, 5.6981 6.7116 -10.1, 5.2747 6.6446 -10.3, 5.2881 6.6946 -10.2932, 5.3006 6.7412 -10.2732, 5.3113 6.7812 -10.2414, 5.3195 6.8119 -10.2, 4.9416 6.9143 -10.1, 4.9407 6.9076 -10.1518, 4.9381 6.8878 -10.2, 4.9339 6.8563 -10.2414, 4.9285 6.8152 -10.2732, 4.9222 6.7674 -10.2932, 4.9155 6.716 -10.3, 4.55 6.74 -10.3, 4.55 6.7918 -10.2932, 4.55 6.84 -10.2732, 4.55 6.8814 -10.2414, 4.55 6.9132 -10.2, 4.55 6.9332 -10.1518, 4.55 6.94 -10.1, 7.55 3.94 -8.2076, 7.55 3.94 -8.6147, 7.55 3.94 -8.7321, 7.55 3.94 -9.2498, 7.55 3.94 -9.4084, 7.55 3.94 -5.95, 7.5243 4.3316 -5.95, 7.4861 4.524 -5.95, 7.4478 4.7165 -5.95, 7.3216 5.0881 -5.95, 7.1481 5.44 -5.95, 7.0391 5.6031 -5.95, 6.9301 5.7663 -5.95, 6.6713 6.0613 -5.95, 6.3763 6.3201 -5.95, 6.2131 6.4291 -5.95, 6.05 6.5381 -5.95, 5.6981 6.7116 -5.95, 5.3265 6.8378 -5.95, 5.134 6.8761 -5.95, 4.9416 6.9143 -5.95, 4.55 6.94 -5.95, 7.55 1.6217 -10.1, 7.55 1.4953 -10.1, 7.55 1.3416 -10.1, 7.5432 -3.94 -10.1518, 7.55 1.1204 -10.1, 7.55 1.0271 -10.1, 7.55 0.8441 -10.1, 7.55 0.5053 -10.1, 7.55 0.4813 -10.1, 7.55 0.0959 -10.1, 7.55 -2.912 -10.1, 7.55 -3.94 -10.1, 7.5232 -3.94 -10.2, 7.4914 -3.94 -10.2414, 7.45 -3.94 -10.2732, 7.4018 -3.94 -10.2932, 7.35 -3.94 -10.3, -0.195 -3.6 -8.8, 1.405 -3.6 -8.8, -0.195 -4.3 -8.8, 1.405 -4.3 -8.8, 1.805 -3.5006 -10.3277, 2.8084 -3.5 -10.3269, 1.805 -3.5132 -10.3198, 2.8087 -3.5005 -10.3265, 1.805 -3.5485 -10.3075, 2.8241 -3.5349 -10.3111, 2.825 -3.5369 -10.3102, 2.8278 -3.5484 -10.3074, 1.805 -3.5555 -10.305, 2.8328 -3.5692 -10.3024, 1.805 -3.6 -10.3, 2.8339 -3.5833 -10.3013, 2.8352 -3.6 -10.3, 1.805 -3.4436 -10.3753, 2.7698 -3.4537 -10.3655, 1.805 -3.4595 -10.3595, 2.7762 -3.4591 -10.359, 1.805 -3.4753 -10.3436, 2.7813 -3.4634 -10.354, 2.8017 -3.4911 -10.3335, 1.805 -3.4075 -10.4485, 2.6869 -3.4069 -10.4483, 1.805 -3.4198 -10.4132, 2.7296 -3.4257 -10.4056, 1.805 -3.4277 -10.4006, 2.7347 -3.428 -10.4005, 2.7436 -3.4319 -10.3917, 1.805 -3.4 -10.5, 2.6352 -3.4 -10.5, 1.805 -3.405 -10.4555, 2.6842 -3.4063 -10.451, 2.6861 -3.4066 -10.4491, 2.6352 -3.4 -11.34, 2.6843 -3.4061 -11.34, 2.6846 -3.4062 -11.34, 2.7705 -3.4529 -11.34, 2.7303 -3.4241 -11.34, 2.7309 -3.4243 -11.34, 2.8024 -3.4905 -11.34, 2.7712 -3.4534 -11.34, 2.8242 -3.5349 -11.34, 2.8032 -3.4915 -11.34, 2.8343 -3.5832 -11.34, 2.8248 -3.5362 -11.34, 2.8347 -3.585 -11.34, 2.8326 -3.6326 -10.3, 2.8323 -3.6326 -11.34, 2.8185 -3.68 -10.3, 2.8322 -3.6347 -11.34, 2.8185 -3.68 -11.34, -2.5804 -5.566 -10.2168, -2.5587 -5.5723 -10.194, -2.5759 -5.6034 -10.2036, -2.5309 -5.6088 -10.1227, -2.5284 -5.6084 -10.1103, -2.542 -5.6419 -10.1118, -2.5555 -5.6423 -10.1594, -2.5624 -5.6415 -10.1743, -2.5498 -5.6088 -10.1652, -2.5261 -5.4704 -10.2297, -2.5308 -5.4729 -10.2278, -2.5345 -5.4722 -10.2312, -2.4962 -5.464 -10.2244, -2.4844 -5.461 -10.2253, -2.4755 -5.4645 -10.2197, -2.3932 -5.5047 -10.1, -2.4161 -5.5126 -10.1, -2.4175 -5.5111 -10.1113, -2.4745 -5.5435 -10.1, -2.4819 -5.5508 -10.1, -2.4833 -5.5502 -10.1092, -2.5944 -5.6111 -10.2226, -2.5998 -5.6003 -10.2289, -2.597 -5.5965 -10.2289, -2.6033 -5.5934 -10.233, -2.6251 -5.5498 -10.2553, -2.6258 -5.5483 -10.2558, -2.6046 -5.5573 -10.2391, -2.6499 -5.5003 -10.2726, -2.6541 -5.4918 -10.2755, -2.6205 -5.5134 -10.2551, -2.6316 -5.4884 -10.2659, -2.634 -5.5319 -10.2615, -2.6378 -5.5244 -10.2641, -2.6308 -5.5278 -10.2608, -2.6137 -5.5716 -10.2453, -2.6143 -5.5715 -10.2458, -2.6181 -5.5637 -10.2504, -2.5766 -5.6468 -10.1983, -2.5808 -5.6383 -10.2067, -2.574 -5.639 -10.1955, -2.5817 -5.6367 -10.2076, -2.5618 -5.6069 -10.1842, -2.5621 -5.6758 -10.1677, -2.5625 -5.675 -10.1689, -2.5636 -5.6729 -10.1724, -2.5681 -5.6637 -10.1815, -2.57 -5.66 -10.1852, -2.5513 -5.6974 -10.1227, -2.5531 -5.6937 -10.1334, -2.5516 -5.6768 -10.1308, -2.5548 -5.6904 -10.1429, -2.5492 -5.6767 -10.114, -2.5475 -5.6767 -10.1, -2.5509 -5.6982 -10.1156, -2.55 -5.7 -10.1, -2.5402 -5.6421 -10.1, -2.5453 -5.6568 -10.1, -2.5305 -5.614 -10.1, -2.5272 -5.6086 -10.1, -2.451 -5.5288 -10.1, -2.36 -5.495 -10.1428, -2.3562 -5.4969 -10.1351, -2.3876 -5.5007 -10.1287, -2.3515 -5.4993 -10.1155, -2.3835 -5.5022 -10.1133, -2.3509 -5.4996 -10.113, -2.3823 -5.5035 -10.1, -2.35 -5.5 -10.1, -2.3659 -5.4921 -10.1547, -2.3966 -5.4972 -10.1475, -2.3685 -5.4907 -10.1602, -2.4052 -5.4938 -10.1601, -2.3859 -5.482 -10.1818, -2.4154 -5.4898 -10.1721, -2.3889 -5.4806 -10.1855, -2.3913 -5.4793 -10.1885, -2.4315 -5.4832 -10.1879, -2.4034 -5.4733 -10.1976, -2.4497 -5.4755 -10.2025, -2.4228 -5.4636 -10.2122, -2.4523 -5.4526 -10.2296, -2.4375 -5.4563 -10.2233, -2.4474 -5.4513 -10.2308, -2.4635 -5.4557 -10.2268, -2.4628 -5.4555 -10.2269, -2.504 -5.4833 -10.2113, -2.5452 -5.4855 -10.2259, -2.5607 -5.4778 -10.2358, -2.5958 -5.485 -10.2499, -2.5942 -5.4828 -10.25, -2.5592 -5.4992 -10.2256, -2.5637 -5.4782 -10.2371, -2.6089 -5.4987 -10.2508, -2.598 -5.4834 -10.2517, -2.5949 -5.5425 -10.2337, -2.6138 -5.5724 -10.2453, -2.5841 -5.5279 -10.2296, -2.5592 -5.5364 -10.2095, -2.5703 -5.551 -10.2125, -2.5367 -5.5429 -10.1889, -2.5482 -5.5573 -10.1909, -2.5099 -5.5158 -10.1886, -2.5237 -5.5288 -10.1881, -2.5467 -5.522 -10.2078, -2.5334 -5.5084 -10.2076, -2.572 -5.5132 -10.2268, -2.5065 -5.5755 -10.1, -2.5086 -5.5774 -10.1094, -2.5114 -5.5777 -10.1207, -2.5177 -5.5781 -10.136, -2.5553 -5.6894 -10.1457, -2.5569 -5.6766 -10.1529, -2.5499 -5.6425 -10.1452, -2.4864 -5.5503 -10.1203, -2.4932 -5.5502 -10.135, -2.4999 -5.5497 -10.1458, -2.436 -5.5195 -10.1, -2.4526 -5.5277 -10.1099, -2.4559 -5.5273 -10.1216, -2.4634 -5.5264 -10.1367, -2.4707 -5.5252 -10.1475, -2.4794 -5.5235 -10.1585, -2.4212 -5.5102 -10.1246, -2.4295 -5.5081 -10.1412, -2.4375 -5.5059 -10.1526, -2.4469 -5.5031 -10.1639, -2.4621 -5.4982 -10.1791, -2.544 -5.5756 -10.1764, -2.5581 -5.6839 -10.1546, -2.5426 -5.6093 -10.152, -2.5314 -5.5774 -10.1593, -2.5213 -5.5465 -10.1728, -2.5444 -5.6422 -10.1261, -2.5368 -5.6093 -10.1395, -2.5239 -5.578 -10.1474, -2.508 -5.5488 -10.157, -2.4936 -5.5202 -10.1736, -2.5189 -5.4953 -10.2087, -2.4793 -5.4924 -10.1936, -2.4948 -5.5034 -10.1905, -2.5861 -5.6277 -10.2129, -0.5095 -5.4806 -7.7096, -0.5156 -5.4827 -7.7086, -0.5521 -5.4953 -10.1, -0.5352 -5.4895 -7.7054, -0.5516 -5.4952 -7.7028, -0.5521 -5.4953 -7.7027, -0.595 -5.5 -10.1, -0.576 -5.4979 -7.7012, -0.595 -5.5 -7.7, -0.4713 -5.4568 -7.7186, -0.4804 -5.4626 -7.7164, -0.5095 -5.4807 -10.1, -0.4975 -5.4735 -7.7123, -0.5518 -5.4953 -10.1, -0.5079 -5.48 -7.7098, -0.4705 -5.4565 -10.1, -0.4392 -5.4252 -10.1, -0.4397 -5.4248 -7.7286, -0.4712 -5.457 -10.1, -0.4508 -5.4363 -7.725, -0.4646 -5.4506 -7.7206, -0.509 -5.4805 -10.1, -0.4695 -5.4557 -7.719, -0.401 -5.3445 -7.7461, -0.411 -5.3783 -7.7404, -0.4152 -5.3872 -10.1, -0.4159 -5.3868 -7.7383, -0.4385 -5.4245 -10.1, -0.4268 -5.4059 -7.7336, -0.4348 -5.4197 -7.7302, -0.3979 -5.3338 -7.7479, -0.4002 -5.3447 -10.1, -0.395 -5.3 -7.75, -0.3997 -5.3432 -10.1, -0.395 -5.3 -10.1, -0.4145 -5.386 -10.1, -0.3984 -5.3357 -7.7476, -0.3673 -4.6006 -8.6, -0.3705 -4.6055 -7.75, -0.3752 -4.6132 -8.6, -0.3853 -4.6412 -7.75, -0.3875 -4.6485 -8.6, -0.3882 -4.6482 -7.75, -0.39 -4.6555 -8.6, -0.3908 -4.668 -7.75, -0.395 -4.7 -8.6, -0.395 -4.7 -7.75, -0.3197 -4.5436 -8.6, -0.3282 -4.5523 -7.75, -0.3355 -4.5595 -8.6, -0.3364 -4.5586 -7.75, -0.3514 -4.5753 -8.6, -0.3605 -4.59 -7.75, -0.3682 -4.6 -7.75, -0.2465 -4.5075 -8.6, -0.2597 -4.5122 -7.75, -0.2818 -4.5198 -8.6, -0.2939 -4.5263 -7.75, -0.2944 -4.5277 -8.6, -0.295 -4.5268 -7.75, -0.3227 -4.548 -7.75, -0.195 -4.5 -8.6, -0.195 -4.5 -7.75, -0.2395 -4.505 -8.6, -0.2271 -4.5042 -7.75, -0.2468 -4.5068 -7.75, -0.295 -4.7 -7.5768, -0.3227 -4.7 -7.598, -0.3007 -4.6831 -7.581, -0.3908 -4.7 -7.718, -0.3891 -4.6538 -7.7359, -0.3654 -4.5957 -7.7402, -0.343 -4.5702 -7.7147, -0.2327 -4.5077 -7.7098, -0.2686 -4.5167 -7.7188, -0.3007 -4.531 -7.7331, -0.3131 -4.5489 -7.6934, -0.3746 -4.6239 -7.7059, -0.3853 -4.7 -7.6912, -0.3882 -4.7 -7.6982, -0.3891 -4.6859 -7.7038, -0.3605 -4.7 -7.64, -0.3682 -4.7 -7.65, -0.3654 -4.6902 -7.6457, -0.3705 -4.7 -7.6555, -0.3746 -4.6559 -7.6739, -0.343 -4.6647 -7.6202, -0.3282 -4.7 -7.6023, -0.3364 -4.7 -7.6086, -0.3131 -4.6434 -7.5989, -0.2686 -4.6688 -7.5667, -0.2597 -4.7 -7.5622, -0.2939 -4.7 -7.5763, -0.2327 -4.6598 -7.5577, -0.2271 -4.7 -7.5542, -0.2468 -4.7 -7.5568, -0.195 -4.7 -7.55, -0.195 -4.6568 -7.5547, -0.195 -4.6485 -7.5576, -0.2372 -4.6173 -7.5728, -0.2395 -4.5791 -7.597, -0.195 -4.6006 -7.5778, -0.195 -4.614 -7.5695, -0.2395 -4.547 -7.6291, -0.195 -4.5595 -7.6095, -0.195 -4.5755 -7.5935, -0.2372 -4.5228 -7.6673, -0.195 -4.5278 -7.6506, -0.195 -4.5435 -7.6255, -0.3195 -4.5745 -7.6565, -0.351 -4.597 -7.679, -0.3195 -4.6065 -7.6245, -0.351 -4.629 -7.647, -0.195 -4.5047 -7.7068, -0.195 -4.5076 -7.6985, -0.195 -4.5195 -7.664, -0.2772 -4.5328 -7.6773, -0.2817 -4.5575 -7.6396, -0.2817 -4.5896 -7.6075, -0.2772 -4.6273 -7.5828, -0.2468 -5.3 -7.5568, -0.265 -5.3 -7.5644, -0.195 -5.3 -7.55, -0.2273 -5.3 -7.5542, -0.295 -5.3 -7.5768, -0.3019 -5.3 -7.5821, -0.3364 -5.3 -7.6086, -0.3484 -5.3 -7.6241, -0.3612 -5.3 -7.6408, -0.3682 -5.3 -7.65, -0.3928 -5.3 -7.7336, -0.3904 -5.3 -7.7149, -0.3882 -5.3 -7.6982, -0.3795 -5.3 -7.6773, -0.3717 -5.3 -7.6584, -0.4782 -5.494 -7.6238, -0.4583 -5.4814 -7.6257, -0.4452 -5.499 -7.5987, -0.4074 -5.3712 -7.7259, -0.2356 -5.3636 -7.5527, -0.595 -5.65 -7.55, -0.595 -5.6258 -7.5532, -0.486 -5.6381 -7.55, -0.4608 -5.603 -7.5523, -0.3231 -5.5568 -7.55, -0.3961 -5.6057 -7.55, -0.4531 -5.6262 -7.55, -0.2365 -5.4543 -7.55, -0.2895 -5.5266 -7.55, -0.3424 -5.5343 -7.5527, -0.3159 -5.552 -7.55, -0.2312 -5.441 -7.55, -0.2592 -5.4271 -7.5528, -0.2048 -5.3755 -7.55, -0.2043 -5.3711 -7.55, -0.3534 -5.339 -7.6226, -0.3655 -5.3371 -7.6393, -0.3758 -5.3357 -7.657, -0.3841 -5.3348 -7.6754, -0.3904 -5.3344 -7.6941, -0.3948 -5.3345 -7.7129, -0.3974 -5.335 -7.7314, -0.4481 -5.4366 -7.7107, -0.4244 -5.4055 -7.7187, -0.4598 -5.451 -7.6908, -0.4758 -5.4639 -7.6872, -0.4933 -5.4752 -7.6838, -0.5321 -5.4924 -7.6778, -0.5121 -5.4847 -7.6806, -0.553 -5.498 -7.6755, -0.595 -5.5035 -7.6736, -0.5748 -5.5014 -7.674, -0.595 -5.5044 -7.6667, -0.595 -5.5051 -7.6612, -0.595 -5.5116 -7.6455, -0.5734 -5.5094 -7.6454, -0.595 -5.5158 -7.6353, -0.5715 -5.5235 -7.6179, -0.595 -5.5201 -7.625, -0.595 -5.5448 -7.5933, -0.595 -5.5439 -7.5939, -0.595 -5.5337 -7.6072, -0.595 -5.5254 -7.6181, -0.595 -5.575 -7.5701, -0.595 -5.5698 -7.5741, -0.5374 -5.5641 -7.5741, -0.595 -5.5572 -7.5837, -0.5421 -5.5395 -7.5941, -0.595 -5.6167 -7.5544, -0.595 -5.6112 -7.5551, -0.4708 -5.5748 -7.5606, -0.595 -5.5975 -7.5608, -0.595 -5.5853 -7.5658, -0.4454 -5.4369 -7.6945, -0.3864 -5.4213 -7.6182, -0.4154 -5.4581 -7.615, -0.3962 -5.4157 -7.6337, -0.4236 -5.4511 -7.6298, -0.4047 -5.4113 -7.6501, -0.4307 -5.4454 -7.6454, -0.4118 -5.4081 -7.6671, -0.4367 -5.4412 -7.6616, -0.4174 -5.4061 -7.6844, -0.3657 -5.3809 -7.6208, -0.3768 -5.377 -7.637, -0.3864 -5.374 -7.6542, -0.3942 -5.372 -7.6719, -0.4003 -5.3709 -7.69, -0.4047 -5.3706 -7.7081, -0.3643 -5.5096 -7.562, -0.3232 -5.4639 -7.5625, -0.4249 -5.4836 -7.6001, -0.4064 -5.4665 -7.6014, -0.3862 -5.4865 -7.5783, -0.3754 -5.428 -7.6039, -0.3505 -5.4445 -7.5797, -0.353 -5.3856 -7.6059, -0.324 -5.3975 -7.5807, -0.3396 -5.3415 -7.6072, -0.3077 -5.3477 -7.5812, -0.292 -5.4117 -7.5629, -0.2722 -5.3552 -7.5629, -0.4909 -5.5238 -7.5962, -0.4673 -5.5124 -7.5974, -0.4301 -5.5214 -7.5768, -0.4141 -5.5471 -7.5613, -0.481 -5.5477 -7.5754, -0.5465 -5.5197 -7.6189, -0.5501 -5.5058 -7.6467, -0.4996 -5.5048 -7.6219, -0.5224 -5.5134 -7.6202, -0.5279 -5.4998 -7.6485, -0.4686 -5.4696 -7.6559, -0.487 -5.4815 -7.6533, -0.5068 -5.4917 -7.6507, -0.44 -5.467 -7.6278, -0.4518 -5.4561 -7.6587, -0.4416 -5.4383 -7.678, -0.4216 -5.4053 -7.7017, -2.35 -5.65 -7.55, -2.35 -5.6235 -7.5524, -2.35 -5.6168 -7.5544, -2.35 -5.5895 -7.5627, -2.35 -5.5582 -7.5814, -2.35 -5.5852 -7.5653, -2.35 -5.5335 -7.607, -2.35 -5.5395 -7.5985, -2.35 -5.5566 -7.5829, -2.35 -5.5173 -7.63, -2.35 -5.5154 -7.6351, -2.35 -5.5047 -7.6628, -2.35 -5.5042 -7.6667, -2.35 -5.5 -7.7, -2.367 -5.6254 -7.5524, -2.4334 -5.7 -7.5545, -2.4605 -5.7 -7.5627, -2.4577 -5.6754 -7.5627, -2.3746 -5.5923 -7.5627, -2.4652 -5.7 -7.5655, -2.4918 -5.7 -7.5814, -2.4882 -5.6684 -7.5814, -2.3816 -5.5618 -7.5814, -2.4939 -5.7 -7.5833, -2.5105 -5.7 -7.5985, -2.5064 -5.6643 -7.5985, -2.5169 -5.7 -7.6077, -2.5327 -5.7 -7.63, -2.5281 -5.6594 -7.63, -2.4347 -5.524 -7.6628, -2.3935 -5.5096 -7.6628, -2.3906 -5.5219 -7.63, -2.5064 -5.5753 -7.7, -2.4747 -5.5436 -7.7, -2.4718 -5.5473 -7.6628, -2.546 -5.7 -7.6679, -2.55 -5.7 -7.7, -2.5451 -5.6568 -7.7, -2.535 -5.7 -7.6361, -2.5453 -5.7 -7.6628, -2.5404 -5.6565 -7.6628, -2.545 -5.6555 -7.7, -2.526 -5.6153 -7.6628, -2.5305 -5.614 -7.7, -2.5302 -5.6132 -7.7, -2.5027 -5.5782 -7.6628, -2.5065 -5.5755 -7.7, -2.4745 -5.5435 -7.7, -2.4368 -5.5198 -7.7, -2.436 -5.5195 -7.7, -2.3932 -5.5049 -7.7, -2.3945 -5.505 -7.7, -2.5146 -5.6207 -7.63, -2.4928 -5.5861 -7.63, -2.4639 -5.5572 -7.63, -2.4946 -5.6304 -7.5985, -2.4755 -5.6 -7.5985, -2.45 -5.5745 -7.5985, -2.4196 -5.5554 -7.5985, -2.4293 -5.5354 -7.63, -2.3857 -5.5436 -7.5985, -2.4777 -5.6385 -7.5814, -2.4609 -5.6116 -7.5814, -2.4384 -5.5891 -7.5814, -2.4115 -5.5723 -7.5814, -2.398 -5.6004 -7.5627, -2.4189 -5.6136 -7.5627, -2.4364 -5.6311 -7.5627, -2.4496 -5.652 -7.5627, -2.3832 -5.631 -7.5524, -2.3977 -5.6402 -7.5524, -2.4098 -5.6523 -7.5524, -2.419 -5.6668 -7.5524, -2.4246 -5.683 -7.5524, -2.4265 -5.7 -7.5524, -2.3611 -5.6513 -7.55, -2.3717 -5.655 -7.55, -2.3812 -5.6609 -7.55, -2.3891 -5.6688 -7.55, -2.395 -5.6783 -7.55, -2.3987 -5.6889 -7.55, -2.4 -5.7 -7.55, -2.55 -6.74 -10.1, -2.55 -6.74 -7.7, -2.5522 -6.7564 -7.7, -2.5547 -6.7832 -10.1, -2.5546 -6.7752 -7.7, -2.5576 -6.7915 -10.1, -2.5568 -6.7918 -7.7, -2.5656 -6.8129 -7.7, -2.5695 -6.826 -10.1, -2.5734 -6.8318 -7.7, -2.5778 -6.8394 -10.1, -2.5768 -6.84 -7.7, -2.5935 -6.8645 -10.1, -2.584 -6.8494 -7.7, -2.6095 -6.8805 -10.1, -2.75 -6.94 -7.7, -2.75 -6.94 -10.1, -2.7186 -6.9359 -7.7, -2.7068 -6.9353 -10.1, -2.6982 -6.9332 -7.7, -2.6985 -6.9324 -10.1, -2.6807 -6.9259 -7.7, -2.664 -6.9205 -10.1, -2.65 -6.9132 -7.7, -2.6506 -6.9122 -10.1, -2.6436 -6.9083 -7.7, -2.6255 -6.8965 -10.1, -2.6086 -6.8814 -7.7, -2.5969 -6.8662 -7.7, 1.7054 -5.5136 -7.6085, 1.7096 -5.5048 -7.6219, 1.7565 -5.5197 -7.6189, 1.5852 -5.3 -7.6632, 1.59 -5.3 -7.677, 1.5917 -5.3164 -7.6764, 1.6104 -5.3427 -7.7465, 1.6137 -5.3538 -7.7446, 1.6089 -5.3526 -7.7108, 1.805 -5.5327 -7.6065, 1.805 -5.5454 -7.5938, 1.7521 -5.5395 -7.5941, 1.805 -5.5565 -7.5827, 1.805 -5.5699 -7.5743, 1.7474 -5.5641 -7.5741, 1.4142 -5.3729 -7.55, 1.414 -5.3712 -7.55, 1.4456 -5.3636 -7.5527, 1.405 -5.3 -7.55, 1.4432 -5.4482 -7.55, 1.4692 -5.4271 -7.5528, 1.4934 -5.52 -7.55, 1.5524 -5.5343 -7.5527, 1.6708 -5.603 -7.5523, 1.6625 -5.6273 -7.55, 1.6494 -5.6243 -7.55, 1.5635 -5.5808 -7.55, 1.5344 -5.5555 -7.55, 1.747 -5.6468 -7.55, 1.805 -5.6257 -7.5527, 1.805 -5.65 -7.55, 1.6808 -5.5748 -7.5606, 1.805 -5.5849 -7.5649, 1.805 -5.5973 -7.5605, 1.805 -5.6166 -7.5538, 1.805 -5.5254 -7.6181, 1.763 -5.498 -7.6755, 1.805 -5.5038 -7.6666, 1.805 -5.5063 -7.6595, 1.805 -5.5 -7.7, 1.805 -5.5014 -7.6877, 1.7651 -5.4953 -7.7027, 1.7641 -5.4963 -7.6898, 1.7603 -5.4948 -7.703, 1.7588 -5.4946 -7.7031, 1.7257 -5.4826 -7.7086, 1.724 -5.4835 -7.6954, 1.7178 -5.4797 -7.7099, 1.7159 -5.479 -7.7102, 1.6905 -5.4624 -7.7164, 1.6883 -5.4631 -7.7027, 1.6799 -5.4555 -7.719, 1.6764 -5.4532 -7.7199, 1.6605 -5.4366 -7.725, 1.6581 -5.4366 -7.7107, 1.6481 -5.4237 -7.729, 1.6426 -5.4215 -7.6981, 1.6469 -5.4225 -7.7294, 1.6467 -5.4222 -7.7295, 1.625 -5.3851 -7.7387, 1.6273 -5.3891 -7.7377, 1.6222 -5.3882 -7.705, 1.6371 -5.4058 -7.7336, 1.6025 -5.3163 -7.7142, 1.601 -5.3 -7.7148, 1.6065 -5.317 -7.7489, 1.605 -5.3 -7.75, 1.5975 -5.3 -7.6985, 1.6 -5.3 -7.7055, 1.5773 -5.3 -7.6506, 1.5729 -5.3174 -7.6399, 1.5711 -5.3 -7.6408, 1.5463 -5.3195 -7.6075, 1.5455 -5.3 -7.6095, 1.5614 -5.3 -7.6253, 1.5118 -5.3 -7.5824, 1.5297 -5.3 -7.5936, 1.5445 -5.3 -7.6084, 1.4822 -5.3552 -7.5629, 1.4752 -5.3 -7.564, 1.4918 -5.3 -7.5698, 1.4374 -5.3 -7.5536, 1.4495 -5.3 -7.555, 1.4565 -5.3 -7.5575, 1.6467 -5.4412 -7.6616, 1.6516 -5.4383 -7.678, 1.6826 -5.466 -7.6716, 1.6858 -5.4639 -7.6872, 1.7221 -5.4847 -7.6806, 1.6621 -5.4895 -7.6117, 1.6254 -5.4581 -7.615, 1.6683 -5.4814 -7.6257, 1.6336 -5.4511 -7.6298, 1.6739 -5.4747 -7.6406, 1.6407 -5.4454 -7.6454, 1.6786 -5.4696 -7.6559, 1.7135 -5.4974 -7.6361, 1.7168 -5.4917 -7.6507, 1.7197 -5.4874 -7.6657, 1.7584 -5.512 -7.6325, 1.7601 -5.5058 -7.6467, 1.7617 -5.5011 -7.6611, 1.805 -5.5112 -7.6453, 1.805 -5.5149 -7.6349, 1.6241 -5.5471 -7.5613, 1.691 -5.5477 -7.5754, 1.534 -5.3975 -7.5807, 1.5177 -5.3477 -7.5812, 1.5551 -5.3636 -7.6066, 1.5496 -5.3415 -7.6072, 1.5755 -5.3371 -7.6393, 1.5605 -5.4445 -7.5797, 1.5998 -5.4479 -7.6027, 1.5962 -5.4865 -7.5783, 1.6164 -5.4665 -7.6014, 1.6552 -5.499 -7.5987, 1.502 -5.4117 -7.5629, 1.5332 -5.4639 -7.5625, 1.5743 -5.5096 -7.562, 1.6401 -5.5214 -7.5768, 1.7009 -5.5238 -7.5962, 1.5044 -5.3 -7.5777, 1.608 -5.3346 -7.7478, 1.6048 -5.3345 -7.7129, 1.5941 -5.3348 -7.6754, 1.5982 -5.3534 -7.6739, 1.5802 -5.3571 -7.6383, 1.5868 -5.377 -7.637, 1.563 -5.3856 -7.6059, 1.5731 -5.4072 -7.6049, 1.6121 -5.3903 -7.6696, 1.6147 -5.3706 -7.7081, 1.6208 -5.3779 -7.7405, 1.6062 -5.4157 -7.6337, 1.6218 -5.4081 -7.6671, 1.6316 -5.4053 -7.7017, 1.6042 -5.372 -7.6719, 1.5955 -5.3966 -7.6355, 1.5854 -5.428 -7.6039, 1.6189 -5.4339 -7.6318, 1.6333 -5.4251 -7.6644, 1.6554 -5.4369 -7.6945, 3.56 -5.65 -7.55, 3.56 -5.6228 -7.5531, 3.56 -5.6166 -7.5538, 3.56 -5.5951 -7.5613, 3.56 -5.5849 -7.5649, 3.56 -5.5684 -7.5752, 3.56 -5.5565 -7.5827, 3.56 -5.5446 -7.5946, 3.56 -5.5327 -7.6065, 3.56 -5.5252 -7.6184, 3.56 -5.5149 -7.6349, 3.56 -5.5113 -7.6451, 3.56 -5.5038 -7.6666, 3.56 -5.5031 -7.6728, 3.56 -5.5 -7.7, 3.6033 -5.675 -7.55, 3.5954 -5.6646 -7.55, 3.6147 -5.6453 -7.5525, 3.7405 -5.614 -7.7, 3.7449 -5.6267 -7.7, 3.7454 -5.6266 -7.6865, 3.7561 -5.6637 -7.6865, 3.7553 -5.6568 -7.7, 3.76 -5.7 -7.7, 3.5959 -5.5058 -7.6727, 3.5945 -5.5137 -7.6448, 3.7135 -5.6716 -7.5939, 3.7154 -5.7 -7.5946, 3.704 -5.7 -7.5831, 3.6899 -5.676 -7.5745, 3.6916 -5.7 -7.5752, 3.6635 -5.6809 -7.5605, 3.6754 -5.7 -7.565, 3.6649 -5.7 -7.5613, 3.6372 -5.7 -7.5531, 3.61 -5.7 -7.55, 3.6319 -5.6715 -7.5525, 3.6083 -5.6871 -7.55, 3.6061 -5.6818 -7.55, 3.584 -5.5701 -7.5745, 3.6086 -5.5772 -7.5745, 3.5884 -5.5465 -7.5939, 3.6174 -5.5549 -7.5939, 3.6845 -5.5467 -7.6727, 3.6859 -5.5449 -7.7, 3.701 -5.559 -7.6865, 3.6997 -5.5603 -7.6727, 3.6973 -5.5627 -7.6587, 3.6794 -5.5529 -7.6448, 3.6681 -5.5347 -7.6727, 3.6688 -5.5337 -7.7, 3.6845 -5.5435 -7.7, 3.6333 -5.5151 -7.7, 3.646 -5.5195 -7.7, 3.6507 -5.5246 -7.6727, 3.6454 -5.5694 -7.5939, 3.6561 -5.5531 -7.6179, 3.6706 -5.5637 -7.6179, 3.6637 -5.5414 -7.6448, 3.5885 -5.6281 -7.5525, 3.6176 -5.6119 -7.5605, 3.6344 -5.6256 -7.5605, 3.6323 -5.5894 -7.5745, 3.6534 -5.6066 -7.5745, 3.6704 -5.5896 -7.5939, 3.6327 -5.5164 -7.6727, 3.6147 -5.5087 -7.7, 3.6143 -5.5101 -7.6727, 3.6032 -5.5047 -7.7, 3.5963 -5.504 -7.7, 3.5919 -5.5274 -7.6179, 3.6083 -5.5312 -7.6179, 3.6121 -5.5178 -7.6448, 3.6246 -5.5368 -7.6179, 3.6297 -5.5238 -7.6448, 3.5987 -5.6022 -7.5605, 3.6406 -5.5441 -7.6179, 3.647 -5.5317 -7.6448, 3.7263 -5.5912 -7.7, 3.7005 -5.5595 -7.7, 3.7165 -5.5755 -7.7, 3.7269 -5.5909 -7.6865, 3.7542 -5.6641 -7.6727, 3.757 -5.7 -7.6728, 3.751 -5.6647 -7.6587, 3.7565 -5.7 -7.6678, 3.7463 -5.6655 -7.6448, 3.7487 -5.7 -7.645, 3.7402 -5.6667 -7.6311, 3.7456 -5.7 -7.6358, 3.7326 -5.6681 -7.6179, 3.7348 -5.7 -7.6184, 3.7278 -5.7 -7.6071, 3.6436 -5.7 -7.5538, 3.6578 -5.6613 -7.5605, 3.6828 -5.6514 -7.5745, 3.7051 -5.6426 -7.5939, 3.7232 -5.6354 -7.6179, 3.7069 -5.6039 -7.6179, 3.7304 -5.6325 -7.6311, 3.7134 -5.5997 -7.6311, 3.7362 -5.6303 -7.6448, 3.7186 -5.5963 -7.6448, 3.7406 -5.6285 -7.6587, 3.7226 -5.5937 -7.6587, 3.7436 -5.6273 -7.6727, 3.7253 -5.5919 -7.6727, 3.585 -5.6567 -7.55, 3.5782 -5.6539 -7.55, 3.5729 -5.6517 -7.55, 3.6481 -5.6424 -7.5605, 3.6706 -5.6277 -7.5745, 3.6906 -5.6146 -7.5939, 3.6841 -5.5759 -7.6179, 3.6896 -5.5704 -7.6311, 3.694 -5.566 -7.6448, 3.7002 -6.7727 -7.5802, 3.6969 -6.7737 -7.5782, 3.6752 -6.7802 -7.5654, 3.6716 -6.7813 -7.5632, 3.6435 -6.787 -7.5542, 3.6404 -6.7876 -7.5532, 3.6399 -6.7877 -7.553, 3.61 -6.79 -7.55, 3.7285 -6.7607 -7.6091, 3.7273 -6.7613 -7.6074, 3.7246 -6.7628 -7.6032, 3.7191 -6.765 -7.598, 3.7037 -6.7713 -7.5834, 3.7453 -6.7515 -7.6359, 3.7444 -6.7521 -7.6334, 3.7364 -6.7564 -7.6212, 3.76 -6.74 -7.7, 3.759 -6.7409 -7.6874, 3.7572 -6.7427 -7.6735, 3.7564 -6.7434 -7.6678, 3.7563 -6.7435 -7.6667, 3.7491 -6.7487 -7.6466, 3.7599 -6.7401 -7.6939, 3.76 -6.74 -10.1, 3.764 -6.7753 -7.7, 3.7642 -6.7721 -10.1, 3.765 -6.7845 -7.7, 3.7668 -6.7918 -10.1, 3.8186 -6.8814 -10.1, 3.8195 -6.8805 -7.7, 3.8123 -6.8732 -10.1, 3.8036 -6.8647 -7.7, 3.808 -6.8677 -10.1, 3.7941 -6.8495 -7.7, 3.7868 -6.84 -10.1, 3.7877 -6.8394 -7.7, 3.7863 -6.8389 -10.1, 3.7798 -6.8268 -7.7, 3.7722 -6.8047 -10.1, 3.775 -6.8132 -7.7, 3.7675 -6.7915 -7.7, 3.85 -6.9055 -10.1, 3.8353 -6.8964 -7.7, 3.8209 -6.8819 -7.7, 3.928 -6.9358 -10.1, 3.96 -6.94 -10.1, 3.96 -6.94 -7.7, 3.9285 -6.9365 -7.7, 3.9155 -6.935 -7.7, 3.9082 -6.9332 -10.1, 3.9085 -6.9325 -7.7, 3.9012 -6.9303 -10.1, 3.8905 -6.9262 -7.7, 3.8655 -6.9155 -10.1, 3.8732 -6.9202 -7.7, 3.86 -6.9132 -10.1, 3.8606 -6.9123 -7.7, 3.8538 -6.908 -7.7, 3.7394 -6.8446 -7.5904, 3.7332 -6.8284 -7.5945, 3.7432 -6.8256 -7.6069, 3.6413 -6.8002 -7.5528, 3.6719 -6.7946 -7.5628, 3.7735 -6.8138 -7.6883, 3.7925 -6.8503 -7.6873, 3.8192 -6.8828 -7.6853, 3.9523 -6.94 -7.6388, 3.9521 -6.94 -7.6383, 3.921 -6.9374 -7.646, 3.8843 -6.9273 -7.6546, 3.8487 -6.909 -7.6623, 3.7627 -6.7758 -7.6882, 3.7611 -6.7772 -7.675, 3.754 -6.7819 -7.6483, 3.7582 -6.7793 -7.6617, 3.7486 -6.785 -7.6352, 3.7418 -6.7883 -7.6224, 3.7336 -6.7919 -7.6101, 3.7281 -6.8119 -7.5972, 3.7242 -6.7955 -7.5985, 3.7213 -6.7793 -7.5985, 3.6988 -6.7873 -7.5784, 3.61 -6.8835 -7.5173, 3.61 -6.8722 -7.5244, 3.6495 -6.8713 -7.5294, 3.61 -6.8551 -7.5351, 3.6475 -6.8576 -7.5372, 3.61 -6.8449 -7.5387, 3.6457 -6.8434 -7.5434, 3.61 -6.8306 -7.5437, 3.644 -6.829 -7.548, 3.61 -6.8234 -7.5462, 3.6426 -6.8145 -7.5511, 3.61 -6.8024 -7.5486, 3.61 -6.9073 -7.4935, 3.61 -6.8964 -7.5044, 3.654 -6.8961 -7.5095, 3.6587 -6.9161 -7.4848, 3.61 -6.916 -7.4797, 3.61 -6.9251 -7.4651, 3.7161 -6.9295 -7.4716, 3.61 -6.9297 -7.4521, 3.61 -6.9362 -7.4334, 3.7259 -6.9377 -7.4432, 3.61 -6.9373 -7.4236, 3.6745 -6.94 -7.4044, 3.61 -6.94 -7.4, 3.8323 -6.94 -7.4665, 3.7593 -6.94 -7.4267, 3.7336 -6.94 -7.4199, 3.9 -6.9372 -7.5921, 3.9277 -6.94 -7.5751, 3.8278 -6.9373 -7.5015, 3.8847 -6.94 -7.5136, 3.8463 -6.94 -7.4791, 3.7014 -6.8027 -7.5778, 3.7048 -6.8184 -7.5758, 3.709 -6.834 -7.5723, 3.674 -6.8094 -7.5616, 3.6765 -6.8243 -7.5589, 3.6796 -6.8393 -7.5548, 3.6831 -6.854 -7.549, 3.7139 -6.8494 -7.5673, 3.7196 -6.8643 -7.5607, 3.687 -6.8681 -7.5417, 3.8167 -6.8831 -7.6685, 3.8123 -6.8835 -7.6514, 3.8062 -6.8842 -7.6341, 3.7885 -6.8862 -7.6005, 3.7983 -6.8851 -7.6171, 3.8352 -6.9094 -7.6222, 3.764 -6.9287 -7.495, 3.806 -6.928 -7.5264, 3.7059 -6.9147 -7.4987, 3.748 -6.9132 -7.5208, 3.7842 -6.9117 -7.5497, 3.8408 -6.9275 -7.5645, 3.8672 -6.9272 -7.6079, 3.8135 -6.9104 -7.584, 3.764 -6.8886 -7.5696, 3.7329 -6.8913 -7.5432, 3.696 -6.8939 -7.5227, 3.7719 -6.8147 -7.6749, 3.7906 -6.8509 -7.6728, 3.769 -6.8162 -7.6612, 3.7872 -6.8518 -7.6578, 3.7647 -6.8181 -7.6474, 3.7822 -6.853 -7.6426, 3.759 -6.8204 -7.6336, 3.7757 -6.8546 -7.6275, 3.7518 -6.8229 -7.62, 3.7676 -6.8563 -7.6127, 3.7579 -6.8582 -7.5984, 3.7466 -6.8602 -7.5849, 3.6913 -6.8815 -7.5329, 3.7259 -6.8783 -7.5526, 3.7548 -6.8749 -7.5779, 3.7771 -6.8873 -7.5846, -2.4 -6.8164 -7.5465, -2.4 -6.79 -7.55, -2.4 -6.8233 -7.5456, -2.4 -6.8547 -7.5342, -2.4 -6.8446 -7.5383, -2.4 -6.8288 -7.5449, -2.4 -6.8828 -7.5163, -2.4 -6.8721 -7.5245, -2.4 -6.865 -7.5299, -2.4 -6.9162 -7.4798, -2.4 -6.9063 -7.4928, -2.4 -6.8969 -7.5049, -2.4 -6.8961 -7.5061, -2.4 -6.9349 -7.4388, -2.4 -6.9294 -7.452, -2.4 -6.9242 -7.4647, -2.4 -6.9199 -7.475, -2.4 -6.94 -7.4, -2.4 -6.9369 -7.4236, -2.4 -6.9356 -7.4333, -2.6386 -6.909 -7.6623, -2.5113 -6.7793 -7.5985, -2.5087 -6.765 -7.5983, -2.4984 -6.7694 -7.5876, -2.444 -6.8961 -7.5095, -2.497 -6.94 -7.4104, -2.5159 -6.9377 -7.4432, -2.4487 -6.9161 -7.4849, -2.5061 -6.9294 -7.4716, -2.4192 -6.8723 -7.5262, -2.4173 -6.8447 -7.5404, -2.4157 -6.816 -7.5484, -2.4326 -6.8145 -7.5511, -2.4325 -6.7873 -7.5536, -2.4144 -6.789 -7.5514, -2.464 -6.8094 -7.5616, -2.4642 -6.7807 -7.5644, -2.4454 -6.7846 -7.558, -2.4654 -6.7803 -7.5652, -2.4782 -6.8062 -7.569, -2.4737 -6.7777 -7.5704, -2.4914 -6.8027 -7.5778, -2.4866 -6.7736 -7.5785, -2.5174 -6.7612 -7.6074, -2.5288 -6.7713 -7.6219, -2.5203 -6.76 -7.6104, -2.5412 -6.7641 -7.6476, -2.5349 -6.7515 -7.6362, -2.5264 -6.7564 -7.6212, -2.5476 -6.7424 -7.6734, -2.5475 -6.7424 -7.6728, -2.5485 -6.7587 -7.6743, -2.5461 -6.7435 -7.6679, -2.5388 -6.7492 -7.6432, -2.5703 -6.8331 -7.6742, -2.5619 -6.8147 -7.6749, -2.5555 -6.796 -7.6752, -2.5806 -6.8509 -7.6728, -2.5928 -6.8676 -7.6709, -2.6067 -6.8831 -7.6685, -2.7497 -6.94 -7.6877, -2.711 -6.9374 -7.646, -2.7412 -6.94 -7.6385, -2.7394 -6.94 -7.6282, -2.6458 -6.94 -7.4852, -2.6619 -6.94 -7.5001, -2.6177 -6.9373 -7.5016, -2.7098 -6.94 -7.5612, -2.69 -6.9372 -7.5922, -2.7173 -6.94 -7.5782, -2.5234 -6.94 -7.4198, -2.5759 -6.94 -7.4386, -2.6366 -6.94 -7.479, -2.5511 -6.7772 -7.675, -2.544 -6.7819 -7.6483, -2.5318 -6.7883 -7.6224, -2.5142 -6.7955 -7.5985, -2.5034 -6.7992 -7.5876, -2.4941 -6.7713 -7.5832, -2.494 -6.7713 -7.5831, -2.5361 -6.8056 -7.6218, -2.5181 -6.8119 -7.5972, -2.5418 -6.8229 -7.62, -2.5232 -6.8284 -7.5945, -2.549 -6.8399 -7.617, -2.5294 -6.8445 -7.5904, -2.5575 -6.8563 -7.6127, -2.5485 -6.8 -7.6483, -2.5547 -6.8181 -7.6474, -2.5626 -6.8359 -7.6455, -2.5722 -6.853 -7.6426, -2.5834 -6.8692 -7.6388, -2.6572 -6.9272 -7.6079, -2.6307 -6.9275 -7.5645, -2.6035 -6.9103 -7.5841, -2.5742 -6.9116 -7.5497, -2.486 -6.8939 -7.5227, -2.4959 -6.9147 -7.4988, -2.5051 -6.8926 -7.5321, -2.538 -6.9132 -7.5208, -2.554 -6.8886 -7.5697, -2.5392 -6.8899 -7.5558, -2.5229 -6.8913 -7.5432, -2.554 -6.9287 -7.495, -2.596 -6.928 -7.5264, -2.4395 -6.8713 -7.5294, -2.4357 -6.8434 -7.5434, -2.4033 -6.79 -7.55, -2.5117 -6.8312 -7.5829, -2.499 -6.834 -7.5723, -2.4849 -6.8367 -7.5628, -2.4696 -6.8393 -7.5548, -2.6743 -6.9273 -7.6546, -2.6252 -6.9094 -7.6222, -2.5962 -6.8842 -7.6341, -2.5785 -6.8861 -7.6005, -2.5674 -6.8718 -7.6072, -2.5448 -6.8749 -7.5779, -2.5366 -6.8602 -7.5849, -2.5238 -6.8622 -7.5722, -2.5096 -6.8642 -7.5607, -2.4939 -6.8662 -7.5505, -2.477 -6.8681 -7.5417, -2.4588 -6.8698 -7.5346, -2.4531 -6.8415 -7.5482, -2.4487 -6.8122 -7.5555, -2.4335 -6.7871 -7.5539, -2.436 -5.5195 -10.1, -2.3932 -5.5047 -10.1, -2.4745 -5.5435 -10.1, -2.5065 -5.5755 -10.1, -2.5305 -5.614 -10.1, -2.5453 -5.6568 -10.1, -0.595 -5.457 -10.2239, -0.595 -5.4965 -10.1321, -0.595 -5.4953 -10.1429, -2.1072 -5.3 -10.3, -0.595 -5.3 -10.3, -2.1511 -5.3239 -10.2951, -0.595 -5.332 -10.2964, -2.1879 -5.3439 -10.291, -0.595 -5.3448 -10.2949, -0.595 -5.3587 -10.29, -2.2524 -5.379 -10.2837, -0.595 -5.3873 -10.28, -2.2719 -5.3863 -10.2784, -0.595 -5.3944 -10.2754, -2.3695 -5.4224 -10.252, -0.595 -5.4102 -10.2654, -0.595 -5.4253 -10.2559, -0.595 -5.4479 -10.2331, -0.595 -5.4521 -10.2289, -0.595 -5.4879 -10.1648, -0.595 -5.4808 -10.1856, -0.595 -5.4727 -10.1987, -0.4386 -5.3 -10.2247, -0.4223 -5.3 -10.1987, -0.426 -5.3169 -10.2057, -0.4148 -5.3 -10.1868, -0.4071 -5.3 -10.1648, -0.4117 -5.3312 -10.1736, -0.5809 -5.3462 -10.2941, -0.563 -5.3 -10.2964, -0.5852 -5.4043 -10.2704, -0.5509 -5.3761 -10.2796, -0.5781 -5.469 -10.2057, -0.5638 -5.4833 -10.1736, -0.5548 -5.4923 -10.1377, -0.4 -5.3 -10.1445, -0.3986 -5.3 -10.1321, -0.4027 -5.3402 -10.1377, -0.4429 -5.3 -10.229, -0.4439 -5.3566 -10.2181, -0.4471 -5.3 -10.2331, -0.4847 -5.3 -10.2654, -0.4703 -5.3 -10.2564, -0.4652 -5.3353 -10.248, -0.5006 -5.3 -10.2754, -0.4907 -5.3098 -10.2704, -0.5082 -5.3 -10.2802, -0.5189 -5.3441 -10.2796, -0.5363 -5.3 -10.29, -0.5488 -5.3141 -10.2941, -0.5505 -5.3 -10.295, -0.4178 -5.3827 -10.1422, -0.442 -5.4209 -10.1445, -0.4741 -5.453 -10.1445, -0.492 -5.371 -10.256, -0.524 -5.403 -10.256, -0.5597 -5.4298 -10.248, -0.4695 -5.3935 -10.2245, -0.5015 -5.4255 -10.2245, -0.5384 -5.4511 -10.2181, -0.4278 -5.3727 -10.1822, -0.4525 -5.4104 -10.1867, -0.4846 -5.4425 -10.1867, -0.5223 -5.4672 -10.1822, -0.5123 -5.4772 -10.1422, -0.395 -3.6 -10.1, -0.4713 -3.6 -10.255, -0.4536 -3.6 -10.2414, -0.4008 -3.6 -10.1444, -0.4018 -3.6 -10.1518, -0.4161 -3.6 -10.1862, -0.4218 -3.6 -10.2, -0.44 -3.6 -10.2237, -0.495 -3.6 -10.2732, -0.5088 -3.6 -10.2789, -0.5432 -3.6 -10.2932, -0.5506 -3.6 -10.2942, -0.595 -3.6 -10.3, -0.3882 -3.5482 -10.1, -0.3952 -3.5482 -10.1535, -0.4159 -3.5482 -10.2034, -0.4488 -3.5482 -10.2462, -0.4916 -3.5482 -10.2791, -0.5415 -3.5482 -10.2998, -0.595 -3.5482 -10.3068, -0.595 -3.5 -10.3268, -0.5363 -3.5 -10.3191, -0.4816 -3.5 -10.2964, -0.4346 -3.5 -10.2604, -0.3986 -3.5 -10.2134, -0.3759 -3.5 -10.1587, -0.3682 -3.5 -10.1, -0.595 -3.4586 -10.3586, -0.5281 -3.4586 -10.3498, -0.4657 -3.4586 -10.3239, -0.4122 -3.4586 -10.2828, -0.3711 -3.4586 -10.2293, -0.3452 -3.4586 -10.1669, -0.3364 -3.4586 -10.1, -0.595 -3.4268 -10.4, -0.5174 -3.4268 -10.3898, -0.445 -3.4268 -10.3598, -0.3829 -3.4268 -10.3121, -0.3352 -3.4268 -10.25, -0.3052 -3.4268 -10.1776, -0.295 -3.4268 -10.1, -0.595 -3.4068 -10.4482, -0.5049 -3.4068 -10.4364, -0.4209 -3.4068 -10.4016, -0.3488 -3.4068 -10.3462, -0.2934 -3.4068 -10.2741, -0.2586 -3.4068 -10.1901, -0.2468 -3.4068 -10.1, -0.595 -3.4 -10.5, -0.4915 -3.4 -10.4864, -0.395 -3.4 -10.4464, -0.3122 -3.4 -10.3828, -0.2486 -3.4 -10.3, -0.2086 -3.4 -10.2035, -0.195 -3.4 -10.1, -1.4738 -3.4087 -10.4514, -1.4252 -3.4 -10.5, -1.4765 -3.4091 -10.4487, -1.4943 -3.4123 -10.4309, -1.5193 -3.4259 -10.4059, -1.566 -3.4593 -10.3593, -1.5598 -3.4536 -10.3654, -1.5449 -3.4397 -10.3803, -1.5243 -3.4286 -10.401, -1.5761 -3.4687 -10.3492, -1.5914 -3.4913 -10.3338, -1.6169 -3.5428 -10.3084, -1.6138 -3.5351 -10.3115, -1.6031 -3.5085 -10.3222, -1.5977 -3.5005 -10.3276, -1.6252 -3.6 -10.3, -1.6242 -3.5832 -10.301, -1.6238 -3.5763 -10.3014, -1.618 -3.5483 -10.3072, -1.6243 -3.5832 -11.34, -1.6148 -3.5362 -11.34, -1.6142 -3.5349 -11.34, -1.5924 -3.4905 -11.34, -1.5932 -3.4915 -11.34, -1.5605 -3.4529 -11.34, -1.5612 -3.4534 -11.34, -1.5203 -3.4241 -11.34, -1.4746 -3.4062 -11.34, -1.5209 -3.4243 -11.34, -1.4743 -3.4061 -11.34, -1.4252 -3.4 -11.34, -1.6247 -3.585 -11.34, -1.6223 -3.6326 -11.34, -1.6226 -3.6326 -10.3, -1.6222 -3.6347 -11.34, -1.6085 -3.68 -10.3, -1.6085 -3.68 -11.34, -1.4762 -3.3996 -11.3918, -1.5241 -3.4184 -11.3918, -1.5659 -3.4484 -11.3918, -1.5989 -3.4878 -11.3918, -1.6213 -3.5341 -11.3918, -1.7732 -3.4027 -11.54, -1.7612 -3.3829 -11.54, -1.7533 -3.429 -11.5377, -1.7177 -3.411 -11.5332, -1.6772 -3.4372 -11.5132, -1.7153 -3.4835 -11.5199, -1.7391 -3.4493 -11.5311, -1.6424 -3.4597 -11.4814, -1.7023 -3.5046 -11.506, -1.7071 -3.4967 -11.5112, -1.6779 -3.5442 -11.4798, -1.6703 -3.5176 -11.4814, -1.6743 -3.5501 -11.476, -1.6402 -3.5277 -11.44, -1.6722 -3.5534 -11.4738, -1.6598 -3.578 -11.4478, -1.6533 -3.5909 -11.4342, -1.6527 -3.5804 -11.4359, -1.6331 -3.6312 -11.3915, -1.6315 -3.5845 -11.3918, -1.6306 -3.6362 -11.3863, -1.6157 -3.4769 -11.44, -1.5795 -3.4337 -11.44, -1.6011 -3.4104 -11.4814, -1.6292 -3.38 -11.5132, -1.662 -3.3447 -11.5332, -1.6972 -3.3067 -11.54, -1.5337 -3.4008 -11.44, -1.5489 -3.3729 -11.4814, -1.5687 -3.3365 -11.5132, -1.5917 -3.2942 -11.5332, -1.6165 -3.2487 -11.54, -1.4812 -3.3802 -11.44, -1.489 -3.3494 -11.4814, -1.4992 -3.3093 -11.5132, -1.5111 -3.2625 -11.5332, -1.5239 -3.2124 -11.54, -1.4252 -3.3932 -11.3918, -1.4252 -3.3732 -11.44, -1.4252 -3.3414 -11.4814, -1.4252 -3.3 -11.5132, -1.4252 -3.2518 -11.5332, -1.4252 -3.2 -11.54, 2.6352 -3.3932 -11.3918, 2.6352 -3.3732 -11.44, 2.6352 -3.3414 -11.4814, 2.6352 -3.3 -11.5132, 2.6352 -3.2518 -11.5332, 2.6352 -3.2 -11.54, 2.6862 -3.3996 -11.3918, 2.7341 -3.4184 -11.3918, 2.7759 -3.4484 -11.3918, 2.8089 -3.4878 -11.3918, 2.8313 -3.5341 -11.3918, 2.8677 -3.5795 -11.4506, 2.8663 -3.5822 -11.4476, 2.8614 -3.583 -11.44, 2.8622 -3.5905 -11.4385, 2.8415 -3.5845 -11.3918, 2.8409 -3.6336 -11.3915, 2.8398 -3.6358 -11.3891, 2.9122 -3.5037 -11.5091, 2.9103 -3.5069 -11.5066, 2.8803 -3.5176 -11.4814, 2.8883 -3.5444 -11.4776, 2.8502 -3.5277 -11.44, 2.8848 -3.5504 -11.4731, 2.949 -3.449 -11.5328, 2.9473 -3.4513 -11.5325, 2.8872 -3.4372 -11.5132, 2.9169 -3.4967 -11.5123, 2.8524 -3.4597 -11.4814, 2.9277 -3.411 -11.5332, 2.9712 -3.3829 -11.54, 2.9832 -3.4027 -11.54, 2.8234 -3.669 -11.3529, 2.8257 -3.4769 -11.44, 2.7895 -3.4337 -11.44, 2.8111 -3.4104 -11.4814, 2.8392 -3.38 -11.5132, 2.872 -3.3447 -11.5332, 2.9072 -3.3067 -11.54, 2.7437 -3.4008 -11.44, 2.7589 -3.3729 -11.4814, 2.7787 -3.3365 -11.5132, 2.8017 -3.2942 -11.5332, 2.8265 -3.2487 -11.54, 2.6912 -3.3802 -11.44, 2.699 -3.3494 -11.4814, 2.7092 -3.3093 -11.5132, 2.7211 -3.2625 -11.5332, 2.7339 -3.2124 -11.54, 3.8914 -2.752 -11.34, 3.8915 -2.7523 -11.34, 3.8866 -2.7536 -11.3845, 3.9102 -2.7989 -11.34, 3.9104 -2.7995 -11.34, 3.9061 -2.802 -11.3845, 3.9402 -2.8396 -11.34, 3.9407 -2.8404 -11.34, 3.9371 -2.8438 -11.3845, 3.741 -2.7915 -11.535, 3.6979 -2.8028 -11.54, 3.685 -2.7019 -11.54, 3.7534 -2.9256 -11.54, 3.7359 -2.8971 -11.54, 3.7852 -2.9196 -11.5378, 3.7747 -2.8754 -11.535, 3.8021 -2.9171 -11.5333, 3.8116 -2.8548 -11.5202, 3.8507 -2.9098 -11.5202, 3.8508 -2.9098 -11.5202, 3.8447 -2.8363 -11.4964, 3.8676 -2.9082 -11.5108, 3.8991 -2.9054 -11.4931, 3.8864 -2.8925 -11.4964, 3.9321 -2.9023 -11.4746, 3.9092 -2.8706 -11.4647, 3.9264 -2.8541 -11.4268, 3.9571 -2.9022 -11.4511, 3.9454 -2.9023 -11.4622, 3.99 -2.902 -11.4201, 3.9699 -2.8892 -11.4268, 4.01 -2.9019 -11.4012, 3.9777 -2.8766 -11.3845, 4.0183 -2.9019 -11.3934, 4.0222 -2.8989 -11.3812, 4.033 -2.9018 -11.3795, 3.7295 -2.7019 -11.535, 3.7365 -2.7019 -11.5325, 3.7819 -2.7809 -11.5202, 3.7718 -2.7019 -11.5202, 3.7844 -2.7019 -11.5123, 3.8186 -2.7713 -11.4964, 3.8097 -2.7019 -11.4964, 3.8255 -2.7019 -11.4805, 3.8492 -2.7633 -11.4647, 3.8414 -2.7019 -11.4647, 3.8573 -2.7019 -11.4394, 3.8723 -2.7573 -11.4268, 4.075 -2.9016 -11.34, 4.0267 -2.8932 -11.34, 4.0253 -2.8926 -11.34, 3.9803 -2.8723 -11.34, 3.9794 -2.8715 -11.34, 3.8932 -2.8092 -11.4268, 3.8724 -2.8208 -11.4647, 3.885 -2.7019 -11.34, 3.88 -2.7019 -11.3845, 3.8775 -2.7019 -11.3915, 3.8652 -2.7019 -11.4268, 2.6843 3.4061 -11.34, 2.6846 3.4062 -11.34, 2.6862 3.3996 -11.3918, 2.7303 3.4241 -11.34, 2.7309 3.4243 -11.34, 2.7341 3.4184 -11.3918, 2.7705 3.4529 -11.34, 2.7712 3.4534 -11.34, 2.7759 3.4484 -11.3918, 2.8024 3.4905 -11.34, 2.8032 3.4915 -11.34, 2.8089 3.4878 -11.3918, 2.8242 3.5349 -11.34, 2.8248 3.5362 -11.34, 2.8313 3.5341 -11.3918, 2.9832 3.4027 -11.54, 2.9712 3.3829 -11.54, 2.9633 3.429 -11.5377, 2.9277 3.411 -11.5332, 2.8872 3.4372 -11.5132, 2.9253 3.4835 -11.5199, 2.9491 3.4493 -11.5311, 2.8524 3.4597 -11.4814, 2.9123 3.5046 -11.506, 2.9171 3.4967 -11.5112, 2.8879 3.5442 -11.4798, 2.8803 3.5176 -11.4814, 2.8843 3.5501 -11.476, 2.8502 3.5277 -11.44, 2.8822 3.5534 -11.4738, 2.8698 3.578 -11.4478, 2.8633 3.5909 -11.4342, 2.8627 3.5804 -11.4359, 2.8431 3.6312 -11.3915, 2.8415 3.5845 -11.3918, 2.8406 3.6362 -11.3863, 2.8343 3.5832 -11.34, 2.8347 3.585 -11.34, 2.8323 3.6326 -11.34, 2.8322 3.6347 -11.34, 2.8185 3.68 -11.34, 2.8257 3.4769 -11.44, 2.7895 3.4337 -11.44, 2.8111 3.4104 -11.4814, 2.8392 3.38 -11.5132, 2.872 3.3447 -11.5332, 2.9072 3.3067 -11.54, 2.7437 3.4008 -11.44, 2.7589 3.3729 -11.4814, 2.7787 3.3365 -11.5132, 2.8017 3.2942 -11.5332, 2.8265 3.2487 -11.54, 2.6912 3.3802 -11.44, 2.699 3.3494 -11.4814, 2.7092 3.3093 -11.5132, 2.7211 3.2625 -11.5332, 2.7339 3.2124 -11.54, 2.6352 3.4 -11.34, 2.6352 3.3932 -11.3918, 2.6352 3.3732 -11.44, 2.6352 3.3414 -11.4814, 2.6352 3.3 -11.5132, 2.6352 3.2518 -11.5332, 2.6352 3.2 -11.54, -1.4252 3.4 -11.34, -1.4252 3.3932 -11.3918, -1.4252 3.3732 -11.44, -1.4252 3.3414 -11.4814, -1.4252 3.3 -11.5132, -1.4252 3.2518 -11.5332, -1.4252 3.2 -11.54, -1.4743 3.4061 -11.34, -1.5203 3.4241 -11.34, -1.4746 3.4062 -11.34, -1.4762 3.3996 -11.3918, -1.5605 3.4529 -11.34, -1.5209 3.4243 -11.34, -1.5241 3.4184 -11.3918, -1.5924 3.4905 -11.34, -1.5612 3.4534 -11.34, -1.5659 3.4484 -11.3918, -1.6142 3.5349 -11.34, -1.5932 3.4915 -11.34, -1.5989 3.4878 -11.3918, -1.6243 3.5832 -11.34, -1.6148 3.5362 -11.34, -1.6213 3.5341 -11.3918, -1.6577 3.5795 -11.4506, -1.6563 3.5822 -11.4476, -1.6514 3.583 -11.44, -1.6522 3.5905 -11.4385, -1.6315 3.5845 -11.3918, -1.6309 3.6336 -11.3915, -1.6298 3.6358 -11.3891, -1.7022 3.5037 -11.5091, -1.7003 3.5069 -11.5066, -1.6703 3.5176 -11.4814, -1.6783 3.5444 -11.4776, -1.6402 3.5277 -11.44, -1.6748 3.5504 -11.4731, -1.739 3.449 -11.5328, -1.7373 3.4513 -11.5325, -1.6772 3.4372 -11.5132, -1.7069 3.4967 -11.5123, -1.6424 3.4597 -11.4814, -1.7177 3.411 -11.5332, -1.7612 3.3829 -11.54, -1.7732 3.4027 -11.54, -1.6247 3.585 -11.34, -1.6223 3.6326 -11.34, -1.6222 3.6347 -11.34, -1.6134 3.669 -11.3529, -1.6085 3.68 -11.34, -1.6157 3.4769 -11.44, -1.5795 3.4337 -11.44, -1.6011 3.4104 -11.4814, -1.6292 3.38 -11.5132, -1.662 3.3447 -11.5332, -1.6972 3.3067 -11.54, -1.5337 3.4008 -11.44, -1.5489 3.3729 -11.4814, -1.5687 3.3365 -11.5132, -1.5917 3.2942 -11.5332, -1.6165 3.2487 -11.54, -1.4812 3.3802 -11.44, -1.489 3.3494 -11.4814, -1.4992 3.3093 -11.5132, -1.5111 3.2625 -11.5332, -1.5239 3.2124 -11.54, -2.6715 2.7518 -11.34, -2.6715 2.7521 -11.34, -2.6667 2.7533 -11.3845, -2.6904 2.7989 -11.34, -2.6907 2.7994 -11.34, -2.6863 2.8019 -11.3845, -2.7206 2.8397 -11.34, -2.7212 2.8404 -11.34, -2.7176 2.8439 -11.3845, -2.5211 2.7915 -11.535, -2.478 2.8027 -11.54, -2.465 2.7014 -11.54, -2.7994 2.9019 -11.3936, -2.7713 2.9022 -11.4201, -2.7508 2.8892 -11.4268, -2.5349 2.9273 -11.54, -2.5163 2.8974 -11.54, -2.5667 2.9211 -11.5378, -2.5551 2.8756 -11.535, -2.5835 2.9185 -11.5333, -2.592 2.8549 -11.5202, -2.6321 2.9109 -11.5202, -2.6322 2.9109 -11.5202, -2.625 2.8363 -11.4964, -2.6476 2.9094 -11.5116, -2.6805 2.9061 -11.4931, -2.667 2.8927 -11.4964, -2.7135 2.9029 -11.4746, -2.6898 2.8707 -11.4647, -2.7069 2.8542 -11.4268, -2.7379 2.9026 -11.4516, -2.7267 2.9027 -11.4622, -2.7585 2.8766 -11.3845, -2.8033 2.8987 -11.3812, -2.8 2.9019 -11.3931, -2.8144 2.9017 -11.3795, -2.5095 2.7014 -11.535, -2.5165 2.7014 -11.5325, -2.562 2.7808 -11.5202, -2.5518 2.7014 -11.5202, -2.5644 2.7014 -11.5123, -2.5987 2.7711 -11.4964, -2.5897 2.7014 -11.4964, -2.6055 2.7014 -11.4805, -2.6293 2.7631 -11.4647, -2.6214 2.7014 -11.4647, -2.6373 2.7014 -11.4394, -2.6524 2.7571 -11.4268, -2.8563 2.9012 -11.34, -2.8078 2.893 -11.34, -2.8064 2.8924 -11.34, -2.7611 2.8723 -11.34, -2.7601 2.8715 -11.34, -2.6734 2.8091 -11.4268, -2.6526 2.8208 -11.4647, -2.665 2.7014 -11.34, -2.66 2.7014 -11.3845, -2.6575 2.7014 -11.3915, -2.6452 2.7014 -11.4268, -2.665 -2.7014 -10.3, -2.665 -2.7014 -11.34, -2.6714 -2.7518 -10.3, -2.6715 -2.7518 -11.34, -2.6904 -2.7989 -10.3, -2.6715 -2.7521 -11.34, -2.6904 -2.7989 -11.34, -2.7205 -2.8397 -10.3, -2.6907 -2.7994 -11.34, -2.7206 -2.8397 -11.34, -2.76 -2.8717 -10.3, -2.7212 -2.8404 -11.34, -2.7601 -2.8715 -11.34, -2.8063 -2.8926 -10.3, -2.7611 -2.8723 -11.34, -2.8064 -2.8924 -11.34, -2.8563 -2.9012 -10.3, -2.8078 -2.893 -11.34, -2.8563 -2.9012 -11.34, -2.66 -2.7014 -11.3845, -2.6863 -2.8019 -11.3845, -2.7176 -2.8439 -11.3845, -2.7268 -2.9021 -11.4647, -2.6898 -2.8707 -11.4647, -2.667 -2.8927 -11.4964, -2.8039 -2.8987 -11.3819, -2.8143 -2.9015 -11.3804, -2.727 -2.9021 -11.4646, -2.7405 -2.902 -11.4515, -2.7508 -2.8892 -11.4268, -2.7713 -2.9018 -11.4219, -2.7585 -2.8766 -11.3845, -2.8 -2.9016 -11.3942, -2.8006 -2.9016 -11.3937, -2.7069 -2.8542 -11.4268, -2.65 -2.9088 -11.5119, -2.6543 -2.9082 -11.5104, -2.6803 -2.906 -11.4939, -2.5163 -2.8974 -11.54, -2.5349 -2.9273 -11.54, -2.5835 -2.9184 -11.5338, -2.6667 -2.7533 -11.3845, -2.6575 -2.7014 -11.3915, -2.6524 -2.7571 -11.4268, -2.6452 -2.7014 -11.4268, -2.6373 -2.7014 -11.4394, -2.6293 -2.7631 -11.4647, -2.6734 -2.8091 -11.4268, -2.6526 -2.8208 -11.4647, -2.625 -2.8363 -11.4964, -2.592 -2.8549 -11.5202, -2.6323 -2.9112 -11.5185, -2.5943 -2.9164 -11.5325, -2.6214 -2.7014 -11.4647, -2.6055 -2.7014 -11.4805, -2.5987 -2.7711 -11.4964, -2.5897 -2.7014 -11.4964, -2.5644 -2.7014 -11.5123, -2.562 -2.7808 -11.5202, -2.5551 -2.8756 -11.535, -2.5211 -2.7915 -11.535, -2.5095 -2.7014 -11.535, -2.5165 -2.7014 -11.5325, -2.5518 -2.7014 -11.5202, -2.478 -2.8027 -11.54, -2.465 -2.7014 -11.54, -2.665 2.7014 -10.3, -2.6714 2.7518 -10.3, -2.6904 2.7989 -10.3, -2.7205 2.8397 -10.3, -2.76 2.8717 -10.3, -2.8063 2.8926 -10.3, -2.8563 2.9012 -10.3, -1.5 4.2 -11.75, -1.5284 4.4703 -11.75, -1.5 4.2 -10.3, -1.5443 4.5365 -10.3, -1.5494 4.5348 -11.75, -1.6124 4.7288 -11.75, -1.6742 4.85 -10.3, -1.6803 4.8464 -11.75, -1.7483 4.9641 -11.75, -1.8808 5.1192 -10.3, -1.8847 5.1157 -11.75, -1.9301 5.1661 -11.75, -2.15 5.3258 -10.3, -2.15 5.3258 -11.75, -2.3983 5.4364 -11.75, -2.4635 5.4557 -10.3, -2.4646 5.4505 -11.75, -2.6641 5.4929 -11.75, -2.8 5.5 -10.3, -2.8 5.4929 -11.75, -2.9359 5.4929 -11.75, -3.1365 5.4557 -10.3, -3.1354 5.4505 -11.75, -3.2017 5.4364 -11.75, -3.45 5.3258 -10.3, -3.45 5.3258 -11.75, -3.6699 5.1661 -11.75, -3.7192 5.1192 -10.3, -3.7153 5.1157 -11.75, -3.8517 4.9641 -11.75, -3.9258 4.85 -10.3, -3.9197 4.8464 -11.75, -3.9876 4.7288 -11.75, -4.0557 4.5365 -10.3, -4.1 4.2 -11.75, -4.1 4.2 -10.3, -4.0716 4.4703 -11.75, -4.0506 4.5348 -11.75, -3.9814 4.726 -11.8018, -3.8462 4.9601 -11.8018, -2.9352 5.4861 -11.8018, -2.6648 5.4861 -11.8018, -1.7538 4.9601 -11.8018, -1.6186 4.726 -11.8018, -1.724 4.4287 -11.95, -1.7951 4.6474 -11.95, -1.6734 4.4395 -11.9432, -1.7478 4.6685 -11.9432, -1.6262 4.4495 -11.9232, -1.7037 4.6881 -11.9232, -1.5857 4.4581 -11.8914, -1.6659 4.7049 -11.8914, -1.5546 4.4647 -11.85, -1.6369 4.7179 -11.85, -1.5351 4.4689 -11.8018, -2.4601 5.2462 -11.95, -2.685 5.294 -11.95, -2.4441 5.2954 -11.9432, -2.6796 5.3455 -11.9432, -2.4292 5.3413 -11.9232, -2.6746 5.3934 -11.9232, -2.4164 5.3807 -11.8914, -2.6702 5.4346 -11.8914, -2.4066 5.4109 -11.85, -2.6669 5.4662 -11.85, -2.4004 5.4299 -11.8018, -3.536 5.0175 -11.95, -3.6899 4.8466 -11.95, -3.5707 5.0559 -11.9432, -3.7318 4.877 -11.9432, -3.603 5.0918 -11.9232, -3.7708 4.9053 -11.9232, -3.6307 5.1226 -11.8914, -3.8043 4.9297 -11.8914, -3.6519 5.1462 -11.85, -3.83 4.9484 -11.85, -3.6653 5.161 -11.8018, -1.7 4.2 -11.95, -1.6482 4.2 -11.9432, -1.6 4.2 -11.9232, -1.5586 4.2 -11.8914, -1.5268 4.2 -11.85, -1.5068 4.2 -11.8018, -1.77 4.9484 -11.85, -1.7957 4.9297 -11.8914, -1.8292 4.9053 -11.9232, -1.8682 4.877 -11.9432, -1.9101 4.8466 -11.95, -1.9347 5.161 -11.8018, -1.9481 5.1462 -11.85, -1.9693 5.1226 -11.8914, -1.997 5.0918 -11.9232, -2.0293 5.0559 -11.9432, -2.064 5.0175 -11.95, -2.25 5.1526 -11.95, -2.2241 5.1975 -11.9432, -2.2 5.2392 -11.9232, -2.1793 5.2751 -11.8914, -2.1634 5.3026 -11.85, -2.1534 5.3199 -11.8018, -2.9331 5.4662 -11.85, -2.9298 5.4346 -11.8914, -2.9254 5.3934 -11.9232, -2.9204 5.3455 -11.9432, -2.915 5.294 -11.95, -3.1996 5.4299 -11.8018, -3.1934 5.4109 -11.85, -3.1836 5.3807 -11.8914, -3.1708 5.3413 -11.9232, -3.1559 5.2954 -11.9432, -3.1399 5.2462 -11.95, -3.35 5.1526 -11.95, -3.3759 5.1975 -11.9432, -3.4 5.2392 -11.9232, -3.4207 5.2751 -11.8914, -3.4366 5.3026 -11.85, -3.4466 5.3199 -11.8018, -3.9631 4.7179 -11.85, -3.9341 4.7049 -11.8914, -3.8963 4.6881 -11.9232, -3.8522 4.6685 -11.9432, -3.8049 4.6474 -11.95, -4.0649 4.4689 -11.8018, -4.0454 4.4647 -11.85, -4.0143 4.4581 -11.8914, -3.9738 4.4495 -11.9232, -3.9266 4.4395 -11.9432, -3.876 4.4287 -11.95, -3.9 4.2 -11.95, -3.9518 4.2 -11.9432, -4.0 4.2 -11.9232, -4.0414 4.2 -11.8914, -4.0732 4.2 -11.85, -4.0932 4.2 -11.8018, -1.5494 3.8652 -11.75, -1.6124 3.6712 -11.75, -1.6186 3.674 -11.8018, -1.6803 3.5536 -11.75, -1.7483 3.4359 -11.75, -1.7538 3.4399 -11.8018, -2.4646 2.9495 -11.75, -2.6641 2.9071 -11.75, -2.6648 2.9139 -11.8018, -2.8 2.9071 -11.75, -2.9359 2.9071 -11.75, -2.9352 2.9139 -11.8018, -3.7153 3.2843 -11.75, -3.8517 3.4359 -11.75, -3.8462 3.4399 -11.8018, -3.9197 3.5536 -11.75, -3.9876 3.6712 -11.75, -3.9814 3.674 -11.8018, -3.876 3.9713 -11.95, -3.8049 3.7526 -11.95, -3.9266 3.9605 -11.9432, -3.8522 3.7315 -11.9432, -3.9738 3.9505 -11.9232, -3.8963 3.7119 -11.9232, -4.0143 3.9419 -11.8914, -3.9341 3.6951 -11.8914, -4.0454 3.9353 -11.85, -3.9631 3.6821 -11.85, -4.0649 3.9311 -11.8018, -3.1399 3.1538 -11.95, -2.915 3.106 -11.95, -3.1559 3.1046 -11.9432, -2.9204 3.0545 -11.9432, -3.1708 3.0587 -11.9232, -2.9254 3.0066 -11.9232, -3.1836 3.0193 -11.8914, -2.9298 2.9654 -11.8914, -3.1934 2.9891 -11.85, -2.9331 2.9338 -11.85, -3.1996 2.9701 -11.8018, -2.064 3.3825 -11.95, -1.9101 3.5534 -11.95, -2.0293 3.3441 -11.9432, -1.8682 3.523 -11.9432, -1.997 3.3082 -11.9232, -1.8292 3.4947 -11.9232, -1.9693 3.2774 -11.8914, -1.7957 3.4703 -11.8914, -1.9481 3.2538 -11.85, -1.77 3.4516 -11.85, -1.9347 3.239 -11.8018, -4.0716 3.9297 -11.75, -4.0506 3.8652 -11.75, -3.83 3.4516 -11.85, -3.8043 3.4703 -11.8914, -3.7708 3.4947 -11.9232, -3.7318 3.523 -11.9432, -3.6899 3.5534 -11.95, -3.6699 3.2339 -11.75, -3.6653 3.239 -11.8018, -3.6519 3.2538 -11.85, -3.6307 3.2774 -11.8914, -3.603 3.3082 -11.9232, -3.5707 3.3441 -11.9432, -3.536 3.3825 -11.95, -3.35 3.2474 -11.95, -3.3759 3.2025 -11.9432, -3.4 3.1608 -11.9232, -3.4207 3.1249 -11.8914, -3.4366 3.0974 -11.85, -3.4466 3.0801 -11.8018, -3.45 3.0742 -11.75, -3.2017 2.9636 -11.75, -3.1354 2.9495 -11.75, -2.6669 2.9338 -11.85, -2.6702 2.9654 -11.8914, -2.6746 3.0066 -11.9232, -2.6796 3.0545 -11.9432, -2.685 3.106 -11.95, -2.3983 2.9636 -11.75, -2.4004 2.9701 -11.8018, -2.4066 2.9891 -11.85, -2.4164 3.0193 -11.8914, -2.4292 3.0587 -11.9232, -2.4441 3.1046 -11.9432, -2.4601 3.1538 -11.95, -2.25 3.2474 -11.95, -2.2241 3.2025 -11.9432, -2.2 3.1608 -11.9232, -2.1793 3.1249 -11.8914, -2.1634 3.0974 -11.85, -2.1534 3.0801 -11.8018, -2.15 3.0742 -11.75, -1.9301 3.2339 -11.75, -1.8847 3.2843 -11.75, -1.6369 3.6821 -11.85, -1.6659 3.6951 -11.8914, -1.7037 3.7119 -11.9232, -1.7478 3.7315 -11.9432, -1.7951 3.7526 -11.95, -1.5284 3.9297 -11.75, -1.5351 3.9311 -11.8018, -1.5546 3.9353 -11.85, -1.5857 3.9419 -11.8914, -1.6262 3.9505 -11.9232, -1.6734 3.9605 -11.9432, -1.724 3.9713 -11.95, -3.1365 2.9443 -10.3, -2.7135 2.9029 -11.4746, -2.4635 2.9443 -11.54, -2.15 3.0742 -11.54, -1.8808 3.2808 -11.54, -1.6577 3.5795 -11.4506, -4.0557 3.8635 -10.3, -3.9258 3.55 -10.3, -3.7192 3.2808 -10.3, -3.45 3.0742 -10.3, -1.5443 3.8635 -10.3, -1.6085 3.68 -10.3, -1.4252 3.4 -10.3, -1.4743 3.4061 -10.3, -1.5203 3.4241 -10.3, -1.5606 3.4528 -10.3, -1.5926 3.4905 -10.3, -1.6143 3.5348 -10.3, -1.6245 3.5832 -10.3, -1.6226 3.6326 -10.3, 2.6352 3.4 -10.3, 2.6843 3.4061 -10.3, 2.7303 3.4241 -10.3, 2.7706 3.4528 -10.3, 2.8026 3.4905 -10.3, 2.8243 3.5348 -10.3, 2.8345 3.5832 -10.3, 2.8326 3.6326 -10.3, 2.8185 3.68 -10.3, 5.31 4.2 -11.75, 5.2816 4.4703 -11.75, 5.31 4.2 -10.3, 5.2657 4.5365 -10.3, 5.2606 4.5348 -11.75, 5.1976 4.7288 -11.75, 5.1358 4.85 -10.3, 5.1297 4.8464 -11.75, 5.0617 4.9641 -11.75, 4.9292 5.1192 -10.3, 4.9253 5.1157 -11.75, 4.8799 5.1661 -11.75, 4.66 5.3258 -10.3, 4.66 5.3258 -11.75, 4.4117 5.4364 -11.75, 4.3465 5.4557 -10.3, 4.3454 5.4505 -11.75, 4.1459 5.4929 -11.75, 4.01 5.5 -10.3, 4.01 5.4929 -11.75, 3.8741 5.4929 -11.75, 3.6735 5.4557 -10.3, 3.6746 5.4505 -11.75, 3.6083 5.4364 -11.75, 3.36 5.3258 -10.3, 3.36 5.3258 -11.75, 3.1401 5.1661 -11.75, 3.0908 5.1192 -10.3, 3.0947 5.1157 -11.75, 2.9583 4.9641 -11.75, 2.8842 4.85 -10.3, 2.8903 4.8464 -11.75, 2.8224 4.7288 -11.75, 2.7543 4.5365 -10.3, 2.71 4.2 -11.75, 2.71 4.2 -10.3, 2.7384 4.4703 -11.75, 2.7594 4.5348 -11.75, 2.8286 4.726 -11.8018, 2.9638 4.9601 -11.8018, 5.086 4.4287 -11.95, 5.0149 4.6474 -11.95, 5.1366 4.4395 -11.9432, 5.0622 4.6685 -11.9432, 5.1838 4.4495 -11.9232, 5.1063 4.6881 -11.9232, 5.2243 4.4581 -11.8914, 5.1441 4.7049 -11.8914, 5.2554 4.4647 -11.85, 5.1731 4.7179 -11.85, 5.2749 4.4689 -11.8018, 5.1914 4.726 -11.8018, 4.3499 5.2462 -11.95, 4.125 5.294 -11.95, 4.3659 5.2954 -11.9432, 4.1304 5.3455 -11.9432, 4.3808 5.3413 -11.9232, 4.1354 5.3934 -11.9232, 4.3936 5.3807 -11.8914, 4.1398 5.4346 -11.8914, 4.4034 5.4109 -11.85, 4.1431 5.4662 -11.85, 4.4096 5.4299 -11.8018, 4.1452 5.4861 -11.8018, 3.274 5.0175 -11.95, 3.1201 4.8466 -11.95, 3.2393 5.0559 -11.9432, 3.0782 4.877 -11.9432, 3.207 5.0918 -11.9232, 3.0392 4.9053 -11.9232, 3.1793 5.1226 -11.8914, 3.0057 4.9297 -11.8914, 3.1581 5.1462 -11.85, 2.98 4.9484 -11.85, 3.1447 5.161 -11.8018, 5.11 4.2 -11.95, 5.1618 4.2 -11.9432, 5.21 4.2 -11.9232, 5.2514 4.2 -11.8914, 5.2832 4.2 -11.85, 5.3032 4.2 -11.8018, 5.0562 4.9601 -11.8018, 5.04 4.9484 -11.85, 5.0143 4.9297 -11.8914, 4.9808 4.9053 -11.9232, 4.9418 4.877 -11.9432, 4.8999 4.8466 -11.95, 4.8753 5.161 -11.8018, 4.8619 5.1462 -11.85, 4.8407 5.1226 -11.8914, 4.813 5.0918 -11.9232, 4.7807 5.0559 -11.9432, 4.746 5.0175 -11.95, 4.56 5.1526 -11.95, 4.5859 5.1975 -11.9432, 4.61 5.2392 -11.9232, 4.6307 5.2751 -11.8914, 4.6466 5.3026 -11.85, 4.6566 5.3199 -11.8018, 3.8748 5.4861 -11.8018, 3.8769 5.4662 -11.85, 3.8802 5.4346 -11.8914, 3.8846 5.3934 -11.9232, 3.8896 5.3455 -11.9432, 3.895 5.294 -11.95, 3.6104 5.4299 -11.8018, 3.6166 5.4109 -11.85, 3.6264 5.3807 -11.8914, 3.6392 5.3413 -11.9232, 3.6541 5.2954 -11.9432, 3.6701 5.2462 -11.95, 3.46 5.1526 -11.95, 3.4341 5.1975 -11.9432, 3.41 5.2392 -11.9232, 3.3893 5.2751 -11.8914, 3.3734 5.3026 -11.85, 3.3634 5.3199 -11.8018, 2.8469 4.7179 -11.85, 2.8759 4.7049 -11.8914, 2.9137 4.6881 -11.9232, 2.9578 4.6685 -11.9432, 3.0051 4.6474 -11.95, 2.7451 4.4689 -11.8018, 2.7646 4.4647 -11.85, 2.7957 4.4581 -11.8914, 2.8362 4.4495 -11.9232, 2.8834 4.4395 -11.9432, 2.934 4.4287 -11.95, 2.91 4.2 -11.95, 2.8582 4.2 -11.9432, 2.81 4.2 -11.9232, 2.7686 4.2 -11.8914, 2.7368 4.2 -11.85, 2.7168 4.2 -11.8018, 5.2606 3.8652 -11.75, 5.1976 3.6712 -11.75, 5.1914 3.674 -11.8018, 5.1297 3.5536 -11.75, 5.0617 3.4359 -11.75, 5.0562 3.4399 -11.8018, 4.3454 2.9495 -11.75, 4.1459 2.9071 -11.75, 4.1452 2.9139 -11.8018, 4.01 2.9071 -11.75, 3.8741 2.9071 -11.75, 3.8748 2.9139 -11.8018, 3.0947 3.2843 -11.75, 2.9583 3.4359 -11.75, 2.9638 3.4399 -11.8018, 2.8903 3.5536 -11.75, 2.8224 3.6712 -11.75, 2.8286 3.674 -11.8018, 2.934 3.9713 -11.95, 3.0051 3.7526 -11.95, 2.8834 3.9605 -11.9432, 2.9578 3.7315 -11.9432, 2.8362 3.9505 -11.9232, 2.9137 3.7119 -11.9232, 2.7957 3.9419 -11.8914, 2.8759 3.6951 -11.8914, 2.7646 3.9353 -11.85, 2.8469 3.6821 -11.85, 2.7451 3.9311 -11.8018, 3.6701 3.1538 -11.95, 3.895 3.106 -11.95, 3.6541 3.1046 -11.9432, 3.8896 3.0545 -11.9432, 3.6392 3.0587 -11.9232, 3.8846 3.0066 -11.9232, 3.6264 3.0193 -11.8914, 3.8802 2.9654 -11.8914, 3.6166 2.9891 -11.85, 3.8769 2.9338 -11.85, 3.6104 2.9701 -11.8018, 4.746 3.3825 -11.95, 4.8999 3.5534 -11.95, 4.7807 3.3441 -11.9432, 4.9418 3.523 -11.9432, 4.813 3.3082 -11.9232, 4.9808 3.4947 -11.9232, 4.8407 3.2774 -11.8914, 5.0143 3.4703 -11.8914, 4.8619 3.2538 -11.85, 5.04 3.4516 -11.85, 4.8753 3.239 -11.8018, 2.7384 3.9297 -11.75, 2.7594 3.8652 -11.75, 2.98 3.4516 -11.85, 3.0057 3.4703 -11.8914, 3.0392 3.4947 -11.9232, 3.0782 3.523 -11.9432, 3.1201 3.5534 -11.95, 3.1401 3.2339 -11.75, 3.1447 3.239 -11.8018, 3.1581 3.2538 -11.85, 3.1793 3.2774 -11.8914, 3.207 3.3082 -11.9232, 3.2393 3.3441 -11.9432, 3.274 3.3825 -11.95, 3.46 3.2474 -11.95, 3.4341 3.2025 -11.9432, 3.41 3.1608 -11.9232, 3.3893 3.1249 -11.8914, 3.3734 3.0974 -11.85, 3.3634 3.0801 -11.8018, 3.36 3.0742 -11.75, 3.6083 2.9636 -11.75, 3.6746 2.9495 -11.75, 4.1431 2.9338 -11.85, 4.1398 2.9654 -11.8914, 4.1354 3.0066 -11.9232, 4.1304 3.0545 -11.9432, 4.125 3.106 -11.95, 4.4117 2.9636 -11.75, 4.4096 2.9701 -11.8018, 4.4034 2.9891 -11.85, 4.3936 3.0193 -11.8914, 4.3808 3.0587 -11.9232, 4.3659 3.1046 -11.9432, 4.3499 3.1538 -11.95, 4.56 3.2474 -11.95, 4.5859 3.2025 -11.9432, 4.61 3.1608 -11.9232, 4.6307 3.1249 -11.8914, 4.6466 3.0974 -11.85, 4.6566 3.0801 -11.8018, 4.66 3.0742 -11.75, 4.8799 3.2339 -11.75, 4.9253 3.2843 -11.75, 5.1731 3.6821 -11.85, 5.1441 3.6951 -11.8914, 5.1063 3.7119 -11.9232, 5.0622 3.7315 -11.9432, 5.0149 3.7526 -11.95, 5.2816 3.9297 -11.75, 5.2749 3.9311 -11.8018, 5.2554 3.9353 -11.85, 5.2243 3.9419 -11.8914, 5.1838 3.9505 -11.9232, 5.1366 3.9605 -11.9432, 5.086 3.9713 -11.95, 2.7543 3.8635 -10.3, 2.8822 3.5534 -11.4738, 3.0908 3.2808 -11.54, 3.36 3.0742 -11.54, 3.6735 2.9443 -11.54, 4.01 2.9016 -11.4026, 3.99 2.9016 -11.4219, 3.9597 2.9016 -11.451, 3.9457 2.9016 -11.4646, 3.9455 2.9016 -11.4647, 3.899 2.9052 -11.4939, 3.8729 2.9072 -11.5104, 3.8705 2.9076 -11.5113, 3.8509 2.9101 -11.5185, 3.8129 2.915 -11.5325, 3.8021 2.9169 -11.5338, 3.7534 2.9256 -11.54, 4.075 2.9016 -10.3, 4.075 2.9016 -11.34, 4.033 2.9016 -11.3804, 4.0195 2.9016 -11.3934, 4.3465 2.9443 -10.3, 4.66 3.0742 -10.3, 4.9292 3.2808 -10.3, 5.1358 3.55 -10.3, 5.2657 3.8635 -10.3, 3.885 2.7019 -10.3, 3.885 2.7019 -11.34, 3.8914 2.752 -10.3, 3.8914 2.752 -11.34, 3.9102 2.799 -10.3, 3.8915 2.7523 -11.34, 3.9102 2.7989 -11.34, 3.9401 2.8397 -10.3, 3.9104 2.7995 -11.34, 3.9402 2.8396 -11.34, 3.9793 2.8717 -10.3, 3.9407 2.8404 -11.34, 3.9794 2.8715 -11.34, 4.0252 2.8927 -10.3, 3.9803 2.8723 -11.34, 4.0253 2.8926 -11.34, 4.0267 2.8932 -11.34, 3.88 2.7019 -11.3845, 3.9061 2.802 -11.3845, 3.9371 2.8438 -11.3845, 3.9092 2.8706 -11.4647, 3.8864 2.8925 -11.4964, 4.0228 2.8988 -11.3819, 3.9457 2.9016 -11.4646, 3.9699 2.8892 -11.4268, 3.9777 2.8766 -11.3845, 3.9264 2.8541 -11.4268, 3.7359 2.8971 -11.54, 3.8866 2.7536 -11.3845, 3.8775 2.7019 -11.3915, 3.8723 2.7573 -11.4268, 3.8652 2.7019 -11.4268, 3.8573 2.7019 -11.4394, 3.8492 2.7633 -11.4647, 3.8932 2.8092 -11.4268, 3.8724 2.8208 -11.4647, 3.8447 2.8363 -11.4964, 3.8116 2.8548 -11.5202, 3.8414 2.7019 -11.4647, 3.8255 2.7019 -11.4805, 3.8186 2.7713 -11.4964, 3.8097 2.7019 -11.4964, 3.7844 2.7019 -11.5123, 3.7819 2.7809 -11.5202, 3.7747 2.8754 -11.535, 3.741 2.7915 -11.535, 3.7295 2.7019 -11.535, 3.7365 2.7019 -11.5325, 3.7718 2.7019 -11.5202, 3.6979 2.8028 -11.54, 3.685 2.7019 -11.54, 3.885 0.9855 -11.34, 3.8782 0.9855 -11.3918, 3.8582 0.9855 -11.44, 3.8264 0.9855 -11.4814, 3.785 0.9855 -11.5132, 3.7368 0.9855 -11.5332, 3.685 0.9855 -11.54, 3.885 0.9855 -10.3, 4.2599 0.8741 -10.3, 4.2599 0.8741 -11.34, 4.226 0.8344 -10.3, 4.226 0.8344 -11.34, 4.1832 0.8046 -10.3, 4.1832 0.8046 -11.34, 4.1343 0.7866 -10.3, 4.1343 0.7866 -11.34, 4.0823 0.7817 -10.3, 4.0823 0.7817 -11.34, 4.0309 0.79 -10.3, 4.0309 0.79 -11.34, 3.9832 0.8111 -10.3, 3.9832 0.8111 -11.34, 3.9424 0.8437 -10.3, 3.9424 0.8437 -11.34, 3.9112 0.8855 -10.3, 3.9112 0.8855 -11.34, 3.8917 0.9338 -10.3, 3.8917 0.9338 -11.34, 3.7483 0.8962 -11.5332, 3.7949 0.9085 -11.5132, 3.835 0.919 -11.4814, 3.8657 0.927 -11.44, 3.8851 0.9321 -11.3918, 3.9053 0.8821 -11.3918, 3.9375 0.8389 -11.3918, 3.9796 0.8053 -11.3918, 4.0289 0.7835 -11.3918, 4.0821 0.7748 -11.3918, 4.1358 0.78 -11.3918, 4.1864 0.7986 -11.3918, 4.2306 0.8294 -11.3918, 4.2656 0.8704 -11.3918, 3.8879 0.8723 -11.44, 3.9232 0.825 -11.44, 3.9693 0.7882 -11.44, 4.0232 0.7643 -11.44, 4.0815 0.7549 -11.44, 4.1402 0.7605 -11.44, 4.1956 0.7808 -11.44, 4.244 0.8146 -11.44, 4.2823 0.8595 -11.44, 3.8602 0.8567 -11.4814, 3.9003 0.8029 -11.4814, 3.9528 0.7611 -11.4814, 4.0142 0.7339 -11.4814, 4.0804 0.7231 -11.4814, 4.1473 0.7295 -11.4814, 4.2103 0.7527 -11.4814, 4.2654 0.791 -11.4814, 4.3089 0.8421 -11.4814, 3.8241 0.8364 -11.5132, 3.8706 0.7741 -11.5132, 3.9313 0.7256 -11.5132, 4.0024 0.6941 -11.5132, 4.0791 0.6817 -11.5132, 4.1565 0.6891 -11.5132, 4.2294 0.7159 -11.5132, 4.2932 0.7603 -11.5132, 4.3436 0.8195 -11.5132, 3.7821 0.8128 -11.5332, 3.8359 0.7406 -11.5332, 3.9063 0.6844 -11.5332, 3.9886 0.6479 -11.5332, 4.0775 0.6335 -11.5332, 4.1672 0.6421 -11.5332, 4.2517 0.6731 -11.5332, 4.3256 0.7246 -11.5332, 4.384 0.7931 -11.5332, 3.6982 0.8831 -11.54, 3.737 0.7874 -11.54, 3.7987 0.7046 -11.54, 3.8794 0.6401 -11.54, 3.9739 0.5983 -11.54, 4.0758 0.5818 -11.54, 4.1786 0.5916 -11.54, 4.2756 0.6272 -11.54, 4.3604 0.6862 -11.54, 4.4274 0.7648 -11.54, 4.5299 1.1806 -11.34, 4.6799 1.309 -11.34, 4.6839 1.3034 -11.3918, 5.2464 1.559 -11.34, 5.5322 1.5986 -11.34, 5.5325 1.5918 -11.3918, 5.6535 1.5922 -11.34, 5.8355 1.5826 -11.34, 5.8345 1.5758 -11.3918, 6.4306 1.3645 -11.34, 6.6526 1.205 -11.34, 6.6481 1.1999 -11.3918, 6.7465 1.1057 -11.34, 6.8613 0.9844 -11.34, 6.856 0.9802 -11.3918, 6.9879 -0.7868 -11.34, 6.8561 -0.991 -11.34, 6.8508 -0.9868 -11.3918, 6.4234 -1.3688 -11.34, 6.3987 -1.3864 -11.34, 6.3953 -1.3805 -11.3918, 6.0486 -1.5302 -11.34, 5.8272 -1.5838 -11.34, 5.8262 -1.577 -11.3918, 5.2382 -1.5572 -11.34, 5.2232 -1.555 -11.34, 5.2248 -1.5484 -11.3918, 4.8573 -1.4103 -11.34, 4.6731 -1.3041 -11.34, 4.677 -1.2986 -11.3918, 4.5879 -0.9673 -11.54, 4.7889 -1.1411 -11.54, 4.5505 -1.0031 -11.5332, 4.7589 -1.1833 -11.5332, 4.5156 -1.0364 -11.5132, 4.731 -1.2226 -11.5132, 4.4857 -1.065 -11.4814, 4.707 -1.2564 -11.4814, 4.4627 -1.087 -11.44, 4.6886 -1.2823 -11.44, 4.4483 -1.1008 -11.3918, 5.5333 -1.3984 -11.54, 5.7988 -1.3858 -11.54, 5.5309 -1.4501 -11.5332, 5.8061 -1.4371 -11.5332, 5.5286 -1.4983 -11.5132, 5.813 -1.4848 -11.5132, 5.5266 -1.5397 -11.4814, 5.8189 -1.5258 -11.4814, 5.5251 -1.5714 -11.44, 5.8234 -1.5573 -11.44, 5.5241 -1.5914 -11.3918, 6.5155 -1.0592 -11.54, 6.6991 -0.8671 -11.54, 6.5493 -1.0984 -11.5332, 6.7398 -0.8992 -11.5332, 6.5809 -1.1349 -11.5132, 6.7776 -0.9291 -11.5132, 6.608 -1.1662 -11.4814, 6.8102 -0.9547 -11.4814, 6.6287 -1.1902 -11.44, 6.8351 -0.9744 -11.44, 6.6418 -1.2054 -11.3918, 6.9424 -0.3973 -11.54, 6.9933 -0.1365 -11.54, 6.9921 -0.412 -11.5332, 7.0448 -0.1416 -11.5332, 7.0383 -0.4257 -11.5132, 7.0928 -0.1463 -11.5132, 7.078 -0.4375 -11.4814, 7.1341 -0.1503 -11.4814, 7.1085 -0.4465 -11.44, 7.1657 -0.1534 -11.44, 7.1277 -0.4522 -11.3918, 7.1856 -0.1554 -11.3918, 6.8465 0.6373 -11.54, 6.7037 0.8613 -11.54, 6.8926 0.6609 -11.5332, 6.7445 0.8932 -11.5332, 6.9356 0.6828 -11.5132, 6.7825 0.9229 -11.5132, 6.9725 0.7017 -11.4814, 6.8152 0.9484 -11.4814, 7.0008 0.7161 -11.44, 6.8402 0.9679 -11.44, 7.0185 0.7252 -11.3918, 6.064 1.3209 -11.54, 5.8061 1.3848 -11.54, 6.0812 1.3697 -11.5332, 5.8137 1.436 -11.5332, 6.0971 1.4152 -11.5132, 5.8208 1.4837 -11.5132, 6.1109 1.4543 -11.4814, 5.8269 1.5246 -11.4814, 6.1214 1.4843 -11.44, 5.8315 1.5561 -11.44, 6.128 1.5031 -11.3918, 5.0259 1.2769 -11.54, 4.7949 1.1454 -11.54, 5.0046 1.3241 -11.5332, 4.7652 1.1877 -11.5332, 4.9849 1.3681 -11.5132, 4.7374 1.2272 -11.5132, 4.9679 1.4058 -11.4814, 4.7136 1.2611 -11.4814, 4.9548 1.4348 -11.44, 4.6953 1.2871 -11.44, 4.9466 1.4531 -11.3918, 4.4234 -0.7587 -11.54, 4.3799 -0.7867 -11.5332, 4.3393 -0.8129 -11.5132, 4.3045 -0.8353 -11.4814, 4.2778 -0.8525 -11.44, 4.261 -0.8633 -11.3918, 4.2553 -0.867 -11.34, 4.4433 -1.1055 -11.34, 4.5237 -1.175 -11.34, 4.9362 -1.4558 -11.34, 4.939 -1.4496 -11.3918, 4.9473 -1.4314 -11.44, 4.9605 -1.4025 -11.4814, 4.9777 -1.3648 -11.5132, 4.9977 -1.3209 -11.5332, 5.0192 -1.2738 -11.54, 5.2703 -1.3606 -11.54, 5.2581 -1.4109 -11.5332, 5.2468 -1.4578 -11.5132, 5.237 -1.4981 -11.4814, 5.2295 -1.529 -11.44, 5.5238 -1.5982 -11.34, 5.6451 -1.5924 -11.34, 6.1223 -1.5123 -11.34, 6.1201 -1.5059 -11.3918, 6.1136 -1.487 -11.44, 6.1032 -1.457 -11.4814, 6.0897 -1.4178 -11.5132, 6.0739 -1.3722 -11.5332, 6.057 -1.3233 -11.54, 6.2989 -1.2131 -11.54, 6.3247 -1.258 -11.5332, 6.3488 -1.2997 -11.5132, 6.3694 -1.3356 -11.4814, 6.3853 -1.3632 -11.44, 6.6463 -1.2105 -11.34, 6.7407 -1.1118 -11.34, 7.0208 -0.7358 -11.34, 7.0147 -0.7327 -11.3918, 6.997 -0.7235 -11.44, 6.9688 -0.7089 -11.4814, 6.932 -0.6898 -11.5132, 6.8891 -0.6676 -11.5332, 6.8432 -0.6438 -11.54, 7.1342 -0.4541 -11.34, 7.145 0.4014 -11.34, 7.1932 0.1477 -11.34, 7.1864 0.147 -11.3918, 7.1665 0.1452 -11.44, 7.1348 0.1423 -11.4814, 7.0936 0.1384 -11.5132, 7.0456 0.134 -11.5332, 6.994 0.1292 -11.54, 7.1928 -0.0042 -11.34, 7.1924 -0.156 -11.34, 7.1429 -0.4095 -11.34, 7.1366 0.446 -11.34, 7.13 0.4441 -11.3918, 7.1108 0.4386 -11.44, 7.0803 0.4297 -11.4814, 7.0405 0.4182 -11.5132, 6.9942 0.4047 -11.5332, 6.9445 0.3903 -11.54, 7.0246 0.7283 -11.34, 6.992 0.7795 -11.34, 6.635 1.1848 -11.44, 6.6141 1.1609 -11.4814, 6.5868 1.1297 -11.5132, 6.5551 1.0934 -11.5332, 6.521 1.0544 -11.54, 6.406 1.3822 -11.34, 6.4025 1.3763 -11.3918, 6.3925 1.359 -11.44, 6.3765 1.3316 -11.4814, 6.3556 1.2958 -11.5132, 6.3313 1.2541 -11.5332, 6.3052 1.2094 -11.54, 6.1303 1.5096 -11.34, 6.0567 1.5278 -11.34, 5.5334 1.5718 -11.44, 5.5347 1.54 -11.4814, 5.5365 1.4987 -11.5132, 5.5385 1.4505 -11.5332, 5.5407 1.3987 -11.54, 5.2314 1.557 -11.34, 5.233 1.5503 -11.3918, 5.2376 1.5309 -11.44, 5.2449 1.5 -11.4814, 5.2544 1.4597 -11.5132, 5.2655 1.4127 -11.5332, 5.2775 1.3623 -11.54, 4.9438 1.4593 -11.34, 4.8647 1.4142 -11.34, 4.4492 1.1116 -11.34, 4.4541 1.1068 -11.3918, 4.4684 1.093 -11.44, 4.4913 1.0709 -11.4814, 4.5211 1.0421 -11.5132, 4.5558 1.0086 -11.5332, 4.593 0.9726 -11.54, 4.2553 -0.867 -10.3, 4.5194 -1.18 -10.3, 4.8543 -1.4156 -10.3, 5.238 -1.5585 -10.3, 5.6454 -1.5994 -10.3, 6.0499 -1.5354 -10.3, 6.4249 -1.371 -10.3, 6.7459 -1.1167 -10.3, 6.9918 -0.7893 -10.3, 7.1465 -0.4102 -10.3, 7.2 -0.0042 -10.3, 7.1487 0.402 -10.3, 6.9959 0.782 -10.3, 6.7517 1.1107 -10.3, 6.4321 1.3666 -10.3, 6.058 1.5331 -10.3, 5.6539 1.5991 -10.3, 5.2462 1.5604 -10.3, 4.8617 1.4195 -10.3, 4.5256 1.1856 -10.3, 3.885 -0.9761 -10.3, 3.885 -0.9761 -11.34, 3.8916 -0.925 -10.3, 3.8916 -0.925 -11.34, 3.911 -0.8772 -10.3, 3.911 -0.8772 -11.34, 3.9418 -0.8359 -10.3, 3.9418 -0.8359 -11.34, 3.9822 -0.8038 -10.3, 3.9822 -0.8038 -11.34, 4.0294 -0.7831 -10.3, 4.0294 -0.7831 -11.34, 4.0803 -0.775 -10.3, 4.0803 -0.775 -11.34, 4.1316 -0.7801 -10.3, 4.1316 -0.7801 -11.34, 4.1799 -0.798 -10.3, 4.1799 -0.798 -11.34, 4.222 -0.8277 -10.3, 4.222 -0.8277 -11.34, 4.3221 -0.7183 -11.5332, 4.2896 -0.7539 -11.5132, 4.2616 -0.7844 -11.4814, 4.2401 -0.8079 -11.44, 4.2266 -0.8226 -11.3918, 4.183 -0.792 -11.3918, 4.1331 -0.7734 -11.3918, 4.0801 -0.7681 -11.3918, 4.0274 -0.7765 -11.3918, 3.9787 -0.798 -11.3918, 3.937 -0.8312 -11.3918, 3.905 -0.8738 -11.3918, 3.885 -0.9232 -11.3918, 3.8782 -0.9761 -11.3918, 4.1924 -0.7743 -11.44, 4.1376 -0.7539 -11.44, 4.0795 -0.7482 -11.44, 4.0218 -0.7574 -11.44, 3.9683 -0.7809 -11.44, 3.9226 -0.8172 -11.44, 3.8876 -0.864 -11.44, 3.8657 -0.9181 -11.44, 3.8582 -0.9761 -11.44, 4.2072 -0.7462 -11.4814, 4.1448 -0.723 -11.4814, 4.0785 -0.7164 -11.4814, 4.0128 -0.7269 -11.4814, 3.9519 -0.7537 -11.4814, 3.8998 -0.7951 -11.4814, 3.86 -0.8484 -11.4814, 3.8349 -0.9101 -11.4814, 3.8264 -0.9761 -11.4814, 4.2264 -0.7095 -11.5132, 4.1541 -0.6826 -11.5132, 4.0773 -0.675 -11.5132, 4.0011 -0.6871 -11.5132, 3.9305 -0.7182 -11.5132, 3.8701 -0.7663 -11.5132, 3.8239 -0.828 -11.5132, 3.7949 -0.8995 -11.5132, 3.785 -0.9761 -11.5132, 4.2489 -0.6668 -11.5332, 4.165 -0.6356 -11.5332, 4.0759 -0.6268 -11.5332, 3.9875 -0.6409 -11.5332, 3.9056 -0.6769 -11.5332, 3.8355 -0.7326 -11.5332, 3.7819 -0.8043 -11.5332, 3.7482 -0.8873 -11.5332, 3.7368 -0.9761 -11.5332, 4.3571 -0.6801 -11.54, 4.273 -0.621 -11.54, 4.1767 -0.5852 -11.54, 4.0744 -0.575 -11.54, 3.9729 -0.5912 -11.54, 3.8788 -0.6326 -11.54, 3.7984 -0.6966 -11.54, 3.7368 -0.7789 -11.54, 3.6982 -0.8741 -11.54, 3.685 -0.9761 -11.54, 3.885 -2.7019 -10.3, 3.8914 -2.752 -10.3, 3.9102 -2.799 -10.3, 3.9401 -2.8397 -10.3, 3.9793 -2.8717 -10.3, 4.0252 -2.8927 -10.3, 4.075 -2.9016 -10.3, 4.3465 -2.9443 -10.3, 4.3454 -2.9495 -11.75, 4.1459 -2.9071 -11.75, 3.8741 -2.9071 -11.75, 4.01 -2.9071 -11.75, 3.6746 -2.9495 -11.75, 3.6735 -2.9443 -11.54, 3.6083 -2.9636 -11.75, 3.36 -3.0742 -11.54, 2.8903 -3.5536 -11.75, 2.9473 -3.4513 -11.5325, 2.9583 -3.4359 -11.75, 3.36 -3.0742 -11.75, 3.1401 -3.2339 -11.75, 3.0908 -3.2808 -11.54, 3.0947 -3.2843 -11.75, 2.7594 -3.8652 -11.75, 2.8677 -3.5795 -11.4506, 2.8224 -3.6712 -11.75, 5.31 -4.2 -11.75, 5.2816 -3.9297 -11.75, 5.31 -4.2 -10.3, 5.2657 -3.8635 -10.3, 5.2606 -3.8652 -11.75, 5.1976 -3.6712 -11.75, 5.1358 -3.55 -10.3, 5.1297 -3.5536 -11.75, 5.0617 -3.4359 -11.75, 4.9292 -3.2808 -10.3, 4.9253 -3.2843 -11.75, 4.8799 -3.2339 -11.75, 4.66 -3.0742 -10.3, 4.4117 -2.9636 -11.75, 4.66 -3.0742 -11.75, 2.71 -4.2 -11.75, 2.71 -4.2 -10.3, 2.7384 -3.9297 -11.75, 2.7543 -3.8635 -10.3, 2.8286 -3.674 -11.8018, 2.9638 -3.4399 -11.8018, 5.086 -3.9713 -11.95, 5.0149 -3.7526 -11.95, 5.1366 -3.9605 -11.9432, 5.0622 -3.7315 -11.9432, 5.1838 -3.9505 -11.9232, 5.1063 -3.7119 -11.9232, 5.2243 -3.9419 -11.8914, 5.1441 -3.6951 -11.8914, 5.2554 -3.9353 -11.85, 5.1731 -3.6821 -11.85, 5.2749 -3.9311 -11.8018, 5.1914 -3.674 -11.8018, 4.3499 -3.1538 -11.95, 4.125 -3.106 -11.95, 4.3659 -3.1046 -11.9432, 4.1304 -3.0545 -11.9432, 4.3808 -3.0587 -11.9232, 4.1354 -3.0066 -11.9232, 4.3936 -3.0193 -11.8914, 4.1398 -2.9654 -11.8914, 4.4034 -2.9891 -11.85, 4.1431 -2.9338 -11.85, 4.4096 -2.9701 -11.8018, 4.1452 -2.9139 -11.8018, 3.274 -3.3825 -11.95, 3.1201 -3.5534 -11.95, 3.2393 -3.3441 -11.9432, 3.0782 -3.523 -11.9432, 3.207 -3.3082 -11.9232, 3.0392 -3.4947 -11.9232, 3.1793 -3.2774 -11.8914, 3.0057 -3.4703 -11.8914, 3.1581 -3.2538 -11.85, 2.98 -3.4516 -11.85, 3.1447 -3.239 -11.8018, 5.11 -4.2 -11.95, 5.1618 -4.2 -11.9432, 5.21 -4.2 -11.9232, 5.2514 -4.2 -11.8914, 5.2832 -4.2 -11.85, 5.3032 -4.2 -11.8018, 5.0562 -3.4399 -11.8018, 5.04 -3.4516 -11.85, 5.0143 -3.4703 -11.8914, 4.9808 -3.4947 -11.9232, 4.9418 -3.523 -11.9432, 4.8999 -3.5534 -11.95, 4.8753 -3.239 -11.8018, 4.8619 -3.2538 -11.85, 4.8407 -3.2774 -11.8914, 4.813 -3.3082 -11.9232, 4.7807 -3.3441 -11.9432, 4.746 -3.3825 -11.95, 4.56 -3.2474 -11.95, 4.5859 -3.2025 -11.9432, 4.61 -3.1608 -11.9232, 4.6307 -3.1249 -11.8914, 4.6466 -3.0974 -11.85, 4.6566 -3.0801 -11.8018, 3.8748 -2.9139 -11.8018, 3.8769 -2.9338 -11.85, 3.8802 -2.9654 -11.8914, 3.8846 -3.0066 -11.9232, 3.8896 -3.0545 -11.9432, 3.895 -3.106 -11.95, 3.6104 -2.9701 -11.8018, 3.6166 -2.9891 -11.85, 3.6264 -3.0193 -11.8914, 3.6392 -3.0587 -11.9232, 3.6541 -3.1046 -11.9432, 3.6701 -3.1538 -11.95, 3.46 -3.2474 -11.95, 3.4341 -3.2025 -11.9432, 3.41 -3.1608 -11.9232, 3.3893 -3.1249 -11.8914, 3.3734 -3.0974 -11.85, 3.3634 -3.0801 -11.8018, 2.8469 -3.6821 -11.85, 2.8759 -3.6951 -11.8914, 2.9137 -3.7119 -11.9232, 2.9578 -3.7315 -11.9432, 3.0051 -3.7526 -11.95, 2.7451 -3.9311 -11.8018, 2.7646 -3.9353 -11.85, 2.7957 -3.9419 -11.8914, 2.8362 -3.9505 -11.9232, 2.8834 -3.9605 -11.9432, 2.934 -3.9713 -11.95, 2.91 -4.2 -11.95, 2.8582 -4.2 -11.9432, 2.81 -4.2 -11.9232, 2.7686 -4.2 -11.8914, 2.7368 -4.2 -11.85, 2.7168 -4.2 -11.8018, 5.2606 -4.5348 -11.75, 5.1976 -4.7288 -11.75, 5.1914 -4.726 -11.8018, 5.1297 -4.8464 -11.75, 5.0617 -4.9641 -11.75, 5.0562 -4.9601 -11.8018, 4.3454 -5.4505 -11.75, 4.1459 -5.4929 -11.75, 4.1452 -5.4861 -11.8018, 4.01 -5.4929 -11.75, 3.8741 -5.4929 -11.75, 3.8748 -5.4861 -11.8018, 3.0947 -5.1157 -11.75, 2.9583 -4.9641 -11.75, 2.9638 -4.9601 -11.8018, 2.8903 -4.8464 -11.75, 2.8224 -4.7288 -11.75, 2.8286 -4.726 -11.8018, 2.934 -4.4287 -11.95, 3.0051 -4.6474 -11.95, 2.8834 -4.4395 -11.9432, 2.9578 -4.6685 -11.9432, 2.8362 -4.4495 -11.9232, 2.9137 -4.6881 -11.9232, 2.7957 -4.4581 -11.8914, 2.8759 -4.7049 -11.8914, 2.7646 -4.4647 -11.85, 2.8469 -4.7179 -11.85, 2.7451 -4.4689 -11.8018, 3.6701 -5.2462 -11.95, 3.895 -5.294 -11.95, 3.6541 -5.2954 -11.9432, 3.8896 -5.3455 -11.9432, 3.6392 -5.3413 -11.9232, 3.8846 -5.3934 -11.9232, 3.6264 -5.3807 -11.8914, 3.8802 -5.4346 -11.8914, 3.6166 -5.4109 -11.85, 3.8769 -5.4662 -11.85, 3.6104 -5.4299 -11.8018, 4.746 -5.0175 -11.95, 4.8999 -4.8466 -11.95, 4.7807 -5.0559 -11.9432, 4.9418 -4.877 -11.9432, 4.813 -5.0918 -11.9232, 4.9808 -4.9053 -11.9232, 4.8407 -5.1226 -11.8914, 5.0143 -4.9297 -11.8914, 4.8619 -5.1462 -11.85, 5.04 -4.9484 -11.85, 4.8753 -5.161 -11.8018, 2.7384 -4.4703 -11.75, 2.7594 -4.5348 -11.75, 2.98 -4.9484 -11.85, 3.0057 -4.9297 -11.8914, 3.0392 -4.9053 -11.9232, 3.0782 -4.877 -11.9432, 3.1201 -4.8466 -11.95, 3.1401 -5.1661 -11.75, 3.1447 -5.161 -11.8018, 3.1581 -5.1462 -11.85, 3.1793 -5.1226 -11.8914, 3.207 -5.0918 -11.9232, 3.2393 -5.0559 -11.9432, 3.274 -5.0175 -11.95, 3.46 -5.1526 -11.95, 3.4341 -5.1975 -11.9432, 3.41 -5.2392 -11.9232, 3.3893 -5.2751 -11.8914, 3.3734 -5.3026 -11.85, 3.3634 -5.3199 -11.8018, 3.36 -5.3258 -11.75, 3.6083 -5.4364 -11.75, 3.6746 -5.4505 -11.75, 4.1431 -5.4662 -11.85, 4.1398 -5.4346 -11.8914, 4.1354 -5.3934 -11.9232, 4.1304 -5.3455 -11.9432, 4.125 -5.294 -11.95, 4.4117 -5.4364 -11.75, 4.4096 -5.4299 -11.8018, 4.4034 -5.4109 -11.85, 4.3936 -5.3807 -11.8914, 4.3808 -5.3413 -11.9232, 4.3659 -5.2954 -11.9432, 4.3499 -5.2462 -11.95, 4.56 -5.1526 -11.95, 4.5859 -5.1975 -11.9432, 4.61 -5.2392 -11.9232, 4.6307 -5.2751 -11.8914, 4.6466 -5.3026 -11.85, 4.6566 -5.3199 -11.8018, 4.66 -5.3258 -11.75, 4.8799 -5.1661 -11.75, 4.9253 -5.1157 -11.75, 5.1731 -4.7179 -11.85, 5.1441 -4.7049 -11.8914, 5.1063 -4.6881 -11.9232, 5.0622 -4.6685 -11.9432, 5.0149 -4.6474 -11.95, 5.2816 -4.4703 -11.75, 5.2749 -4.4689 -11.8018, 5.2554 -4.4647 -11.85, 5.2243 -4.4581 -11.8914, 5.1838 -4.4495 -11.9232, 5.1366 -4.4395 -11.9432, 5.086 -4.4287 -11.95, 2.7543 -4.5365 -10.3, 2.8842 -4.85 -10.3, 3.0908 -5.1192 -10.3, 3.3172 -5.3 -10.3, 3.6636 -5.4529 -10.2296, 3.6614 -5.4524 -10.2301, 3.6574 -5.4513 -10.2308, 3.6483 -5.4487 -10.2338, 3.5793 -5.4226 -10.2521, 3.4824 -5.386 -10.2779, 3.4554 -5.3757 -10.2851, 3.3975 -5.344 -10.2913, 3.361 -5.324 -10.2953, 4.01 -5.5 -10.3, 3.96 -5.499 -10.3, 3.9153 -5.4965 -10.2943, 3.91 -5.4961 -10.2937, 3.8731 -5.4926 -10.2791, 3.8641 -5.4918 -10.2755, 3.85 -5.4899 -10.2688, 3.834 -5.4878 -10.2611, 3.8183 -5.4857 -10.2536, 3.811 -5.4847 -10.2501, 3.8057 -5.4837 -10.2485, 3.8019 -5.483 -10.2474, 3.784 -5.4796 -10.2422, 3.7658 -5.4762 -10.2368, 3.7483 -5.473 -10.2317, 3.7383 -5.4711 -10.2287, 3.7321 -5.4699 -10.2269, 3.7308 -5.4696 -10.2269, 3.6968 -5.4616 -10.2252, 3.6889 -5.4597 -10.2248, 3.6736 -5.4556 -10.2277, 4.3465 -5.4557 -10.3, 4.66 -5.3258 -10.3, 4.9292 -5.1192 -10.3, 5.1358 -4.85 -10.3, 5.2657 -4.5365 -10.3, 3.7955 -5.5745 -10.2197, 3.7845 -5.6003 -10.2025, 3.7676 -5.5707 -10.1936, 3.5997 -5.4801 -10.1852, 3.613 -5.4735 -10.1985, 3.621 -5.476 -10.1955, 3.6635 -5.4534 -10.2291, 3.7799 -5.6602 -10.1853, 3.7782 -5.6637 -10.1813, 3.7702 -5.6346 -10.1721, 3.5833 -5.5025 -10.1, 3.5833 -5.5008 -10.114, 3.6032 -5.5047 -10.1, 3.6181 -5.508 -10.1118, 3.7165 -5.5755 -10.1, 3.7092 -5.5681 -10.1, 3.7098 -5.5667 -10.1092, 3.6845 -5.5435 -10.1, 3.6827 -5.5414 -10.1094, 3.6514 -5.5228 -10.1, 3.6516 -5.5216 -10.1103, 3.646 -5.5195 -10.1, 3.6179 -5.5098 -10.1, 3.7312 -5.599 -10.1, 3.7323 -5.5975 -10.1099, 3.7405 -5.614 -10.1, 3.7489 -5.6325 -10.1113, 3.7474 -5.6339 -10.1, 3.7553 -5.6568 -10.1, 3.7578 -5.6665 -10.1133, 3.7565 -5.6677 -10.1, 3.7606 -5.6989 -10.115, 3.76 -5.7 -10.1, 3.7649 -5.6901 -10.1429, 3.7635 -5.693 -10.1373, 3.7593 -5.6624 -10.1287, 3.7606 -5.6987 -10.1156, 3.7662 -5.6448 -10.1601, 3.7701 -5.6799 -10.1627, 3.8039 -5.6121 -10.2231, 3.7963 -5.6274 -10.2124, 3.7847 -5.6506 -10.1963, 3.8078 -5.5467 -10.2351, 3.8166 -5.5607 -10.2406, 3.8125 -5.5951 -10.235, 3.8094 -5.6012 -10.2308, 3.8443 -5.5314 -10.26, 3.8363 -5.5473 -10.2537, 3.8239 -5.5722 -10.244, 3.8149 -5.4939 -10.2498, 3.8257 -5.5072 -10.2531, 3.8358 -5.5205 -10.2577, 3.811 -5.4847 -10.2501, 3.694 -5.4696 -10.2168, 3.709 -5.4797 -10.2125, 3.7236 -5.4908 -10.2095, 3.6233 -5.4683 -10.2075, 3.632 -5.464 -10.2135, 3.6566 -5.4741 -10.2036, 3.6468 -5.4566 -10.2235, 3.6185 -5.4876 -10.1743, 3.5961 -5.4819 -10.1816, 3.5842 -5.4879 -10.1674, 3.5851 -5.4875 -10.1688, 3.6177 -5.4945 -10.1594, 3.5881 -5.4859 -10.1736, 3.5706 -5.4947 -10.1458, 3.5762 -5.4919 -10.1546, 3.5834 -5.4931 -10.1529, 3.6175 -5.5001 -10.1452, 3.5626 -5.4987 -10.1227, 3.5663 -5.4969 -10.1334, 3.5832 -5.4984 -10.1308, 3.5696 -5.4952 -10.1429, 3.56 -5.5 -10.1, 3.5618 -5.4991 -10.1156, 3.7541 -5.6125 -10.1526, 3.7569 -5.6031 -10.1639, 3.7348 -5.5793 -10.1475, 3.7365 -5.5706 -10.1585, 3.7103 -5.5501 -10.1458, 3.7112 -5.542 -10.157, 3.682 -5.5261 -10.1474, 3.6826 -5.5186 -10.1593, 3.6507 -5.5074 -10.152, 3.6512 -5.5002 -10.1652, 3.6532 -5.4882 -10.1842, 3.6877 -5.4913 -10.194, 3.6845 -5.506 -10.1764, 3.7027 -5.5018 -10.1909, 3.7135 -5.5287 -10.1728, 3.7171 -5.5133 -10.1889, 3.7312 -5.5263 -10.1881, 3.7398 -5.5564 -10.1736, 3.7442 -5.5401 -10.1886, 3.7566 -5.5552 -10.1905, 3.7618 -5.5879 -10.1791, 3.7768 -5.6185 -10.1879, 3.738 -5.5033 -10.2078, 3.7468 -5.478 -10.2268, 3.7516 -5.5166 -10.2076, 3.7608 -5.4908 -10.2256, 3.7648 -5.5311 -10.2087, 3.7745 -5.5048 -10.2259, 3.7767 -5.546 -10.2113, 3.7871 -5.5192 -10.2278, 3.798 -5.533 -10.2309, 3.6178 -5.5056 -10.1261, 3.6512 -5.5191 -10.1227, 3.6823 -5.5386 -10.1207, 3.7097 -5.5637 -10.1203, 3.7327 -5.5941 -10.1216, 3.7498 -5.6288 -10.1246, 3.6507 -5.5132 -10.1395, 3.6819 -5.5323 -10.136, 3.7098 -5.5568 -10.135, 3.7336 -5.5866 -10.1367, 3.7519 -5.6205 -10.1412, 3.7628 -5.6534 -10.1475, 3.768 -5.684 -10.1546, 3.6192 -5.4704 -10.2047, 1.805 -5.4953 -10.1429, 1.805 -5.4965 -10.1321, 1.805 -5.5 -10.1, 1.805 -5.4808 -10.1856, 1.805 -5.4879 -10.1648, 1.805 -5.457 -10.2239, 1.805 -5.4727 -10.1987, 1.805 -5.4479 -10.2331, 1.805 -5.4521 -10.2289, 1.805 -5.4253 -10.2559, 1.805 -5.4102 -10.2654, 1.805 -5.3944 -10.2754, 1.805 -5.3873 -10.28, 1.805 -5.3 -10.3, 1.805 -5.332 -10.2964, 1.805 -5.3448 -10.2949, 1.805 -5.3587 -10.29, 1.7881 -5.469 -10.2057, 1.7738 -5.4833 -10.1736, 1.7182 -5.3 -10.2802, 1.7463 -5.3 -10.29, 1.7588 -5.3141 -10.2941, 1.7605 -5.3 -10.295, 1.773 -5.3 -10.2964, 1.6803 -5.3 -10.2564, 1.6947 -5.3 -10.2654, 1.7007 -5.3098 -10.2704, 1.7106 -5.3 -10.2754, 1.7289 -5.3441 -10.2796, 1.6529 -5.3 -10.229, 1.636 -5.3169 -10.2057, 1.6486 -5.3 -10.2247, 1.6323 -5.3 -10.1987, 1.6248 -5.3 -10.1868, 1.6217 -5.3312 -10.1736, 1.6171 -5.3 -10.1648, 1.6127 -5.3402 -10.1377, 1.6097 -5.3432 -10.1, 1.6097 -5.3429 -10.1, 1.61 -5.3 -10.1445, 1.6086 -5.3 -10.1321, 1.605 -5.3 -10.1, 1.7648 -5.4923 -10.1377, 1.7484 -5.4511 -10.2181, 1.7697 -5.4298 -10.248, 1.7952 -5.4043 -10.2704, 1.7609 -5.3761 -10.2796, 1.7909 -5.3462 -10.2941, 1.7618 -5.4953 -10.1, 1.7603 -5.4948 -10.1, 1.7223 -5.4772 -10.1422, 1.719 -5.4805 -10.1, 1.7178 -5.4798 -10.1, 1.6841 -5.453 -10.1445, 1.6805 -5.4565 -10.1, 1.6798 -5.4558 -10.1, 1.652 -5.4209 -10.1445, 1.734 -5.403 -10.256, 1.702 -5.371 -10.256, 1.6752 -5.3353 -10.248, 1.6571 -5.3 -10.2331, 1.7115 -5.4255 -10.2245, 1.6795 -5.3935 -10.2245, 1.6539 -5.3566 -10.2181, 1.7323 -5.4672 -10.1822, 1.6946 -5.4425 -10.1867, 1.6625 -5.4104 -10.1867, 1.6378 -5.3727 -10.1822, 1.6278 -5.3827 -10.1422, 1.6485 -5.4245 -10.1, 1.648 -5.4238 -10.1, 1.6245 -5.386 -10.1, 1.6243 -5.3855 -10.1, 1.605 -3.6 -10.1, 1.6108 -3.6 -10.1444, 1.6118 -3.6 -10.1518, 1.6261 -3.6 -10.1862, 1.6318 -3.6 -10.2, 1.65 -3.6 -10.2237, 1.6636 -3.6 -10.2414, 1.6813 -3.6 -10.255, 1.705 -3.6 -10.2732, 1.7188 -3.6 -10.2789, 1.7532 -3.6 -10.2932, 1.7606 -3.6 -10.2942, 1.7015 -3.4 -10.4864, 1.605 -3.4 -10.4464, 1.713 -3.405 -10.4434, 1.5222 -3.4 -10.3828, 1.6273 -3.405 -10.4079, 1.4586 -3.4 -10.3, 1.5536 -3.405 -10.3514, 1.4186 -3.4 -10.2035, 1.4971 -3.405 -10.2777, 1.4616 -3.405 -10.192, 1.405 -3.4 -10.1, 1.4495 -3.405 -10.1, 1.4565 -3.4075 -10.1, 1.5024 -3.4198 -10.1811, 1.4918 -3.4198 -10.1, 1.7239 -3.4198 -10.4026, 1.5044 -3.4277 -10.1, 1.5391 -3.4436 -10.1713, 1.5297 -3.4436 -10.1, 1.7337 -3.4436 -10.3659, 1.5455 -3.4595 -10.1, 1.5697 -3.4753 -10.1631, 1.5614 -3.4753 -10.1, 1.7419 -3.4753 -10.3353, 1.5773 -3.5006 -10.1, 1.5927 -3.5132 -10.1569, 1.5852 -3.5132 -10.1, 1.7481 -3.5132 -10.3123, 1.607 -3.5555 -10.1531, 1.5975 -3.5485 -10.1, 1.6 -3.5555 -10.1, 1.6275 -3.5555 -10.2025, 1.5337 -3.4198 -10.2566, 1.5666 -3.4436 -10.2377, 1.594 -3.4753 -10.2218, 1.6146 -3.5132 -10.2099, 1.66 -3.5555 -10.245, 1.5835 -3.4198 -10.3215, 1.6103 -3.4436 -10.2947, 1.6327 -3.4753 -10.2723, 1.6496 -3.5132 -10.2554, 1.7025 -3.5555 -10.2775, 1.6484 -3.4198 -10.3713, 1.6673 -3.4436 -10.3384, 1.6832 -3.4753 -10.311, 1.6951 -3.5132 -10.2904, 1.7519 -3.5555 -10.298, 1.605 -3.6 -9.0, 1.6008 -3.568 -9.0, 1.5982 -3.5482 -9.0, 1.5953 -3.5412 -9.0, 1.5805 -3.5055 -9.0, 1.5782 -3.5 -9.0, 1.5705 -3.49 -9.0, 1.5464 -3.4586 -9.0, 1.5382 -3.4523 -9.0, 1.5327 -3.448 -9.0, 1.505 -3.4268 -9.0, 1.405 -3.4 -9.0, 1.4371 -3.4042 -9.0, 1.4568 -3.4068 -9.0, 1.4697 -3.4122 -9.0, 1.5039 -3.4263 -9.0, -0.195 -3.4 -9.0, -0.2468 -3.4068 -9.0, -0.227 -3.4042 -9.0, -0.2538 -3.4097 -9.0, -0.2895 -3.4245 -9.0, -0.3364 -3.4586 -9.0, -0.305 -3.4345 -9.0, -0.295 -3.4268 -9.0, -0.3427 -3.4668 -9.0, -0.347 -3.4723 -9.0, -0.3682 -3.5 -9.0, -0.3687 -3.5011 -9.0, -0.3828 -3.5353 -9.0, -0.395 -3.6 -9.0, -0.3908 -3.5679 -9.0, -0.3882 -3.5482 -9.0, -0.395 -4.3 -9.0, -0.395 -4.4035 -8.9864, -0.395 -4.5 -8.9464, -0.395 -4.5828 -8.8828, -0.395 -4.6464 -8.8, -0.395 -4.6864 -8.7035, -0.2465 -4.3 -8.8075, -0.2395 -4.3 -8.805, -0.2395 -4.3531 -8.798, -0.2818 -4.5123 -8.6569, -0.2944 -4.3 -8.8277, -0.2818 -4.3 -8.8198, -0.2818 -4.3569 -8.8123, -0.3197 -4.5353 -8.6631, -0.3355 -4.3 -8.8595, -0.3197 -4.3 -8.8436, -0.3197 -4.3631 -8.8353, -0.3514 -4.5659 -8.6713, -0.3673 -4.3 -8.9006, -0.3514 -4.3 -8.8753, -0.3514 -4.3713 -8.8659, -0.3752 -4.6025 -8.6811, -0.3875 -4.3 -8.9485, -0.3752 -4.3 -8.9132, -0.3752 -4.3811 -8.9026, -0.39 -4.6434 -8.692, -0.39 -4.3 -8.9555, -0.39 -4.392 -8.9434, -0.39 -4.4777 -8.9079, -0.39 -4.5514 -8.8514, -0.39 -4.6079 -8.7777, -0.3752 -4.4566 -8.8713, -0.3752 -4.5215 -8.8215, -0.3752 -4.5713 -8.7566, -0.3514 -4.4377 -8.8384, -0.3514 -4.4947 -8.7947, -0.3514 -4.5384 -8.7377, -0.3197 -4.4218 -8.811, -0.3197 -4.4723 -8.7723, -0.3197 -4.511 -8.7218, -0.2818 -4.4099 -8.7904, -0.2818 -4.4554 -8.7554, -0.2818 -4.4904 -8.7099, -0.2395 -4.4025 -8.7775, -0.2395 -4.445 -8.745, -0.2395 -4.4775 -8.7025, -0.2395 -4.498 -8.6531, -0.195 -4.3518 -8.7932, -0.195 -4.4 -8.7732, -0.195 -4.4414 -8.7414, -0.195 -4.4732 -8.7, -0.195 -4.4932 -8.6518, -0.2382 -3.6 -8.8047, -0.2465 -3.6 -8.8076, -0.281 -3.6 -8.8195, -0.2944 -3.6 -8.8278, -0.3195 -3.6 -8.8435, -0.3355 -3.6 -8.8595, -0.3515 -3.6 -8.8755, -0.3672 -3.6 -8.9006, -0.3755 -3.6 -8.914, -0.3874 -3.6 -8.9485, -0.3903 -3.6 -8.9568, -0.364 -3.4943 -8.9831, -0.195 -3.4068 -8.9482, -0.195 -3.4097 -8.9412, -0.2091 -3.4059 -8.9538, -0.195 -3.4268 -8.9, -0.195 -3.4345 -8.89, -0.2048 -3.4296 -8.8957, -0.195 -3.4586 -8.8586, -0.195 -3.4668 -8.8523, -0.2303 -3.452 -8.8702, -0.195 -3.5482 -8.8068, -0.195 -3.5679 -8.8042, -0.2352 -3.5623 -8.8077, -0.2262 -3.5264 -8.8167, -0.195 -3.5353 -8.8122, -0.195 -3.5 -8.8268, -0.195 -3.5011 -8.8263, -0.2119 -3.4943 -8.831, -0.195 -3.4723 -8.848, -0.2516 -3.4819 -8.8489, -0.195 -3.4245 -8.9055, -0.2391 -3.4204 -8.9239, -0.195 -3.4042 -8.968, -0.2412 -3.4059 -8.9859, -0.2993 -3.4296 -8.9902, -0.2711 -3.4204 -8.9559, -0.3248 -3.452 -8.9647, -0.3461 -3.4819 -8.9434, -0.3783 -3.5264 -8.9688, -0.3873 -3.5623 -8.9598, -0.3722 -3.5578 -8.9173, -0.348 -3.5555 -8.8791, -0.3159 -3.5555 -8.847, -0.2777 -3.5578 -8.8228, -0.2885 -3.4755 -8.8745, -0.266 -3.444 -8.897, -0.3205 -3.4755 -8.9065, -0.298 -3.444 -8.929, -0.2677 -3.5178 -8.8328, -0.3054 -3.5133 -8.8575, -0.3375 -3.5133 -8.8896, -0.3622 -3.5178 -8.9273, 1.405 -3.4595 -8.8595, 1.405 -3.4047 -8.9568, 1.405 -3.4076 -8.9485, 1.405 -3.4435 -8.8755, 1.405 -3.4278 -8.9006, 1.405 -3.4195 -8.914, 1.405 -3.4755 -8.8435, 1.405 -3.5006 -8.8278, 1.405 -3.514 -8.8195, 1.405 -3.5485 -8.8076, 1.405 -3.5568 -8.8047, 1.5107 -3.431 -8.9831, 1.5982 -3.6 -8.9482, 1.5953 -3.6 -8.9412, 1.5991 -3.5859 -8.9538, 1.5782 -3.6 -8.9, 1.5705 -3.6 -8.89, 1.5754 -3.5902 -8.8957, 1.5464 -3.6 -8.8586, 1.5382 -3.6 -8.8523, 1.553 -3.5647 -8.8702, 1.4568 -3.6 -8.8068, 1.4371 -3.6 -8.8042, 1.4427 -3.5598 -8.8077, 1.4786 -3.5688 -8.8167, 1.4697 -3.6 -8.8122, 1.505 -3.6 -8.8268, 1.5039 -3.6 -8.8263, 1.5107 -3.5831 -8.831, 1.5327 -3.6 -8.848, 1.5231 -3.5434 -8.8489, 1.5805 -3.6 -8.9055, 1.5846 -3.5559 -8.9239, 1.6008 -3.6 -8.968, 1.5991 -3.5538 -8.9859, 1.5754 -3.4957 -8.9902, 1.5846 -3.5239 -8.9559, 1.553 -3.4702 -8.9647, 1.5231 -3.4489 -8.9434, 1.4786 -3.4167 -8.9688, 1.4427 -3.4077 -8.9598, 1.4472 -3.4228 -8.9173, 1.4495 -3.447 -8.8791, 1.4495 -3.4791 -8.847, 1.4472 -3.5173 -8.8228, 1.5295 -3.5065 -8.8745, 1.561 -3.529 -8.897, 1.5295 -3.4745 -8.9065, 1.561 -3.497 -8.929, 1.4872 -3.5273 -8.8328, 1.4917 -3.4896 -8.8575, 1.4917 -3.4575 -8.8896, 1.4872 -3.4328 -8.9273, 1.605 -4.3 -9.0, 1.5982 -4.3 -8.9482, 1.5782 -4.3 -8.9, 1.5464 -4.3 -8.8586, 1.4568 -4.3 -8.8068, 1.505 -4.3 -8.8268, 1.405 -4.3518 -8.7932, 1.4568 -4.3535 -8.7998, 1.405 -4.4 -8.7732, 1.4568 -4.4034 -8.7791, 1.405 -4.4414 -8.7414, 1.4568 -4.4462 -8.7462, 1.405 -4.4732 -8.7, 1.4568 -4.4791 -8.7034, 1.405 -4.4932 -8.6518, 1.4568 -4.4998 -8.6535, 1.405 -4.5 -8.6, 1.4568 -4.5068 -8.6, 1.505 -4.3587 -8.8191, 1.505 -4.4134 -8.7964, 1.505 -4.4604 -8.7604, 1.505 -4.4964 -8.7134, 1.505 -4.5191 -8.6587, 1.505 -4.5268 -8.6, 1.5464 -4.3669 -8.8498, 1.5464 -4.4293 -8.8239, 1.5464 -4.4828 -8.7828, 1.5464 -4.5239 -8.7293, 1.5464 -4.5498 -8.6669, 1.5464 -4.5586 -8.6, 1.5782 -4.3776 -8.8898, 1.5782 -4.45 -8.8598, 1.5782 -4.5121 -8.8121, 1.5782 -4.5598 -8.75, 1.5782 -4.5898 -8.6776, 1.5782 -4.6 -8.6, 1.5982 -4.3901 -8.9364, 1.5982 -4.4741 -8.9016, 1.5982 -4.5462 -8.8462, 1.5982 -4.6016 -8.7741, 1.5982 -4.6364 -8.6901, 1.5982 -4.6482 -8.6, 1.605 -4.4035 -8.9864, 1.605 -4.5 -8.9464, 1.605 -4.5828 -8.8828, 1.605 -4.6464 -8.8, 1.605 -4.6864 -8.7035, 1.605 -4.7 -8.6, 1.405 -4.5 -7.75, 1.605 -4.7 -7.75, 1.6003 -4.6568 -7.75, 1.5974 -4.6485 -7.75, 1.5855 -4.614 -7.75, 1.5772 -4.6006 -7.75, 1.5615 -4.5755 -7.75, 1.5455 -4.5595 -7.75, 1.5295 -4.5435 -7.75, 1.5044 -4.5278 -7.75, 1.491 -4.5195 -7.75, 1.4482 -4.5047 -7.75, 1.4565 -4.5076 -7.75, 1.5782 -4.7 -7.65, 1.557 -4.7 -7.6223, 1.574 -4.6831 -7.6443, 1.405 -4.6482 -7.5568, 1.405 -4.6412 -7.5597, 1.4191 -4.6538 -7.5559, 1.405 -4.6 -7.5768, 1.405 -4.59 -7.5845, 1.4148 -4.5957 -7.5796, 1.405 -4.5586 -7.6086, 1.405 -4.5523 -7.6168, 1.4403 -4.5702 -7.602, 1.405 -4.5068 -7.6982, 1.405 -4.5042 -7.7179, 1.4452 -4.5077 -7.7123, 1.4362 -4.5167 -7.6764, 1.405 -4.5122 -7.6853, 1.405 -4.5268 -7.65, 1.405 -4.5263 -7.6511, 1.4219 -4.531 -7.6443, 1.405 -4.548 -7.6223, 1.4616 -4.5489 -7.6319, 1.405 -4.6055 -7.5745, 1.4491 -4.6239 -7.5704, 1.405 -4.668 -7.5542, 1.4512 -4.6859 -7.5559, 1.405 -4.7 -7.55, 1.4638 -4.7 -7.5597, 1.4568 -4.7 -7.5568, 1.437 -4.7 -7.5542, 1.515 -4.7 -7.5845, 1.505 -4.7 -7.5768, 1.5093 -4.6902 -7.5796, 1.4995 -4.7 -7.5745, 1.4811 -4.6559 -7.5704, 1.5348 -4.6647 -7.602, 1.5527 -4.7 -7.6168, 1.5464 -4.7 -7.6086, 1.5561 -4.6434 -7.6319, 1.5883 -4.6688 -7.6764, 1.5928 -4.7 -7.6853, 1.5787 -4.7 -7.6511, 1.5973 -4.6598 -7.7123, 1.6008 -4.7 -7.7179, 1.5982 -4.7 -7.6982, 1.5822 -4.6173 -7.7078, 1.558 -4.5791 -7.7055, 1.5259 -4.547 -7.7055, 1.4877 -4.5228 -7.7078, 1.4985 -4.5745 -7.6255, 1.476 -4.597 -7.594, 1.5305 -4.6065 -7.6255, 1.508 -4.629 -7.594, 1.4777 -4.5328 -7.6678, 1.5154 -4.5575 -7.6633, 1.5475 -4.5896 -7.6633, 1.5722 -4.6273 -7.6678, 3.7553 -5.6568 -10.1, 3.7405 -5.614 -10.1, 3.7165 -5.5755 -10.1, 3.6845 -5.5435 -10.1, 3.646 -5.5195 -10.1, 3.6032 -5.5047 -10.1, 3.7793 -6.74 -10.1855, 3.7647 -6.74 -10.1429, 3.96 -6.74 -10.3, 3.9168 -6.74 -10.2953, 3.8728 -6.74 -10.2798, 3.9153 -6.74 -10.2948, 3.874 -6.74 -10.2805, 3.91 -5.4961 -10.2937, 3.8125 -5.5951 -10.235, 3.8348 -6.74 -10.2558, 3.8355 -6.74 -10.2565, 3.803 -6.74 -10.2238, 3.7795 -6.74 -10.186, 3.8035 -6.74 -10.2245, 3.7647 -6.74 -10.1432, 3.96 -6.84 -10.2732, 3.96 -6.8677 -10.252, 3.9431 -6.8457 -10.269, 3.791 -6.8457 -10.1169, 3.7767 -6.8136 -10.1312, 3.7677 -6.7777 -10.1402, 3.8302 -6.888 -10.1353, 3.8089 -6.8581 -10.1566, 3.8557 -6.9104 -10.1098, 3.8839 -6.9196 -10.1441, 3.9138 -6.9341 -10.1141, 3.96 -6.9358 -10.132, 3.9459 -6.9341 -10.1462, 3.96 -6.9332 -10.1518, 3.96 -6.9303 -10.1588, 3.96 -6.9155 -10.1945, 3.9502 -6.9104 -10.2043, 3.96 -6.9132 -10.2, 3.96 -6.9055 -10.21, 3.96 -6.8814 -10.2414, 3.9247 -6.888 -10.2298, 3.96 -6.8732 -10.2477, 3.96 -6.8389 -10.2737, 3.9288 -6.8136 -10.2833, 3.96 -6.8047 -10.2878, 3.96 -6.7918 -10.2932, 3.9198 -6.7777 -10.2923, 3.96 -6.7721 -10.2958, 3.7828 -6.7822 -10.1827, 3.7928 -6.8222 -10.1727, 3.857 -6.896 -10.171, 3.8345 -6.8645 -10.1935, 3.8175 -6.8267 -10.2104, 3.807 -6.7845 -10.2209, 3.9159 -6.9196 -10.1761, 3.889 -6.896 -10.203, 3.8665 -6.8645 -10.2255, 3.8496 -6.8267 -10.2425, 3.8391 -6.7845 -10.253, 3.9034 -6.8581 -10.2511, 3.8873 -6.8222 -10.2672, 3.8773 -6.7822 -10.2772, 4.55 -6.9332 -10.1518, 4.55 -6.94 -10.1, 4.55 -6.9132 -10.2, 4.55 -6.8814 -10.2414, 4.55 -6.84 -10.2732, 4.55 -6.7918 -10.2932, 4.55 -6.74 -10.3, 7.4861 -4.524 -10.1, 7.4478 -4.7165 -10.1, 7.4412 -4.7147 -10.1518, 7.0391 -5.6031 -10.1, 6.9301 -5.7663 -10.1, 6.9247 -5.7621 -10.1518, 6.2131 -6.4291 -10.1, 6.05 -6.5381 -10.1, 6.0466 -6.5322 -10.1518, 5.134 -6.8761 -10.1, 4.9416 -6.9143 -10.1, 4.9407 -6.9076 -10.1518, 4.9155 -6.716 -10.3, 4.9222 -6.7674 -10.2932, 4.9285 -6.8152 -10.2732, 4.9339 -6.8563 -10.2414, 4.9381 -6.8878 -10.2, 5.3265 -6.8378 -10.1, 5.3247 -6.8312 -10.1518, 5.3195 -6.8119 -10.2, 5.3113 -6.7812 -10.2414, 5.3006 -6.7412 -10.2732, 5.2881 -6.6946 -10.2932, 5.2747 -6.6446 -10.3, 5.6215 -6.5269 -10.3, 5.6413 -6.5747 -10.2932, 5.6598 -6.6193 -10.2732, 5.6756 -6.6575 -10.2414, 5.6878 -6.6869 -10.2, 5.6954 -6.7053 -10.1518, 5.6981 -6.7116 -10.1, 5.95 -6.3649 -10.3, 5.9759 -6.4097 -10.2932, 6.0 -6.4515 -10.2732, 6.0207 -6.4873 -10.2414, 6.0366 -6.5149 -10.2, 6.2545 -6.1614 -10.3, 6.286 -6.2025 -10.2932, 6.3154 -6.2407 -10.2732, 6.3406 -6.2736 -10.2414, 6.36 -6.2988 -10.2, 6.3721 -6.3147 -10.1518, 6.3763 -6.3201 -10.1, 6.5299 -5.9199 -10.3, 6.5665 -5.9565 -10.2932, 6.6006 -5.9906 -10.2732, 6.6299 -6.0199 -10.2414, 6.6524 -6.0424 -10.2, 6.6665 -6.0565 -10.1518, 6.6713 -6.0613 -10.1, 6.7714 -5.6445 -10.3, 6.8125 -5.676 -10.2932, 6.8507 -5.7054 -10.2732, 6.8836 -5.7306 -10.2414, 6.9088 -5.75 -10.2, 7.1481 -5.44 -10.1, 7.1422 -5.4366 -10.1518, 7.1249 -5.4266 -10.2, 7.0973 -5.4107 -10.2414, 7.0615 -5.39 -10.2732, 7.0197 -5.3659 -10.2932, 6.9749 -5.34 -10.3, 7.1369 -5.0115 -10.3, 7.1847 -5.0313 -10.2932, 7.2293 -5.0498 -10.2732, 7.2675 -5.0656 -10.2414, 7.2969 -5.0778 -10.2, 7.3153 -5.0854 -10.1518, 7.3216 -5.0881 -10.1, 7.2546 -4.6647 -10.3, 7.3046 -4.6781 -10.2932, 7.3512 -4.6906 -10.2732, 7.3912 -4.7013 -10.2414, 7.4219 -4.7095 -10.2, 7.5243 -4.3316 -10.1, 7.5176 -4.3307 -10.1518, 7.4978 -4.3281 -10.2, 7.4663 -4.3239 -10.2414, 7.4252 -4.3185 -10.2732, 7.3774 -4.3122 -10.2932, 7.326 -4.3055 -10.3, 7.55 -3.94 -9.2498, 7.55 -3.94 -9.4084, 7.55 -3.94 -8.7321, 7.55 -3.94 -8.6147, 7.55 -3.94 -8.2076, 4.55 -6.94 -5.95, 4.9416 -6.9143 -5.95, 5.134 -6.8761 -5.95, 5.3265 -6.8378 -5.95, 5.6981 -6.7116 -5.95, 6.05 -6.5381 -5.95, 6.2131 -6.4291 -5.95, 6.3763 -6.3201 -5.95, 6.6713 -6.0613 -5.95, 6.9301 -5.7663 -5.95, 7.0391 -5.6031 -5.95, 7.1481 -5.44 -5.95, 7.3216 -5.0881 -5.95, 7.4478 -4.7165 -5.95, 7.4861 -4.524 -5.95, 7.5243 -4.3316 -5.95, 7.55 -3.94 -5.95, -4.55 -6.94 -5.95, -4.55 -6.94 -10.1, -7.55 -3.94 -5.95, -7.55 -3.94 -10.1, -7.5243 -4.3316 -5.95, -7.5243 -4.3316 -10.1, -7.4861 -4.524 -5.95, -7.4861 -4.524 -10.1, -7.4478 -4.7165 -5.95, -7.4478 -4.7165 -10.1, -7.3216 -5.0881 -5.95, -7.3216 -5.0881 -10.1, -7.1481 -5.44 -5.95, -7.1481 -5.44 -10.1, -7.0391 -5.6031 -5.95, -7.0391 -5.6031 -10.1, -6.9301 -5.7663 -5.95, -6.9301 -5.7663 -10.1, -6.6713 -6.0613 -5.95, -6.6713 -6.0613 -10.1, -6.3763 -6.3201 -5.95, -6.3763 -6.3201 -10.1, -6.2131 -6.4291 -5.95, -6.2131 -6.4291 -10.1, -6.05 -6.5381 -5.95, -6.05 -6.5381 -10.1, -5.6981 -6.7116 -5.95, -5.6981 -6.7116 -10.1, -5.3265 -6.8378 -5.95, -5.3265 -6.8378 -10.1, -5.134 -6.8761 -5.95, -5.134 -6.8761 -10.1, -4.9416 -6.9143 -5.95, -4.9416 -6.9143 -10.1, -7.55 3.94 -5.95, -7.55 3.94 -10.1, -4.55 6.94 -5.95, -4.55 6.94 -10.1, -4.9416 6.9143 -5.95, -4.9416 6.9143 -10.1, -5.134 6.8761 -5.95, -5.134 6.8761 -10.1, -5.3265 6.8378 -5.95, -5.3265 6.8378 -10.1, -5.6981 6.7116 -5.95, -5.6981 6.7116 -10.1, -6.05 6.5381 -5.95, -6.05 6.5381 -10.1, -6.2131 6.4291 -5.95, -6.2131 6.4291 -10.1, -6.3763 6.3201 -5.95, -6.3763 6.3201 -10.1, -6.6713 6.0613 -5.95, -6.6713 6.0613 -10.1, -6.9301 5.7663 -5.95, -6.9301 5.7663 -10.1, -7.0391 5.6031 -5.95, -7.0391 5.6031 -10.1, -7.1481 5.44 -5.95, -7.1481 5.44 -10.1, -7.3216 5.0881 -5.95, -7.3216 5.0881 -10.1, -7.4478 4.7165 -5.95, -7.4478 4.7165 -10.1, -7.4861 4.524 -5.95, -7.4861 4.524 -10.1, -7.5243 4.3316 -5.95, -7.5243 4.3316 -10.1, -7.4412 4.7147 -10.1518, -6.9247 5.7621 -10.1518, -6.0466 6.5322 -10.1518, -4.9407 6.9076 -10.1518, -4.55 6.74 -10.3, -4.9155 6.716 -10.3, -4.55 6.7918 -10.2932, -4.9222 6.7674 -10.2932, -4.55 6.84 -10.2732, -4.9285 6.8152 -10.2732, -4.55 6.8814 -10.2414, -4.9339 6.8563 -10.2414, -4.55 6.9132 -10.2, -4.9381 6.8878 -10.2, -4.55 6.9332 -10.1518, -5.3247 6.8312 -10.1518, -5.3195 6.8119 -10.2, -5.3113 6.7812 -10.2414, -5.3006 6.7412 -10.2732, -5.2881 6.6946 -10.2932, -5.2747 6.6446 -10.3, -5.6215 6.5269 -10.3, -5.6413 6.5747 -10.2932, -5.6598 6.6193 -10.2732, -5.6756 6.6575 -10.2414, -5.6878 6.6869 -10.2, -5.6954 6.7053 -10.1518, -5.95 6.3649 -10.3, -5.9759 6.4097 -10.2932, -6.0 6.4515 -10.2732, -6.0207 6.4873 -10.2414, -6.0366 6.5149 -10.2, -6.3721 6.3147 -10.1518, -6.36 6.2988 -10.2, -6.3406 6.2736 -10.2414, -6.3154 6.2407 -10.2732, -6.286 6.2025 -10.2932, -6.2545 6.1614 -10.3, -6.5299 5.9199 -10.3, -6.5665 5.9565 -10.2932, -6.6006 5.9906 -10.2732, -6.6299 6.0199 -10.2414, -6.6524 6.0424 -10.2, -6.6665 6.0565 -10.1518, -6.7714 5.6445 -10.3, -6.8125 5.676 -10.2932, -6.8507 5.7054 -10.2732, -6.8836 5.7306 -10.2414, -6.9088 5.75 -10.2, -6.9749 5.34 -10.3, -7.0197 5.3659 -10.2932, -7.0615 5.39 -10.2732, -7.0973 5.4107 -10.2414, -7.1249 5.4266 -10.2, -7.1422 5.4366 -10.1518, -7.1369 5.0115 -10.3, -7.1847 5.0313 -10.2932, -7.2293 5.0498 -10.2732, -7.2675 5.0656 -10.2414, -7.2969 5.0778 -10.2, -7.3153 5.0854 -10.1518, -7.2546 4.6647 -10.3, -7.3046 4.6781 -10.2932, -7.3512 4.6906 -10.2732, -7.3912 4.7013 -10.2414, -7.4219 4.7095 -10.2, -7.5176 4.3307 -10.1518, -7.4978 4.3281 -10.2, -7.4663 4.3239 -10.2414, -7.4252 4.3185 -10.2732, -7.3774 4.3122 -10.2932, -7.326 4.3055 -10.3, -7.35 3.94 -10.3, -7.4018 3.94 -10.2932, -7.45 3.94 -10.2732, -7.4914 3.94 -10.2414, -7.5232 3.94 -10.2, -7.5432 3.94 -10.1518, -7.5432 -3.94 -10.1518, -7.5232 -3.94 -10.2, -7.4914 -3.94 -10.2414, -7.45 -3.94 -10.2732, -7.4018 -3.94 -10.2932, -7.35 -3.94 -10.3, -5.3247 -6.8312 -10.1518, -6.3721 -6.3147 -10.1518, -7.1422 -5.4366 -10.1518, -7.5176 -4.3307 -10.1518, -7.326 -4.3055 -10.3, -7.3774 -4.3122 -10.2932, -7.4252 -4.3185 -10.2732, -7.4663 -4.3239 -10.2414, -7.4978 -4.3281 -10.2, -7.4412 -4.7147 -10.1518, -7.4219 -4.7095 -10.2, -7.3912 -4.7013 -10.2414, -7.3512 -4.6906 -10.2732, -7.3046 -4.6781 -10.2932, -7.2546 -4.6647 -10.3, -7.1369 -5.0115 -10.3, -7.1847 -5.0313 -10.2932, -7.2293 -5.0498 -10.2732, -7.2675 -5.0656 -10.2414, -7.2969 -5.0778 -10.2, -7.3153 -5.0854 -10.1518, -6.9749 -5.34 -10.3, -7.0197 -5.3659 -10.2932, -7.0615 -5.39 -10.2732, -7.0973 -5.4107 -10.2414, -7.1249 -5.4266 -10.2, -6.9247 -5.7621 -10.1518, -6.9088 -5.75 -10.2, -6.8836 -5.7306 -10.2414, -6.8507 -5.7054 -10.2732, -6.8125 -5.676 -10.2932, -6.7714 -5.6445 -10.3, -6.5299 -5.9199 -10.3, -6.5665 -5.9565 -10.2932, -6.6006 -5.9906 -10.2732, -6.6299 -6.0199 -10.2414, -6.6524 -6.0424 -10.2, -6.6665 -6.0565 -10.1518, -6.2545 -6.1614 -10.3, -6.286 -6.2025 -10.2932, -6.3154 -6.2407 -10.2732, -6.3406 -6.2736 -10.2414, -6.36 -6.2988 -10.2, -6.0466 -6.5322 -10.1518, -6.0366 -6.5149 -10.2, -6.0207 -6.4873 -10.2414, -6.0 -6.4515 -10.2732, -5.9759 -6.4097 -10.2932, -5.95 -6.3649 -10.3, -5.6215 -6.5269 -10.3, -5.6413 -6.5747 -10.2932, -5.6598 -6.6193 -10.2732, -5.6756 -6.6575 -10.2414, -5.6878 -6.6869 -10.2, -5.6954 -6.7053 -10.1518, -5.2747 -6.6446 -10.3, -5.2881 -6.6946 -10.2932, -5.3006 -6.7412 -10.2732, -5.3113 -6.7812 -10.2414, -5.3195 -6.8119 -10.2, -4.9407 -6.9076 -10.1518, -4.9381 -6.8878 -10.2, -4.9339 -6.8563 -10.2414, -4.9285 -6.8152 -10.2732, -4.9222 -6.7674 -10.2932, -4.9155 -6.716 -10.3, -4.55 -6.74 -10.3, -4.55 -6.7918 -10.2932, -4.55 -6.84 -10.2732, -4.55 -6.8814 -10.2414, -4.55 -6.9132 -10.2, -4.55 -6.9332 -10.1518, -2.75 -6.9358 -10.1321, -2.75 -6.9332 -10.1518, -2.75 -6.9278 -10.1647, -2.75 -6.8877 -10.2332, -2.75 -6.892 -10.2277, -2.75 -6.9132 -10.2, -2.75 -6.9137 -10.1989, -2.75 -6.85 -10.2655, -2.75 -6.8814 -10.2414, -2.75 -6.7988 -10.2903, -2.75 -6.8345 -10.2755, -2.75 -6.84 -10.2732, -2.75 -6.7918 -10.2932, -2.75 -6.772 -10.2958, -2.75 -6.74 -10.3, -2.7331 -6.909 -10.2057, -2.5535 -6.74 -10.1321, -2.5577 -6.7802 -10.1377, -2.5547 -6.74 -10.1429, -2.5667 -6.7712 -10.1736, -2.593 -6.74 -10.2239, -2.5773 -6.74 -10.1987, -2.581 -6.7569 -10.2057, -2.5692 -6.74 -10.1856, -2.5621 -6.74 -10.1648, -2.6202 -6.7753 -10.248, -2.6021 -6.74 -10.2331, -2.5989 -6.7966 -10.2181, -2.5979 -6.74 -10.2289, -2.6627 -6.74 -10.28, -2.6556 -6.74 -10.2754, -2.6457 -6.7498 -10.2704, -2.6398 -6.74 -10.2654, -2.6247 -6.74 -10.2559, -2.6739 -6.7841 -10.2796, -2.6913 -6.74 -10.29, -2.7038 -6.7541 -10.2941, -2.7052 -6.74 -10.2949, -2.718 -6.74 -10.2964, -2.7359 -6.7862 -10.2941, -2.7402 -6.8443 -10.2704, -2.7147 -6.8698 -10.248, -2.7188 -6.9233 -10.1736, -2.7098 -6.9323 -10.1377, -2.5728 -6.8227 -10.1422, -2.5828 -6.8127 -10.1822, -2.647 -6.811 -10.256, -2.6245 -6.8335 -10.2245, -2.6075 -6.8504 -10.1867, -2.597 -6.8609 -10.1445, -2.7059 -6.8161 -10.2796, -2.679 -6.843 -10.256, -2.6565 -6.8655 -10.2245, -2.6396 -6.8825 -10.1867, -2.6291 -6.893 -10.1445, -2.6934 -6.8911 -10.2181, -2.6773 -6.9072 -10.1822, -2.6673 -6.9172 -10.1422, -2.5808 -5.6383 -10.2067, -2.6631 -5.4926 -10.279, -2.7014 -5.4963 -10.294, -2.7053 -5.4965 -10.2945, -2.75 -5.499 -10.3, -4.1 -4.2 -11.75, -4.0716 -4.4703 -11.75, -4.1 -4.2 -10.3, -4.0557 -4.5365 -10.3, -4.0506 -4.5348 -11.75, -3.9876 -4.7288 -11.75, -3.9258 -4.85 -10.3, -3.9197 -4.8464 -11.75, -3.8517 -4.9641 -11.75, -3.7192 -5.1192 -10.3, -3.7153 -5.1157 -11.75, -3.6699 -5.1661 -11.75, -3.45 -5.3258 -10.3, -3.45 -5.3258 -11.75, -3.2017 -5.4364 -11.75, -3.1365 -5.4557 -10.3, -2.4962 -5.464 -10.2244, -2.4646 -5.4505 -11.75, -2.5607 -5.4778 -10.2358, -2.6641 -5.4929 -11.75, -3.1354 -5.4505 -11.75, -2.9359 -5.4929 -11.75, -2.8 -5.5 -10.3, -2.8 -5.4929 -11.75, -2.3983 -5.4364 -11.75, -2.15 -5.3258 -11.75, -1.9301 -5.1661 -11.75, -1.8808 -5.1192 -10.3, -1.8847 -5.1157 -11.75, -1.7483 -4.9641 -11.75, -1.6742 -4.85 -10.3, -1.6803 -4.8464 -11.75, -1.6124 -4.7288 -11.75, -1.5443 -4.5365 -10.3, -1.5 -4.2 -11.75, -1.5 -4.2 -10.3, -1.5284 -4.4703 -11.75, -1.5494 -4.5348 -11.75, -1.6186 -4.726 -11.8018, -1.7538 -4.9601 -11.8018, -2.6648 -5.4861 -11.8018, -2.9352 -5.4861 -11.8018, -3.8462 -4.9601 -11.8018, -3.9814 -4.726 -11.8018, -3.876 -4.4287 -11.95, -3.8049 -4.6474 -11.95, -3.9266 -4.4395 -11.9432, -3.8522 -4.6685 -11.9432, -3.9738 -4.4495 -11.9232, -3.8963 -4.6881 -11.9232, -4.0143 -4.4581 -11.8914, -3.9341 -4.7049 -11.8914, -4.0454 -4.4647 -11.85, -3.9631 -4.7179 -11.85, -4.0649 -4.4689 -11.8018, -3.1399 -5.2462 -11.95, -2.915 -5.294 -11.95, -3.1559 -5.2954 -11.9432, -2.9204 -5.3455 -11.9432, -3.1708 -5.3413 -11.9232, -2.9254 -5.3934 -11.9232, -3.1836 -5.3807 -11.8914, -2.9298 -5.4346 -11.8914, -3.1934 -5.4109 -11.85, -2.9331 -5.4662 -11.85, -3.1996 -5.4299 -11.8018, -2.064 -5.0175 -11.95, -1.9101 -4.8466 -11.95, -2.0293 -5.0559 -11.9432, -1.8682 -4.877 -11.9432, -1.997 -5.0918 -11.9232, -1.8292 -4.9053 -11.9232, -1.9693 -5.1226 -11.8914, -1.7957 -4.9297 -11.8914, -1.9481 -5.1462 -11.85, -1.77 -4.9484 -11.85, -1.9347 -5.161 -11.8018, -3.9 -4.2 -11.95, -3.9518 -4.2 -11.9432, -4.0 -4.2 -11.9232, -4.0414 -4.2 -11.8914, -4.0732 -4.2 -11.85, -4.0932 -4.2 -11.8018, -3.83 -4.9484 -11.85, -3.8043 -4.9297 -11.8914, -3.7708 -4.9053 -11.9232, -3.7318 -4.877 -11.9432, -3.6899 -4.8466 -11.95, -3.6653 -5.161 -11.8018, -3.6519 -5.1462 -11.85, -3.6307 -5.1226 -11.8914, -3.603 -5.0918 -11.9232, -3.5707 -5.0559 -11.9432, -3.536 -5.0175 -11.95, -3.35 -5.1526 -11.95, -3.3759 -5.1975 -11.9432, -3.4 -5.2392 -11.9232, -3.4207 -5.2751 -11.8914, -3.4366 -5.3026 -11.85, -3.4466 -5.3199 -11.8018, -2.6669 -5.4662 -11.85, -2.6702 -5.4346 -11.8914, -2.6746 -5.3934 -11.9232, -2.6796 -5.3455 -11.9432, -2.685 -5.294 -11.95, -2.4004 -5.4299 -11.8018, -2.4066 -5.4109 -11.85, -2.4164 -5.3807 -11.8914, -2.4292 -5.3413 -11.9232, -2.4441 -5.2954 -11.9432, -2.4601 -5.2462 -11.95, -2.25 -5.1526 -11.95, -2.2241 -5.1975 -11.9432, -2.2 -5.2392 -11.9232, -2.1793 -5.2751 -11.8914, -2.1634 -5.3026 -11.85, -2.1534 -5.3199 -11.8018, -1.6369 -4.7179 -11.85, -1.6659 -4.7049 -11.8914, -1.7037 -4.6881 -11.9232, -1.7478 -4.6685 -11.9432, -1.7951 -4.6474 -11.95, -1.5351 -4.4689 -11.8018, -1.5546 -4.4647 -11.85, -1.5857 -4.4581 -11.8914, -1.6262 -4.4495 -11.9232, -1.6734 -4.4395 -11.9432, -1.724 -4.4287 -11.95, -1.7 -4.2 -11.95, -1.6482 -4.2 -11.9432, -1.6 -4.2 -11.9232, -1.5586 -4.2 -11.8914, -1.5268 -4.2 -11.85, -1.5068 -4.2 -11.8018, -2.175 -4.2 -11.5563, -2.175 -4.2 -11.95, -2.1963 -4.3618 -11.5563, -2.1963 -4.3618 -11.95, -2.2587 -4.5125 -11.5563, -2.2587 -4.5125 -11.95, -2.3581 -4.6419 -11.5563, -2.3581 -4.6419 -11.95, -2.4875 -4.7413 -11.5563, -2.4875 -4.7413 -11.95, -2.6382 -4.8037 -11.5563, -2.6382 -4.8037 -11.95, -2.8 -4.825 -11.5563, -2.8 -4.825 -11.95, -2.9618 -4.8037 -11.5563, -2.9618 -4.8037 -11.95, -3.1125 -4.7413 -11.5563, -3.1125 -4.7413 -11.95, -3.2419 -4.6419 -11.5563, -3.2419 -4.6419 -11.95, -3.3413 -4.5125 -11.5563, -3.3413 -4.5125 -11.95, -3.4037 -4.3618 -11.5563, -3.4037 -4.3618 -11.95, -3.425 -4.2 -11.5563, -3.425 -4.2 -11.95, -3.4037 -4.0382 -11.5563, -3.4037 -4.0382 -11.95, -3.3413 -3.8875 -11.5563, -3.3413 -3.8875 -11.95, -3.2419 -3.7581 -11.5563, -3.2419 -3.7581 -11.95, -3.1125 -3.6587 -11.5563, -3.1125 -3.6587 -11.95, -2.9618 -3.5963 -11.5563, -2.9618 -3.5963 -11.95, -2.8 -3.575 -11.5563, -2.8 -3.575 -11.95, -2.6382 -3.5963 -11.5563, -2.6382 -3.5963 -11.95, -2.4875 -3.6587 -11.5563, -2.4875 -3.6587 -11.95, -2.3581 -3.7581 -11.5563, -2.3581 -3.7581 -11.95, -2.2587 -3.8875 -11.5563, -2.2587 -3.8875 -11.95, -2.1963 -4.0382 -11.5563, -2.1963 -4.0382 -11.95, 4.635 -4.2 -11.5563, 4.635 -4.2 -11.95, 4.6137 -4.3618 -11.5563, 4.6137 -4.3618 -11.95, 4.5513 -4.5125 -11.5563, 4.5513 -4.5125 -11.95, 4.4519 -4.6419 -11.5563, 4.4519 -4.6419 -11.95, 4.3225 -4.7413 -11.5563, 4.3225 -4.7413 -11.95, 4.1718 -4.8037 -11.5563, 4.1718 -4.8037 -11.95, 4.01 -4.825 -11.5563, 4.01 -4.825 -11.95, 3.8482 -4.8037 -11.5563, 3.8482 -4.8037 -11.95, 3.6975 -4.7413 -11.5563, 3.6975 -4.7413 -11.95, 3.5681 -4.6419 -11.5563, 3.5681 -4.6419 -11.95, 3.4687 -4.5125 -11.5563, 3.4687 -4.5125 -11.95, 3.4063 -4.3618 -11.5563, 3.4063 -4.3618 -11.95, 3.385 -4.2 -11.5563, 3.385 -4.2 -11.95, 3.4063 -4.0382 -11.5563, 3.4063 -4.0382 -11.95, 3.4687 -3.8875 -11.5563, 3.4687 -3.8875 -11.95, 3.5681 -3.7581 -11.5563, 3.5681 -3.7581 -11.95, 3.6975 -3.6587 -11.5563, 3.6975 -3.6587 -11.95, 3.8482 -3.5963 -11.5563, 3.8482 -3.5963 -11.95, 4.01 -3.575 -11.5563, 4.01 -3.575 -11.95, 4.1718 -3.5963 -11.5563, 4.1718 -3.5963 -11.95, 4.3225 -3.6587 -11.5563, 4.3225 -3.6587 -11.95, 4.4519 -3.7581 -11.5563, 4.4519 -3.7581 -11.95, 4.5513 -3.8875 -11.5563, 4.5513 -3.8875 -11.95, 4.6137 -4.0382 -11.5563, 4.6137 -4.0382 -11.95, 4.635 4.2 -11.5563, 4.635 4.2 -11.95, 4.6137 4.0382 -11.5563, 4.6137 4.0382 -11.95, 4.5513 3.8875 -11.5563, 4.5513 3.8875 -11.95, 4.4519 3.7581 -11.5563, 4.4519 3.7581 -11.95, 4.3225 3.6587 -11.5563, 4.3225 3.6587 -11.95, 4.1718 3.5963 -11.5563, 4.1718 3.5963 -11.95, 4.01 3.575 -11.5563, 4.01 3.575 -11.95, 3.8482 3.5963 -11.5563, 3.8482 3.5963 -11.95, 3.6975 3.6587 -11.5563, 3.6975 3.6587 -11.95, 3.5681 3.7581 -11.5563, 3.5681 3.7581 -11.95, 3.4687 3.8875 -11.5563, 3.4687 3.8875 -11.95, 3.4063 4.0382 -11.5563, 3.4063 4.0382 -11.95, 3.385 4.2 -11.5563, 3.385 4.2 -11.95, 3.4063 4.3618 -11.5563, 3.4063 4.3618 -11.95, 3.4687 4.5125 -11.5563, 3.4687 4.5125 -11.95, 3.5681 4.6419 -11.5563, 3.5681 4.6419 -11.95, 3.6975 4.7413 -11.5563, 3.6975 4.7413 -11.95, 3.8482 4.8037 -11.5563, 3.8482 4.8037 -11.95, 4.01 4.825 -11.5563, 4.01 4.825 -11.95, 4.1718 4.8037 -11.5563, 4.1718 4.8037 -11.95, 4.3225 4.7413 -11.5563, 4.3225 4.7413 -11.95, 4.4519 4.6419 -11.5563, 4.4519 4.6419 -11.95, 4.5513 4.5125 -11.5563, 4.5513 4.5125 -11.95, 4.6137 4.3618 -11.5563, 4.6137 4.3618 -11.95, -3.1125 4.7413 -11.5563, -2.9618 4.8037 -11.5563, -2.3581 3.7581 -11.5563, -3.4037 4.3618 -11.5563, -3.3413 4.5125 -11.5563, -3.2419 3.7581 -11.5563, -3.2419 4.6419 -11.5563, -3.1125 3.6587 -11.5563, -2.4875 3.6587 -11.5563, -2.6382 3.5963 -11.5563, -3.425 4.2 -11.5563, -3.3413 3.8875 -11.5563, -3.4037 4.0382 -11.5563, -2.8 4.825 -11.5563, -2.6382 4.8037 -11.5563, -2.4875 4.7413 -11.5563, -2.175 4.2 -11.5563, -2.1963 4.0382 -11.5563, -2.1963 4.3618 -11.5563, -2.2587 4.5125 -11.5563, -2.3581 4.6419 -11.5563, -2.2587 3.8875 -11.5563, -2.8 3.575 -11.5563, -2.9618 3.5963 -11.5563, -2.175 4.2 -11.95, -2.1963 4.0382 -11.95, -2.2587 3.8875 -11.95, -2.3581 3.7581 -11.95, -2.4875 3.6587 -11.95, -2.6382 3.5963 -11.95, -2.8 3.575 -11.95, -2.9618 3.5963 -11.95, -3.1125 3.6587 -11.95, -3.2419 3.7581 -11.95, -3.3413 3.8875 -11.95, -3.4037 4.0382 -11.95, -3.425 4.2 -11.95, -3.4037 4.3618 -11.95, -3.3413 4.5125 -11.95, -3.2419 4.6419 -11.95, -3.1125 4.7413 -11.95, -2.9618 4.8037 -11.95, -2.8 4.825 -11.95, -2.6382 4.8037 -11.95, -2.4875 4.7413 -11.95, -2.3581 4.6419 -11.95, -2.2587 4.5125 -11.95, -2.1963 4.3618 -11.95, -3.876 -3.9713 -11.95, -3.8049 -3.7526 -11.95, -3.6899 -3.5534 -11.95, -3.536 -3.3825 -11.95, -3.35 -3.2474 -11.95, -3.1399 -3.1538 -11.95, -2.915 -3.106 -11.95, -2.685 -3.106 -11.95, -2.4601 -3.1538 -11.95, -2.25 -3.2474 -11.95, -2.064 -3.3825 -11.95, -1.9101 -3.5534 -11.95, -1.7951 -3.7526 -11.95, -1.724 -3.9713 -11.95, -4.0506 -3.8652 -11.75, -3.9876 -3.6712 -11.75, -3.9814 -3.674 -11.8018, -3.9197 -3.5536 -11.75, -3.8517 -3.4359 -11.75, -3.8462 -3.4399 -11.8018, -1.8847 -3.2843 -11.75, -1.7483 -3.4359 -11.75, -1.7538 -3.4399 -11.8018, -1.6803 -3.5536 -11.75, -1.6124 -3.6712 -11.75, -1.6186 -3.674 -11.8018, -1.6734 -3.9605 -11.9432, -1.7478 -3.7315 -11.9432, -1.6262 -3.9505 -11.9232, -1.7037 -3.7119 -11.9232, -1.5857 -3.9419 -11.8914, -1.6659 -3.6951 -11.8914, -1.5546 -3.9353 -11.85, -1.6369 -3.6821 -11.85, -1.5351 -3.9311 -11.8018, -2.4441 -3.1046 -11.9432, -2.6796 -3.0545 -11.9432, -2.4292 -3.0587 -11.9232, -2.6746 -3.0066 -11.9232, -2.4164 -3.0193 -11.8914, -2.6702 -2.9654 -11.8914, -2.4066 -2.9891 -11.85, -2.6669 -2.9338 -11.85, -2.4004 -2.9701 -11.8018, -2.6648 -2.9139 -11.8018, -3.5707 -3.3441 -11.9432, -3.7318 -3.523 -11.9432, -3.603 -3.3082 -11.9232, -3.7708 -3.4947 -11.9232, -3.6307 -3.2774 -11.8914, -3.8043 -3.4703 -11.8914, -3.6519 -3.2538 -11.85, -3.83 -3.4516 -11.85, -3.6653 -3.239 -11.8018, -1.5284 -3.9297 -11.75, -1.5494 -3.8652 -11.75, -1.77 -3.4516 -11.85, -1.7957 -3.4703 -11.8914, -1.8292 -3.4947 -11.9232, -1.8682 -3.523 -11.9432, -1.9301 -3.2339 -11.75, -1.9347 -3.239 -11.8018, -1.9481 -3.2538 -11.85, -1.9693 -3.2774 -11.8914, -1.997 -3.3082 -11.9232, -2.0293 -3.3441 -11.9432, -2.2241 -3.2025 -11.9432, -2.2 -3.1608 -11.9232, -2.1793 -3.1249 -11.8914, -2.1634 -3.0974 -11.85, -2.1534 -3.0801 -11.8018, -2.15 -3.0742 -11.75, -2.3983 -2.9636 -11.75, -3.1354 -2.9495 -11.75, -2.9359 -2.9071 -11.75, -2.9352 -2.9139 -11.8018, -2.9331 -2.9338 -11.85, -2.9298 -2.9654 -11.8914, -2.9254 -3.0066 -11.9232, -2.9204 -3.0545 -11.9432, -2.8 -2.9071 -11.75, -2.6641 -2.9071 -11.75, -2.4646 -2.9495 -11.75, -3.2017 -2.9636 -11.75, -3.1996 -2.9701 -11.8018, -3.1934 -2.9891 -11.85, -3.1836 -3.0193 -11.8914, -3.1708 -3.0587 -11.9232, -3.1559 -3.1046 -11.9432, -3.3759 -3.2025 -11.9432, -3.4 -3.1608 -11.9232, -3.4207 -3.1249 -11.8914, -3.4366 -3.0974 -11.85, -3.4466 -3.0801 -11.8018, -3.45 -3.0742 -11.75, -3.6699 -3.2339 -11.75, -3.7153 -3.2843 -11.75, -3.9631 -3.6821 -11.85, -3.9341 -3.6951 -11.8914, -3.8963 -3.7119 -11.9232, -3.8522 -3.7315 -11.9432, -4.0716 -3.9297 -11.75, -4.0649 -3.9311 -11.8018, -4.0454 -3.9353 -11.85, -4.0143 -3.9419 -11.8914, -3.9738 -3.9505 -11.9232, -3.9266 -3.9605 -11.9432, -1.5443 -3.8635 -10.3, -1.6722 -3.5534 -11.4738, -1.8808 -3.2808 -11.54, -2.15 -3.0742 -11.54, -2.4635 -2.9443 -11.54, -2.727 -2.9021 -11.4646, -3.1365 -2.9443 -10.3, -3.45 -3.0742 -10.3, -3.7192 -3.2808 -10.3, -3.9258 -3.55 -10.3, -4.0557 -3.8635 -10.3, -6.9762 0.2572 -11.54, -6.9055 0.5057 -11.54, -6.7903 0.737 -11.54, -6.6346 0.9432 -11.54, -4.976 1.2532 -11.54, -4.7563 1.1172 -11.54, -6.224 1.2532 -11.54, -5.9831 1.3466 -11.54, -5.7292 1.394 -11.54, -6.4437 1.1172 -11.54, -4.2238 0.2572 -11.54, -4.2945 0.5057 -11.54, -5.4708 1.394 -11.54, -5.2169 1.3466 -11.54, -4.5654 0.9432 -11.54, -4.4097 0.737 -11.54, -0.0028 -1.9492 -11.54, -0.0519 -2.0131 -11.54, -0.1158 -2.0622 -11.54, -0.4243 -2.0622 -11.54, -0.3498 -2.093 -11.54, -0.27 -2.1035 -11.54, -0.1902 -2.093 -11.54, 1.2128 -1.9492 -11.54, 1.2619 -2.0131 -11.54, 1.3257 -2.0622 -11.54, 1.4002 -2.093 -11.54, 1.48 -2.1035 -11.54, 1.7472 -1.9492 -11.54, -0.27 2.1035 -11.54, -0.1902 2.093 -11.54, -0.1158 2.0622 -11.54, -0.4881 -2.0131 -11.54, 1.6342 2.0622 -11.54, 1.5598 2.093 -11.54, -0.5785 1.795 -11.54, -0.568 1.8748 -11.54, -0.5372 1.9492 -11.54, 1.5598 1.497 -11.54, 1.6342 1.5278 -11.54, -0.1158 -1.5278 -11.54, 1.48 2.1035 -11.54, 1.4002 2.093 -11.54, 1.3257 2.0622 -11.54, 1.2619 2.0131 -11.54, -0.1902 1.497 -11.54, -0.1158 1.5278 -11.54, 1.1715 1.795 -11.54, -0.0519 1.5769 -11.54, -0.0028 1.6408 -11.54, -0.3498 2.093 -11.54, -0.4243 2.0622 -11.54, -0.4881 2.0131 -11.54, 1.5598 -2.093 -11.54, 1.6342 -2.0622 -11.54, 1.6981 -2.0131 -11.54, 1.2128 1.9492 -11.54, 1.182 1.8748 -11.54, -0.0519 2.0131 -11.54, -0.0028 1.9492 -11.54, -0.5372 -1.9492 -11.54, -0.568 -1.8748 -11.54, -0.5785 -1.795 -11.54, 1.7885 -1.795 -11.54, 1.778 -1.8748 -11.54, 1.48 1.4865 -11.54, 1.7472 1.6408 -11.54, -0.5372 1.6408 -11.54, -0.4881 1.5769 -11.54, -0.3498 -1.497 -11.54, -0.4243 -1.5278 -11.54, -0.4881 -1.5769 -11.54, -0.5372 -1.6408 -11.54, 1.778 1.7152 -11.54, 1.7885 1.795 -11.54, 1.778 1.8748 -11.54, 1.7472 1.9492 -11.54, 1.6981 2.0131 -11.54, 0.028 1.7152 -11.54, 0.0385 1.795 -11.54, 0.028 1.8748 -11.54, 1.7472 -1.6408 -11.54, 1.778 -1.7152 -11.54, 1.5598 -1.497 -11.54, 1.48 -1.4865 -11.54, -0.568 -1.7152 -11.54, 1.6981 -1.5769 -11.54, 1.6342 -1.5278 -11.54, 1.6981 1.5769 -11.54, 1.4002 -1.497 -11.54, 1.3257 -1.5278 -11.54, 1.2619 -1.5769 -11.54, 1.2128 -1.6408 -11.54, 1.182 -1.7152 -11.54, -0.0519 -1.5769 -11.54, -0.0028 -1.6408 -11.54, -0.568 1.7152 -11.54, 1.182 -1.8748 -11.54, 0.028 -1.8748 -11.54, 1.1715 -1.795 -11.54, 0.0385 -1.795 -11.54, 0.028 -1.7152 -11.54, -0.4243 1.5278 -11.54, -0.3498 1.497 -11.54, -0.27 1.4865 -11.54, -0.1902 -1.497 -11.54, 1.3257 1.5278 -11.54, 1.4002 1.497 -11.54, 1.182 1.7152 -11.54, 1.2128 1.6408 -11.54, 1.2619 1.5769 -11.54, -0.27 -1.4865 -11.54, -7.1391 0.4123 -11.34, -7.092 0.578 -11.34, -7.0856 0.5755 -11.3918, -6.7279 1.1276 -11.34, -6.5642 1.2768 -11.34, -6.5601 1.2714 -11.3918, -6.0137 1.5434 -11.34, -5.7476 1.5932 -11.34, -5.747 1.5864 -11.3918, -5.6 1.5932 -11.34, -5.4524 1.5932 -11.34, -5.453 1.5864 -11.3918, -5.1863 1.5434 -11.34, -5.1621 1.5389 -11.34, -5.164 1.5324 -11.3918, -4.8032 1.3805 -11.34, -4.6358 1.2768 -11.34, -4.6399 1.2714 -11.3918, -4.2178 0.7983 -11.34, -4.108 0.578 -11.34, -4.1144 0.5755 -11.3918, -4.173 0.2668 -11.5332, -4.2463 0.5244 -11.5332, -4.1255 0.2756 -11.5132, -4.2013 0.5419 -11.5132, -4.0848 0.2832 -11.4814, -4.1627 0.5568 -11.4814, -4.0536 0.2891 -11.44, -4.133 0.5683 -11.44, -4.0339 0.2927 -11.3918, -4.5271 0.978 -11.5332, -4.7251 1.1585 -11.5332, -4.4915 1.0105 -11.5132, -4.696 1.197 -11.5132, -4.4609 1.0384 -11.4814, -4.6711 1.2301 -11.4814, -4.4374 1.0599 -11.44, -4.6519 1.2554 -11.44, -4.4226 1.0733 -11.3918, -6.2471 1.2996 -11.5332, -6.4749 1.1585 -11.5332, -6.2686 1.3427 -11.5132, -6.504 1.197 -11.5132, -6.2871 1.3798 -11.4814, -6.5289 1.2301 -11.4814, -6.3012 1.4083 -11.44, -6.5481 1.2554 -11.44, -6.3101 1.4262 -11.3918, -6.8343 0.7643 -11.5332, -6.9537 0.5244 -11.5332, -6.8753 0.7896 -11.5132, -6.9987 0.5419 -11.5132, -6.9105 0.8115 -11.4814, -7.0373 0.5568 -11.4814, -6.9376 0.8282 -11.44, -7.067 0.5683 -11.44, -6.9546 0.8387 -11.3918, -4.0272 0.294 -11.34, -4.0609 0.4123 -11.34, -4.2397 0.8423 -11.34, -4.2454 0.8387 -11.3918, -4.2624 0.8282 -11.44, -4.2895 0.8115 -11.4814, -4.3247 0.7896 -11.5132, -4.3657 0.7643 -11.5332, -4.4176 1.0779 -11.34, -4.4721 1.1276 -11.34, -4.8868 1.4323 -11.34, -4.8899 1.4262 -11.3918, -4.8988 1.4083 -11.44, -4.9129 1.3798 -11.4814, -4.9314 1.3427 -11.5132, -4.9529 1.2996 -11.5332, -5.2027 1.3963 -11.5332, -5.1895 1.4427 -11.5132, -5.1782 1.4826 -11.4814, -5.1695 1.5131 -11.44, -5.4548 1.5665 -11.44, -5.4578 1.5348 -11.4814, -5.4616 1.4936 -11.5132, -5.466 1.4456 -11.5332, -5.7452 1.5665 -11.44, -5.7422 1.5348 -11.4814, -5.7384 1.4936 -11.5132, -5.734 1.4456 -11.5332, -6.0379 1.5389 -11.34, -6.036 1.5324 -11.3918, -6.0305 1.5131 -11.44, -6.0218 1.4826 -11.4814, -6.0105 1.4427 -11.5132, -5.9973 1.3963 -11.5332, -6.3132 1.4323 -11.34, -6.3968 1.3805 -11.34, -6.7824 1.0779 -11.34, -6.7774 1.0733 -11.3918, -6.7626 1.0599 -11.44, -6.7391 1.0384 -11.4814, -6.7085 1.0105 -11.5132, -6.6729 0.978 -11.5332, -6.9603 0.8423 -11.34, -6.9822 0.7983 -11.34, -7.1728 0.294 -11.34, -7.1661 0.2927 -11.3918, -7.1464 0.2891 -11.44, -7.1152 0.2832 -11.4814, -7.0745 0.2756 -11.5132, -7.027 0.2668 -11.5332, -4.0545 0.4141 -10.3, -4.2144 0.8 -10.3, -4.4686 1.1314 -10.3, -4.8 1.3856 -10.3, -5.1859 1.5455 -10.3, -5.6 1.6 -10.3, -6.0141 1.5455 -10.3, -6.4 1.3856 -10.3, -6.7314 1.1314 -10.3, -6.9856 0.8 -10.3, -7.1455 0.4141 -10.3, 4.55 6.935 -5.9055, -4.55 6.935 -5.9055, 4.55 6.9325 -5.8985, -4.55 6.9325 -5.8985, 4.55 6.9202 -5.8632, -4.55 6.9202 -5.8632, 4.55 6.9123 -5.8506, -4.55 6.9123 -5.8506, 4.55 6.8964 -5.8253, -4.55 6.8964 -5.8253, 4.55 6.8805 -5.8095, -4.55 6.8805 -5.8095, 4.55 6.8647 -5.7936, -4.55 6.8647 -5.7936, 4.55 6.8394 -5.7777, -4.55 6.8394 -5.7777, 4.55 6.8268 -5.7698, -4.55 6.8268 -5.7698, 4.55 6.7915 -5.7575, -4.55 6.7915 -5.7575, 4.55 6.7845 -5.755, -4.55 6.7845 -5.755, 4.55 6.74 -5.75, -4.55 6.74 -5.75, 7.545 3.94 -5.9055, 7.5194 4.3309 -5.9055, 7.4429 4.7152 -5.9055, 7.317 5.0861 -5.9055, 7.1437 5.4375 -5.9055, 6.9261 5.7632 -5.9055, 6.6678 6.0578 -5.9055, 6.3732 6.3161 -5.9055, 6.0475 6.5337 -5.9055, 5.6961 6.707 -5.9055, 5.3252 6.8329 -5.9055, 4.9409 6.9094 -5.9055, 7.5223 3.94 -5.8506, 7.5302 3.94 -5.8632, 7.5047 4.329 -5.8632, 7.5425 3.94 -5.8985, 4.939 6.8947 -5.8632, 5.3213 6.8186 -5.8632, 5.6905 6.6933 -5.8632, 6.0401 6.5209 -5.8632, 6.3642 6.3043 -5.8632, 6.6573 6.0473 -5.8632, 6.9143 5.7542 -5.8632, 7.1309 5.4301 -5.8632, 7.3033 5.0805 -5.8632, 7.4286 4.7113 -5.8632, 7.4811 4.3259 -5.8253, 7.5064 3.94 -5.8253, 7.4056 4.7052 -5.8253, 7.2813 5.0714 -5.8253, 7.1103 5.4182 -5.8253, 6.8954 5.7397 -5.8253, 6.6405 6.0305 -5.8253, 6.3497 6.2854 -5.8253, 6.0282 6.5003 -5.8253, 5.6814 6.6713 -5.8253, 5.3152 6.7956 -5.8253, 4.9359 6.8711 -5.8253, 7.4494 3.94 -5.7777, 7.4747 3.94 -5.7936, 7.4497 4.3217 -5.7936, 7.4905 3.94 -5.8095, 4.9318 6.8397 -5.7936, 5.307 6.765 -5.7936, 5.6692 6.6421 -5.7936, 6.0123 6.4729 -5.7936, 6.3304 6.2603 -5.7936, 6.6181 6.0081 -5.7936, 6.8703 5.7204 -5.7936, 7.0829 5.4023 -5.7936, 7.2521 5.0592 -5.7936, 7.375 4.697 -5.7936, 7.4015 3.94 -5.7575, 7.4368 3.94 -5.7698, 7.4121 4.3168 -5.7698, 7.3384 4.6872 -5.7698, 7.217 5.0447 -5.7698, 7.05 5.3834 -5.7698, 6.8402 5.6974 -5.7698, 6.5913 5.9813 -5.7698, 6.3074 6.2302 -5.7698, 5.9934 6.44 -5.7698, 5.6547 6.607 -5.7698, 5.2972 6.7284 -5.7698, 4.9268 6.8021 -5.7698, 7.35 3.94 -5.75, 7.3945 3.94 -5.755, 7.3702 4.3113 -5.755, 7.2976 4.6762 -5.755, 7.178 5.0285 -5.755, 7.0134 5.3623 -5.755, 6.8067 5.6716 -5.755, 6.5614 5.9514 -5.755, 6.2816 6.1967 -5.755, 5.9723 6.4034 -5.755, 5.6385 6.568 -5.755, 5.2862 6.6876 -5.755, 4.9213 6.7602 -5.755, 7.326 4.3055 -5.75, 7.2546 4.6647 -5.75, 7.1369 5.0115 -5.75, 6.9749 5.34 -5.75, 6.7714 5.6445 -5.75, 6.5299 5.9199 -5.75, 6.2545 6.1614 -5.75, 5.95 6.3649 -5.75, 5.6215 6.5269 -5.75, 5.2747 6.6446 -5.75, 4.9155 6.716 -5.75, 7.545 -3.94 -5.9055, 7.55 -2.912 -5.95, 7.55 0.0959 -5.95, 7.55 0.4813 -5.95, 7.55 0.5053 -5.95, 7.55 0.8441 -5.95, 7.55 1.0271 -5.95, 7.55 1.1204 -5.95, 7.55 1.3416 -5.95, 7.55 1.4953 -5.95, 7.55 1.6217 -5.95, 7.5425 -3.94 -5.8985, 7.5302 -3.94 -5.8632, 7.5223 -3.94 -5.8506, 7.5064 -3.94 -5.8253, 7.4905 -3.94 -5.8095, 7.4747 -3.94 -5.7936, 7.4494 -3.94 -5.7777, 7.4368 -3.94 -5.7698, 7.4015 -3.94 -5.7575, 7.3945 -3.94 -5.755, 7.35 -3.94 -5.75, 4.55 -6.935 -5.9055, 4.9409 -6.9094 -5.9055, 5.3252 -6.8329 -5.9055, 5.6961 -6.707 -5.9055, 6.0475 -6.5337 -5.9055, 6.3732 -6.3161 -5.9055, 6.6678 -6.0578 -5.9055, 6.9261 -5.7632 -5.9055, 7.1437 -5.4375 -5.9055, 7.317 -5.0861 -5.9055, 7.4429 -4.7152 -5.9055, 7.5194 -4.3309 -5.9055, 4.55 -6.9123 -5.8506, 4.55 -6.9202 -5.8632, 4.939 -6.8947 -5.8632, 4.55 -6.9325 -5.8985, 7.5047 -4.329 -5.8632, 7.4286 -4.7113 -5.8632, 7.3033 -5.0805 -5.8632, 7.1309 -5.4301 -5.8632, 6.9143 -5.7542 -5.8632, 6.6573 -6.0473 -5.8632, 6.3642 -6.3043 -5.8632, 6.0401 -6.5209 -5.8632, 5.6905 -6.6933 -5.8632, 5.3213 -6.8186 -5.8632, 4.9359 -6.8711 -5.8253, 4.55 -6.8964 -5.8253, 5.3152 -6.7956 -5.8253, 5.6814 -6.6713 -5.8253, 6.0282 -6.5003 -5.8253, 6.3497 -6.2854 -5.8253, 6.6405 -6.0305 -5.8253, 6.8954 -5.7397 -5.8253, 7.1103 -5.4182 -5.8253, 7.2813 -5.0714 -5.8253, 7.4056 -4.7052 -5.8253, 7.4811 -4.3259 -5.8253, 4.55 -6.8394 -5.7777, 4.55 -6.8647 -5.7936, 4.9318 -6.8397 -5.7936, 4.55 -6.8805 -5.8095, 7.4497 -4.3217 -5.7936, 7.375 -4.697 -5.7936, 7.2521 -5.0592 -5.7936, 7.0829 -5.4023 -5.7936, 6.8703 -5.7204 -5.7936, 6.6181 -6.0081 -5.7936, 6.3304 -6.2603 -5.7936, 6.0123 -6.4729 -5.7936, 5.6692 -6.6421 -5.7936, 5.307 -6.765 -5.7936, 4.55 -6.7915 -5.7575, 4.55 -6.8268 -5.7698, 4.9268 -6.8021 -5.7698, 5.2972 -6.7284 -5.7698, 5.6547 -6.607 -5.7698, 5.9934 -6.44 -5.7698, 6.3074 -6.2302 -5.7698, 6.5913 -5.9813 -5.7698, 6.8402 -5.6974 -5.7698, 7.05 -5.3834 -5.7698, 7.217 -5.0447 -5.7698, 7.3384 -4.6872 -5.7698, 7.4121 -4.3168 -5.7698, 4.55 -6.74 -5.75, 4.55 -6.7845 -5.755, 4.9213 -6.7602 -5.755, 5.2862 -6.6876 -5.755, 5.6385 -6.568 -5.755, 5.9723 -6.4034 -5.755, 6.2816 -6.1967 -5.755, 6.5614 -5.9514 -5.755, 6.8067 -5.6716 -5.755, 7.0134 -5.3623 -5.755, 7.178 -5.0285 -5.755, 7.2976 -4.6762 -5.755, 7.3702 -4.3113 -5.755, 4.9155 -6.716 -5.75, 5.2747 -6.6446 -5.75, 5.6215 -6.5269 -5.75, 5.95 -6.3649 -5.75, 6.2545 -6.1614 -5.75, 6.5299 -5.9199 -5.75, 6.7714 -5.6445 -5.75, 6.9749 -5.34 -5.75, 7.1369 -5.0115 -5.75, 7.2546 -4.6647 -5.75, 7.326 -4.3055 -5.75, -4.55 -6.935 -5.9055, -4.55 -6.9325 -5.8985, -4.55 -6.9202 -5.8632, -4.55 -6.9123 -5.8506, -4.55 -6.8964 -5.8253, -4.55 -6.8805 -5.8095, -4.55 -6.8647 -5.7936, -4.55 -6.8394 -5.7777, -4.55 -6.8268 -5.7698, -4.55 -6.7915 -5.7575, -4.55 -6.7845 -5.755, -4.55 -6.74 -5.75, -7.545 -3.94 -5.9055, -7.5194 -4.3309 -5.9055, -7.4429 -4.7152 -5.9055, -7.317 -5.0861 -5.9055, -7.1437 -5.4375 -5.9055, -6.9261 -5.7632 -5.9055, -6.6678 -6.0578 -5.9055, -6.3732 -6.3161 -5.9055, -6.0475 -6.5337 -5.9055, -5.6961 -6.707 -5.9055, -5.3252 -6.8329 -5.9055, -4.9409 -6.9094 -5.9055, -7.5223 -3.94 -5.8506, -7.5302 -3.94 -5.8632, -7.5047 -4.329 -5.8632, -7.5425 -3.94 -5.8985, -4.939 -6.8947 -5.8632, -5.3213 -6.8186 -5.8632, -5.6905 -6.6933 -5.8632, -6.0401 -6.5209 -5.8632, -6.3642 -6.3043 -5.8632, -6.6573 -6.0473 -5.8632, -6.9143 -5.7542 -5.8632, -7.1309 -5.4301 -5.8632, -7.3033 -5.0805 -5.8632, -7.4286 -4.7113 -5.8632, -7.4811 -4.3259 -5.8253, -7.5064 -3.94 -5.8253, -7.4056 -4.7052 -5.8253, -7.2813 -5.0714 -5.8253, -7.1103 -5.4182 -5.8253, -6.8954 -5.7397 -5.8253, -6.6405 -6.0305 -5.8253, -6.3497 -6.2854 -5.8253, -6.0282 -6.5003 -5.8253, -5.6814 -6.6713 -5.8253, -5.3152 -6.7956 -5.8253, -4.9359 -6.8711 -5.8253, -7.4494 -3.94 -5.7777, -7.4747 -3.94 -5.7936, -7.4497 -4.3217 -5.7936, -7.4905 -3.94 -5.8095, -4.9318 -6.8397 -5.7936, -5.307 -6.765 -5.7936, -5.6692 -6.6421 -5.7936, -6.0123 -6.4729 -5.7936, -6.3304 -6.2603 -5.7936, -6.6181 -6.0081 -5.7936, -6.8703 -5.7204 -5.7936, -7.0829 -5.4023 -5.7936, -7.2521 -5.0592 -5.7936, -7.375 -4.697 -5.7936, -7.4015 -3.94 -5.7575, -7.4368 -3.94 -5.7698, -7.4121 -4.3168 -5.7698, -7.3384 -4.6872 -5.7698, -7.217 -5.0447 -5.7698, -7.05 -5.3834 -5.7698, -6.8402 -5.6974 -5.7698, -6.5913 -5.9813 -5.7698, -6.3074 -6.2302 -5.7698, -5.9934 -6.44 -5.7698, -5.6547 -6.607 -5.7698, -5.2972 -6.7284 -5.7698, -4.9268 -6.8021 -5.7698, -7.35 -3.94 -5.75, -7.3945 -3.94 -5.755, -7.3702 -4.3113 -5.755, -7.2976 -4.6762 -5.755, -7.178 -5.0285 -5.755, -7.0134 -5.3623 -5.755, -6.8067 -5.6716 -5.755, -6.5614 -5.9514 -5.755, -6.2816 -6.1967 -5.755, -5.9723 -6.4034 -5.755, -5.6385 -6.568 -5.755, -5.2862 -6.6876 -5.755, -4.9213 -6.7602 -5.755, -7.326 -4.3055 -5.75, -7.2546 -4.6647 -5.75, -7.1369 -5.0115 -5.75, -6.9749 -5.34 -5.75, -6.7714 -5.6445 -5.75, -6.5299 -5.9199 -5.75, -6.2545 -6.1614 -5.75, -5.95 -6.3649 -5.75, -5.6215 -6.5269 -5.75, -5.2747 -6.6446 -5.75, -4.9155 -6.716 -5.75, -7.545 3.94 -5.9055, -7.5425 3.94 -5.8985, -7.5302 3.94 -5.8632, -7.5223 3.94 -5.8506, -7.5064 3.94 -5.8253, -7.4905 3.94 -5.8095, -7.4747 3.94 -5.7936, -7.4494 3.94 -5.7777, -7.4368 3.94 -5.7698, -7.4015 3.94 -5.7575, -7.3945 3.94 -5.755, -7.35 3.94 -5.75, -4.9409 6.9094 -5.9055, -5.3252 6.8329 -5.9055, -5.6961 6.707 -5.9055, -6.0475 6.5337 -5.9055, -6.3732 6.3161 -5.9055, -6.6678 6.0578 -5.9055, -6.9261 5.7632 -5.9055, -7.1437 5.4375 -5.9055, -7.317 5.0861 -5.9055, -7.4429 4.7152 -5.9055, -7.5194 4.3309 -5.9055, -4.939 6.8947 -5.8632, -7.5047 4.329 -5.8632, -7.4286 4.7113 -5.8632, -7.3033 5.0805 -5.8632, -7.1309 5.4301 -5.8632, -6.9143 5.7542 -5.8632, -6.6573 6.0473 -5.8632, -6.3642 6.3043 -5.8632, -6.0401 6.5209 -5.8632, -5.6905 6.6933 -5.8632, -5.3213 6.8186 -5.8632, -4.9359 6.8711 -5.8253, -5.3152 6.7956 -5.8253, -5.6814 6.6713 -5.8253, -6.0282 6.5003 -5.8253, -6.3497 6.2854 -5.8253, -6.6405 6.0305 -5.8253, -6.8954 5.7397 -5.8253, -7.1103 5.4182 -5.8253, -7.2813 5.0714 -5.8253, -7.4056 4.7052 -5.8253, -7.4811 4.3259 -5.8253, -4.9318 6.8397 -5.7936, -7.4497 4.3217 -5.7936, -7.375 4.697 -5.7936, -7.2521 5.0592 -5.7936, -7.0829 5.4023 -5.7936, -6.8703 5.7204 -5.7936, -6.6181 6.0081 -5.7936, -6.3304 6.2603 -5.7936, -6.0123 6.4729 -5.7936, -5.6692 6.6421 -5.7936, -5.307 6.765 -5.7936, -4.9268 6.8021 -5.7698, -5.2972 6.7284 -5.7698, -5.6547 6.607 -5.7698, -5.9934 6.44 -5.7698, -6.3074 6.2302 -5.7698, -6.5913 5.9813 -5.7698, -6.8402 5.6974 -5.7698, -7.05 5.3834 -5.7698, -7.217 5.0447 -5.7698, -7.3384 4.6872 -5.7698, -7.4121 4.3168 -5.7698, -4.9213 6.7602 -5.755, -5.2862 6.6876 -5.755, -5.6385 6.568 -5.755, -5.9723 6.4034 -5.755, -6.2816 6.1967 -5.755, -6.5614 5.9514 -5.755, -6.8067 5.6716 -5.755, -7.0134 5.3623 -5.755, -7.178 5.0285 -5.755, -7.2976 4.6762 -5.755, -7.3702 4.3113 -5.755, -4.9155 6.716 -5.75, -5.2747 6.6446 -5.75, -5.6215 6.5269 -5.75, -5.95 6.3649 -5.75, -6.2545 6.1614 -5.75, -6.5299 5.9199 -5.75, -6.7714 5.6445 -5.75, -6.9749 5.34 -5.75, -7.1369 5.0115 -5.75, -7.2546 4.6647 -5.75, -7.326 4.3055 -5.75, 3.175 -6.64 -5.75, -3.175 -6.64 -5.75, -7.25 -2.565 -5.75, 3.175 6.64 -5.75, -3.175 6.64 -5.75, -7.25 2.565 -5.75, 7.25 2.565 -5.75, 7.25 -2.565 -5.75, 7.25 -2.565 -5.85, 3.175 -6.64 -5.85, -3.175 -6.64 -5.85, -7.25 -2.565 -5.85, -7.25 2.565 -5.85, -3.175 6.64 -5.85, 3.175 6.64 -5.85, 7.25 2.565 -5.85, -3.1509 1.03 0.0, -2.92 1.03 -0.4, -3.1509 1.58 0.0, -2.92 1.58 -0.4, -2.88 -1.58 -2.63, -2.88 -2.0 -2.63, -2.88 -1.58 -0.83, -2.88 -2.0 -0.83, -2.88 1.58 -0.83, -2.88 2.0 -0.83, -2.88 1.58 -2.63, -2.88 2.0 -2.63, -2.92 -1.03 -0.83, -2.92 -1.03 -0.4, -2.92 -1.58 -0.83, -2.92 -1.58 -0.4, -2.92 -1.03 -5.15, -2.92 -1.03 -2.63, -2.92 -1.58 -5.15, -2.92 -1.58 -2.63, -2.37 -1.58 -5.15, -2.37 1.58 -5.15, -2.92 1.03 -5.15, -2.92 1.58 -5.15, -3.48 -1.03 -5.15, -3.48 1.03 -5.15, 1.68 -3.6461 -0.4, 1.68 -3.6 -5.15, -0.47 -3.6461 -0.4, -0.47 -3.6 -5.15, 1.68 -3.6 -7.72, -0.47 -3.6 -7.72, 1.68 -3.5407 -7.7973, 1.68 -3.52 -7.8, 0.605 -3.52 -7.8, 0.0808 -3.52 -7.8, -0.47 -3.5406 -7.797, -0.4596 -3.52 -7.8, -0.47 -3.5378 -7.798, -0.47 -3.52 -7.8, -0.47 -3.5547 -7.7921, 1.68 -3.56 -7.7893, -0.47 -3.5598 -7.7889, -0.47 -3.5699 -7.7825, 1.68 -3.5766 -7.7766, -0.47 -3.5762 -7.7762, 1.68 -3.5893 -7.76, -0.47 -3.5825 -7.7699, -0.47 -3.5889 -7.7598, 1.68 -3.5973 -7.7407, -0.47 -3.5921 -7.7547, -0.47 -3.597 -7.7406, -0.47 -3.598 -7.7378, 1.9613 -3.4954 -7.8, 2.2341 -3.4223 -7.8, 1.9649 -3.5158 -7.7973, 2.4267 -3.3325 -7.8, 2.2412 -3.4418 -7.7973, 2.921 -2.9413 -7.8, 2.7213 -3.141 -7.8, 2.7346 -3.1569 -7.7973, 3.083 -2.71 -7.8, 2.9369 -2.9546 -7.7973, 3.2023 -2.4541 -7.8, 3.1009 -2.7204 -7.7973, 3.2958 -2.1849 -7.7973, 3.2754 -2.1813 -7.8, 3.2369 -2.325 -7.8, 2.49 -3.303 -7.8, 2.5004 -3.3209 -7.7973, 3.3436 -2.1933 -7.76, 3.3566 -1.9 -7.7766, 3.3311 -2.1911 -7.7766, 3.34 -1.9 -7.7893, 3.3148 -2.1883 -7.7893, 3.3207 -1.9 -7.7973, 3.3 -1.9 -7.8, 3.2749 -2.4805 -7.7407, 3.2674 -2.4778 -7.76, 3.2555 -2.4734 -7.7766, 3.2399 -2.4678 -7.7893, 3.2218 -2.4612 -7.7973, 3.3515 -2.1947 -7.7407, 3.3773 -1.9 -7.7407, 3.3693 -1.9 -7.76, 3.38 -1.9 -7.72, 3.3542 -2.1952 -7.72, 3.3158 -2.3383 -7.72, 3.2775 -2.4814 -7.72, 3.1176 -2.73 -7.7893, 3.132 -2.7383 -7.7766, 3.143 -2.7446 -7.76, 3.1499 -2.7486 -7.7407, 3.1522 -2.75 -7.72, 2.9516 -2.967 -7.7893, 2.9643 -2.9777 -7.7766, 2.9741 -2.9858 -7.76, 2.9802 -2.991 -7.7407, 2.9823 -2.9927 -7.72, 2.771 -3.2002 -7.7407, 2.7727 -3.2023 -7.72, 2.8775 -3.0975 -7.72, 2.747 -3.1716 -7.7893, 2.7577 -3.1843 -7.7766, 2.7658 -3.1941 -7.76, 2.51 -3.3376 -7.7893, 2.5183 -3.352 -7.7766, 2.5246 -3.363 -7.76, 2.5286 -3.3699 -7.7407, 2.53 -3.3722 -7.72, 2.2478 -3.4599 -7.7893, 2.2534 -3.4755 -7.7766, 2.2578 -3.4874 -7.76, 2.2605 -3.4949 -7.7407, 2.2614 -3.4975 -7.72, 1.9747 -3.5715 -7.7407, 1.9752 -3.5742 -7.72, 2.1183 -3.5358 -7.72, 1.9683 -3.5348 -7.7893, 1.9711 -3.5511 -7.7766, 1.9733 -3.5636 -7.76, 2.12 -3.5421 -5.15, 2.53 -3.3722 -5.15, 2.8821 -3.1021 -5.15, 3.1522 -2.75 -5.15, 3.3221 -2.34 -5.15, 3.38 -1.9 -5.15, 3.4261 -1.9 -0.4, 3.3823 -2.2885 -0.4, 3.3609 -2.3499 -0.4, 3.2532 -2.6576 -0.4, 3.1839 -2.7679 -0.4, 3.0452 -2.9887 -0.4, 2.9069 -3.1269 -0.4, 2.7687 -3.2652 -0.4, 2.5479 -3.4039 -0.4, 2.4376 -3.4732 -0.4, 2.1299 -3.5809 -0.4, 2.0685 -3.6023 -0.4, 3.4261 1.9 -0.4, 3.38 1.9 -5.15, 3.38 1.9 -7.72, 3.3178 1.9 -7.798, 3.3 1.9 -7.8, 3.3 0.0 -7.8, 3.3206 1.9 -7.797, 3.3347 1.9 -7.7921, 3.3398 1.9 -7.7889, 3.3499 1.9 -7.7825, 3.3562 1.9 -7.7762, 3.3625 1.9 -7.7699, 3.3689 1.9 -7.7598, 3.3721 1.9 -7.7547, 3.377 1.9 -7.7406, 3.378 1.9 -7.7378, 3.3522 2.1949 -7.7378, 3.3464 2.1938 -7.7547, 3.2349 2.4659 -7.7921, 3.3096 2.1873 -7.7921, 3.3245 2.19 -7.7825, 2.921 2.9413 -7.8, 3.083 2.71 -7.8, 3.0984 2.7189 -7.798, 2.49 3.303 -7.8, 2.7213 3.141 -7.8, 2.7328 3.1546 -7.798, 2.2341 3.4223 -7.8, 2.4989 3.3184 -7.798, 1.9613 3.4954 -7.8, 1.9644 3.5129 -7.798, 1.68 3.52 -7.8, 1.68 3.5378 -7.798, 3.219 2.4602 -7.798, 3.2754 2.1813 -7.8, 3.2929 2.1844 -7.798, 3.2369 2.325 -7.8, 3.2023 2.4541 -7.8, 1.68 3.5406 -7.797, 1.9673 3.5296 -7.7921, 1.68 3.5547 -7.7921, 3.113 2.7274 -7.7921, 2.9476 2.9636 -7.7921, 2.9346 2.9528 -7.798, 1.68 3.5598 -7.7889, 1.97 3.5445 -7.7825, 1.68 3.5699 -7.7825, 2.9592 2.9734 -7.7825, 3.1262 2.7349 -7.7825, 3.2492 2.4711 -7.7825, 1.68 3.5762 -7.7762, 1.9722 3.557 -7.7699, 1.68 3.5825 -7.7699, 2.9689 2.9815 -7.7699, 3.1371 2.7413 -7.7699, 3.2611 2.4755 -7.7699, 3.337 2.1922 -7.7699, 1.68 3.5889 -7.7598, 1.9738 3.5664 -7.7547, 1.68 3.5921 -7.7547, 2.2607 3.4956 -7.7378, 2.2587 3.49 -7.7547, 2.2555 3.4811 -7.7699, 2.2511 3.4692 -7.7825, 2.2459 3.4549 -7.7921, 2.2402 3.439 -7.798, 3.27 2.4787 -7.7547, 3.1454 2.746 -7.7547, 2.9762 2.9876 -7.7547, 1.9749 3.5722 -7.7378, 1.68 3.598 -7.7378, 1.68 3.597 -7.7406, 3.2756 2.4807 -7.7378, 3.1505 2.749 -7.7378, 2.9807 2.9914 -7.7378, 1.68 3.6 -7.72, 1.9752 3.5742 -7.72, 2.1183 3.5358 -7.72, 2.2614 3.4975 -7.72, 2.5074 3.333 -7.7921, 2.5149 3.3462 -7.7825, 2.5213 3.3571 -7.7699, 2.526 3.3654 -7.7547, 2.529 3.3705 -7.7378, 2.53 3.3722 -7.72, 2.7436 3.1676 -7.7921, 2.7534 3.1792 -7.7825, 2.7615 3.1889 -7.7699, 2.7676 3.1962 -7.7547, 2.7714 3.2007 -7.7378, 2.7727 3.2023 -7.72, 2.8775 3.0975 -7.72, 3.3542 2.1952 -7.72, 3.3158 2.3383 -7.72, 3.2775 2.4814 -7.72, 3.1522 2.75 -7.72, 2.9823 2.9927 -7.72, 3.3221 2.34 -5.15, 3.1522 2.75 -5.15, 2.8821 3.1021 -5.15, 2.53 3.3722 -5.15, 2.12 3.5421 -5.15, 1.68 3.6 -5.15, 1.68 3.6461 -0.4, 2.0685 3.6023 -0.4, 2.1299 3.5809 -0.4, 2.4376 3.4732 -0.4, 2.5479 3.4039 -0.4, 2.7687 3.2652 -0.4, 2.9069 3.1269 -0.4, 3.0452 2.9887 -0.4, 3.1839 2.7679 -0.4, 3.2532 2.6576 -0.4, 3.3609 2.3499 -0.4, 3.3823 2.2885 -0.4, -0.47 3.6461 -0.4, -0.47 3.6 -5.15, -0.47 3.6 -7.72, -0.47 3.5407 -7.7973, -0.47 3.52 -7.8, -0.4596 3.52 -7.8, 0.605 3.52 -7.8, 0.0808 3.52 -7.8, -0.47 3.56 -7.7893, -0.47 3.5766 -7.7766, -0.47 3.5893 -7.76, -0.47 3.5973 -7.7407, -2.0858 2.1849 -7.7973, -2.0118 2.4612 -7.7973, -2.0299 2.4678 -7.7893, -0.6208 3.5068 -7.8, -1.28 3.303 -7.8, -1.0241 3.4223 -7.8, -1.0312 3.4418 -7.7973, -1.5113 3.141 -7.8, -1.2904 3.3209 -7.7973, -2.09 1.9 -7.8, -2.0654 2.1813 -7.8, -2.0269 2.325 -7.8, -1.9923 2.4541 -7.8, -0.7513 3.4954 -7.8, -0.7549 3.5158 -7.7973, -1.922 2.7383 -7.7766, -1.9076 2.73 -7.7893, -1.8909 2.7204 -7.7973, -1.873 2.71 -7.8, -1.7641 2.9858 -7.76, -1.7543 2.9777 -7.7766, -1.7416 2.967 -7.7893, -1.7269 2.9546 -7.7973, -1.711 2.9413 -7.8, -2.1336 2.1933 -7.76, -2.1593 1.9 -7.76, -2.1466 1.9 -7.7766, -1.561 3.2002 -7.7407, -1.5558 3.1941 -7.76, -1.5477 3.1843 -7.7766, -1.537 3.1716 -7.7893, -1.5246 3.1569 -7.7973, -2.1673 1.9 -7.7407, -2.1415 2.1947 -7.7407, -2.0649 2.4805 -7.7407, -1.6675 3.0975 -7.72, -1.7723 2.9927 -7.72, -1.7702 2.991 -7.7407, -1.9399 2.7486 -7.7407, -1.933 2.7446 -7.76, -2.0574 2.4778 -7.76, -2.0455 2.4734 -7.7766, -2.1211 2.1911 -7.7766, -2.1048 2.1883 -7.7893, -2.13 1.9 -7.7893, -2.1107 1.9 -7.7973, -2.17 1.9 -7.72, -2.1442 2.1952 -7.72, -2.1058 2.3383 -7.72, -2.0675 2.4814 -7.72, -1.9422 2.75 -7.72, -1.5627 3.2023 -7.72, -1.3 3.3376 -7.7893, -1.3083 3.352 -7.7766, -1.3146 3.363 -7.76, -1.3186 3.3699 -7.7407, -1.32 3.3722 -7.72, -1.0378 3.4599 -7.7893, -1.0434 3.4755 -7.7766, -1.0478 3.4874 -7.76, -1.0505 3.4949 -7.7407, -1.0514 3.4975 -7.72, -0.7647 3.5715 -7.7407, -0.7652 3.5742 -7.72, -0.9083 3.5358 -7.72, -0.7583 3.5348 -7.7893, -0.7611 3.5511 -7.7766, -0.7633 3.5636 -7.76, -0.91 3.5421 -5.15, -1.32 3.3722 -5.15, -1.6721 3.1021 -5.15, -1.9422 2.75 -5.15, -2.1121 2.34 -5.15, -2.17 1.9 -5.15, -2.2161 1.9 -0.4, -2.1723 2.2885 -0.4, -2.1509 2.3499 -0.4, -2.0432 2.6576 -0.4, -1.9739 2.7679 -0.4, -1.8352 2.9887 -0.4, -1.6969 3.1269 -0.4, -1.5587 3.2652 -0.4, -1.3379 3.4039 -0.4, -1.2276 3.4732 -0.4, -0.9199 3.5809 -0.4, -0.8585 3.6023 -0.4, -2.17 -1.9 -5.15, -2.17 -1.78 -5.15, -2.2161 -1.9 -0.4, -2.2161 -1.78 -0.4, -2.2161 1.78 -0.4, -2.17 1.78 -5.15, -2.1723 1.7402 -5.3194, -2.1711 1.7465 -5.3295, -2.2201 1.7466 -0.4011, -2.17 1.7753 -5.1555, -2.17 1.773 -5.1626, -2.17 1.7704 -5.1736, -2.1709 1.7477 -5.3314, -2.1702 1.7514 -5.3411, -2.17 1.7523 -5.348, -2.17 1.7522 -5.35, -2.17 1.7765 -5.1533, -2.17 1.7783 -5.1513, -2.2341 1.6997 -0.4049, -2.1859 1.6994 -5.2722, -2.2218 1.7326 -0.4016, -2.1848 1.7016 -5.2745, -2.1761 1.7285 -5.3058, -2.2278 1.6387 -5.2093, -2.2591 1.6577 -0.4117, -2.2461 1.6243 -5.1947, -2.2655 1.6483 -0.4135, -2.2474 1.6233 -5.1936, -2.2937 1.623 -0.4212, -2.2638 1.6103 -5.1805, -2.215 1.6553 -5.2264, -2.2129 1.6581 -5.2292, -2.2385 1.688 -0.4061, -2.1954 1.6807 -5.2525, -2.1901 1.6911 -5.2634, -2.3356 1.598 -0.4327, -2.2895 1.5978 -5.1679, -2.3021 1.6155 -0.4235, -2.2836 1.6006 -5.1707, -2.2663 1.6088 -5.179, -2.4156 1.58 -0.4545, -2.3944 1.5811 -0.4487, -2.3377 1.5826 -5.1526, -2.3824 1.584 -0.4454, -2.3365 1.5829 -5.1529, -2.3457 1.5927 -0.4354, -2.3257 1.5857 -5.1558, -2.3018 1.5919 -5.162, -2.92 1.58 -2.63, -2.678 1.58 0.0, -2.92 1.58 -0.83, -2.92 1.03 -0.83, -2.92 1.03 -2.63, -3.48 1.03 0.0, -3.48 1.03 -0.83, -3.48 1.03 -2.63, -3.48 -1.9657 -0.83, -3.48 -1.9657 -2.63, -3.48 -1.03 -0.83, -3.48 -1.03 -2.63, -3.48 1.9657 -2.63, -3.48 1.9657 -0.83, -3.48 -1.03 0.0, -3.88 -1.4 -5.85, -3.88 -1.4 -0.1, -3.88 1.4 -5.85, -3.88 1.4 -0.1, -3.4353 1.9796 -2.63, -3.28 2.0 -2.63, -3.4353 1.9796 -5.85, -3.28 2.0 -5.85, -3.4353 1.9796 -0.83, -3.58 1.9196 -0.1, -3.4353 1.9796 -0.1, -3.28 2.0 -0.1, -3.28 2.0 -0.83, -3.58 1.9196 -5.85, -3.7043 1.8243 -5.85, -3.7043 1.8243 -0.1, -3.7996 1.7 -5.85, -3.7996 1.7 -0.1, -3.8596 1.5553 -5.85, -3.8596 1.5553 -0.1, -3.4353 -1.9796 -0.83, -3.28 -2.0 -0.83, -3.28 -2.0 -0.1, -3.4353 -1.9796 -0.1, -3.4353 -1.9796 -2.63, -3.58 -1.9196 -5.85, -3.58 -1.9196 -0.1, -3.4353 -1.9796 -5.85, -3.28 -2.0 -5.85, -3.28 -2.0 -2.63, -3.7043 -1.8243 -0.1, -3.7043 -1.8243 -5.85, -3.7996 -1.7 -0.1, -3.7996 -1.7 -5.85, -3.8596 -1.5553 -0.1, -3.8596 -1.5553 -5.85, -2.8684 -2.0 -0.1, -2.8684 -2.0 -5.85, -2.67 -2.175 -5.85, -2.67 -2.175 -0.1, -2.6817 -2.1284 -5.85, -2.6817 -2.1284 -0.1, -2.7042 -2.0859 -5.85, -2.7042 -2.0859 -0.1, -2.7361 -2.05 -5.85, -2.7361 -2.05 -0.1, -2.7758 -2.0228 -5.85, -2.7758 -2.0228 -0.1, -2.8207 -2.0058 -5.85, -2.8207 -2.0058 -0.1, -0.4873 -4.1 -0.1, -0.8391 -4.0717 -0.1, -0.4873 -4.1 -5.85, -0.9383 -4.0533 -5.85, -0.9369 -4.0476 -0.1, -1.1818 -3.9875 -0.1, -1.3702 -3.915 -5.85, -1.7628 -3.6883 -0.1, -1.7646 -3.6912 -5.85, -1.5067 -3.8495 -0.1, -1.3675 -3.9086 -0.1, -1.8054 -3.6614 -0.1, -2.0701 -3.428 -0.1, -2.1047 -3.3912 -5.85, -2.102 -3.389 -0.1, -2.2941 -3.1552 -0.1, -2.3761 -3.0279 -5.85, -2.3701 -3.0244 -0.1, -2.4715 -2.8501 -0.1, -2.5672 -2.6167 -5.85, -2.5979 -2.5205 -0.1, -2.5618 -2.6146 -0.1, -2.67 2.175 -0.1, -2.5979 2.5205 -0.1, -2.67 2.175 -5.85, -2.5672 2.6167 -5.85, -2.5618 2.6146 -0.1, -2.4715 2.8501 -0.1, -2.3761 3.0279 -5.85, -2.102 3.389 -0.1, -2.1047 3.3912 -5.85, -2.2941 3.1552 -0.1, -2.3701 3.0244 -0.1, -2.0701 3.428 -0.1, -1.8054 3.6614 -0.1, -1.7646 3.6912 -5.85, -1.7628 3.6883 -0.1, -1.5067 3.8495 -0.1, -1.3702 3.915 -5.85, -1.3675 3.9086 -0.1, -1.1818 3.9875 -0.1, -0.9383 4.0533 -5.85, -0.4873 4.1 -0.1, -0.4873 4.1 -5.85, -0.8391 4.0717 -0.1, -0.9369 4.0476 -0.1, 1.68 4.1 -5.85, 1.68 4.1 -0.1, 2.0242 4.0729 -0.1, 2.1695 4.0448 -5.85, 2.6333 3.8791 -0.1, 2.6345 3.8821 -5.85, 2.3598 3.9923 -0.1, 2.168 4.0384 -0.1, 2.6788 3.8602 -0.1, 2.9731 3.6798 -0.1, 3.0517 3.62 -5.85, 3.3958 3.2681 -0.1, 3.4 3.2717 -5.85, 3.2356 3.4556 -0.1, 3.0481 3.6158 -0.1, 3.4598 3.1931 -0.1, 3.6402 2.8988 -0.1, 3.6621 2.8545 -5.85, 3.6591 2.8533 -0.1, 3.7723 2.5798 -0.1, 3.8248 2.3895 -5.85, 3.88 1.9 -0.1, 3.88 1.9 -5.85, 3.8529 2.2442 -0.1, 3.8184 2.388 -0.1, 3.88 -1.9 -5.85, 3.88 -1.9 -0.1, 3.8529 -2.2442 -0.1, 3.8248 -2.3895 -5.85, 3.6591 -2.8533 -0.1, 3.6621 -2.8545 -5.85, 3.7723 -2.5798 -0.1, 3.8184 -2.388 -0.1, 3.6402 -2.8988 -0.1, 3.4598 -3.1931 -0.1, 3.4 -3.2717 -5.85, 3.0481 -3.6158 -0.1, 3.0517 -3.62 -5.85, 3.2356 -3.4556 -0.1, 3.3958 -3.2681 -0.1, 2.9731 -3.6798 -0.1, 2.6788 -3.8602 -0.1, 2.6345 -3.8821 -5.85, 2.6333 -3.8791 -0.1, 2.3598 -3.9923 -0.1, 2.1695 -4.0448 -5.85, 1.68 -4.1 -0.1, 1.68 -4.1 -5.85, 2.0242 -4.0729 -0.1, 2.168 -4.0384 -0.1, 2.168 -4.0384 -0.1
            ]
        }
        coordIndex [
            0,1,2,-1,2,1,3,-1,4,5,6,-1,6,5,3,-1,6,3,7,-1,7,3,1,-1,4,8,5,-1,5,8,9,-1,5,9,10,-1,11,12,13,-1,13,12,10,-1,13,10,14,-1,14,10,9,-1,11,15,12,-1,12,15,16,-1,12,16,17,-1,16,18,17,-1,17,18,19,-1,17,19,20,-1,21,22,23,-1,23,22,20,-1,23,20,24,-1,24,20,19,-1,21,25,22,-1,22,25,26,-1,22,26,27,-1,28,29,30,-1,30,29,27,-1,30,27,31,-1,31,27,26,-1,28,32,29,-1,29,32,33,-1,29,33,34,-1,33,35,34,-1,34,35,36,-1,34,36,37,-1,38,39,40,-1,40,39,37,-1,40,37,41,-1,41,37,36,-1,41,36,42,-1,28,30,43,-1,21,23,44,-1,24,19,45,-1,18,16,46,-1,11,13,47,-1,4,6,48,-1,49,50,51,-1,51,50,52,-1,51,52,53,-1,53,52,54,-1,53,54,55,-1,55,54,56,-1,55,56,57,-1,57,56,58,-1,57,58,59,-1,59,58,48,-1,60,61,62,-1,62,61,63,-1,62,63,64,-1,64,63,65,-1,64,65,66,-1,66,65,67,-1,66,67,68,-1,68,67,69,-1,68,69,70,-1,70,69,47,-1,71,72,73,-1,73,72,74,-1,73,74,75,-1,75,74,76,-1,75,76,77,-1,77,76,78,-1,77,78,79,-1,79,78,80,-1,79,80,81,-1,81,80,43,-1,82,83,84,-1,84,83,85,-1,84,85,86,-1,86,85,87,-1,86,87,88,-1,88,87,89,-1,88,89,90,-1,90,89,91,-1,90,91,92,-1,92,91,42,-1,93,49,94,-1,94,49,51,-1,94,51,95,-1,95,51,53,-1,95,53,96,-1,96,53,55,-1,96,55,97,-1,97,55,57,-1,97,57,98,-1,98,57,59,-1,98,59,0,-1,0,59,1,-1,48,6,59,-1,59,6,7,-1,59,7,1,-1,8,4,99,-1,99,4,48,-1,99,48,100,-1,100,48,58,-1,100,58,101,-1,101,58,56,-1,101,56,102,-1,102,56,54,-1,102,54,103,-1,103,54,52,-1,103,52,104,-1,104,52,50,-1,104,60,103,-1,103,60,62,-1,103,62,102,-1,102,62,64,-1,102,64,101,-1,101,64,66,-1,101,66,100,-1,100,66,68,-1,100,68,99,-1,99,68,70,-1,99,70,8,-1,8,70,9,-1,47,13,70,-1,70,13,14,-1,70,14,9,-1,15,11,105,-1,105,11,47,-1,105,47,106,-1,106,47,69,-1,106,69,107,-1,107,69,67,-1,107,67,108,-1,108,67,65,-1,108,65,109,-1,109,65,63,-1,109,63,110,-1,110,63,61,-1,110,111,109,-1,109,111,112,-1,109,112,108,-1,108,112,113,-1,108,113,107,-1,107,113,114,-1,107,114,106,-1,106,114,115,-1,106,115,105,-1,105,115,46,-1,105,46,15,-1,15,46,16,-1,19,18,45,-1,45,18,46,-1,45,46,116,-1,116,46,115,-1,116,115,117,-1,117,115,114,-1,117,114,118,-1,118,114,113,-1,118,113,119,-1,119,113,112,-1,119,112,120,-1,120,112,111,-1,23,24,44,-1,44,24,45,-1,44,45,121,-1,121,45,116,-1,121,116,122,-1,122,116,117,-1,122,117,123,-1,123,117,118,-1,123,118,124,-1,124,118,119,-1,124,119,125,-1,125,119,120,-1,25,21,126,-1,126,21,44,-1,126,44,127,-1,127,44,121,-1,127,121,128,-1,128,121,122,-1,128,122,129,-1,129,122,123,-1,129,123,130,-1,130,123,124,-1,130,124,131,-1,131,124,125,-1,131,71,130,-1,130,71,73,-1,130,73,129,-1,129,73,75,-1,129,75,128,-1,128,75,77,-1,128,77,127,-1,127,77,79,-1,127,79,126,-1,126,79,81,-1,126,81,25,-1,25,81,26,-1,43,30,81,-1,81,30,31,-1,81,31,26,-1,32,28,132,-1,132,28,43,-1,132,43,133,-1,133,43,80,-1,133,80,134,-1,134,80,78,-1,134,78,135,-1,135,78,76,-1,135,76,136,-1,136,76,74,-1,136,74,137,-1,137,74,72,-1,137,82,136,-1,136,82,84,-1,136,84,135,-1,135,84,86,-1,135,86,134,-1,134,86,88,-1,134,88,133,-1,133,88,90,-1,133,90,132,-1,132,90,92,-1,132,92,32,-1,32,92,33,-1,42,36,92,-1,92,36,35,-1,92,35,33,-1,40,41,138,-1,138,41,42,-1,138,42,139,-1,139,42,91,-1,139,91,140,-1,140,91,89,-1,140,89,141,-1,141,89,87,-1,141,87,142,-1,142,87,85,-1,142,85,143,-1,143,85,83,-1,143,144,142,-1,142,144,145,-1,142,145,141,-1,141,145,146,-1,141,146,140,-1,140,146,147,-1,140,147,139,-1,139,147,148,-1,139,148,138,-1,138,148,149,-1,138,149,40,-1,40,149,38,-1,150,151,152,-1,153,154,155,-1,156,157,158,-1,159,160,161,-1,162,163,164,-1,164,163,165,-1,164,165,166,-1,166,165,167,-1,166,167,168,-1,168,167,169,-1,168,169,170,-1,170,169,171,-1,170,171,172,-1,172,171,161,-1,172,161,173,-1,173,161,160,-1,174,159,175,-1,175,159,161,-1,175,161,176,-1,176,161,171,-1,176,171,177,-1,177,171,169,-1,177,169,178,-1,178,169,167,-1,178,167,179,-1,179,167,165,-1,179,165,180,-1,180,165,163,-1,180,181,179,-1,179,181,182,-1,179,182,178,-1,178,182,183,-1,178,183,177,-1,177,183,184,-1,177,184,176,-1,176,184,185,-1,176,185,175,-1,175,185,186,-1,175,186,174,-1,174,186,187,-1,181,188,182,-1,182,188,189,-1,182,189,183,-1,183,189,190,-1,183,190,184,-1,184,190,191,-1,184,191,185,-1,185,191,192,-1,185,192,186,-1,186,192,158,-1,186,158,187,-1,187,158,157,-1,193,156,194,-1,194,156,158,-1,194,158,195,-1,195,158,192,-1,195,192,196,-1,196,192,191,-1,196,191,197,-1,197,191,190,-1,197,190,198,-1,198,190,189,-1,198,189,199,-1,199,189,188,-1,199,200,198,-1,198,200,201,-1,198,201,197,-1,197,201,202,-1,197,202,196,-1,196,202,203,-1,196,203,195,-1,195,203,204,-1,195,204,194,-1,194,204,205,-1,194,205,193,-1,193,205,206,-1,200,207,201,-1,201,207,208,-1,201,208,202,-1,202,208,209,-1,202,209,203,-1,203,209,210,-1,203,210,204,-1,204,210,211,-1,204,211,205,-1,205,211,155,-1,205,155,206,-1,206,155,154,-1,212,153,213,-1,213,153,155,-1,213,155,214,-1,214,155,211,-1,214,211,215,-1,215,211,210,-1,215,210,216,-1,216,210,209,-1,216,209,217,-1,217,209,208,-1,217,208,218,-1,218,208,207,-1,218,219,217,-1,217,219,220,-1,217,220,216,-1,216,220,221,-1,216,221,215,-1,215,221,222,-1,215,222,214,-1,214,222,223,-1,214,223,213,-1,213,223,224,-1,213,224,212,-1,212,224,225,-1,219,226,220,-1,220,226,227,-1,220,227,221,-1,221,227,228,-1,221,228,222,-1,222,228,229,-1,222,229,223,-1,223,229,230,-1,223,230,224,-1,224,230,152,-1,224,152,225,-1,225,152,151,-1,231,150,232,-1,232,150,152,-1,232,152,233,-1,233,152,230,-1,233,230,234,-1,234,230,229,-1,234,229,235,-1,235,229,228,-1,235,228,236,-1,236,228,227,-1,236,227,237,-1,237,227,226,-1,237,238,236,-1,236,238,239,-1,236,239,235,-1,235,239,240,-1,235,240,234,-1,234,240,241,-1,234,241,233,-1,233,241,242,-1,233,242,232,-1,232,242,243,-1,232,243,231,-1,231,243,244,-1,245,246,160,-1,160,246,247,-1,247,248,160,-1,160,248,249,-1,160,249,173,-1,250,245,251,-1,251,245,160,-1,251,160,252,-1,252,160,159,-1,252,159,253,-1,253,159,174,-1,253,174,254,-1,254,174,187,-1,254,187,255,-1,255,187,157,-1,255,157,256,-1,256,157,156,-1,256,156,257,-1,257,156,193,-1,257,193,258,-1,258,193,206,-1,258,206,259,-1,259,206,154,-1,259,154,260,-1,260,154,153,-1,260,153,261,-1,261,153,212,-1,261,212,262,-1,262,212,225,-1,262,225,263,-1,263,225,151,-1,263,151,264,-1,264,151,150,-1,264,150,265,-1,265,150,231,-1,265,231,266,-1,266,231,244,-1,173,267,172,-1,172,267,268,-1,268,269,270,-1,270,269,271,-1,270,271,272,-1,272,273,270,-1,270,273,274,-1,270,274,275,-1,275,276,270,-1,270,276,277,-1,270,277,278,-1,268,270,172,-1,172,270,279,-1,172,279,170,-1,170,279,280,-1,170,280,168,-1,168,280,281,-1,168,281,166,-1,166,281,282,-1,166,282,164,-1,164,282,283,-1,164,283,162,-1,284,285,286,-1,286,285,287,-1,288,289,290,-1,290,289,291,-1,290,291,292,-1,292,291,293,-1,293,294,292,-1,292,294,295,-1,292,295,296,-1,296,295,297,-1,296,297,298,-1,298,297,299,-1,298,299,300,-1,301,302,303,-1,303,302,304,-1,303,304,305,-1,305,304,306,-1,305,306,288,-1,288,306,307,-1,288,307,289,-1,308,309,310,-1,310,309,311,-1,310,311,312,-1,312,311,313,-1,312,313,301,-1,301,313,314,-1,301,314,302,-1,315,316,317,-1,317,316,318,-1,317,318,308,-1,308,318,319,-1,308,319,309,-1,320,321,316,-1,316,321,318,-1,318,321,319,-1,319,321,322,-1,319,322,309,-1,313,323,314,-1,314,323,302,-1,309,322,311,-1,311,322,324,-1,311,324,313,-1,313,324,325,-1,313,325,323,-1,304,326,306,-1,306,326,307,-1,302,323,304,-1,304,323,327,-1,304,327,326,-1,291,289,328,-1,307,326,289,-1,289,326,329,-1,289,329,328,-1,299,297,330,-1,330,297,295,-1,330,295,331,-1,331,295,294,-1,331,294,328,-1,328,294,293,-1,328,293,291,-1,299,330,300,-1,300,330,332,-1,300,332,333,-1,333,332,334,-1,333,334,335,-1,335,334,336,-1,335,336,337,-1,338,339,340,-1,341,342,343,-1,344,345,346,-1,347,348,349,-1,350,351,352,-1,353,354,355,-1,356,357,358,-1,359,360,361,-1,361,360,362,-1,363,364,365,-1,366,367,368,-1,368,367,369,-1,370,371,372,-1,372,371,366,-1,373,374,365,-1,365,374,375,-1,365,375,363,-1,376,377,378,-1,378,377,379,-1,378,379,380,-1,381,382,344,-1,344,382,383,-1,344,383,345,-1,345,383,384,-1,345,384,385,-1,386,387,388,-1,388,387,389,-1,390,391,392,-1,392,391,393,-1,343,394,395,-1,394,343,396,-1,396,343,342,-1,396,342,397,-1,356,358,398,-1,399,400,401,-1,401,400,402,-1,401,402,403,-1,403,402,404,-1,403,404,405,-1,405,404,406,-1,399,401,407,-1,407,401,408,-1,407,408,409,-1,409,408,410,-1,409,410,411,-1,411,410,412,-1,411,412,413,-1,413,412,414,-1,414,412,415,-1,414,415,416,-1,416,415,417,-1,416,417,418,-1,417,352,419,-1,418,417,420,-1,420,417,419,-1,420,419,421,-1,351,422,352,-1,352,422,423,-1,352,423,419,-1,348,347,424,-1,425,426,349,-1,427,428,429,-1,429,428,430,-1,431,369,432,-1,370,372,364,-1,364,372,433,-1,364,433,365,-1,365,433,338,-1,365,338,373,-1,373,338,434,-1,373,434,374,-1,435,436,437,-1,437,436,438,-1,437,438,439,-1,440,441,442,-1,440,442,443,-1,443,442,444,-1,443,444,429,-1,429,444,431,-1,429,431,427,-1,427,431,432,-1,427,432,428,-1,445,397,446,-1,446,397,342,-1,446,342,447,-1,447,342,341,-1,447,341,448,-1,389,449,388,-1,388,449,450,-1,388,450,451,-1,357,445,358,-1,358,445,446,-1,358,446,452,-1,452,446,447,-1,452,447,453,-1,453,447,448,-1,453,448,454,-1,455,398,456,-1,456,398,358,-1,456,358,457,-1,457,358,452,-1,457,452,458,-1,458,452,453,-1,458,453,459,-1,459,453,454,-1,459,454,460,-1,354,455,355,-1,355,455,456,-1,355,456,461,-1,461,456,457,-1,461,457,462,-1,462,457,458,-1,462,458,463,-1,463,458,459,-1,463,459,464,-1,464,459,460,-1,464,460,465,-1,466,346,380,-1,380,346,345,-1,380,345,378,-1,378,345,385,-1,378,385,376,-1,449,467,450,-1,450,467,381,-1,450,381,451,-1,451,381,344,-1,451,344,468,-1,468,344,346,-1,468,346,469,-1,469,346,466,-1,469,466,470,-1,392,386,390,-1,390,386,388,-1,390,388,471,-1,471,388,451,-1,471,451,472,-1,472,451,468,-1,472,468,473,-1,473,468,469,-1,473,469,474,-1,474,469,470,-1,474,470,475,-1,349,348,425,-1,425,348,424,-1,425,424,476,-1,476,424,477,-1,476,477,478,-1,478,477,465,-1,478,465,475,-1,475,465,460,-1,475,460,474,-1,474,460,454,-1,474,454,473,-1,473,454,448,-1,473,448,472,-1,472,448,341,-1,472,341,471,-1,471,341,343,-1,471,343,390,-1,390,343,395,-1,390,395,391,-1,479,359,340,-1,340,359,361,-1,340,361,338,-1,338,361,362,-1,338,362,434,-1,366,368,372,-1,372,368,435,-1,372,435,433,-1,433,435,437,-1,433,437,338,-1,338,437,439,-1,338,439,339,-1,470,441,475,-1,475,441,440,-1,475,440,478,-1,478,440,443,-1,478,443,476,-1,476,443,429,-1,476,429,425,-1,425,429,430,-1,425,430,426,-1,405,353,403,-1,403,353,355,-1,403,355,401,-1,401,355,461,-1,401,461,408,-1,408,461,462,-1,408,462,410,-1,410,462,463,-1,410,463,412,-1,412,463,464,-1,412,464,415,-1,415,464,465,-1,415,465,417,-1,417,465,477,-1,417,477,352,-1,352,477,424,-1,352,424,350,-1,350,424,347,-1,369,431,368,-1,368,431,444,-1,368,444,435,-1,435,444,442,-1,435,442,436,-1,436,442,441,-1,436,441,438,-1,438,441,470,-1,438,470,439,-1,439,470,466,-1,439,466,339,-1,339,466,380,-1,339,380,340,-1,340,380,379,-1,340,379,479,-1,480,481,482,-1,482,481,483,-1,483,484,482,-1,482,484,485,-1,482,485,486,-1,486,485,487,-1,486,487,488,-1,489,490,491,-1,491,490,492,-1,482,493,480,-1,480,493,491,-1,480,491,494,-1,494,491,492,-1,495,496,497,-1,495,497,498,-1,498,497,499,-1,498,499,500,-1,491,501,489,-1,489,501,498,-1,489,498,502,-1,502,498,500,-1,503,504,505,-1,505,504,506,-1,505,506,507,-1,507,506,508,-1,507,508,496,-1,496,508,509,-1,496,509,497,-1,510,511,512,-1,512,511,513,-1,512,513,514,-1,505,515,503,-1,503,515,511,-1,503,511,516,-1,516,511,510,-1,517,518,519,-1,519,518,520,-1,519,520,521,-1,521,520,522,-1,521,522,523,-1,523,522,524,-1,523,524,525,-1,525,524,526,-1,527,528,529,-1,529,528,530,-1,529,530,531,-1,531,530,532,-1,531,532,517,-1,517,532,533,-1,517,533,518,-1,534,535,536,-1,536,535,537,-1,536,537,538,-1,538,537,539,-1,538,539,527,-1,527,539,540,-1,527,540,528,-1,541,542,543,-1,543,542,544,-1,543,544,534,-1,534,544,545,-1,534,545,535,-1,546,547,548,-1,549,526,524,-1,522,520,550,-1,533,532,551,-1,530,528,552,-1,545,544,553,-1,553,544,542,-1,554,535,545,-1,539,537,555,-1,555,537,535,-1,539,555,540,-1,540,555,556,-1,540,556,528,-1,530,552,532,-1,533,551,518,-1,518,551,557,-1,518,557,520,-1,558,559,560,-1,560,559,549,-1,560,549,550,-1,550,549,524,-1,550,524,522,-1,561,562,563,-1,563,562,564,-1,563,564,565,-1,566,567,568,-1,548,547,569,-1,570,571,572,-1,573,574,575,-1,576,574,577,-1,577,574,573,-1,577,573,578,-1,578,573,579,-1,580,581,579,-1,579,581,582,-1,579,582,578,-1,583,584,580,-1,580,584,585,-1,580,585,581,-1,520,557,550,-1,550,557,565,-1,550,565,560,-1,560,565,564,-1,560,564,558,-1,586,587,583,-1,583,587,588,-1,583,588,584,-1,528,556,552,-1,552,556,589,-1,552,589,590,-1,590,589,591,-1,590,591,592,-1,592,591,569,-1,592,569,566,-1,566,569,547,-1,566,547,567,-1,532,552,551,-1,551,552,590,-1,551,590,557,-1,557,590,592,-1,557,592,565,-1,565,592,566,-1,565,566,563,-1,563,566,568,-1,563,568,561,-1,542,593,553,-1,553,593,594,-1,553,594,586,-1,586,594,595,-1,586,595,587,-1,545,553,554,-1,554,553,586,-1,554,586,596,-1,596,586,583,-1,596,583,597,-1,597,583,580,-1,597,580,598,-1,598,580,579,-1,598,579,599,-1,599,579,573,-1,599,573,570,-1,570,573,575,-1,570,575,571,-1,535,554,555,-1,555,554,596,-1,555,596,556,-1,556,596,597,-1,556,597,589,-1,589,597,598,-1,589,598,591,-1,591,598,599,-1,591,599,569,-1,569,599,570,-1,569,570,548,-1,548,570,572,-1,548,572,546,-1,572,600,601,-1,572,601,546,-1,576,602,574,-1,574,602,603,-1,574,603,575,-1,575,603,600,-1,575,600,571,-1,571,600,572,-1,601,604,546,-1,546,604,605,-1,546,605,547,-1,547,605,606,-1,547,606,567,-1,567,606,568,-1,568,606,607,-1,568,607,561,-1,561,607,608,-1,561,608,562,-1,562,608,609,-1,562,609,564,-1,512,526,610,-1,610,526,549,-1,610,549,611,-1,611,549,559,-1,611,559,612,-1,612,559,558,-1,612,558,613,-1,613,558,564,-1,613,564,614,-1,614,564,609,-1,615,616,617,-1,506,504,618,-1,600,603,619,-1,620,621,622,-1,622,621,623,-1,624,625,623,-1,623,625,626,-1,623,626,622,-1,627,628,629,-1,629,628,630,-1,631,632,633,-1,633,632,619,-1,633,619,634,-1,634,619,603,-1,634,603,602,-1,606,635,607,-1,607,635,636,-1,607,636,608,-1,608,636,609,-1,609,636,637,-1,609,637,614,-1,614,637,638,-1,614,638,613,-1,613,638,639,-1,613,639,612,-1,612,639,640,-1,612,640,611,-1,611,640,641,-1,611,641,610,-1,610,641,510,-1,610,510,512,-1,504,503,641,-1,641,503,516,-1,641,516,510,-1,500,499,642,-1,642,499,497,-1,642,497,643,-1,643,497,509,-1,643,509,508,-1,489,502,644,-1,489,644,490,-1,644,645,490,-1,490,645,646,-1,490,646,492,-1,647,481,648,-1,648,481,480,-1,648,480,646,-1,646,480,494,-1,646,494,492,-1,485,484,649,-1,649,484,483,-1,488,487,650,-1,650,487,651,-1,650,651,652,-1,652,651,653,-1,653,651,654,-1,654,651,655,-1,654,655,656,-1,656,655,657,-1,656,657,658,-1,657,659,660,-1,660,661,657,-1,657,661,662,-1,657,662,658,-1,663,664,665,-1,665,664,666,-1,665,666,667,-1,621,668,623,-1,623,668,669,-1,623,669,670,-1,670,669,671,-1,670,671,672,-1,502,500,644,-1,644,500,642,-1,644,642,673,-1,673,642,643,-1,674,675,676,-1,676,675,677,-1,676,677,678,-1,678,677,679,-1,678,679,680,-1,680,679,681,-1,680,681,682,-1,683,674,684,-1,684,674,676,-1,684,676,685,-1,685,676,678,-1,685,678,686,-1,686,678,680,-1,686,680,687,-1,687,680,682,-1,687,682,688,-1,635,683,636,-1,636,683,684,-1,636,684,637,-1,637,684,685,-1,637,685,638,-1,638,685,686,-1,638,686,639,-1,639,686,687,-1,639,687,640,-1,640,687,688,-1,640,688,641,-1,689,690,632,-1,691,692,693,-1,693,692,694,-1,693,694,695,-1,695,694,696,-1,695,696,697,-1,697,696,698,-1,697,698,699,-1,699,698,605,-1,699,605,604,-1,690,700,632,-1,632,700,701,-1,632,701,619,-1,619,701,601,-1,619,601,600,-1,702,703,704,-1,630,624,629,-1,629,624,623,-1,629,623,705,-1,705,623,670,-1,705,670,706,-1,631,627,632,-1,632,627,629,-1,632,629,689,-1,689,629,705,-1,689,705,704,-1,704,705,706,-1,704,706,702,-1,666,659,667,-1,667,659,657,-1,667,657,707,-1,707,657,655,-1,707,655,708,-1,708,655,651,-1,708,651,649,-1,649,651,487,-1,649,487,485,-1,703,702,709,-1,709,702,710,-1,709,710,711,-1,712,616,713,-1,713,616,615,-1,713,615,714,-1,693,617,691,-1,691,617,616,-1,691,616,715,-1,715,616,712,-1,715,712,716,-1,711,714,709,-1,709,714,615,-1,709,615,703,-1,703,615,617,-1,703,617,704,-1,704,617,693,-1,704,693,689,-1,689,693,695,-1,689,695,690,-1,690,695,697,-1,690,697,700,-1,700,697,699,-1,700,699,701,-1,701,699,604,-1,701,604,601,-1,711,647,714,-1,714,647,648,-1,714,648,713,-1,713,648,646,-1,713,646,712,-1,712,646,645,-1,712,645,716,-1,716,645,644,-1,716,644,717,-1,717,644,673,-1,717,673,718,-1,718,673,643,-1,718,643,618,-1,618,643,508,-1,618,508,506,-1,672,663,670,-1,670,663,665,-1,670,665,706,-1,706,665,667,-1,706,667,702,-1,702,667,707,-1,702,707,710,-1,710,707,708,-1,710,708,711,-1,711,708,649,-1,711,649,647,-1,647,649,483,-1,647,483,481,-1,504,641,618,-1,618,641,688,-1,618,688,718,-1,718,688,682,-1,718,682,717,-1,717,682,681,-1,717,681,716,-1,716,681,679,-1,716,679,715,-1,715,679,677,-1,715,677,691,-1,691,677,675,-1,691,675,692,-1,692,675,674,-1,692,674,694,-1,694,674,683,-1,694,683,696,-1,696,683,635,-1,696,635,698,-1,698,635,606,-1,698,606,605,-1,620,719,621,-1,621,719,720,-1,621,720,668,-1,668,720,721,-1,668,721,669,-1,669,721,722,-1,723,663,724,-1,724,663,672,-1,724,672,722,-1,722,672,671,-1,722,671,669,-1,662,661,725,-1,725,661,660,-1,725,660,726,-1,726,660,659,-1,726,659,727,-1,727,659,666,-1,727,666,723,-1,723,666,664,-1,723,664,663,-1,662,725,658,-1,658,725,728,-1,658,728,656,-1,656,728,729,-1,656,729,654,-1,654,729,730,-1,654,730,653,-1,653,730,652,-1,652,730,731,-1,652,731,650,-1,650,731,732,-1,650,732,488,-1,721,720,733,-1,734,735,736,-1,724,722,737,-1,738,739,740,-1,727,723,741,-1,742,743,744,-1,745,746,747,-1,748,749,750,-1,751,752,753,-1,754,755,756,-1,757,758,759,-1,759,758,754,-1,754,756,759,-1,759,756,760,-1,759,760,761,-1,760,762,761,-1,761,762,763,-1,761,763,764,-1,764,763,765,-1,766,767,748,-1,748,767,768,-1,748,768,749,-1,732,731,769,-1,769,731,749,-1,769,749,770,-1,770,749,768,-1,746,757,747,-1,747,757,759,-1,747,759,771,-1,771,759,761,-1,771,761,772,-1,772,761,764,-1,772,764,773,-1,743,745,744,-1,744,745,747,-1,744,747,774,-1,774,747,771,-1,774,771,775,-1,775,771,772,-1,775,772,776,-1,776,772,773,-1,776,773,777,-1,731,730,749,-1,749,730,729,-1,749,729,750,-1,750,729,728,-1,750,728,725,-1,752,766,753,-1,753,766,748,-1,753,748,778,-1,778,748,750,-1,778,750,779,-1,779,750,725,-1,779,725,726,-1,739,742,740,-1,740,742,744,-1,740,744,780,-1,780,744,774,-1,780,774,781,-1,781,774,775,-1,781,775,782,-1,782,775,776,-1,782,776,783,-1,783,776,777,-1,783,777,741,-1,765,751,764,-1,764,751,753,-1,764,753,773,-1,773,753,778,-1,773,778,777,-1,777,778,779,-1,777,779,741,-1,741,779,726,-1,741,726,727,-1,723,724,741,-1,741,724,737,-1,741,737,783,-1,783,737,784,-1,783,784,782,-1,782,784,785,-1,782,785,781,-1,781,785,786,-1,781,786,780,-1,780,786,787,-1,780,787,740,-1,740,787,736,-1,740,736,738,-1,738,736,735,-1,722,721,737,-1,737,721,733,-1,737,733,784,-1,784,733,788,-1,784,788,785,-1,785,788,789,-1,785,789,786,-1,786,789,790,-1,786,790,787,-1,787,790,791,-1,787,791,736,-1,736,791,792,-1,736,792,734,-1,734,792,793,-1,720,719,733,-1,733,719,794,-1,733,794,788,-1,788,794,795,-1,788,795,789,-1,789,795,796,-1,789,796,790,-1,790,796,797,-1,790,797,791,-1,791,797,798,-1,791,798,792,-1,792,798,799,-1,792,799,793,-1,793,799,800,-1,801,802,803,-1,801,803,804,-1,804,803,805,-1,804,805,806,-1,805,807,806,-1,806,807,808,-1,806,808,809,-1,809,808,810,-1,809,810,811,-1,811,810,812,-1,811,812,813,-1,813,812,814,-1,813,814,815,-1,816,817,818,-1,818,817,819,-1,818,819,820,-1,820,819,821,-1,820,821,822,-1,822,821,823,-1,822,823,824,-1,824,823,825,-1,824,825,826,-1,826,825,827,-1,826,827,828,-1,828,827,815,-1,828,815,829,-1,829,815,814,-1,830,831,832,-1,833,834,835,-1,836,837,838,-1,839,840,841,-1,842,843,844,-1,845,846,847,-1,847,846,848,-1,849,850,851,-1,851,850,852,-1,853,854,855,-1,855,856,852,-1,852,856,857,-1,852,857,851,-1,854,853,858,-1,858,853,859,-1,858,859,860,-1,844,843,861,-1,843,862,861,-1,861,862,863,-1,861,863,853,-1,853,863,864,-1,853,864,859,-1,839,841,865,-1,866,867,868,-1,869,870,871,-1,871,870,872,-1,871,872,873,-1,873,872,874,-1,875,876,877,-1,877,876,878,-1,879,880,881,-1,881,880,882,-1,883,884,885,-1,885,884,886,-1,885,886,887,-1,887,886,888,-1,889,890,891,-1,891,890,892,-1,893,894,895,-1,895,894,896,-1,834,897,893,-1,893,897,898,-1,893,898,894,-1,833,835,899,-1,899,835,900,-1,899,900,901,-1,902,903,900,-1,900,903,904,-1,900,904,901,-1,905,906,902,-1,902,906,907,-1,902,907,903,-1,908,909,910,-1,848,911,847,-1,847,911,912,-1,847,912,913,-1,914,915,916,-1,916,915,917,-1,916,917,918,-1,918,917,876,-1,918,876,872,-1,872,876,875,-1,872,875,874,-1,919,920,921,-1,921,920,922,-1,921,922,923,-1,923,922,924,-1,923,924,925,-1,830,919,831,-1,831,919,921,-1,831,921,926,-1,926,921,923,-1,926,923,927,-1,927,923,925,-1,927,925,928,-1,832,831,929,-1,929,831,926,-1,929,926,930,-1,930,926,927,-1,930,927,931,-1,931,927,928,-1,931,928,866,-1,866,868,931,-1,931,868,932,-1,931,932,930,-1,930,932,933,-1,930,933,929,-1,929,933,865,-1,929,865,832,-1,832,865,841,-1,832,841,830,-1,855,852,853,-1,853,852,934,-1,853,934,861,-1,861,934,935,-1,861,935,844,-1,936,937,938,-1,938,937,939,-1,938,939,940,-1,941,942,943,-1,943,942,944,-1,943,944,945,-1,849,845,850,-1,850,845,847,-1,850,847,908,-1,908,847,913,-1,908,913,909,-1,908,946,850,-1,850,946,947,-1,850,947,852,-1,852,947,948,-1,852,948,934,-1,934,948,949,-1,934,949,935,-1,935,949,950,-1,935,950,844,-1,910,951,908,-1,908,951,937,-1,908,937,946,-1,946,937,936,-1,946,936,947,-1,947,936,941,-1,947,941,948,-1,948,941,943,-1,948,943,949,-1,949,943,945,-1,949,945,950,-1,895,952,893,-1,893,952,953,-1,893,953,954,-1,954,953,955,-1,954,955,956,-1,956,955,957,-1,956,957,958,-1,958,957,959,-1,951,905,937,-1,937,905,902,-1,937,902,939,-1,939,902,900,-1,939,900,940,-1,940,900,835,-1,960,961,891,-1,891,961,962,-1,891,962,889,-1,963,960,964,-1,964,960,891,-1,964,891,965,-1,965,891,892,-1,837,962,838,-1,838,962,961,-1,838,961,966,-1,966,961,960,-1,966,960,967,-1,967,960,963,-1,967,963,968,-1,969,970,914,-1,952,836,953,-1,953,836,838,-1,953,838,955,-1,955,838,966,-1,955,966,957,-1,957,966,967,-1,957,967,959,-1,959,967,968,-1,970,886,971,-1,971,886,884,-1,971,884,880,-1,880,884,883,-1,880,883,882,-1,914,970,915,-1,915,970,971,-1,915,971,917,-1,917,971,880,-1,917,880,876,-1,876,880,879,-1,876,879,878,-1,834,893,835,-1,835,893,954,-1,835,954,940,-1,940,954,956,-1,940,956,938,-1,938,956,958,-1,938,958,936,-1,936,958,959,-1,936,959,941,-1,941,959,968,-1,941,968,942,-1,942,968,963,-1,942,963,969,-1,969,963,964,-1,969,964,970,-1,970,964,965,-1,970,965,886,-1,886,965,892,-1,886,892,888,-1,870,867,872,-1,872,867,866,-1,872,866,918,-1,918,866,928,-1,918,928,916,-1,916,928,925,-1,916,925,914,-1,914,925,924,-1,914,924,969,-1,969,924,922,-1,969,922,942,-1,942,922,920,-1,942,920,944,-1,944,920,919,-1,944,919,945,-1,945,919,830,-1,945,830,950,-1,950,830,841,-1,950,841,844,-1,844,841,840,-1,844,840,842,-1,972,860,973,-1,973,860,859,-1,973,859,974,-1,974,859,864,-1,974,864,975,-1,975,864,863,-1,975,863,976,-1,976,863,862,-1,976,862,977,-1,977,862,843,-1,977,843,978,-1,978,843,842,-1,978,842,979,-1,979,842,840,-1,979,840,980,-1,980,840,839,-1,980,839,981,-1,981,839,865,-1,981,865,982,-1,982,865,933,-1,982,933,983,-1,933,932,983,-1,983,932,868,-1,983,868,984,-1,984,868,867,-1,984,867,985,-1,985,867,870,-1,985,870,986,-1,986,870,869,-1,987,988,989,-1,990,991,992,-1,993,994,995,-1,984,985,996,-1,982,983,997,-1,998,999,1000,-1,998,1000,1001,-1,1001,1000,1002,-1,1001,1002,1003,-1,1003,1002,1004,-1,1003,1004,1005,-1,1006,1007,1008,-1,1008,1007,1009,-1,1008,1009,1010,-1,976,1011,1012,-1,1012,1011,1013,-1,1012,1013,1014,-1,1015,1016,1017,-1,1017,1018,1015,-1,1015,1018,1019,-1,1015,1019,1020,-1,1021,1022,1023,-1,1024,1025,1026,-1,1027,1028,1029,-1,1029,1028,1030,-1,1029,1030,1020,-1,1020,1030,1021,-1,1020,1021,1015,-1,1015,1021,1023,-1,1015,1023,1016,-1,988,1031,989,-1,989,1031,1032,-1,989,1032,1033,-1,1033,1032,1034,-1,1033,1034,1035,-1,1035,1034,1027,-1,1035,1027,1036,-1,1036,1027,1029,-1,1024,1037,1038,-1,1038,1037,1039,-1,1038,1039,1040,-1,1040,1039,996,-1,1040,996,1041,-1,1041,996,985,-1,1041,985,986,-1,981,982,1042,-1,1042,982,997,-1,1042,997,1043,-1,1043,997,1044,-1,1043,1044,1045,-1,1045,1044,1046,-1,983,984,997,-1,997,984,996,-1,997,996,1044,-1,1044,996,1039,-1,1044,1039,1046,-1,1046,1039,1037,-1,1031,1047,1032,-1,1032,1047,1012,-1,1032,1012,1034,-1,1034,1012,1014,-1,1034,1014,1027,-1,1027,1014,1048,-1,1027,1048,1028,-1,1028,1048,1049,-1,1028,1049,1030,-1,1030,1049,1026,-1,1030,1026,1021,-1,1021,1026,1025,-1,1021,1025,1022,-1,990,992,1050,-1,1051,1052,1053,-1,993,995,1054,-1,1054,995,1055,-1,1054,1055,1056,-1,1056,1055,1057,-1,1056,1057,1058,-1,1058,1057,1059,-1,1058,1059,1060,-1,1060,1059,1061,-1,1060,1061,1062,-1,1062,1061,1063,-1,1062,1063,1064,-1,1005,1065,1003,-1,1003,1065,1066,-1,1003,1066,1001,-1,1001,1066,1067,-1,1001,1067,998,-1,998,1067,1068,-1,998,1068,1069,-1,1069,1068,1070,-1,1069,1070,1071,-1,1071,1070,1072,-1,1071,1072,1073,-1,1073,1072,1074,-1,1073,1074,1075,-1,1075,1074,1076,-1,1075,1076,1077,-1,1077,1076,1078,-1,1077,1078,992,-1,992,1078,1053,-1,992,1053,1050,-1,1050,1053,1052,-1,991,994,992,-1,992,994,993,-1,992,993,1077,-1,1077,993,1054,-1,1077,1054,1075,-1,1075,1054,1056,-1,1075,1056,1073,-1,1073,1056,1058,-1,1073,1058,1071,-1,1071,1058,1060,-1,1071,1060,1069,-1,1069,1060,1062,-1,1069,1062,998,-1,998,1062,1064,-1,998,1064,999,-1,988,1079,1031,-1,1031,1079,1080,-1,1031,1080,1081,-1,976,1012,975,-1,975,1012,1047,-1,975,1047,974,-1,974,1047,1031,-1,974,1031,973,-1,973,1031,1081,-1,973,1081,972,-1,1010,987,1008,-1,1008,987,989,-1,1008,989,1082,-1,1082,989,1033,-1,1082,1033,1083,-1,1083,1033,1035,-1,1083,1035,1084,-1,1084,1035,1036,-1,1084,1036,1085,-1,1085,1036,1029,-1,1085,1029,1086,-1,1086,1029,1020,-1,1086,1020,1087,-1,1087,1020,1019,-1,976,977,1011,-1,1011,977,978,-1,1011,978,1013,-1,1013,978,979,-1,1013,979,980,-1,1024,1026,1037,-1,1037,1026,1049,-1,1037,1049,1046,-1,1046,1049,1048,-1,1046,1048,1045,-1,1045,1048,1014,-1,1045,1014,1043,-1,1043,1014,1013,-1,1043,1013,1042,-1,1042,1013,980,-1,1042,980,981,-1,1016,1051,1017,-1,1017,1051,1053,-1,1017,1053,1018,-1,1018,1053,1078,-1,1018,1078,1019,-1,1019,1078,1076,-1,1019,1076,1087,-1,1087,1076,1074,-1,1087,1074,1086,-1,1086,1074,1072,-1,1086,1072,1085,-1,1085,1072,1070,-1,1085,1070,1084,-1,1084,1070,1068,-1,1084,1068,1083,-1,1083,1068,1067,-1,1083,1067,1082,-1,1082,1067,1066,-1,1082,1066,1008,-1,1008,1066,1065,-1,1008,1065,1006,-1,1000,1088,1002,-1,1002,1088,1089,-1,1002,1089,1004,-1,1004,1089,1090,-1,1004,1090,1005,-1,1005,1090,1091,-1,1005,1091,1065,-1,1065,1091,1092,-1,1065,1092,1006,-1,1006,1092,1093,-1,1006,1093,1007,-1,1007,1093,1094,-1,1007,1094,1095,-1,1096,1097,1064,-1,1064,1097,1098,-1,1064,1098,999,-1,999,1098,1099,-1,999,1099,1000,-1,1000,1099,1100,-1,1000,1100,1088,-1,1061,1101,1063,-1,1063,1101,1102,-1,1063,1102,1064,-1,1064,1102,1103,-1,1064,1103,1096,-1,1055,995,1104,-1,1105,1106,1057,-1,1057,1106,1107,-1,1057,1107,1059,-1,1059,1107,1108,-1,1059,1108,1061,-1,1061,1108,1109,-1,1061,1109,1101,-1,1055,1104,1057,-1,1057,1104,1110,-1,1057,1110,1105,-1,1104,1111,1112,-1,1112,1111,1113,-1,1112,1113,1114,-1,1114,1113,1115,-1,1116,1117,1118,-1,1118,1117,1119,-1,1118,1119,1120,-1,1120,1119,1121,-1,1120,1121,1122,-1,1122,1121,1123,-1,1122,1123,1124,-1,1124,1123,1125,-1,1124,1125,1126,-1,1126,1125,1127,-1,1126,1127,1115,-1,1115,1127,1128,-1,1115,1128,1114,-1,1129,1130,1116,-1,1116,1130,1131,-1,1116,1131,1117,-1,1132,1133,1134,-1,1134,1135,1132,-1,1132,1135,1136,-1,1132,1136,1137,-1,1137,1136,1138,-1,1137,1138,1139,-1,1139,1138,1140,-1,1139,1140,1141,-1,1141,1140,1142,-1,1141,1142,1143,-1,1143,1142,1144,-1,1143,1144,1129,-1,1129,1144,1145,-1,1129,1145,1130,-1,1146,1147,1148,-1,1094,1093,1149,-1,1092,1091,1150,-1,1128,1127,1151,-1,1123,1121,1152,-1,1117,1131,1153,-1,1154,1155,1156,-1,1134,1154,1135,-1,1135,1154,1156,-1,1135,1156,1136,-1,1142,1140,1157,-1,1157,1140,1138,-1,1158,1145,1144,-1,1117,1153,1119,-1,1123,1152,1125,-1,1159,1112,1114,-1,1104,1112,1110,-1,1110,1112,1159,-1,1110,1159,1105,-1,1105,1159,1160,-1,1161,1108,1162,-1,1162,1108,1107,-1,1162,1107,1160,-1,1160,1107,1106,-1,1160,1106,1105,-1,1102,1101,1161,-1,1161,1101,1109,-1,1161,1109,1108,-1,1161,1163,1102,-1,1102,1163,1164,-1,1102,1164,1103,-1,1103,1164,1165,-1,1103,1165,1096,-1,1166,1167,1165,-1,1165,1167,1168,-1,1100,1099,1168,-1,1168,1099,1098,-1,1168,1098,1165,-1,1165,1098,1097,-1,1165,1097,1096,-1,1090,1089,1169,-1,1169,1089,1088,-1,1170,1171,1172,-1,1172,1171,1173,-1,1172,1173,1174,-1,1174,1173,1175,-1,1174,1175,1176,-1,1176,1175,1177,-1,1176,1177,1178,-1,1178,1177,1179,-1,1178,1179,1180,-1,1180,1179,1181,-1,1180,1181,1149,-1,1149,1181,1095,-1,1149,1095,1094,-1,1182,1183,1184,-1,1184,1183,1170,-1,1185,1186,1182,-1,1186,1185,1187,-1,1187,1185,1188,-1,1187,1188,1189,-1,1190,1191,1192,-1,1192,1191,1193,-1,1192,1193,1194,-1,1195,1196,1191,-1,1191,1196,1197,-1,1191,1197,1193,-1,1198,1199,1200,-1,1200,1199,1201,-1,1200,1201,1202,-1,1088,1100,1169,-1,1169,1100,1168,-1,1169,1168,1203,-1,1203,1168,1167,-1,1203,1167,1204,-1,1204,1167,1166,-1,1204,1166,1205,-1,1091,1090,1150,-1,1150,1090,1169,-1,1150,1169,1206,-1,1206,1169,1203,-1,1206,1203,1207,-1,1207,1203,1204,-1,1207,1204,1208,-1,1208,1204,1205,-1,1208,1205,1209,-1,1147,1146,1210,-1,1210,1146,1211,-1,1210,1211,1212,-1,1202,1195,1200,-1,1200,1195,1191,-1,1200,1191,1188,-1,1188,1191,1190,-1,1188,1190,1189,-1,1131,1130,1153,-1,1153,1130,1145,-1,1153,1145,1213,-1,1213,1145,1158,-1,1213,1158,1214,-1,1214,1158,1215,-1,1216,1217,1218,-1,1217,1215,1218,-1,1218,1215,1158,-1,1218,1158,1157,-1,1157,1158,1144,-1,1157,1144,1142,-1,1188,1219,1200,-1,1200,1219,1220,-1,1200,1220,1198,-1,1182,1184,1185,-1,1185,1184,1221,-1,1185,1221,1188,-1,1188,1221,1222,-1,1188,1222,1219,-1,1219,1222,1223,-1,1219,1223,1220,-1,1220,1223,1224,-1,1220,1224,1198,-1,1155,1199,1156,-1,1156,1199,1198,-1,1156,1198,1225,-1,1225,1198,1224,-1,1225,1224,1226,-1,1226,1224,1223,-1,1226,1223,1227,-1,1227,1223,1222,-1,1227,1222,1228,-1,1228,1222,1221,-1,1228,1221,1229,-1,1229,1221,1184,-1,1127,1125,1151,-1,1151,1125,1152,-1,1151,1152,1230,-1,1230,1152,1231,-1,1230,1231,1232,-1,1232,1231,1233,-1,1232,1233,1234,-1,1234,1233,1235,-1,1234,1235,1236,-1,1236,1235,1237,-1,1236,1237,1238,-1,1238,1237,1239,-1,1238,1239,1148,-1,1148,1239,1240,-1,1148,1240,1146,-1,1146,1240,1241,-1,1146,1241,1211,-1,1212,1209,1210,-1,1210,1209,1205,-1,1210,1205,1147,-1,1147,1205,1166,-1,1147,1166,1148,-1,1148,1166,1165,-1,1148,1165,1238,-1,1238,1165,1164,-1,1238,1164,1236,-1,1236,1164,1163,-1,1236,1163,1234,-1,1234,1163,1161,-1,1234,1161,1232,-1,1232,1161,1162,-1,1232,1162,1230,-1,1230,1162,1160,-1,1230,1160,1151,-1,1151,1160,1159,-1,1151,1159,1128,-1,1128,1159,1114,-1,1121,1119,1152,-1,1152,1119,1153,-1,1152,1153,1231,-1,1231,1153,1213,-1,1231,1213,1233,-1,1233,1213,1214,-1,1233,1214,1235,-1,1235,1214,1215,-1,1235,1215,1237,-1,1237,1215,1217,-1,1237,1217,1239,-1,1239,1217,1216,-1,1239,1216,1240,-1,1170,1172,1184,-1,1184,1172,1242,-1,1184,1242,1229,-1,1229,1242,1243,-1,1229,1243,1228,-1,1228,1243,1244,-1,1228,1244,1227,-1,1227,1244,1245,-1,1227,1245,1226,-1,1093,1092,1149,-1,1149,1092,1150,-1,1149,1150,1180,-1,1180,1150,1206,-1,1180,1206,1178,-1,1178,1206,1207,-1,1178,1207,1176,-1,1176,1207,1208,-1,1176,1208,1174,-1,1174,1208,1209,-1,1174,1209,1172,-1,1172,1209,1212,-1,1172,1212,1242,-1,1242,1212,1211,-1,1242,1211,1243,-1,1243,1211,1241,-1,1243,1241,1244,-1,1244,1241,1240,-1,1244,1240,1245,-1,1245,1240,1216,-1,1245,1216,1226,-1,1226,1216,1218,-1,1226,1218,1225,-1,1225,1218,1157,-1,1225,1157,1156,-1,1156,1157,1138,-1,1156,1138,1136,-1,1246,1247,1095,-1,1246,1095,1248,-1,1173,1249,1175,-1,1175,1249,1250,-1,1175,1250,1177,-1,1177,1250,1251,-1,1177,1251,1179,-1,1179,1251,1248,-1,1179,1248,1181,-1,1181,1248,1095,-1,1170,1252,1171,-1,1171,1252,1253,-1,1171,1253,1173,-1,1173,1253,1254,-1,1173,1254,1249,-1,1186,1255,1182,-1,1182,1255,1256,-1,1182,1256,1183,-1,1183,1256,1257,-1,1183,1257,1170,-1,1170,1257,1258,-1,1170,1258,1252,-1,1190,1259,1189,-1,1189,1259,1260,-1,1189,1260,1187,-1,1187,1260,1261,-1,1187,1261,1186,-1,1186,1261,1262,-1,1186,1262,1255,-1,1194,1263,1192,-1,1192,1263,1264,-1,1192,1264,1190,-1,1190,1264,1265,-1,1190,1265,1259,-1,824,826,1266,-1,1267,1268,1269,-1,1258,1257,1270,-1,1263,1271,1272,-1,1260,1259,1272,-1,1259,1265,1272,-1,1272,1265,1264,-1,1272,1264,1263,-1,1270,1257,1273,-1,1257,1256,1273,-1,1273,1256,1255,-1,1273,1255,1274,-1,1274,1255,1262,-1,1274,1262,1261,-1,1275,1253,1270,-1,1270,1253,1252,-1,1270,1252,1258,-1,1276,1249,1275,-1,1275,1249,1254,-1,1275,1254,1253,-1,1246,1248,1277,-1,1277,1248,1251,-1,1277,1251,1276,-1,1276,1251,1250,-1,1276,1250,1249,-1,1278,1279,1280,-1,1281,1282,1283,-1,1282,1281,1284,-1,1284,1281,1285,-1,1284,1285,1286,-1,1286,1285,1287,-1,1286,1287,1288,-1,1268,1267,1289,-1,1289,1267,1290,-1,1289,1290,1291,-1,1292,1293,1290,-1,1290,1293,1294,-1,1290,1294,1291,-1,1295,1296,1297,-1,1297,1296,1298,-1,1297,1298,1292,-1,1292,1298,1299,-1,1292,1299,1293,-1,1300,808,1301,-1,1301,808,807,-1,1301,807,1302,-1,1302,807,805,-1,814,812,1300,-1,1300,812,810,-1,1300,810,808,-1,1300,1303,814,-1,814,1303,1304,-1,814,1304,829,-1,829,1304,1305,-1,829,1305,828,-1,824,1266,822,-1,816,818,1306,-1,1306,818,1307,-1,1306,1307,1308,-1,1308,1307,1309,-1,1310,1311,1312,-1,1311,1313,1314,-1,1314,1313,1315,-1,1314,1315,1309,-1,1271,1316,1272,-1,1272,1316,1317,-1,1272,1317,1312,-1,1312,1317,1318,-1,1312,1318,1310,-1,802,1295,803,-1,803,1295,1297,-1,803,1297,1319,-1,1319,1297,1292,-1,1319,1292,1320,-1,1320,1292,1290,-1,1320,1290,1321,-1,1321,1290,1267,-1,1321,1267,1322,-1,1322,1267,1269,-1,1322,1269,1323,-1,1323,1269,1324,-1,1323,1324,1287,-1,1287,1324,1325,-1,1287,1325,1288,-1,1326,1327,1328,-1,1328,1327,1329,-1,1328,1329,1330,-1,1330,1329,1331,-1,1330,1331,1332,-1,1333,1326,1334,-1,1334,1326,1328,-1,1334,1328,1335,-1,1335,1328,1330,-1,1335,1330,1336,-1,1336,1330,1332,-1,1336,1332,1337,-1,1302,1333,1301,-1,1301,1333,1334,-1,1301,1334,1300,-1,1300,1334,1335,-1,1300,1335,1303,-1,1303,1335,1336,-1,1303,1336,1304,-1,1304,1336,1337,-1,1304,1337,1305,-1,1309,1307,1314,-1,1314,1307,1338,-1,1314,1338,1339,-1,1339,1338,1340,-1,1339,1340,1341,-1,1342,1343,1344,-1,1344,1343,1345,-1,1340,1346,1341,-1,1341,1346,1347,-1,1341,1347,1345,-1,1345,1347,1348,-1,1345,1348,1344,-1,1261,1260,1274,-1,1274,1260,1272,-1,1274,1272,1349,-1,1349,1272,1312,-1,1349,1312,1350,-1,1270,1351,1275,-1,1275,1351,1352,-1,1275,1352,1276,-1,1276,1352,1278,-1,1276,1278,1277,-1,1277,1278,1280,-1,1277,1280,1246,-1,1246,1280,1353,-1,1246,1353,1247,-1,1354,1323,1355,-1,1355,1323,1287,-1,1355,1287,1356,-1,1356,1287,1285,-1,1356,1285,1357,-1,1357,1285,1281,-1,820,822,1358,-1,1358,822,1266,-1,1358,1266,1359,-1,1359,1266,1360,-1,1359,1360,1361,-1,1361,1360,1362,-1,1361,1362,1363,-1,1363,1362,1364,-1,1363,1364,1365,-1,1365,1364,1354,-1,1365,1354,1366,-1,1366,1354,1355,-1,1366,1355,1367,-1,1367,1355,1356,-1,1367,1356,1368,-1,1368,1356,1357,-1,826,828,1266,-1,1266,828,1305,-1,1266,1305,1360,-1,1360,1305,1337,-1,1360,1337,1362,-1,1362,1337,1332,-1,1362,1332,1364,-1,1364,1332,1331,-1,1364,1331,1354,-1,1354,1331,1329,-1,1354,1329,1323,-1,1323,1329,1327,-1,1323,1327,1322,-1,1322,1327,1326,-1,1322,1326,1321,-1,1321,1326,1333,-1,1321,1333,1320,-1,1320,1333,1302,-1,1320,1302,1319,-1,1319,1302,805,-1,1319,805,803,-1,1311,1314,1312,-1,1312,1314,1339,-1,1312,1339,1350,-1,1350,1339,1341,-1,1350,1341,1349,-1,1349,1341,1345,-1,1349,1345,1274,-1,1274,1345,1343,-1,1274,1343,1273,-1,1273,1343,1342,-1,1273,1342,1270,-1,1270,1342,1369,-1,1270,1369,1351,-1,1351,1369,1370,-1,1351,1370,1352,-1,1352,1370,1371,-1,1352,1371,1278,-1,818,820,1307,-1,1307,820,1358,-1,1307,1358,1338,-1,1338,1358,1359,-1,1338,1359,1340,-1,1340,1359,1361,-1,1340,1361,1346,-1,1346,1361,1363,-1,1346,1363,1347,-1,1347,1363,1365,-1,1347,1365,1348,-1,1348,1365,1366,-1,1348,1366,1344,-1,1344,1366,1367,-1,1344,1367,1342,-1,1342,1367,1368,-1,1342,1368,1369,-1,1369,1368,1357,-1,1369,1357,1370,-1,1370,1357,1281,-1,1370,1281,1371,-1,1371,1281,1283,-1,1371,1283,1278,-1,1278,1283,1372,-1,1278,1372,1279,-1,1298,1296,755,-1,755,1296,1295,-1,755,1295,802,-1,755,754,1298,-1,1298,754,758,-1,1298,758,1299,-1,1299,758,757,-1,1299,757,1293,-1,1325,1324,742,-1,742,1324,1269,-1,742,1269,743,-1,743,1269,1268,-1,743,1268,745,-1,745,1268,1289,-1,745,1289,746,-1,746,1289,1291,-1,746,1291,757,-1,757,1291,1294,-1,757,1294,1293,-1,1286,1288,738,-1,1325,742,1288,-1,1288,742,739,-1,1288,739,738,-1,734,1283,735,-1,735,1283,1282,-1,735,1282,738,-1,738,1282,1284,-1,738,1284,1286,-1,1247,1353,800,-1,800,1353,1280,-1,800,1280,793,-1,793,1280,1279,-1,793,1279,734,-1,734,1279,1372,-1,734,1372,1283,-1,393,755,801,-1,801,755,802,-1,756,755,393,-1,405,406,732,-1,768,1373,354,-1,405,732,1374,-1,1374,732,769,-1,1374,769,354,-1,354,769,770,-1,354,770,768,-1,1373,768,398,-1,398,768,767,-1,398,767,1375,-1,1375,767,766,-1,1375,766,357,-1,766,752,357,-1,357,752,751,-1,357,751,1376,-1,1376,751,765,-1,1376,765,397,-1,397,765,763,-1,397,763,1377,-1,1377,763,762,-1,1377,762,394,-1,394,762,760,-1,394,760,1378,-1,1378,760,756,-1,1378,756,391,-1,391,756,393,-1,732,406,488,-1,488,406,486,-1,418,420,1379,-1,486,406,1380,-1,1380,406,404,-1,1380,404,1381,-1,1381,404,402,-1,1382,1383,1384,-1,1384,1383,1385,-1,1384,1385,1386,-1,1385,1387,1386,-1,1386,1387,1388,-1,1386,1388,1389,-1,1389,1388,1390,-1,1389,1390,1391,-1,1391,1390,1392,-1,1391,1392,1393,-1,1392,1394,1393,-1,1393,1394,1395,-1,1393,1395,421,-1,421,1395,1396,-1,421,1396,420,-1,420,1396,1397,-1,420,1397,1379,-1,402,400,1381,-1,1381,400,399,-1,1381,399,1398,-1,1398,399,407,-1,1398,407,1399,-1,1399,407,409,-1,409,411,1399,-1,1399,411,413,-1,1399,413,1400,-1,1400,413,414,-1,1400,414,1379,-1,1379,414,416,-1,1379,416,418,-1,1401,1402,1403,-1,1404,1405,1406,-1,1390,1388,1407,-1,1385,1383,1408,-1,1395,1394,1409,-1,1409,1394,1392,-1,1409,1392,1410,-1,1397,1411,1379,-1,1379,1411,1400,-1,1400,1411,1399,-1,1399,1411,1412,-1,1399,1412,1398,-1,1413,493,482,-1,1398,1412,1381,-1,1381,1412,1413,-1,1381,1413,1380,-1,1380,1413,482,-1,1380,482,486,-1,1414,1415,1416,-1,1416,1415,514,-1,1401,1403,1417,-1,1417,1403,1418,-1,1417,1418,1419,-1,1420,1421,1422,-1,1423,1424,1425,-1,1425,1424,1426,-1,1425,1426,1427,-1,1388,1387,1407,-1,1407,1387,1385,-1,1407,1385,1428,-1,1428,1385,1408,-1,1428,1408,1429,-1,514,513,1416,-1,1416,513,511,-1,1416,511,1430,-1,511,515,1430,-1,1430,515,505,-1,1430,505,1431,-1,1429,1427,1428,-1,1428,1427,1426,-1,1428,1426,1407,-1,1407,1426,1410,-1,1407,1410,1390,-1,1390,1410,1392,-1,505,507,1431,-1,1431,507,496,-1,1431,496,1432,-1,1423,1420,1424,-1,1424,1420,1422,-1,1424,1422,1426,-1,1426,1422,1433,-1,1426,1433,1410,-1,1410,1433,1434,-1,1410,1434,1409,-1,1409,1434,1435,-1,1409,1435,1395,-1,1395,1435,1396,-1,1421,1419,1422,-1,1422,1419,1418,-1,1422,1418,1433,-1,1433,1418,1436,-1,1433,1436,1434,-1,1434,1436,1437,-1,1434,1437,1435,-1,1435,1437,1438,-1,1402,1404,1403,-1,1403,1404,1406,-1,1403,1406,1418,-1,1418,1406,1439,-1,1418,1439,1436,-1,1436,1439,1440,-1,1436,1440,1437,-1,1437,1440,1441,-1,1437,1441,1438,-1,1438,1441,1442,-1,1405,1414,1406,-1,1406,1414,1416,-1,1406,1416,1439,-1,1439,1416,1430,-1,1439,1430,1440,-1,1440,1430,1431,-1,1440,1431,1441,-1,1441,1431,1432,-1,1441,1432,1442,-1,1442,1432,1443,-1,496,495,1432,-1,1432,495,498,-1,1432,498,1443,-1,1443,498,501,-1,1443,501,491,-1,1396,1435,1397,-1,1397,1435,1438,-1,1397,1438,1411,-1,1411,1438,1442,-1,1411,1442,1412,-1,1412,1442,1443,-1,1412,1443,1413,-1,1413,1443,491,-1,1413,491,493,-1,1444,514,1415,-1,1445,1446,1419,-1,1444,1415,1447,-1,1447,1415,1414,-1,1447,1414,1448,-1,1448,1414,1405,-1,1448,1405,1449,-1,1449,1405,1404,-1,1449,1404,1450,-1,1450,1404,1402,-1,1450,1402,1451,-1,1451,1402,1401,-1,1451,1401,1446,-1,1446,1401,1417,-1,1446,1417,1419,-1,1419,1421,1445,-1,1445,1421,1420,-1,1445,1420,1452,-1,1452,1420,1423,-1,1452,1423,1453,-1,1453,1423,1425,-1,1453,1425,1454,-1,1454,1425,1427,-1,1454,1427,1455,-1,1383,1456,1408,-1,1408,1456,1455,-1,1408,1455,1429,-1,1429,1455,1427,-1,1444,1447,1457,-1,1457,1447,1458,-1,1447,1448,1458,-1,1458,1448,1449,-1,1458,1449,1459,-1,1449,1450,1459,-1,1459,1450,1451,-1,1459,1451,1460,-1,1451,1446,1460,-1,1460,1446,1445,-1,1460,1445,1461,-1,1445,1452,1461,-1,1461,1452,1453,-1,1461,1453,1462,-1,1456,1463,1455,-1,1455,1463,1462,-1,1455,1462,1454,-1,1454,1462,1453,-1,1463,1464,1462,-1,1462,1464,1465,-1,1462,1465,1461,-1,1461,1465,1466,-1,1461,1466,1460,-1,1460,1466,1467,-1,1460,1467,1459,-1,1459,1467,1468,-1,1459,1468,1458,-1,1458,1468,1469,-1,1458,1469,1457,-1,1457,1469,1470,-1,1464,1471,1465,-1,1465,1471,1472,-1,1465,1472,1466,-1,1466,1472,1473,-1,1466,1473,1467,-1,1467,1473,1474,-1,1467,1474,1468,-1,1468,1474,1475,-1,1468,1475,1469,-1,1469,1475,1476,-1,1469,1476,1470,-1,1470,1476,1477,-1,1471,1478,1472,-1,1472,1478,1479,-1,1472,1479,1473,-1,1473,1479,1480,-1,1473,1480,1474,-1,1474,1480,1481,-1,1474,1481,1475,-1,1475,1481,1482,-1,1475,1482,1476,-1,1476,1482,1483,-1,1476,1483,1477,-1,1477,1483,1484,-1,1478,1485,1479,-1,1479,1485,1486,-1,1479,1486,1480,-1,1480,1486,1487,-1,1480,1487,1481,-1,1481,1487,1488,-1,1481,1488,1482,-1,1482,1488,1489,-1,1482,1489,1483,-1,1483,1489,1490,-1,1483,1490,1484,-1,1484,1490,1491,-1,1485,1492,1486,-1,1486,1492,1493,-1,1486,1493,1487,-1,1487,1493,1494,-1,1487,1494,1488,-1,1488,1494,1495,-1,1488,1495,1489,-1,1489,1495,1496,-1,1489,1496,1490,-1,1490,1496,1497,-1,1490,1497,1491,-1,1491,1497,1498,-1,1499,1500,1492,-1,1499,1492,1501,-1,1501,1492,1485,-1,1501,1485,1502,-1,1502,1485,1478,-1,1502,1478,1503,-1,1504,1505,1471,-1,1471,1505,1506,-1,1471,1506,1478,-1,1478,1506,1507,-1,1478,1507,1503,-1,1504,1471,1508,-1,1508,1471,1464,-1,1508,1464,1509,-1,1510,1511,1463,-1,1463,1511,1512,-1,1463,1512,1464,-1,1464,1512,1513,-1,1464,1513,1509,-1,1514,1515,1456,-1,1456,1515,1516,-1,1456,1516,1463,-1,1463,1516,1517,-1,1463,1517,1510,-1,1517,1518,1510,-1,1510,1518,1519,-1,1510,1519,1511,-1,1511,1519,1520,-1,1505,1504,1521,-1,1504,1508,1521,-1,1521,1508,1509,-1,1521,1509,1522,-1,1522,1509,1513,-1,1522,1513,1520,-1,1520,1513,1512,-1,1520,1512,1511,-1,1503,1507,1523,-1,1521,1524,1505,-1,1505,1524,1523,-1,1505,1523,1506,-1,1506,1523,1507,-1,1501,1525,1499,-1,1499,1525,1526,-1,1523,1527,1503,-1,1503,1527,1525,-1,1503,1525,1502,-1,1502,1525,1501,-1,1526,1528,1499,-1,1499,1528,1529,-1,1499,1529,1500,-1,1517,1516,1518,-1,1518,1516,1515,-1,1518,1515,1530,-1,1530,1515,1514,-1,1530,1514,1531,-1,1531,1514,1532,-1,1531,1532,1533,-1,1533,1532,1534,-1,1533,1534,1535,-1,1528,1526,1536,-1,1525,1527,1537,-1,1523,1524,1538,-1,1521,1522,1539,-1,1520,1519,1540,-1,1541,1542,1543,-1,1543,1542,1544,-1,1545,1546,1544,-1,1544,1546,1547,-1,1544,1547,1543,-1,1548,1549,1545,-1,1545,1549,1550,-1,1545,1550,1546,-1,1551,1552,1553,-1,1553,1552,1554,-1,1553,1554,1555,-1,1555,1554,1556,-1,1557,1558,1559,-1,1559,1558,1560,-1,1559,1560,1561,-1,1518,1530,1560,-1,1560,1530,1531,-1,1560,1531,1561,-1,1561,1531,1533,-1,1561,1533,1535,-1,1519,1518,1540,-1,1540,1518,1560,-1,1540,1560,1554,-1,1554,1560,1558,-1,1554,1558,1556,-1,1556,1558,1557,-1,1522,1520,1539,-1,1539,1520,1540,-1,1539,1540,1562,-1,1562,1540,1554,-1,1562,1554,1548,-1,1548,1554,1552,-1,1548,1552,1549,-1,1549,1552,1551,-1,1524,1521,1538,-1,1538,1521,1539,-1,1538,1539,1563,-1,1563,1539,1562,-1,1563,1562,1564,-1,1564,1562,1548,-1,1564,1548,1565,-1,1565,1548,1545,-1,1565,1545,1566,-1,1566,1545,1544,-1,1566,1544,1567,-1,1567,1544,1542,-1,1527,1523,1537,-1,1537,1523,1538,-1,1537,1538,1568,-1,1568,1538,1563,-1,1568,1563,1569,-1,1569,1563,1564,-1,1569,1564,1570,-1,1570,1564,1565,-1,1570,1565,1571,-1,1571,1565,1566,-1,1571,1566,1572,-1,1572,1566,1567,-1,1526,1525,1536,-1,1536,1525,1537,-1,1536,1537,1573,-1,1573,1537,1568,-1,1573,1568,1574,-1,1574,1568,1569,-1,1574,1569,1575,-1,1575,1569,1570,-1,1575,1570,1576,-1,1576,1570,1571,-1,1576,1571,1577,-1,1577,1571,1572,-1,1529,1528,1578,-1,1578,1528,1536,-1,1578,1536,1579,-1,1579,1536,1573,-1,1579,1573,1580,-1,1580,1573,1574,-1,1580,1574,1581,-1,1581,1574,1575,-1,1581,1575,1582,-1,1582,1575,1576,-1,1582,1576,1583,-1,1583,1576,1577,-1,320,1529,1578,-1,320,1578,1584,-1,1584,1578,1579,-1,1584,1579,1585,-1,1585,1579,1580,-1,1585,1580,1586,-1,1586,1580,1581,-1,1586,1581,1587,-1,1587,1581,1582,-1,1587,1582,1588,-1,1588,1582,1583,-1,1588,1583,1589,-1,321,320,1584,-1,324,322,1590,-1,323,325,1591,-1,326,327,1592,-1,328,329,1593,-1,330,331,1594,-1,1595,1596,1597,-1,1597,1596,1598,-1,1597,1598,1599,-1,1599,1598,1600,-1,1599,1600,1601,-1,1602,1603,1604,-1,1604,1603,1605,-1,1604,1605,1606,-1,1606,1605,1607,-1,1608,1609,1610,-1,1610,1609,1611,-1,1610,1611,1612,-1,1610,1613,1608,-1,1608,1613,1614,-1,1608,1614,1615,-1,332,1599,334,-1,334,1599,1601,-1,334,1601,336,-1,336,1601,1616,-1,336,1616,337,-1,332,330,1599,-1,1599,330,1594,-1,1599,1594,1597,-1,1597,1594,1606,-1,1597,1606,1595,-1,1595,1606,1607,-1,331,328,1594,-1,1594,328,1593,-1,1594,1593,1606,-1,1606,1593,1617,-1,1606,1617,1604,-1,1604,1617,1612,-1,1604,1612,1602,-1,1602,1612,1611,-1,329,326,1593,-1,1593,326,1592,-1,1593,1592,1617,-1,1617,1592,1618,-1,1617,1618,1612,-1,1612,1618,1619,-1,1612,1619,1610,-1,1610,1619,1620,-1,1610,1620,1613,-1,1613,1620,1621,-1,1613,1621,1614,-1,1614,1621,1622,-1,327,323,1592,-1,1592,323,1591,-1,1592,1591,1618,-1,1618,1591,1623,-1,1618,1623,1619,-1,1619,1623,1624,-1,1619,1624,1620,-1,1620,1624,1625,-1,1620,1625,1621,-1,1621,1625,1626,-1,1621,1626,1622,-1,1622,1626,1627,-1,325,324,1591,-1,1591,324,1590,-1,1591,1590,1623,-1,1623,1590,1628,-1,1623,1628,1624,-1,1624,1628,1629,-1,1624,1629,1625,-1,1625,1629,1630,-1,1625,1630,1626,-1,1626,1630,1631,-1,1626,1631,1627,-1,1627,1631,1632,-1,322,321,1590,-1,1590,321,1584,-1,1590,1584,1628,-1,1628,1584,1585,-1,1628,1585,1629,-1,1629,1585,1586,-1,1629,1586,1630,-1,1630,1586,1587,-1,1630,1587,1631,-1,1631,1587,1588,-1,1631,1588,1632,-1,1632,1588,1589,-1,1633,1634,1635,-1,1636,1637,1638,-1,1639,1640,1641,-1,1642,1643,1644,-1,1645,1646,1647,-1,1647,1646,1648,-1,1647,1648,1649,-1,1649,1648,1650,-1,1649,1650,1651,-1,1651,1650,1652,-1,1652,1650,1653,-1,1652,1653,1654,-1,1655,1656,1657,-1,1657,1656,1658,-1,1659,1660,1658,-1,1658,1660,1661,-1,1658,1661,1657,-1,1662,1663,1664,-1,1664,1663,1665,-1,1664,1665,1666,-1,1666,1665,1667,-1,1666,1667,1668,-1,1644,1669,1642,-1,1642,1669,1670,-1,1642,1670,1671,-1,1670,1672,1671,-1,1671,1672,1673,-1,1671,1673,1674,-1,1673,1675,1674,-1,1674,1675,1676,-1,1674,1676,1677,-1,1676,1678,1677,-1,1677,1678,1679,-1,1677,1679,1680,-1,1681,1668,1682,-1,1682,1668,1667,-1,1682,1667,1683,-1,1683,1667,1665,-1,1683,1665,1684,-1,1684,1665,1685,-1,1640,1685,1641,-1,1641,1685,1665,-1,1641,1665,1659,-1,1659,1665,1663,-1,1659,1663,1660,-1,1660,1663,1662,-1,1637,1639,1638,-1,1638,1639,1641,-1,1638,1641,1686,-1,1686,1641,1659,-1,1686,1659,1687,-1,1687,1659,1658,-1,1687,1658,1653,-1,1653,1658,1656,-1,1653,1656,1654,-1,1654,1656,1655,-1,1634,1636,1635,-1,1635,1636,1638,-1,1635,1638,1680,-1,1680,1638,1686,-1,1680,1686,1677,-1,1677,1686,1687,-1,1677,1687,1674,-1,1674,1687,1653,-1,1674,1653,1671,-1,1671,1653,1650,-1,1671,1650,1642,-1,1642,1650,1648,-1,1642,1648,1643,-1,1643,1648,1646,-1,1688,1633,1689,-1,1689,1633,1635,-1,1689,1635,1690,-1,1690,1635,1680,-1,1690,1680,1691,-1,1691,1680,1679,-1,1692,1693,1694,-1,1695,1696,1697,-1,1698,1699,1700,-1,1701,1702,1703,-1,1704,1705,1706,-1,1707,1708,1709,-1,1709,1708,1710,-1,1711,1712,1710,-1,1710,1712,1713,-1,1710,1713,1709,-1,1714,1715,1711,-1,1711,1715,1716,-1,1711,1716,1712,-1,1717,1718,1719,-1,1719,1718,1720,-1,1719,1720,1721,-1,1721,1720,1722,-1,1723,1724,1725,-1,1725,1724,1726,-1,1725,1726,1727,-1,1728,1729,1726,-1,1726,1729,1730,-1,1726,1730,1727,-1,1727,1730,1731,-1,1727,1731,1732,-1,1705,1728,1706,-1,1706,1728,1726,-1,1706,1726,1720,-1,1720,1726,1724,-1,1720,1724,1722,-1,1722,1724,1723,-1,1702,1704,1703,-1,1703,1704,1706,-1,1703,1706,1733,-1,1733,1706,1720,-1,1733,1720,1714,-1,1714,1720,1718,-1,1714,1718,1715,-1,1715,1718,1717,-1,1699,1701,1700,-1,1700,1701,1703,-1,1700,1703,1734,-1,1734,1703,1733,-1,1734,1733,1735,-1,1735,1733,1714,-1,1735,1714,1736,-1,1736,1714,1711,-1,1736,1711,1737,-1,1737,1711,1710,-1,1737,1710,1738,-1,1738,1710,1708,-1,1696,1698,1697,-1,1697,1698,1700,-1,1697,1700,1739,-1,1739,1700,1734,-1,1739,1734,1740,-1,1740,1734,1735,-1,1740,1735,1741,-1,1741,1735,1736,-1,1741,1736,1742,-1,1742,1736,1737,-1,1742,1737,1743,-1,1743,1737,1738,-1,1693,1695,1694,-1,1694,1695,1697,-1,1694,1697,1744,-1,1744,1697,1739,-1,1744,1739,1745,-1,1745,1739,1740,-1,1745,1740,1746,-1,1746,1740,1741,-1,1746,1741,1747,-1,1747,1741,1742,-1,1747,1742,1748,-1,1748,1742,1743,-1,1749,1692,1750,-1,1750,1692,1694,-1,1750,1694,1751,-1,1751,1694,1744,-1,1751,1744,1752,-1,1752,1744,1745,-1,1752,1745,1753,-1,1753,1745,1746,-1,1753,1746,1754,-1,1754,1746,1747,-1,1754,1747,1755,-1,1755,1747,1748,-1,1756,1749,1750,-1,1756,1750,1757,-1,1757,1750,1751,-1,1757,1751,1758,-1,1758,1751,1752,-1,1758,1752,1759,-1,1759,1752,1753,-1,1759,1753,1760,-1,1760,1753,1754,-1,1760,1754,1761,-1,1761,1754,1755,-1,1761,1755,1762,-1,1763,1756,1757,-1,1764,1765,1766,-1,1767,1768,1769,-1,1770,1771,1772,-1,1773,1774,1775,-1,1776,1777,1778,-1,1779,1780,1781,-1,1781,1780,1782,-1,1781,1782,1783,-1,1783,1782,1784,-1,1783,1784,1785,-1,1786,1787,1788,-1,1788,1787,1789,-1,1788,1789,1790,-1,1790,1789,1791,-1,1792,1793,1794,-1,1794,1793,1795,-1,1794,1795,1796,-1,1794,1797,1792,-1,1792,1797,1798,-1,1792,1798,1799,-1,1800,1783,1801,-1,1801,1783,1785,-1,1801,1785,1802,-1,1802,1785,1803,-1,1802,1803,1804,-1,1800,1776,1783,-1,1783,1776,1778,-1,1783,1778,1781,-1,1781,1778,1790,-1,1781,1790,1779,-1,1779,1790,1791,-1,1777,1773,1778,-1,1778,1773,1775,-1,1778,1775,1790,-1,1790,1775,1805,-1,1790,1805,1788,-1,1788,1805,1796,-1,1788,1796,1786,-1,1786,1796,1795,-1,1774,1770,1775,-1,1775,1770,1772,-1,1775,1772,1805,-1,1805,1772,1806,-1,1805,1806,1796,-1,1796,1806,1807,-1,1796,1807,1794,-1,1794,1807,1808,-1,1794,1808,1797,-1,1797,1808,1809,-1,1797,1809,1798,-1,1798,1809,1810,-1,1771,1767,1772,-1,1772,1767,1769,-1,1772,1769,1806,-1,1806,1769,1811,-1,1806,1811,1807,-1,1807,1811,1812,-1,1807,1812,1808,-1,1808,1812,1813,-1,1808,1813,1809,-1,1809,1813,1814,-1,1809,1814,1810,-1,1810,1814,1815,-1,1768,1764,1769,-1,1769,1764,1766,-1,1769,1766,1811,-1,1811,1766,1816,-1,1811,1816,1812,-1,1812,1816,1817,-1,1812,1817,1813,-1,1813,1817,1818,-1,1813,1818,1814,-1,1814,1818,1819,-1,1814,1819,1815,-1,1815,1819,1820,-1,1765,1763,1766,-1,1766,1763,1757,-1,1766,1757,1816,-1,1816,1757,1758,-1,1816,1758,1817,-1,1817,1758,1759,-1,1817,1759,1818,-1,1818,1759,1760,-1,1818,1760,1819,-1,1819,1760,1761,-1,1819,1761,1820,-1,1820,1761,1762,-1,1821,1822,1823,-1,1824,1825,1826,-1,1827,1828,1829,-1,1830,1831,1832,-1,1833,1834,1835,-1,1836,1837,1838,-1,1838,1837,1839,-1,1838,1839,1840,-1,1840,1839,1841,-1,1840,1841,1842,-1,1842,1841,1843,-1,1843,1841,1844,-1,1843,1844,1845,-1,1846,1847,1848,-1,1848,1847,1849,-1,1850,1851,1849,-1,1849,1851,1852,-1,1849,1852,1848,-1,1835,1853,1833,-1,1833,1853,1854,-1,1833,1854,1855,-1,1855,1854,1856,-1,1832,1857,1830,-1,1830,1857,1858,-1,1830,1858,1859,-1,1858,1860,1859,-1,1859,1860,1861,-1,1859,1861,1862,-1,1861,1863,1862,-1,1862,1863,1864,-1,1862,1864,1865,-1,1864,1866,1865,-1,1865,1866,1867,-1,1865,1867,1868,-1,1869,1856,1870,-1,1870,1856,1854,-1,1870,1854,1871,-1,1871,1854,1853,-1,1871,1853,1872,-1,1872,1853,1873,-1,1828,1873,1829,-1,1829,1873,1853,-1,1829,1853,1850,-1,1850,1853,1835,-1,1850,1835,1851,-1,1851,1835,1834,-1,1825,1827,1826,-1,1826,1827,1829,-1,1826,1829,1874,-1,1874,1829,1850,-1,1874,1850,1875,-1,1875,1850,1849,-1,1875,1849,1844,-1,1844,1849,1847,-1,1844,1847,1845,-1,1845,1847,1846,-1,1822,1824,1823,-1,1823,1824,1826,-1,1823,1826,1868,-1,1868,1826,1874,-1,1868,1874,1865,-1,1865,1874,1875,-1,1865,1875,1862,-1,1862,1875,1844,-1,1862,1844,1859,-1,1859,1844,1841,-1,1859,1841,1830,-1,1830,1841,1839,-1,1830,1839,1831,-1,1831,1839,1837,-1,1876,1821,1877,-1,1877,1821,1823,-1,1877,1823,1878,-1,1878,1823,1868,-1,1878,1868,1879,-1,1879,1868,1867,-1,1880,1881,1882,-1,1882,1881,1883,-1,1882,1883,1884,-1,1883,1885,1884,-1,1884,1885,1886,-1,1884,1886,1887,-1,1886,1888,1887,-1,1887,1888,1889,-1,1887,1889,1890,-1,1889,1891,1890,-1,1890,1891,1892,-1,1890,1892,1893,-1,1892,1894,1893,-1,1893,1894,1895,-1,1893,1895,1896,-1,1896,1895,1897,-1,1896,1897,1898,-1,1883,1881,1899,-1,1889,1888,1900,-1,1892,1891,1901,-1,1902,1903,1904,-1,1905,1906,1898,-1,1907,1908,1909,-1,1909,1908,1910,-1,1909,1910,1911,-1,1911,1910,1912,-1,1911,1912,1905,-1,1905,1912,1913,-1,1905,1913,1906,-1,1903,1902,1914,-1,1915,1916,1904,-1,1904,1916,1917,-1,1904,1917,1902,-1,1918,1919,1920,-1,1894,1911,1895,-1,1895,1911,1905,-1,1895,1905,1897,-1,1897,1905,1898,-1,1886,1885,1921,-1,1921,1885,1883,-1,1894,1892,1911,-1,1911,1892,1901,-1,1911,1901,1909,-1,1909,1901,1914,-1,1909,1914,1907,-1,1907,1914,1902,-1,1883,1899,1921,-1,1921,1899,1922,-1,1921,1922,1923,-1,1922,1924,1923,-1,1923,1924,1925,-1,1923,1925,1926,-1,1891,1889,1901,-1,1901,1889,1900,-1,1901,1900,1914,-1,1914,1900,1927,-1,1914,1927,1903,-1,1903,1927,1928,-1,1903,1928,1904,-1,1904,1928,1929,-1,1904,1929,1915,-1,1915,1929,1930,-1,1915,1930,1931,-1,1931,1930,1932,-1,1925,1933,1926,-1,1926,1933,1934,-1,1926,1934,1935,-1,1934,1936,1935,-1,1935,1936,1937,-1,1935,1937,1938,-1,1888,1886,1900,-1,1900,1886,1921,-1,1900,1921,1927,-1,1927,1921,1923,-1,1927,1923,1928,-1,1928,1923,1926,-1,1928,1926,1929,-1,1929,1926,1935,-1,1929,1935,1930,-1,1930,1935,1938,-1,1930,1938,1939,-1,1939,1938,1940,-1,1941,1940,1942,-1,1942,1940,1938,-1,1942,1938,1943,-1,1943,1938,1937,-1,1932,1930,1920,-1,1920,1930,1939,-1,1920,1939,1918,-1,1918,1939,1940,-1,1918,1940,1944,-1,1944,1940,1941,-1,1944,1941,1945,-1,1881,1876,1899,-1,1899,1876,1877,-1,1899,1877,1922,-1,1922,1877,1878,-1,1922,1878,1924,-1,1924,1878,1879,-1,1924,1879,1925,-1,1925,1879,1867,-1,1925,1867,1933,-1,1933,1867,1866,-1,1933,1866,1934,-1,1934,1866,1864,-1,1934,1864,1936,-1,1936,1864,1863,-1,1936,1863,1937,-1,1937,1863,1861,-1,1937,1861,1943,-1,1943,1861,1860,-1,1943,1860,1942,-1,1942,1860,1858,-1,1942,1858,1941,-1,1941,1858,1857,-1,1941,1857,1945,-1,1945,1857,1832,-1,1946,1876,1880,-1,1880,1876,1881,-1,1876,1946,1821,-1,1821,1946,1947,-1,1821,1947,1822,-1,1822,1947,1948,-1,1822,1948,1824,-1,1824,1948,1825,-1,1825,1948,1949,-1,1825,1949,1827,-1,1827,1949,1828,-1,1828,1949,1950,-1,1828,1950,1873,-1,1873,1950,1872,-1,1872,1950,1951,-1,1872,1951,1871,-1,1871,1951,1870,-1,1870,1951,1952,-1,1870,1952,1869,-1,1953,1954,1955,-1,1955,1954,1956,-1,1954,1957,1956,-1,1956,1957,1958,-1,1956,1958,1959,-1,1958,1960,1959,-1,1959,1960,1961,-1,1959,1961,1962,-1,1961,1963,1962,-1,1962,1963,1964,-1,1962,1964,1965,-1,1964,1966,1965,-1,1965,1966,1967,-1,1965,1967,1968,-1,1967,1969,1968,-1,1968,1969,1970,-1,1968,1970,1971,-1,1970,1972,1971,-1,1971,1972,1973,-1,1971,1973,1974,-1,1973,1975,1974,-1,1974,1975,1976,-1,1974,1976,1977,-1,1976,1978,1977,-1,1977,1978,1979,-1,1977,1979,1980,-1,1979,1981,1980,-1,1980,1981,1982,-1,1980,1982,1983,-1,1982,1984,1983,-1,1983,1984,1985,-1,1983,1985,1986,-1,1987,1988,1989,-1,1989,1988,1986,-1,1989,1986,1990,-1,1990,1986,1985,-1,1990,1985,1991,-1,1984,1982,1992,-1,1975,1973,1993,-1,1972,1970,1994,-1,1963,1961,1995,-1,1960,1958,1996,-1,1997,1998,1999,-1,1999,1998,2000,-1,1999,2000,2001,-1,2001,2000,2002,-1,2001,2002,2003,-1,2003,2002,2004,-1,2003,2004,2005,-1,2005,2004,2006,-1,2005,2006,2007,-1,2007,2006,1996,-1,2008,2009,2010,-1,2010,2009,2011,-1,2010,2011,2012,-1,2012,2011,2013,-1,2012,2013,2014,-1,2014,2013,2015,-1,2014,2015,2016,-1,2016,2015,2017,-1,2016,2017,2018,-1,2018,2017,1994,-1,2019,2020,2021,-1,2021,2020,2022,-1,2021,2022,2023,-1,2023,2022,2024,-1,2023,2024,2025,-1,2025,2024,2026,-1,2025,2026,2027,-1,2027,2026,2028,-1,2027,2028,2029,-1,2029,2028,1992,-1,2030,1997,2031,-1,2031,1997,1999,-1,2031,1999,2032,-1,2032,1999,2001,-1,2032,2001,2033,-1,2033,2001,2003,-1,2033,2003,2034,-1,2034,2003,2005,-1,2034,2005,2035,-1,2035,2005,2007,-1,2035,2007,1953,-1,1953,2007,1954,-1,1996,1958,2007,-1,2007,1958,1957,-1,2007,1957,1954,-1,1961,1960,1995,-1,1995,1960,1996,-1,1995,1996,2036,-1,2036,1996,2006,-1,2036,2006,2037,-1,2037,2006,2004,-1,2037,2004,2038,-1,2038,2004,2002,-1,2038,2002,2039,-1,2039,2002,2000,-1,2039,2000,2040,-1,2040,2000,1998,-1,1964,1963,2041,-1,2041,1963,1995,-1,2041,1995,2042,-1,2042,1995,2036,-1,2042,2036,2043,-1,2043,2036,2037,-1,2043,2037,2044,-1,2044,2037,2038,-1,2044,2038,2045,-1,2045,2038,2039,-1,2045,2039,2046,-1,2046,2039,2040,-1,2046,2047,2045,-1,2045,2047,2048,-1,2045,2048,2044,-1,2044,2048,2049,-1,2044,2049,2043,-1,2043,2049,2050,-1,2043,2050,2042,-1,2042,2050,2051,-1,2042,2051,2041,-1,2041,2051,2052,-1,2041,2052,1964,-1,1964,2052,1966,-1,2047,2008,2048,-1,2048,2008,2010,-1,2048,2010,2049,-1,2049,2010,2012,-1,2049,2012,2050,-1,2050,2012,2014,-1,2050,2014,2051,-1,2051,2014,2016,-1,2051,2016,2052,-1,2052,2016,2018,-1,2052,2018,1966,-1,1966,2018,1967,-1,1994,1970,2018,-1,2018,1970,1969,-1,2018,1969,1967,-1,1973,1972,1993,-1,1993,1972,1994,-1,1993,1994,2053,-1,2053,1994,2017,-1,2053,2017,2054,-1,2054,2017,2015,-1,2054,2015,2055,-1,2055,2015,2013,-1,2055,2013,2056,-1,2056,2013,2011,-1,2056,2011,2057,-1,2057,2011,2009,-1,1976,1975,2058,-1,2058,1975,1993,-1,2058,1993,2059,-1,2059,1993,2053,-1,2059,2053,2060,-1,2060,2053,2054,-1,2060,2054,2061,-1,2061,2054,2055,-1,2061,2055,2062,-1,2062,2055,2056,-1,2062,2056,2063,-1,2063,2056,2057,-1,2063,2064,2062,-1,2062,2064,2065,-1,2062,2065,2061,-1,2061,2065,2066,-1,2061,2066,2060,-1,2060,2066,2067,-1,2060,2067,2059,-1,2059,2067,2068,-1,2059,2068,2058,-1,2058,2068,2069,-1,2058,2069,1976,-1,1976,2069,1978,-1,2064,2019,2065,-1,2065,2019,2021,-1,2065,2021,2066,-1,2066,2021,2023,-1,2066,2023,2067,-1,2067,2023,2025,-1,2067,2025,2068,-1,2068,2025,2027,-1,2068,2027,2069,-1,2069,2027,2029,-1,2069,2029,1978,-1,1978,2029,1979,-1,1992,1982,2029,-1,2029,1982,1981,-1,2029,1981,1979,-1,1985,1984,1991,-1,1991,1984,1992,-1,1991,1992,2070,-1,2070,1992,2028,-1,2070,2028,2071,-1,2071,2028,2026,-1,2071,2026,2072,-1,2072,2026,2024,-1,2072,2024,2073,-1,2073,2024,2022,-1,2073,2022,2074,-1,2074,2022,2020,-1,1989,1990,2075,-1,2075,1990,1991,-1,2075,1991,2076,-1,2076,1991,2070,-1,2076,2070,2077,-1,2077,2070,2071,-1,2077,2071,2078,-1,2078,2071,2072,-1,2078,2072,2079,-1,2079,2072,2073,-1,2079,2073,2080,-1,2080,2073,2074,-1,2080,2081,2079,-1,2079,2081,2082,-1,2079,2082,2078,-1,2078,2082,2083,-1,2078,2083,2077,-1,2077,2083,2084,-1,2077,2084,2076,-1,2076,2084,2085,-1,2076,2085,2075,-1,2075,2085,2086,-1,2075,2086,1989,-1,1989,2086,1987,-1,2087,2088,2089,-1,2090,2091,2092,-1,2093,2094,2095,-1,2096,2097,2098,-1,2099,2100,2101,-1,2102,2103,2104,-1,2105,2106,2107,-1,2107,2106,2108,-1,2107,2108,2109,-1,2109,2108,2110,-1,2109,2110,2111,-1,2111,2110,2112,-1,2111,2112,2113,-1,2113,2112,2114,-1,2113,2114,2115,-1,2115,2114,2104,-1,2116,2117,2118,-1,2118,2117,2119,-1,2118,2119,2120,-1,2120,2119,2121,-1,2120,2121,2122,-1,2122,2121,2123,-1,2122,2123,2124,-1,2124,2123,2125,-1,2124,2125,2126,-1,2126,2125,2098,-1,2127,2128,2129,-1,2129,2128,2130,-1,2129,2130,2131,-1,2131,2130,2132,-1,2131,2132,2133,-1,2133,2132,2134,-1,2133,2134,2135,-1,2135,2134,2136,-1,2135,2136,2137,-1,2137,2136,2092,-1,2081,2105,2082,-1,2082,2105,2107,-1,2082,2107,2083,-1,2083,2107,2109,-1,2083,2109,2084,-1,2084,2109,2111,-1,2084,2111,2085,-1,2085,2111,2113,-1,2085,2113,2086,-1,2086,2113,2115,-1,2086,2115,1987,-1,1987,2115,2138,-1,2104,2103,2115,-1,2115,2103,2139,-1,2115,2139,2138,-1,2100,2102,2101,-1,2101,2102,2104,-1,2101,2104,2140,-1,2140,2104,2114,-1,2140,2114,2141,-1,2141,2114,2112,-1,2141,2112,2142,-1,2142,2112,2110,-1,2142,2110,2143,-1,2143,2110,2108,-1,2143,2108,2144,-1,2144,2108,2106,-1,2145,2099,2146,-1,2146,2099,2101,-1,2146,2101,2147,-1,2147,2101,2140,-1,2147,2140,2148,-1,2148,2140,2141,-1,2148,2141,2149,-1,2149,2141,2142,-1,2149,2142,2150,-1,2150,2142,2143,-1,2150,2143,2151,-1,2151,2143,2144,-1,2151,2152,2150,-1,2150,2152,2153,-1,2150,2153,2149,-1,2149,2153,2154,-1,2149,2154,2148,-1,2148,2154,2155,-1,2148,2155,2147,-1,2147,2155,2156,-1,2147,2156,2146,-1,2146,2156,2157,-1,2146,2157,2145,-1,2145,2157,2158,-1,2152,2116,2153,-1,2153,2116,2118,-1,2153,2118,2154,-1,2154,2118,2120,-1,2154,2120,2155,-1,2155,2120,2122,-1,2155,2122,2156,-1,2156,2122,2124,-1,2156,2124,2157,-1,2157,2124,2126,-1,2157,2126,2158,-1,2158,2126,2159,-1,2098,2097,2126,-1,2126,2097,2160,-1,2126,2160,2159,-1,2094,2096,2095,-1,2095,2096,2098,-1,2095,2098,2161,-1,2161,2098,2125,-1,2161,2125,2162,-1,2162,2125,2123,-1,2162,2123,2163,-1,2163,2123,2121,-1,2163,2121,2164,-1,2164,2121,2119,-1,2164,2119,2165,-1,2165,2119,2117,-1,2166,2093,2167,-1,2167,2093,2095,-1,2167,2095,2168,-1,2168,2095,2161,-1,2168,2161,2169,-1,2169,2161,2162,-1,2169,2162,2170,-1,2170,2162,2163,-1,2170,2163,2171,-1,2171,2163,2164,-1,2171,2164,2172,-1,2172,2164,2165,-1,2172,2173,2171,-1,2171,2173,2174,-1,2171,2174,2170,-1,2170,2174,2175,-1,2170,2175,2169,-1,2169,2175,2176,-1,2169,2176,2168,-1,2168,2176,2177,-1,2168,2177,2167,-1,2167,2177,2178,-1,2167,2178,2166,-1,2166,2178,2179,-1,2173,2127,2174,-1,2174,2127,2129,-1,2174,2129,2175,-1,2175,2129,2131,-1,2175,2131,2176,-1,2176,2131,2133,-1,2176,2133,2177,-1,2177,2133,2135,-1,2177,2135,2178,-1,2178,2135,2137,-1,2178,2137,2179,-1,2179,2137,2180,-1,2092,2091,2137,-1,2137,2091,2181,-1,2137,2181,2180,-1,2088,2090,2089,-1,2089,2090,2092,-1,2089,2092,2182,-1,2182,2092,2136,-1,2182,2136,2183,-1,2183,2136,2134,-1,2183,2134,2184,-1,2184,2134,2132,-1,2184,2132,2185,-1,2185,2132,2130,-1,2185,2130,2186,-1,2186,2130,2128,-1,2187,2087,2188,-1,2188,2087,2089,-1,2188,2089,2189,-1,2189,2089,2182,-1,2189,2182,2190,-1,2190,2182,2183,-1,2190,2183,2191,-1,2191,2183,2184,-1,2191,2184,2192,-1,2192,2184,2185,-1,2192,2185,2193,-1,2193,2185,2186,-1,2193,2030,2192,-1,2192,2030,2031,-1,2192,2031,2191,-1,2191,2031,2032,-1,2191,2032,2190,-1,2190,2032,2033,-1,2190,2033,2189,-1,2189,2033,2034,-1,2189,2034,2188,-1,2188,2034,2035,-1,2188,2035,2187,-1,2187,2035,1953,-1,1869,1952,2194,-1,1843,2096,1842,-1,1842,2096,2094,-1,1842,2094,1840,-1,1840,2094,1838,-1,1843,1845,2096,-1,2096,1845,1846,-1,2096,1846,2195,-1,2195,1852,2096,-1,2096,1852,1851,-1,2096,1851,1834,-1,1834,1833,2096,-1,2096,1833,1855,-1,2096,1855,2097,-1,1838,2094,1836,-1,1836,2094,2093,-1,1836,2093,2196,-1,2196,2093,2166,-1,2196,2166,2197,-1,1791,1789,2090,-1,2090,1789,1787,-1,2090,1787,1786,-1,1786,1795,2090,-1,2090,1795,1793,-1,2090,1793,2091,-1,2166,2179,2197,-1,2197,2179,2180,-1,2197,2180,2198,-1,2198,2180,2181,-1,2198,2181,1799,-1,1799,2181,2091,-1,1799,2091,1792,-1,1792,2091,1793,-1,1804,1803,2087,-1,2087,1803,1785,-1,2087,1785,1784,-1,1784,1782,2087,-1,2087,1782,1780,-1,2087,1780,2199,-1,1791,2090,2199,-1,2199,2090,2088,-1,2199,2088,2087,-1,1987,2138,1988,-1,1988,2138,2200,-1,2138,2139,2200,-1,2200,2139,2103,-1,2200,2103,2201,-1,2103,2102,2201,-1,2201,2102,2100,-1,2201,2100,2202,-1,2100,2099,2202,-1,2202,2099,2145,-1,2202,2145,2203,-1,1855,1856,2097,-1,2097,1856,1869,-1,2097,1869,2160,-1,2160,1869,2194,-1,2160,2194,2159,-1,2159,2194,2203,-1,2159,2203,2158,-1,2158,2203,2145,-1,1953,1955,2187,-1,2187,1955,2204,-1,2187,2204,2087,-1,2087,2204,2205,-1,2087,2205,1804,-1,2206,1756,2207,-1,2207,1756,1763,-1,2207,1763,2208,-1,1763,1765,2208,-1,2208,1765,1764,-1,2208,1764,2209,-1,1764,1768,2209,-1,2209,1768,1767,-1,2209,1767,2210,-1,1767,1771,2210,-1,2210,1771,1770,-1,2210,1770,2211,-1,1770,1774,2211,-1,2211,1774,1773,-1,2211,1773,2212,-1,1773,1777,2212,-1,2212,1777,1776,-1,2212,1776,2213,-1,1776,1800,2213,-1,2213,1800,1801,-1,2213,1801,2205,-1,2205,1801,1802,-1,2205,1802,1804,-1,2206,2214,1756,-1,1756,2214,1749,-1,1749,2214,1692,-1,1692,2214,2215,-1,1692,2215,1693,-1,1693,2215,2216,-1,1693,2216,1695,-1,1695,2216,1696,-1,1696,2216,2217,-1,1696,2217,1698,-1,1698,2217,1699,-1,1699,2217,2218,-1,1699,2218,1701,-1,1701,2218,1702,-1,1702,2218,2219,-1,1702,2219,1704,-1,1704,2219,1705,-1,1705,2219,2220,-1,1705,2220,1728,-1,1728,2220,1729,-1,1729,2220,2221,-1,1729,2221,1730,-1,1730,2221,1731,-1,1731,2221,2222,-1,1731,2222,1732,-1,2223,2224,2225,-1,2225,2224,2226,-1,2224,2227,2226,-1,2226,2227,2228,-1,2226,2228,2229,-1,2228,2230,2229,-1,2229,2230,2231,-1,2229,2231,2232,-1,2231,2233,2232,-1,2232,2233,2234,-1,2232,2234,2235,-1,2234,2236,2235,-1,2235,2236,2237,-1,2235,2237,2238,-1,2237,2239,2238,-1,2238,2239,2240,-1,2238,2240,2241,-1,2240,2242,2241,-1,2241,2242,2243,-1,2241,2243,2244,-1,2243,2245,2244,-1,2244,2245,2246,-1,2244,2246,2247,-1,2246,2248,2247,-1,2247,2248,2249,-1,2247,2249,2250,-1,2249,2251,2250,-1,2250,2251,2252,-1,2250,2252,2253,-1,2252,2254,2253,-1,2253,2254,2255,-1,2253,2255,2256,-1,2257,2258,2259,-1,2259,2258,2256,-1,2259,2256,2260,-1,2260,2256,2255,-1,2260,2255,2261,-1,2254,2252,2262,-1,2263,2264,2265,-1,2265,2264,2266,-1,2265,2266,2267,-1,2267,2266,2268,-1,2267,2268,2269,-1,2269,2268,2270,-1,2269,2270,2271,-1,2271,2270,2272,-1,2271,2272,2273,-1,2273,2272,2274,-1,2275,2276,2277,-1,2277,2276,2278,-1,2277,2278,2279,-1,2279,2278,2280,-1,2279,2280,2281,-1,2281,2280,2282,-1,2281,2282,2283,-1,2283,2282,2284,-1,2283,2284,2285,-1,2285,2284,2286,-1,2287,2288,2289,-1,2289,2288,2290,-1,2289,2290,2291,-1,2291,2290,2292,-1,2291,2292,2293,-1,2293,2292,2294,-1,2293,2294,2295,-1,2295,2294,2296,-1,2295,2296,2297,-1,2297,2296,2262,-1,2298,2263,2299,-1,2299,2263,2265,-1,2299,2265,2300,-1,2300,2265,2267,-1,2300,2267,2301,-1,2301,2267,2269,-1,2301,2269,2302,-1,2302,2269,2271,-1,2302,2271,2303,-1,2303,2271,2273,-1,2303,2273,2223,-1,2223,2273,2224,-1,2233,2231,2304,-1,2304,2231,2274,-1,2304,2274,2305,-1,2305,2274,2272,-1,2305,2272,2306,-1,2306,2272,2270,-1,2306,2270,2307,-1,2307,2270,2268,-1,2307,2268,2308,-1,2308,2268,2266,-1,2308,2266,2309,-1,2309,2266,2264,-1,2231,2230,2274,-1,2274,2230,2228,-1,2274,2228,2273,-1,2273,2228,2227,-1,2273,2227,2224,-1,2234,2233,2310,-1,2310,2233,2304,-1,2310,2304,2311,-1,2311,2304,2305,-1,2311,2305,2312,-1,2312,2305,2306,-1,2312,2306,2313,-1,2313,2306,2307,-1,2313,2307,2314,-1,2314,2307,2308,-1,2314,2308,2315,-1,2315,2308,2309,-1,2315,2316,2314,-1,2314,2316,2317,-1,2314,2317,2313,-1,2313,2317,2318,-1,2313,2318,2312,-1,2312,2318,2319,-1,2312,2319,2311,-1,2311,2319,2320,-1,2311,2320,2310,-1,2310,2320,2321,-1,2310,2321,2234,-1,2234,2321,2236,-1,2316,2275,2317,-1,2317,2275,2277,-1,2317,2277,2318,-1,2318,2277,2279,-1,2318,2279,2319,-1,2319,2279,2281,-1,2319,2281,2320,-1,2320,2281,2283,-1,2320,2283,2321,-1,2321,2283,2285,-1,2321,2285,2236,-1,2236,2285,2237,-1,2245,2243,2322,-1,2322,2243,2286,-1,2322,2286,2323,-1,2323,2286,2284,-1,2323,2284,2324,-1,2324,2284,2282,-1,2324,2282,2325,-1,2325,2282,2280,-1,2325,2280,2326,-1,2326,2280,2278,-1,2326,2278,2327,-1,2327,2278,2276,-1,2243,2242,2286,-1,2286,2242,2240,-1,2286,2240,2285,-1,2285,2240,2239,-1,2285,2239,2237,-1,2246,2245,2328,-1,2328,2245,2322,-1,2328,2322,2329,-1,2329,2322,2323,-1,2329,2323,2330,-1,2330,2323,2324,-1,2330,2324,2331,-1,2331,2324,2325,-1,2331,2325,2332,-1,2332,2325,2326,-1,2332,2326,2333,-1,2333,2326,2327,-1,2333,2334,2332,-1,2332,2334,2335,-1,2332,2335,2331,-1,2331,2335,2336,-1,2331,2336,2330,-1,2330,2336,2337,-1,2330,2337,2329,-1,2329,2337,2338,-1,2329,2338,2328,-1,2328,2338,2339,-1,2328,2339,2246,-1,2246,2339,2248,-1,2334,2287,2335,-1,2335,2287,2289,-1,2335,2289,2336,-1,2336,2289,2291,-1,2336,2291,2337,-1,2337,2291,2293,-1,2337,2293,2338,-1,2338,2293,2295,-1,2338,2295,2339,-1,2339,2295,2297,-1,2339,2297,2248,-1,2248,2297,2249,-1,2262,2252,2297,-1,2297,2252,2251,-1,2297,2251,2249,-1,2255,2254,2261,-1,2261,2254,2262,-1,2261,2262,2340,-1,2340,2262,2296,-1,2340,2296,2341,-1,2341,2296,2294,-1,2341,2294,2342,-1,2342,2294,2292,-1,2342,2292,2343,-1,2343,2292,2290,-1,2343,2290,2344,-1,2344,2290,2288,-1,2259,2260,2345,-1,2345,2260,2261,-1,2345,2261,2346,-1,2346,2261,2340,-1,2346,2340,2347,-1,2347,2340,2341,-1,2347,2341,2348,-1,2348,2341,2342,-1,2348,2342,2349,-1,2349,2342,2343,-1,2349,2343,2350,-1,2350,2343,2344,-1,2350,2351,2349,-1,2349,2351,2352,-1,2349,2352,2348,-1,2348,2352,2353,-1,2348,2353,2347,-1,2347,2353,2354,-1,2347,2354,2346,-1,2346,2354,2355,-1,2346,2355,2345,-1,2345,2355,2356,-1,2345,2356,2259,-1,2259,2356,2257,-1,2357,2358,2359,-1,2360,2361,2362,-1,2363,2364,2365,-1,2366,2367,2368,-1,2369,2370,2371,-1,2372,2373,2374,-1,2375,2376,2377,-1,2377,2376,2378,-1,2377,2378,2379,-1,2379,2378,2380,-1,2379,2380,2381,-1,2381,2380,2382,-1,2381,2382,2383,-1,2383,2382,2384,-1,2383,2384,2385,-1,2385,2384,2374,-1,2386,2387,2388,-1,2388,2387,2389,-1,2388,2389,2390,-1,2390,2389,2391,-1,2390,2391,2392,-1,2392,2391,2393,-1,2392,2393,2394,-1,2394,2393,2395,-1,2394,2395,2396,-1,2396,2395,2368,-1,2397,2398,2399,-1,2399,2398,2400,-1,2399,2400,2401,-1,2401,2400,2402,-1,2401,2402,2403,-1,2403,2402,2404,-1,2403,2404,2405,-1,2405,2404,2406,-1,2405,2406,2407,-1,2407,2406,2362,-1,2351,2375,2352,-1,2352,2375,2377,-1,2352,2377,2353,-1,2353,2377,2379,-1,2353,2379,2354,-1,2354,2379,2381,-1,2354,2381,2355,-1,2355,2381,2383,-1,2355,2383,2356,-1,2356,2383,2385,-1,2356,2385,2257,-1,2257,2385,2408,-1,2374,2373,2385,-1,2385,2373,2409,-1,2385,2409,2408,-1,2370,2372,2371,-1,2371,2372,2374,-1,2371,2374,2410,-1,2410,2374,2384,-1,2410,2384,2411,-1,2411,2384,2382,-1,2411,2382,2412,-1,2412,2382,2380,-1,2412,2380,2413,-1,2413,2380,2378,-1,2413,2378,2414,-1,2414,2378,2376,-1,2415,2369,2416,-1,2416,2369,2371,-1,2416,2371,2417,-1,2417,2371,2410,-1,2417,2410,2418,-1,2418,2410,2411,-1,2418,2411,2419,-1,2419,2411,2412,-1,2419,2412,2420,-1,2420,2412,2413,-1,2420,2413,2421,-1,2421,2413,2414,-1,2421,2422,2420,-1,2420,2422,2423,-1,2420,2423,2419,-1,2419,2423,2424,-1,2419,2424,2418,-1,2418,2424,2425,-1,2418,2425,2417,-1,2417,2425,2426,-1,2417,2426,2416,-1,2416,2426,2427,-1,2416,2427,2415,-1,2415,2427,2428,-1,2422,2386,2423,-1,2423,2386,2388,-1,2423,2388,2424,-1,2424,2388,2390,-1,2424,2390,2425,-1,2425,2390,2392,-1,2425,2392,2426,-1,2426,2392,2394,-1,2426,2394,2427,-1,2427,2394,2396,-1,2427,2396,2428,-1,2428,2396,2429,-1,2368,2367,2396,-1,2396,2367,2430,-1,2396,2430,2429,-1,2364,2366,2365,-1,2365,2366,2368,-1,2365,2368,2431,-1,2431,2368,2395,-1,2431,2395,2432,-1,2432,2395,2393,-1,2432,2393,2433,-1,2433,2393,2391,-1,2433,2391,2434,-1,2434,2391,2389,-1,2434,2389,2435,-1,2435,2389,2387,-1,2436,2363,2437,-1,2437,2363,2365,-1,2437,2365,2438,-1,2438,2365,2431,-1,2438,2431,2439,-1,2439,2431,2432,-1,2439,2432,2440,-1,2440,2432,2433,-1,2440,2433,2441,-1,2441,2433,2434,-1,2441,2434,2442,-1,2442,2434,2435,-1,2442,2443,2441,-1,2441,2443,2444,-1,2441,2444,2440,-1,2440,2444,2445,-1,2440,2445,2439,-1,2439,2445,2446,-1,2439,2446,2438,-1,2438,2446,2447,-1,2438,2447,2437,-1,2437,2447,2448,-1,2437,2448,2436,-1,2436,2448,2449,-1,2443,2397,2444,-1,2444,2397,2399,-1,2444,2399,2445,-1,2445,2399,2401,-1,2445,2401,2446,-1,2446,2401,2403,-1,2446,2403,2447,-1,2447,2403,2405,-1,2447,2405,2448,-1,2448,2405,2407,-1,2448,2407,2449,-1,2449,2407,2450,-1,2362,2361,2407,-1,2407,2361,2451,-1,2407,2451,2450,-1,2358,2360,2359,-1,2359,2360,2362,-1,2359,2362,2452,-1,2452,2362,2406,-1,2452,2406,2453,-1,2453,2406,2404,-1,2453,2404,2454,-1,2454,2404,2402,-1,2454,2402,2455,-1,2455,2402,2400,-1,2455,2400,2456,-1,2456,2400,2398,-1,2457,2357,2458,-1,2458,2357,2359,-1,2458,2359,2459,-1,2459,2359,2452,-1,2459,2452,2460,-1,2460,2452,2453,-1,2460,2453,2461,-1,2461,2453,2454,-1,2461,2454,2462,-1,2462,2454,2455,-1,2462,2455,2463,-1,2463,2455,2456,-1,2463,2298,2462,-1,2462,2298,2299,-1,2462,2299,2461,-1,2461,2299,2300,-1,2461,2300,2460,-1,2460,2300,2301,-1,2460,2301,2459,-1,2459,2301,2302,-1,2459,2302,2458,-1,2458,2302,2303,-1,2458,2303,2457,-1,2457,2303,2223,-1,1732,2222,2464,-1,1725,1727,2409,-1,1725,2409,1723,-1,2372,1719,2373,-1,2373,1719,2465,-1,2373,2465,2409,-1,2409,2465,1722,-1,2409,1722,1723,-1,2466,1707,2370,-1,1716,1715,2372,-1,2372,1715,1717,-1,2372,1717,1719,-1,1707,1709,2370,-1,2370,1709,1713,-1,2370,1713,2372,-1,2372,1713,1712,-1,2372,1712,1716,-1,2370,2369,2466,-1,2466,2369,2415,-1,2466,2415,2467,-1,2430,2468,2429,-1,2429,2468,2467,-1,2429,2467,2428,-1,2428,2467,2415,-1,2469,2470,2366,-1,2366,2470,2471,-1,2366,2471,2472,-1,2472,2473,2366,-1,2366,2473,2474,-1,2366,2474,2475,-1,2475,2476,2366,-1,2366,2476,2477,-1,2366,2477,2367,-1,2477,2478,2367,-1,2367,2478,2479,-1,2367,2479,2430,-1,2430,2479,2480,-1,2430,2480,2468,-1,2481,2482,2363,-1,2363,2482,2483,-1,2363,2483,2484,-1,2469,2366,2484,-1,2484,2366,2364,-1,2484,2364,2363,-1,1727,1732,2409,-1,2409,1732,2464,-1,2409,2464,2408,-1,2408,2464,2258,-1,2408,2258,2257,-1,2481,2363,2485,-1,2485,2363,2436,-1,2485,2436,2486,-1,2436,2449,2486,-1,2486,2449,2450,-1,2486,2450,2487,-1,2450,2451,2487,-1,2487,2451,2361,-1,2487,2361,2488,-1,2361,2360,2488,-1,2488,2360,2358,-1,2488,2358,2489,-1,2223,2225,2457,-1,2457,2225,2489,-1,2457,2489,2357,-1,2357,2489,2358,-1,2490,2491,2492,-1,2492,2491,2493,-1,2492,2493,2494,-1,2493,2495,2494,-1,2494,2495,2496,-1,2494,2496,2497,-1,2496,2498,2497,-1,2497,2498,2499,-1,2497,2499,2500,-1,2499,2501,2500,-1,2500,2501,2502,-1,2500,2502,2503,-1,2502,2504,2503,-1,2503,2504,2505,-1,2503,2505,2481,-1,2481,2505,2506,-1,2481,2506,2482,-1,2493,2491,2507,-1,2499,2498,2508,-1,2502,2501,2509,-1,2473,2510,2511,-1,2512,2483,2482,-1,2513,2471,2514,-1,2514,2471,2470,-1,2514,2470,2515,-1,2515,2470,2469,-1,2515,2469,2512,-1,2512,2469,2484,-1,2512,2484,2483,-1,2510,2473,2516,-1,2476,2475,2511,-1,2511,2475,2474,-1,2511,2474,2473,-1,2517,2480,2479,-1,2504,2515,2505,-1,2505,2515,2512,-1,2505,2512,2506,-1,2506,2512,2482,-1,2496,2495,2518,-1,2518,2495,2493,-1,2504,2502,2515,-1,2515,2502,2509,-1,2515,2509,2514,-1,2514,2509,2516,-1,2514,2516,2513,-1,2513,2516,2473,-1,2493,2507,2518,-1,2518,2507,2519,-1,2518,2519,2520,-1,2519,2521,2520,-1,2520,2521,2522,-1,2520,2522,2523,-1,2501,2499,2509,-1,2509,2499,2508,-1,2509,2508,2516,-1,2516,2508,2524,-1,2516,2524,2510,-1,2510,2524,2525,-1,2510,2525,2511,-1,2511,2525,2526,-1,2511,2526,2476,-1,2476,2526,2527,-1,2476,2527,2477,-1,2477,2527,2478,-1,2522,2528,2523,-1,2523,2528,2529,-1,2523,2529,2530,-1,2529,2531,2530,-1,2530,2531,2532,-1,2530,2532,2533,-1,2498,2496,2508,-1,2508,2496,2518,-1,2508,2518,2524,-1,2524,2518,2520,-1,2524,2520,2525,-1,2525,2520,2523,-1,2525,2523,2526,-1,2526,2523,2530,-1,2526,2530,2527,-1,2527,2530,2533,-1,2527,2533,2534,-1,2534,2533,2535,-1,2536,2535,2537,-1,2537,2535,2533,-1,2537,2533,2538,-1,2538,2533,2532,-1,2478,2527,2479,-1,2479,2527,2534,-1,2479,2534,2517,-1,2517,2534,2535,-1,2517,2535,2539,-1,2539,2535,2536,-1,2539,2536,2540,-1,2507,2491,2541,-1,2507,2541,2519,-1,2519,2541,2542,-1,2519,2542,2521,-1,2521,2542,2543,-1,2521,2543,2522,-1,2522,2543,2528,-1,2528,2543,2544,-1,2528,2544,2529,-1,2529,2544,2531,-1,2531,2544,2545,-1,2531,2545,2532,-1,2532,2545,2538,-1,2538,2545,2546,-1,2538,2546,2537,-1,2537,2546,2536,-1,2536,2546,2547,-1,2536,2547,2540,-1,2548,2541,2490,-1,2490,2541,2491,-1,2549,2550,2551,-1,2551,2550,2552,-1,2551,2552,2553,-1,2553,2552,2554,-1,2553,2554,2555,-1,2555,2554,2556,-1,2555,2556,2557,-1,2557,2556,2558,-1,2557,2558,2559,-1,2559,2558,2560,-1,2559,2560,2561,-1,2561,2560,2562,-1,2561,2562,2563,-1,2563,2562,2564,-1,2563,2564,2565,-1,2565,2564,2566,-1,2565,2566,2567,-1,2567,2566,2568,-1,2567,2568,2548,-1,2548,2568,2541,-1,2547,2546,2569,-1,2546,2545,2570,-1,2545,2544,2571,-1,2544,2543,2572,-1,2543,2542,2573,-1,2542,2541,2568,-1,2542,2568,2573,-1,2573,2568,2566,-1,2573,2566,2574,-1,2574,2566,2564,-1,2574,2564,2575,-1,2575,2564,2562,-1,2575,2562,2576,-1,2576,2562,2560,-1,2576,2560,2577,-1,2577,2560,2558,-1,2577,2558,2578,-1,2578,2558,2556,-1,2578,2556,2579,-1,2579,2556,2554,-1,2579,2554,2580,-1,2580,2554,2552,-1,2580,2552,2581,-1,2581,2552,2550,-1,2581,2550,2582,-1,2543,2573,2572,-1,2572,2573,2574,-1,2572,2574,2583,-1,2583,2574,2575,-1,2583,2575,2584,-1,2584,2575,2576,-1,2584,2576,2585,-1,2585,2576,2577,-1,2585,2577,2586,-1,2586,2577,2578,-1,2586,2578,2587,-1,2587,2578,2579,-1,2587,2579,2588,-1,2588,2579,2580,-1,2588,2580,2589,-1,2589,2580,2581,-1,2589,2581,2590,-1,2590,2581,2582,-1,2590,2582,2591,-1,2544,2572,2571,-1,2571,2572,2583,-1,2571,2583,2592,-1,2592,2583,2584,-1,2592,2584,2593,-1,2593,2584,2585,-1,2593,2585,2594,-1,2594,2585,2586,-1,2594,2586,2595,-1,2595,2586,2587,-1,2595,2587,2596,-1,2596,2587,2588,-1,2596,2588,2597,-1,2597,2588,2589,-1,2597,2589,2598,-1,2598,2589,2590,-1,2598,2590,2599,-1,2599,2590,2591,-1,2599,2591,2600,-1,2545,2571,2570,-1,2570,2571,2592,-1,2570,2592,2601,-1,2601,2592,2593,-1,2601,2593,2602,-1,2602,2593,2594,-1,2602,2594,2603,-1,2603,2594,2595,-1,2603,2595,2604,-1,2604,2595,2596,-1,2604,2596,2605,-1,2605,2596,2597,-1,2605,2597,2606,-1,2606,2597,2598,-1,2606,2598,2607,-1,2607,2598,2599,-1,2607,2599,2608,-1,2608,2599,2600,-1,2608,2600,2609,-1,2546,2570,2569,-1,2569,2570,2601,-1,2569,2601,2610,-1,2610,2601,2602,-1,2610,2602,2611,-1,2611,2602,2603,-1,2611,2603,2612,-1,2612,2603,2604,-1,2612,2604,2613,-1,2613,2604,2605,-1,2613,2605,2614,-1,2614,2605,2606,-1,2614,2606,2615,-1,2615,2606,2607,-1,2615,2607,2616,-1,2616,2607,2608,-1,2616,2608,2617,-1,2617,2608,2609,-1,2617,2609,2618,-1,2547,2569,2619,-1,2619,2569,2610,-1,2619,2610,2620,-1,2620,2610,2611,-1,2620,2611,2621,-1,2621,2611,2612,-1,2621,2612,2622,-1,2622,2612,2613,-1,2622,2613,2623,-1,2623,2613,2614,-1,2623,2614,2624,-1,2624,2614,2615,-1,2624,2615,2625,-1,2625,2615,2616,-1,2625,2616,2626,-1,2626,2616,2617,-1,2626,2617,2627,-1,2627,2617,2618,-1,2627,2618,2628,-1,2629,2630,2631,-1,2632,2633,2634,-1,2635,2636,2637,-1,2638,2639,2640,-1,2641,2642,2643,-1,2644,2645,2646,-1,2647,2648,2649,-1,2650,2651,2652,-1,2653,2654,2655,-1,2656,2657,2658,-1,2659,2660,2661,-1,2661,2660,2662,-1,2661,2662,2663,-1,2663,2662,2664,-1,2663,2664,2665,-1,2665,2664,2666,-1,2665,2666,2667,-1,2667,2666,2668,-1,2667,2668,2669,-1,2669,2668,2658,-1,2670,2671,2672,-1,2672,2671,2673,-1,2672,2673,2674,-1,2674,2673,2675,-1,2674,2675,2676,-1,2676,2675,2677,-1,2676,2677,2678,-1,2678,2677,2679,-1,2678,2679,2680,-1,2680,2679,2652,-1,2681,2682,2683,-1,2683,2682,2684,-1,2683,2684,2685,-1,2685,2684,2686,-1,2685,2686,2687,-1,2687,2686,2688,-1,2687,2688,2689,-1,2689,2688,2690,-1,2689,2690,2691,-1,2691,2690,2646,-1,2692,2693,2694,-1,2694,2693,2695,-1,2694,2695,2696,-1,2696,2695,2697,-1,2696,2697,2698,-1,2698,2697,2699,-1,2698,2699,2700,-1,2700,2699,2701,-1,2700,2701,2702,-1,2702,2701,2703,-1,2704,2705,2706,-1,2706,2705,2707,-1,2706,2707,2708,-1,2708,2707,2709,-1,2708,2709,2710,-1,2710,2709,2711,-1,2710,2711,2712,-1,2712,2711,2713,-1,2712,2713,2714,-1,2714,2713,2643,-1,2715,2716,2717,-1,2717,2716,2718,-1,2717,2718,2719,-1,2719,2718,2720,-1,2719,2720,2721,-1,2721,2720,2722,-1,2721,2722,2723,-1,2723,2722,2724,-1,2723,2724,2725,-1,2725,2724,2637,-1,2726,2727,2728,-1,2728,2727,2729,-1,2728,2729,2730,-1,2730,2729,2731,-1,2730,2731,2732,-1,2732,2731,2733,-1,2732,2733,2734,-1,2734,2733,2735,-1,2734,2735,2736,-1,2736,2735,2631,-1,2737,2659,2738,-1,2738,2659,2661,-1,2738,2661,2739,-1,2739,2661,2663,-1,2739,2663,2740,-1,2740,2663,2665,-1,2740,2665,2741,-1,2741,2665,2667,-1,2741,2667,2742,-1,2742,2667,2669,-1,2742,2669,2743,-1,2743,2669,2744,-1,2658,2657,2669,-1,2669,2657,2745,-1,2669,2745,2744,-1,2746,2656,2747,-1,2747,2656,2658,-1,2747,2658,2748,-1,2748,2658,2668,-1,2748,2668,2749,-1,2749,2668,2666,-1,2749,2666,2750,-1,2750,2666,2664,-1,2750,2664,2751,-1,2751,2664,2662,-1,2751,2662,2752,-1,2752,2662,2660,-1,2752,2753,2751,-1,2751,2753,2754,-1,2751,2754,2750,-1,2750,2754,2755,-1,2750,2755,2749,-1,2749,2755,2756,-1,2749,2756,2748,-1,2748,2756,2757,-1,2748,2757,2747,-1,2747,2757,2655,-1,2747,2655,2746,-1,2746,2655,2654,-1,2758,2653,2680,-1,2680,2653,2655,-1,2680,2655,2678,-1,2678,2655,2757,-1,2678,2757,2676,-1,2676,2757,2756,-1,2676,2756,2674,-1,2674,2756,2755,-1,2674,2755,2672,-1,2672,2755,2754,-1,2672,2754,2670,-1,2670,2754,2753,-1,2652,2651,2680,-1,2680,2651,2759,-1,2680,2759,2758,-1,2760,2650,2761,-1,2761,2650,2652,-1,2761,2652,2762,-1,2762,2652,2679,-1,2762,2679,2763,-1,2763,2679,2677,-1,2763,2677,2764,-1,2764,2677,2675,-1,2764,2675,2765,-1,2765,2675,2673,-1,2765,2673,2766,-1,2766,2673,2671,-1,2766,2767,2765,-1,2765,2767,2768,-1,2765,2768,2764,-1,2764,2768,2769,-1,2764,2769,2763,-1,2763,2769,2770,-1,2763,2770,2762,-1,2762,2770,2771,-1,2762,2771,2761,-1,2761,2771,2649,-1,2761,2649,2760,-1,2760,2649,2648,-1,2772,2647,2691,-1,2691,2647,2649,-1,2691,2649,2689,-1,2689,2649,2771,-1,2689,2771,2687,-1,2687,2771,2770,-1,2687,2770,2685,-1,2685,2770,2769,-1,2685,2769,2683,-1,2683,2769,2768,-1,2683,2768,2681,-1,2681,2768,2767,-1,2646,2645,2691,-1,2691,2645,2773,-1,2691,2773,2772,-1,2774,2644,2775,-1,2775,2644,2646,-1,2775,2646,2776,-1,2776,2646,2690,-1,2776,2690,2777,-1,2777,2690,2688,-1,2777,2688,2778,-1,2778,2688,2686,-1,2778,2686,2779,-1,2779,2686,2684,-1,2779,2684,2780,-1,2780,2684,2682,-1,2780,2692,2779,-1,2779,2692,2694,-1,2779,2694,2778,-1,2778,2694,2696,-1,2778,2696,2777,-1,2777,2696,2698,-1,2777,2698,2776,-1,2776,2698,2700,-1,2776,2700,2775,-1,2775,2700,2702,-1,2775,2702,2774,-1,2774,2702,2781,-1,2782,2783,2784,-1,2784,2783,2703,-1,2784,2703,2785,-1,2785,2703,2701,-1,2785,2701,2786,-1,2786,2701,2699,-1,2786,2699,2787,-1,2787,2699,2697,-1,2787,2697,2788,-1,2788,2697,2695,-1,2788,2695,2789,-1,2789,2695,2693,-1,2783,2790,2703,-1,2703,2790,2791,-1,2703,2791,2702,-1,2702,2791,2792,-1,2702,2792,2781,-1,2793,2782,2794,-1,2794,2782,2784,-1,2794,2784,2795,-1,2795,2784,2785,-1,2795,2785,2796,-1,2796,2785,2786,-1,2796,2786,2797,-1,2797,2786,2787,-1,2797,2787,2798,-1,2798,2787,2788,-1,2798,2788,2799,-1,2799,2788,2789,-1,2799,2704,2798,-1,2798,2704,2706,-1,2798,2706,2797,-1,2797,2706,2708,-1,2797,2708,2796,-1,2796,2708,2710,-1,2796,2710,2795,-1,2795,2710,2712,-1,2795,2712,2794,-1,2794,2712,2714,-1,2794,2714,2793,-1,2793,2714,2800,-1,2643,2642,2714,-1,2714,2642,2801,-1,2714,2801,2800,-1,2639,2641,2640,-1,2640,2641,2643,-1,2640,2643,2802,-1,2802,2643,2713,-1,2802,2713,2803,-1,2803,2713,2711,-1,2803,2711,2804,-1,2804,2711,2709,-1,2804,2709,2805,-1,2805,2709,2707,-1,2805,2707,2806,-1,2806,2707,2705,-1,2807,2638,2808,-1,2808,2638,2640,-1,2808,2640,2809,-1,2809,2640,2802,-1,2809,2802,2810,-1,2810,2802,2803,-1,2810,2803,2811,-1,2811,2803,2804,-1,2811,2804,2812,-1,2812,2804,2805,-1,2812,2805,2813,-1,2813,2805,2806,-1,2813,2715,2812,-1,2812,2715,2717,-1,2812,2717,2811,-1,2811,2717,2719,-1,2811,2719,2810,-1,2810,2719,2721,-1,2810,2721,2809,-1,2809,2721,2723,-1,2809,2723,2808,-1,2808,2723,2725,-1,2808,2725,2807,-1,2807,2725,2814,-1,2637,2636,2725,-1,2725,2636,2815,-1,2725,2815,2814,-1,2633,2635,2634,-1,2634,2635,2637,-1,2634,2637,2816,-1,2816,2637,2724,-1,2816,2724,2817,-1,2817,2724,2722,-1,2817,2722,2818,-1,2818,2722,2720,-1,2818,2720,2819,-1,2819,2720,2718,-1,2819,2718,2820,-1,2820,2718,2716,-1,2821,2632,2822,-1,2822,2632,2634,-1,2822,2634,2823,-1,2823,2634,2816,-1,2823,2816,2824,-1,2824,2816,2817,-1,2824,2817,2825,-1,2825,2817,2818,-1,2825,2818,2826,-1,2826,2818,2819,-1,2826,2819,2827,-1,2827,2819,2820,-1,2827,2726,2826,-1,2826,2726,2728,-1,2826,2728,2825,-1,2825,2728,2730,-1,2825,2730,2824,-1,2824,2730,2732,-1,2824,2732,2823,-1,2823,2732,2734,-1,2823,2734,2822,-1,2822,2734,2736,-1,2822,2736,2821,-1,2821,2736,2828,-1,2631,2630,2736,-1,2736,2630,2829,-1,2736,2829,2828,-1,2830,2629,2831,-1,2831,2629,2631,-1,2831,2631,2832,-1,2832,2631,2735,-1,2832,2735,2833,-1,2833,2735,2733,-1,2833,2733,2834,-1,2834,2733,2731,-1,2834,2731,2835,-1,2835,2731,2729,-1,2835,2729,2836,-1,2836,2729,2727,-1,2836,2628,2835,-1,2835,2628,2618,-1,2835,2618,2834,-1,2834,2618,2609,-1,2834,2609,2833,-1,2833,2609,2600,-1,2833,2600,2832,-1,2832,2600,2591,-1,2832,2591,2831,-1,2831,2591,2582,-1,2831,2582,2830,-1,2830,2582,2550,-1,2743,2744,2837,-1,2837,2744,2838,-1,2656,2839,2657,-1,2657,2839,2838,-1,2657,2838,2745,-1,2745,2838,2744,-1,2656,2746,2839,-1,2839,2746,2654,-1,2839,2654,2840,-1,2654,2653,2840,-1,2840,2653,2758,-1,2840,2758,2841,-1,2650,2842,2651,-1,2651,2842,2841,-1,2651,2841,2759,-1,2759,2841,2758,-1,2650,2760,2842,-1,2842,2760,2648,-1,2842,2648,2843,-1,2648,2647,2843,-1,2843,2647,2772,-1,2843,2772,2844,-1,2644,2845,2645,-1,2645,2845,2844,-1,2645,2844,2773,-1,2773,2844,2772,-1,2644,2774,2845,-1,2845,2774,2781,-1,2845,2781,2846,-1,2781,2792,2846,-1,2846,2792,2791,-1,2846,2791,2847,-1,2782,2848,2783,-1,2783,2848,2847,-1,2783,2847,2790,-1,2790,2847,2791,-1,2782,2793,2848,-1,2848,2793,2800,-1,2848,2800,2849,-1,2800,2801,2849,-1,2849,2801,2642,-1,2849,2642,2850,-1,2638,2851,2639,-1,2639,2851,2850,-1,2639,2850,2641,-1,2641,2850,2642,-1,2638,2807,2851,-1,2851,2807,2814,-1,2851,2814,2852,-1,2814,2815,2852,-1,2852,2815,2636,-1,2852,2636,2853,-1,2632,2854,2633,-1,2633,2854,2853,-1,2633,2853,2635,-1,2635,2853,2636,-1,2632,2821,2854,-1,2854,2821,2828,-1,2854,2828,2855,-1,2828,2829,2855,-1,2855,2829,2630,-1,2855,2630,2856,-1,2550,2549,2830,-1,2830,2549,2856,-1,2830,2856,2629,-1,2629,2856,2630,-1,2857,2858,2859,-1,2859,2858,2860,-1,2859,2860,2861,-1,2861,2860,2862,-1,2861,2862,2863,-1,2863,2862,2864,-1,2863,2864,2865,-1,2865,2864,2866,-1,2865,2866,2867,-1,2867,2866,2868,-1,2867,2868,2869,-1,2869,2868,2870,-1,2869,2870,2871,-1,2871,2870,2872,-1,2871,2872,2873,-1,2873,2872,2874,-1,2873,2874,2875,-1,2875,2874,2876,-1,2875,2876,2837,-1,2837,2876,2743,-1,2737,2738,2877,-1,2738,2739,2878,-1,2739,2740,2879,-1,2740,2741,2880,-1,2741,2742,2881,-1,2742,2743,2876,-1,2742,2876,2881,-1,2881,2876,2874,-1,2881,2874,2882,-1,2882,2874,2872,-1,2882,2872,2883,-1,2883,2872,2870,-1,2883,2870,2884,-1,2884,2870,2868,-1,2884,2868,2885,-1,2885,2868,2866,-1,2885,2866,2886,-1,2886,2866,2864,-1,2886,2864,2887,-1,2887,2864,2862,-1,2887,2862,2888,-1,2888,2862,2860,-1,2888,2860,2889,-1,2889,2860,2858,-1,2889,2858,2890,-1,2741,2881,2880,-1,2880,2881,2882,-1,2880,2882,2891,-1,2891,2882,2883,-1,2891,2883,2892,-1,2892,2883,2884,-1,2892,2884,2893,-1,2893,2884,2885,-1,2893,2885,2894,-1,2894,2885,2886,-1,2894,2886,2895,-1,2895,2886,2887,-1,2895,2887,2896,-1,2896,2887,2888,-1,2896,2888,2897,-1,2897,2888,2889,-1,2897,2889,2898,-1,2898,2889,2890,-1,2898,2890,2899,-1,2740,2880,2879,-1,2879,2880,2891,-1,2879,2891,2900,-1,2900,2891,2892,-1,2900,2892,2901,-1,2901,2892,2893,-1,2901,2893,2902,-1,2902,2893,2894,-1,2902,2894,2903,-1,2903,2894,2895,-1,2903,2895,2904,-1,2904,2895,2896,-1,2904,2896,2905,-1,2905,2896,2897,-1,2905,2897,2906,-1,2906,2897,2898,-1,2906,2898,2907,-1,2907,2898,2899,-1,2907,2899,2908,-1,2739,2879,2878,-1,2878,2879,2900,-1,2878,2900,2909,-1,2909,2900,2901,-1,2909,2901,2910,-1,2910,2901,2902,-1,2910,2902,2911,-1,2911,2902,2903,-1,2911,2903,2912,-1,2912,2903,2904,-1,2912,2904,2913,-1,2913,2904,2905,-1,2913,2905,2914,-1,2914,2905,2906,-1,2914,2906,2915,-1,2915,2906,2907,-1,2915,2907,2916,-1,2916,2907,2908,-1,2916,2908,2917,-1,2738,2878,2877,-1,2877,2878,2909,-1,2877,2909,2918,-1,2918,2909,2910,-1,2918,2910,2919,-1,2919,2910,2911,-1,2919,2911,2920,-1,2920,2911,2912,-1,2920,2912,2921,-1,2921,2912,2913,-1,2921,2913,2922,-1,2922,2913,2914,-1,2922,2914,2923,-1,2923,2914,2915,-1,2923,2915,2924,-1,2924,2915,2916,-1,2924,2916,2925,-1,2925,2916,2917,-1,2925,2917,2926,-1,2737,2877,2927,-1,2927,2877,2918,-1,2927,2918,2928,-1,2928,2918,2919,-1,2928,2919,2929,-1,2929,2919,2920,-1,2929,2920,2930,-1,2930,2920,2921,-1,2930,2921,2931,-1,2931,2921,2922,-1,2931,2922,2932,-1,2932,2922,2923,-1,2932,2923,2933,-1,2933,2923,2924,-1,2933,2924,2934,-1,2934,2924,2925,-1,2934,2925,2935,-1,2935,2925,2926,-1,2935,2926,2936,-1,1688,1689,2858,-1,2858,1689,2890,-1,1689,1690,2890,-1,2890,1690,1691,-1,2890,1691,2899,-1,1691,1679,2899,-1,2899,1679,1678,-1,2899,1678,2908,-1,1678,1676,2908,-1,2908,1676,1675,-1,2908,1675,2917,-1,1675,1673,2917,-1,2917,1673,1672,-1,2917,1672,2926,-1,2926,1672,1670,-1,2926,1670,2936,-1,2936,1670,1669,-1,2936,1669,1644,-1,2937,1688,2857,-1,2857,1688,2858,-1,1688,2937,1633,-1,1633,2937,2938,-1,1633,2938,1634,-1,1634,2938,2939,-1,1634,2939,1636,-1,1636,2939,1637,-1,1637,2939,2940,-1,1637,2940,1639,-1,1639,2940,1640,-1,1640,2940,2941,-1,1640,2941,1685,-1,1685,2941,1684,-1,1684,2941,2942,-1,1684,2942,1683,-1,1683,2942,1682,-1,1682,2942,2943,-1,1682,2943,1681,-1,1681,2943,2944,-1,1668,2945,2946,-1,1647,1649,2947,-1,2947,1649,1651,-1,2947,1651,2948,-1,1651,1652,2948,-1,2948,1652,1654,-1,2948,1654,1655,-1,1655,1657,2948,-1,2948,1657,1661,-1,2948,1661,1660,-1,1660,1662,2948,-1,2948,1662,1664,-1,2948,1664,2946,-1,2946,1664,1666,-1,2946,1666,1668,-1,1647,2947,1645,-1,1645,2947,2949,-1,1645,2949,2950,-1,2950,2949,2951,-1,2950,2951,2952,-1,1607,1605,2953,-1,2953,1605,1603,-1,2953,1603,1602,-1,1602,1611,2953,-1,2953,1611,2954,-1,2953,2954,2955,-1,2951,2956,2952,-1,2952,2956,2957,-1,2952,2957,2958,-1,2958,2957,2959,-1,2958,2959,1615,-1,1615,2959,2955,-1,1615,2955,1608,-1,1608,2955,2954,-1,337,1616,2960,-1,2960,1616,1601,-1,2960,1601,1600,-1,1600,1598,2960,-1,2960,1598,1596,-1,2960,1596,2961,-1,1607,2953,2961,-1,2961,2953,2962,-1,2961,2962,2960,-1,2963,2964,2965,-1,2965,2964,2966,-1,2964,2967,2966,-1,2966,2967,2968,-1,2966,2968,2969,-1,2968,2970,2969,-1,2969,2970,2971,-1,2969,2971,2972,-1,2971,2973,2972,-1,2972,2973,2974,-1,2972,2974,2975,-1,1668,1681,2945,-1,2945,1681,2944,-1,2945,2944,2976,-1,2976,2944,2975,-1,2976,2975,2977,-1,2977,2975,2974,-1,2978,2979,2980,-1,2980,2979,2981,-1,2980,2981,2960,-1,2960,2981,335,-1,2960,335,337,-1,2960,2962,2982,-1,2953,2955,2983,-1,2984,2985,2986,-1,2986,2985,2987,-1,2986,2987,2988,-1,2988,2987,2989,-1,2988,2989,2990,-1,2990,2989,2991,-1,2990,2991,2992,-1,2992,2991,2993,-1,2992,2993,2994,-1,2994,2993,2995,-1,2996,2997,2998,-1,2998,2997,2999,-1,2998,2999,3000,-1,3000,2999,3001,-1,3000,3001,3002,-1,3002,3001,3003,-1,3002,3003,3004,-1,3004,3003,3005,-1,3004,3005,3006,-1,3006,3005,3007,-1,3008,3009,3010,-1,3010,3009,3011,-1,3010,3011,3012,-1,3012,3011,3013,-1,3012,3013,3014,-1,3014,3013,3015,-1,3014,3015,3016,-1,3016,3015,3017,-1,3016,3017,3018,-1,3018,3017,2983,-1,3019,2984,3020,-1,3020,2984,2986,-1,3020,2986,3021,-1,3021,2986,2988,-1,3021,2988,3022,-1,3022,2988,2990,-1,3022,2990,3023,-1,3023,2990,2992,-1,3023,2992,3024,-1,3024,2992,2994,-1,3024,2994,2963,-1,2963,2994,2964,-1,2973,2971,3025,-1,3025,2971,2995,-1,3025,2995,3026,-1,3026,2995,2993,-1,3026,2993,3027,-1,3027,2993,2991,-1,3027,2991,3028,-1,3028,2991,2989,-1,3028,2989,3029,-1,3029,2989,2987,-1,3029,2987,3030,-1,3030,2987,2985,-1,2971,2970,2995,-1,2995,2970,2968,-1,2995,2968,2994,-1,2994,2968,2967,-1,2994,2967,2964,-1,2974,2973,3031,-1,3031,2973,3025,-1,3031,3025,3032,-1,3032,3025,3026,-1,3032,3026,3033,-1,3033,3026,3027,-1,3033,3027,3034,-1,3034,3027,3028,-1,3034,3028,3035,-1,3035,3028,3029,-1,3035,3029,3036,-1,3036,3029,3030,-1,3036,3037,3035,-1,3035,3037,3038,-1,3035,3038,3034,-1,3034,3038,3039,-1,3034,3039,3033,-1,3033,3039,3040,-1,3033,3040,3032,-1,3032,3040,3041,-1,3032,3041,3031,-1,3031,3041,3042,-1,3031,3042,2974,-1,2974,3042,2977,-1,3037,2996,3038,-1,3038,2996,2998,-1,3038,2998,3039,-1,3039,2998,3000,-1,3039,3000,3040,-1,3040,3000,3002,-1,3040,3002,3041,-1,3041,3002,3004,-1,3041,3004,3042,-1,3042,3004,3006,-1,3042,3006,2977,-1,2977,3006,2976,-1,2949,2947,3043,-1,3043,2947,3007,-1,3043,3007,3044,-1,3044,3007,3005,-1,3044,3005,3045,-1,3045,3005,3003,-1,3045,3003,3046,-1,3046,3003,3001,-1,3046,3001,3047,-1,3047,3001,2999,-1,3047,2999,3048,-1,3048,2999,2997,-1,2947,2948,3007,-1,3007,2948,2946,-1,3007,2946,3006,-1,3006,2946,2945,-1,3006,2945,2976,-1,2951,2949,3049,-1,3049,2949,3043,-1,3049,3043,3050,-1,3050,3043,3044,-1,3050,3044,3051,-1,3051,3044,3045,-1,3051,3045,3052,-1,3052,3045,3046,-1,3052,3046,3053,-1,3053,3046,3047,-1,3053,3047,3054,-1,3054,3047,3048,-1,3054,3055,3053,-1,3053,3055,3056,-1,3053,3056,3052,-1,3052,3056,3057,-1,3052,3057,3051,-1,3051,3057,3058,-1,3051,3058,3050,-1,3050,3058,3059,-1,3050,3059,3049,-1,3049,3059,3060,-1,3049,3060,2951,-1,2951,3060,2956,-1,3055,3008,3056,-1,3056,3008,3010,-1,3056,3010,3057,-1,3057,3010,3012,-1,3057,3012,3058,-1,3058,3012,3014,-1,3058,3014,3059,-1,3059,3014,3016,-1,3059,3016,3060,-1,3060,3016,3018,-1,3060,3018,2956,-1,2956,3018,2957,-1,2983,2955,3018,-1,3018,2955,2959,-1,3018,2959,2957,-1,2962,2953,2982,-1,2982,2953,2983,-1,2982,2983,3061,-1,3061,2983,3017,-1,3061,3017,3062,-1,3062,3017,3015,-1,3062,3015,3063,-1,3063,3015,3013,-1,3063,3013,3064,-1,3064,3013,3011,-1,3064,3011,3065,-1,3065,3011,3009,-1,2980,2960,3066,-1,3066,2960,2982,-1,3066,2982,3067,-1,3067,2982,3061,-1,3067,3061,3068,-1,3068,3061,3062,-1,3068,3062,3069,-1,3069,3062,3063,-1,3069,3063,3070,-1,3070,3063,3064,-1,3070,3064,3071,-1,3071,3064,3065,-1,3071,3072,3070,-1,3070,3072,3073,-1,3070,3073,3069,-1,3069,3073,3074,-1,3069,3074,3068,-1,3068,3074,3075,-1,3068,3075,3067,-1,3067,3075,3076,-1,3067,3076,3066,-1,3066,3076,3077,-1,3066,3077,2980,-1,2980,3077,2978,-1,3078,3079,3080,-1,3081,3082,3083,-1,3084,3085,3086,-1,3087,3088,3089,-1,3090,3091,3092,-1,3093,3094,3095,-1,3096,3097,3098,-1,3098,3097,3099,-1,3098,3099,3100,-1,3100,3099,3101,-1,3100,3101,3102,-1,3102,3101,3103,-1,3102,3103,3104,-1,3104,3103,3105,-1,3104,3105,3106,-1,3106,3105,3095,-1,3107,3108,3109,-1,3109,3108,3110,-1,3109,3110,3111,-1,3111,3110,3112,-1,3111,3112,3113,-1,3113,3112,3114,-1,3113,3114,3115,-1,3115,3114,3116,-1,3115,3116,3117,-1,3117,3116,3089,-1,3118,3119,3120,-1,3120,3119,3121,-1,3120,3121,3122,-1,3122,3121,3123,-1,3122,3123,3124,-1,3124,3123,3125,-1,3124,3125,3126,-1,3126,3125,3127,-1,3126,3127,3128,-1,3128,3127,3083,-1,3072,3096,3073,-1,3073,3096,3098,-1,3073,3098,3074,-1,3074,3098,3100,-1,3074,3100,3075,-1,3075,3100,3102,-1,3075,3102,3076,-1,3076,3102,3104,-1,3076,3104,3077,-1,3077,3104,3106,-1,3077,3106,2978,-1,2978,3106,3129,-1,3095,3094,3106,-1,3106,3094,3130,-1,3106,3130,3129,-1,3091,3093,3092,-1,3092,3093,3095,-1,3092,3095,3131,-1,3131,3095,3105,-1,3131,3105,3132,-1,3132,3105,3103,-1,3132,3103,3133,-1,3133,3103,3101,-1,3133,3101,3134,-1,3134,3101,3099,-1,3134,3099,3135,-1,3135,3099,3097,-1,3136,3090,3137,-1,3137,3090,3092,-1,3137,3092,3138,-1,3138,3092,3131,-1,3138,3131,3139,-1,3139,3131,3132,-1,3139,3132,3140,-1,3140,3132,3133,-1,3140,3133,3141,-1,3141,3133,3134,-1,3141,3134,3142,-1,3142,3134,3135,-1,3142,3143,3141,-1,3141,3143,3144,-1,3141,3144,3140,-1,3140,3144,3145,-1,3140,3145,3139,-1,3139,3145,3146,-1,3139,3146,3138,-1,3138,3146,3147,-1,3138,3147,3137,-1,3137,3147,3148,-1,3137,3148,3136,-1,3136,3148,3149,-1,3143,3107,3144,-1,3144,3107,3109,-1,3144,3109,3145,-1,3145,3109,3111,-1,3145,3111,3146,-1,3146,3111,3113,-1,3146,3113,3147,-1,3147,3113,3115,-1,3147,3115,3148,-1,3148,3115,3117,-1,3148,3117,3149,-1,3149,3117,3150,-1,3089,3088,3117,-1,3117,3088,3151,-1,3117,3151,3150,-1,3085,3087,3086,-1,3086,3087,3089,-1,3086,3089,3152,-1,3152,3089,3116,-1,3152,3116,3153,-1,3153,3116,3114,-1,3153,3114,3154,-1,3154,3114,3112,-1,3154,3112,3155,-1,3155,3112,3110,-1,3155,3110,3156,-1,3156,3110,3108,-1,3157,3084,3158,-1,3158,3084,3086,-1,3158,3086,3159,-1,3159,3086,3152,-1,3159,3152,3160,-1,3160,3152,3153,-1,3160,3153,3161,-1,3161,3153,3154,-1,3161,3154,3162,-1,3162,3154,3155,-1,3162,3155,3163,-1,3163,3155,3156,-1,3163,3164,3162,-1,3162,3164,3165,-1,3162,3165,3161,-1,3161,3165,3166,-1,3161,3166,3160,-1,3160,3166,3167,-1,3160,3167,3159,-1,3159,3167,3168,-1,3159,3168,3158,-1,3158,3168,3169,-1,3158,3169,3157,-1,3157,3169,3170,-1,3164,3118,3165,-1,3165,3118,3120,-1,3165,3120,3166,-1,3166,3120,3122,-1,3166,3122,3167,-1,3167,3122,3124,-1,3167,3124,3168,-1,3168,3124,3126,-1,3168,3126,3169,-1,3169,3126,3128,-1,3169,3128,3170,-1,3170,3128,3171,-1,3083,3082,3128,-1,3128,3082,3172,-1,3128,3172,3171,-1,3079,3081,3080,-1,3080,3081,3083,-1,3080,3083,3173,-1,3173,3083,3127,-1,3173,3127,3174,-1,3174,3127,3125,-1,3174,3125,3175,-1,3175,3125,3123,-1,3175,3123,3176,-1,3176,3123,3121,-1,3176,3121,3177,-1,3177,3121,3119,-1,3178,3078,3179,-1,3179,3078,3080,-1,3179,3080,3180,-1,3180,3080,3173,-1,3180,3173,3181,-1,3181,3173,3174,-1,3181,3174,3182,-1,3182,3174,3175,-1,3182,3175,3183,-1,3183,3175,3176,-1,3183,3176,3184,-1,3184,3176,3177,-1,3184,3019,3183,-1,3183,3019,3020,-1,3183,3020,3182,-1,3182,3020,3021,-1,3182,3021,3181,-1,3181,3021,3022,-1,3181,3022,3180,-1,3180,3022,3023,-1,3180,3023,3179,-1,3179,3023,3024,-1,3179,3024,3178,-1,3178,3024,2963,-1,2978,3129,2979,-1,2979,3129,3185,-1,3129,3130,3185,-1,3185,3130,3094,-1,3185,3094,3186,-1,3094,3093,3186,-1,3186,3093,3091,-1,3186,3091,3187,-1,3149,3188,3136,-1,3136,3188,3187,-1,3136,3187,3090,-1,3090,3187,3091,-1,3189,3190,3151,-1,3190,3191,3151,-1,3151,3191,3192,-1,3151,3192,3193,-1,3193,3194,3151,-1,3151,3194,3195,-1,3151,3195,3150,-1,3150,3195,3196,-1,3150,3196,3149,-1,3149,3196,3197,-1,3149,3197,3188,-1,3198,3199,3088,-1,3088,3199,3151,-1,3151,3199,3200,-1,3151,3200,3201,-1,3201,3202,3151,-1,3151,3202,3203,-1,3151,3203,3204,-1,3204,3205,3151,-1,3151,3205,3206,-1,3151,3206,3207,-1,3207,3208,3151,-1,3151,3208,3209,-1,3151,3209,3210,-1,3210,3211,3151,-1,3151,3211,3212,-1,3151,3212,3213,-1,3213,3214,3151,-1,3151,3214,3215,-1,3151,3215,3216,-1,3216,3217,3151,-1,3151,3217,3218,-1,3151,3218,3189,-1,3088,3087,3198,-1,3198,3087,3085,-1,3198,3085,3219,-1,3085,3084,3219,-1,3219,3084,3157,-1,3219,3157,3220,-1,3157,3170,3220,-1,3220,3170,3171,-1,3220,3171,3221,-1,3171,3172,3221,-1,3221,3172,3082,-1,3221,3082,3222,-1,3082,3081,3222,-1,3222,3081,3079,-1,3222,3079,3223,-1,2963,2965,3178,-1,3178,2965,3223,-1,3178,3223,3078,-1,3078,3223,3079,-1,3224,3225,3226,-1,3227,3228,3229,-1,3189,3230,3190,-1,3231,3232,3233,-1,3234,3235,3236,-1,3236,3235,3237,-1,3238,3239,3240,-1,3240,3239,3241,-1,3240,3241,3242,-1,3242,3241,3243,-1,3242,3243,3244,-1,3244,3243,3245,-1,3244,3245,3237,-1,3237,3245,3246,-1,3237,3246,3236,-1,3238,3240,3247,-1,3247,3240,3248,-1,3247,3248,3249,-1,3249,3248,3250,-1,3249,3250,3251,-1,3251,3250,3252,-1,3252,3250,3253,-1,3252,3253,3254,-1,3254,3253,3255,-1,3254,3255,3256,-1,3257,3258,3259,-1,3259,3258,3260,-1,3261,3232,3262,-1,3224,3263,3225,-1,3225,3263,3264,-1,3225,3264,3265,-1,3224,3266,3267,-1,3267,3268,3224,-1,3224,3268,3269,-1,3224,3269,3263,-1,3270,3271,3267,-1,3267,3271,3272,-1,3267,3272,3268,-1,3273,3205,3274,-1,3274,3205,3204,-1,3274,3204,3275,-1,3208,3276,3273,-1,3273,3276,3206,-1,3273,3206,3205,-1,3218,3217,3277,-1,3277,3217,3216,-1,3277,3216,3278,-1,3278,3216,3215,-1,3278,3215,3279,-1,3280,3281,3282,-1,3282,3281,3283,-1,3282,3283,3191,-1,3284,3285,3227,-1,3286,3287,3288,-1,3288,3287,3289,-1,3290,3291,3292,-1,3292,3291,3286,-1,3292,3286,3293,-1,3294,3295,3296,-1,3296,3295,3297,-1,3296,3297,3290,-1,3234,3298,3235,-1,3235,3298,3299,-1,3235,3299,3294,-1,3232,3261,3233,-1,3233,3261,3300,-1,3233,3300,3301,-1,3301,3300,3302,-1,3301,3302,3303,-1,3303,3302,3304,-1,3303,3304,3305,-1,3305,3304,3306,-1,3305,3306,3307,-1,3307,3306,3308,-1,3307,3308,3309,-1,3309,3308,3288,-1,3309,3288,3284,-1,3284,3288,3289,-1,3284,3289,3285,-1,3310,3311,3312,-1,3312,3311,3313,-1,3312,3313,3314,-1,3313,3315,3314,-1,3314,3315,3316,-1,3314,3316,3317,-1,3316,3318,3317,-1,3317,3318,3319,-1,3317,3319,3320,-1,3265,3321,3225,-1,3225,3321,3320,-1,3225,3320,3226,-1,3226,3320,3319,-1,3215,3214,3279,-1,3279,3214,3213,-1,3279,3213,3322,-1,3322,3213,3323,-1,3322,3323,3324,-1,3324,3323,3325,-1,3324,3325,3326,-1,3326,3325,3327,-1,3326,3327,3328,-1,3328,3327,3329,-1,3328,3329,3330,-1,3294,3296,3235,-1,3235,3296,3331,-1,3235,3331,3237,-1,3237,3331,3332,-1,3237,3332,3244,-1,3244,3332,3333,-1,3244,3333,3242,-1,3242,3333,3334,-1,3242,3334,3240,-1,3240,3334,3335,-1,3240,3335,3248,-1,3248,3335,3336,-1,3248,3336,3250,-1,3250,3336,3259,-1,3250,3259,3253,-1,3253,3259,3260,-1,3253,3260,3255,-1,3290,3292,3296,-1,3296,3292,3293,-1,3296,3293,3331,-1,3331,3293,3337,-1,3331,3337,3332,-1,3332,3337,3338,-1,3332,3338,3333,-1,3333,3338,3339,-1,3333,3339,3334,-1,3334,3339,3340,-1,3334,3340,3335,-1,3335,3340,3341,-1,3335,3341,3336,-1,3336,3341,3342,-1,3336,3342,3259,-1,3259,3342,3343,-1,3259,3343,3257,-1,3286,3288,3293,-1,3293,3288,3308,-1,3293,3308,3337,-1,3337,3308,3306,-1,3337,3306,3338,-1,3338,3306,3304,-1,3338,3304,3339,-1,3339,3304,3302,-1,3339,3302,3340,-1,3340,3302,3300,-1,3340,3300,3341,-1,3341,3300,3261,-1,3341,3261,3342,-1,3342,3261,3262,-1,3342,3262,3343,-1,3227,3229,3284,-1,3284,3229,3310,-1,3284,3310,3309,-1,3309,3310,3312,-1,3309,3312,3307,-1,3307,3312,3314,-1,3307,3314,3305,-1,3305,3314,3317,-1,3305,3317,3303,-1,3303,3317,3320,-1,3303,3320,3301,-1,3301,3320,3321,-1,3301,3321,3233,-1,3233,3321,3265,-1,3233,3265,3231,-1,3191,3190,3282,-1,3282,3190,3230,-1,3282,3230,3277,-1,3277,3230,3189,-1,3277,3189,3218,-1,3228,3344,3229,-1,3229,3344,3280,-1,3229,3280,3310,-1,3310,3280,3282,-1,3310,3282,3311,-1,3311,3282,3277,-1,3311,3277,3313,-1,3313,3277,3278,-1,3313,3278,3315,-1,3315,3278,3279,-1,3315,3279,3316,-1,3316,3279,3322,-1,3316,3322,3318,-1,3318,3322,3324,-1,3318,3324,3319,-1,3319,3324,3326,-1,3319,3326,3226,-1,3226,3326,3328,-1,3226,3328,3224,-1,3224,3328,3330,-1,3224,3330,3266,-1,3213,3212,3323,-1,3323,3212,3211,-1,3323,3211,3325,-1,3325,3211,3210,-1,3325,3210,3327,-1,3327,3210,3209,-1,3327,3209,3329,-1,3329,3209,3208,-1,3329,3208,3330,-1,3330,3208,3273,-1,3330,3273,3266,-1,3266,3273,3274,-1,3266,3274,3267,-1,3267,3274,3275,-1,3267,3275,3270,-1,3270,3275,3204,-1,3270,3204,3203,-1,3192,3191,3283,-1,3345,3294,3346,-1,3346,3294,3299,-1,3346,3299,3347,-1,3347,3299,3298,-1,3285,3289,3348,-1,3348,3289,3287,-1,3348,3287,3286,-1,3286,3291,3348,-1,3348,3291,3290,-1,3348,3290,3349,-1,3349,3290,3297,-1,3349,3297,3345,-1,3345,3297,3295,-1,3345,3295,3294,-1,3281,3280,3350,-1,3350,3280,3344,-1,3350,3344,3351,-1,3351,3344,3228,-1,3351,3228,3348,-1,3348,3228,3227,-1,3348,3227,3285,-1,3352,3193,3353,-1,3353,3193,3192,-1,3353,3192,3350,-1,3350,3192,3283,-1,3350,3283,3281,-1,3352,3354,3193,-1,3193,3354,3355,-1,3193,3355,3194,-1,3355,3356,3194,-1,3194,3356,3357,-1,3194,3357,3195,-1,3195,3357,3196,-1,3358,3188,3359,-1,3359,3188,3197,-1,3359,3197,3360,-1,3360,3197,3196,-1,3360,3196,3361,-1,3361,3196,3357,-1,3350,3351,3362,-1,3348,3349,3363,-1,3364,3365,3366,-1,3366,3365,3367,-1,3366,3367,3368,-1,3369,3370,3371,-1,3371,3370,3372,-1,3371,3372,3373,-1,3374,3375,3376,-1,3376,3375,3377,-1,3377,3375,3378,-1,3378,3375,3379,-1,3378,3379,3380,-1,3381,3382,3383,-1,3380,3379,3384,-1,3384,3379,3381,-1,3384,3381,3385,-1,3385,3381,3383,-1,3385,3383,3386,-1,3345,3346,3387,-1,3387,3346,3347,-1,3350,3362,3353,-1,3353,3362,3388,-1,3353,3388,3352,-1,3355,3354,3389,-1,3356,3390,3357,-1,3357,3390,3391,-1,3357,3391,3361,-1,3368,3358,3366,-1,3366,3358,3359,-1,3366,3359,3392,-1,3392,3359,3360,-1,3347,3393,3387,-1,3387,3393,3394,-1,3387,3394,3395,-1,3394,3396,3395,-1,3395,3396,3397,-1,3395,3397,3398,-1,3360,3361,3392,-1,3392,3361,3391,-1,3392,3391,3366,-1,3366,3391,3373,-1,3366,3373,3364,-1,3364,3373,3372,-1,3397,3399,3398,-1,3398,3399,3400,-1,3398,3400,3401,-1,3356,3355,3390,-1,3390,3355,3389,-1,3390,3389,3391,-1,3391,3389,3402,-1,3391,3402,3373,-1,3373,3402,3403,-1,3373,3403,3371,-1,3371,3403,3404,-1,3371,3404,3369,-1,3369,3404,3405,-1,3354,3352,3389,-1,3389,3352,3388,-1,3389,3388,3402,-1,3402,3388,3406,-1,3402,3406,3403,-1,3403,3406,3407,-1,3403,3407,3404,-1,3404,3407,3408,-1,3351,3348,3362,-1,3362,3348,3363,-1,3362,3363,3388,-1,3388,3363,3409,-1,3388,3409,3406,-1,3406,3409,3410,-1,3406,3410,3407,-1,3407,3410,3411,-1,3407,3411,3408,-1,3408,3411,3412,-1,3349,3345,3363,-1,3363,3345,3387,-1,3363,3387,3409,-1,3409,3387,3395,-1,3409,3395,3410,-1,3410,3395,3398,-1,3410,3398,3411,-1,3411,3398,3401,-1,3411,3401,3412,-1,3412,3401,3413,-1,3400,3414,3401,-1,3401,3414,3415,-1,3401,3415,3413,-1,3413,3415,3416,-1,3413,3416,3417,-1,3405,3404,3374,-1,3374,3404,3408,-1,3374,3408,3375,-1,3375,3408,3412,-1,3375,3412,3379,-1,3379,3412,3413,-1,3379,3413,3381,-1,3381,3413,3417,-1,3381,3417,3382,-1,3386,3418,3385,-1,3385,3418,3419,-1,3385,3419,3384,-1,3384,3419,3380,-1,3380,3419,3420,-1,3380,3420,3378,-1,3378,3420,3421,-1,3378,3421,3377,-1,3377,3421,3422,-1,3377,3422,3376,-1,3376,3422,3423,-1,3376,3423,3374,-1,3374,3423,3424,-1,3374,3424,3405,-1,3405,3424,3369,-1,3369,3424,3425,-1,3369,3425,3370,-1,3370,3425,3426,-1,3370,3426,3372,-1,3372,3426,3364,-1,3364,3426,3427,-1,3364,3427,3365,-1,3365,3427,3428,-1,3365,3428,3367,-1,3367,3428,3429,-1,3367,3429,3368,-1,3368,3429,298,-1,3368,298,3358,-1,3430,315,317,-1,3431,3430,3432,-1,3433,3431,3434,-1,3435,3433,3436,-1,3437,3435,3438,-1,3437,3439,3440,-1,3440,3439,3441,-1,3441,3439,3442,-1,3442,3439,3443,-1,3442,3443,3444,-1,3430,317,3432,-1,3432,317,308,-1,3432,308,3445,-1,3444,3443,3446,-1,3446,3443,3447,-1,3446,3447,3448,-1,308,310,3445,-1,3445,310,312,-1,3445,312,3449,-1,3448,3447,3450,-1,3450,3447,3451,-1,3450,3451,3452,-1,312,301,3449,-1,3449,301,303,-1,3449,303,3453,-1,3452,3451,3454,-1,3454,3451,3455,-1,3454,3455,3456,-1,303,305,3453,-1,3453,305,288,-1,3453,288,3457,-1,3458,3420,3419,-1,3456,3455,3459,-1,3459,3455,3458,-1,3459,3458,3460,-1,3460,3458,3419,-1,3460,3419,3418,-1,3461,3422,3421,-1,3437,3438,3439,-1,3439,3438,3462,-1,3439,3462,3443,-1,3443,3462,3463,-1,3443,3463,3447,-1,3447,3463,3464,-1,3447,3464,3451,-1,3451,3464,3465,-1,3451,3465,3455,-1,3455,3465,3461,-1,3455,3461,3458,-1,3458,3461,3421,-1,3458,3421,3420,-1,3466,3424,3423,-1,3435,3436,3438,-1,3438,3436,3467,-1,3438,3467,3462,-1,3462,3467,3468,-1,3462,3468,3463,-1,3463,3468,3469,-1,3463,3469,3464,-1,3464,3469,3470,-1,3464,3470,3465,-1,3465,3470,3466,-1,3465,3466,3461,-1,3461,3466,3423,-1,3461,3423,3422,-1,3471,3426,3425,-1,3433,3434,3436,-1,3436,3434,3472,-1,3436,3472,3467,-1,3467,3472,3473,-1,3467,3473,3468,-1,3468,3473,3474,-1,3468,3474,3469,-1,3469,3474,3475,-1,3469,3475,3470,-1,3470,3475,3471,-1,3470,3471,3466,-1,3466,3471,3425,-1,3466,3425,3424,-1,3429,3428,3476,-1,3476,3428,3427,-1,3431,3432,3434,-1,3434,3432,3445,-1,3434,3445,3472,-1,3472,3445,3449,-1,3472,3449,3473,-1,3473,3449,3453,-1,3473,3453,3474,-1,3474,3453,3457,-1,3474,3457,3475,-1,3475,3457,3476,-1,3475,3476,3471,-1,3471,3476,3427,-1,3471,3427,3426,-1,298,3429,296,-1,296,3429,3476,-1,296,3476,292,-1,292,3476,3457,-1,292,3457,290,-1,290,3457,288,-1,3418,3477,3478,-1,3418,3478,3460,-1,3460,3478,3479,-1,3460,3479,3459,-1,3459,3479,3480,-1,3459,3480,3456,-1,3456,3480,3481,-1,3456,3481,3454,-1,3454,3481,3482,-1,3454,3482,3452,-1,3452,3482,3483,-1,3452,3483,3450,-1,3483,3484,3450,-1,3450,3484,3485,-1,3450,3485,3448,-1,3448,3485,3486,-1,3448,3486,3446,-1,3446,3486,3487,-1,3446,3487,3444,-1,3488,3440,3489,-1,3489,3440,3441,-1,3489,3441,3490,-1,3490,3441,3442,-1,3490,3442,3491,-1,3491,3442,3444,-1,3491,3444,3492,-1,3492,3444,3487,-1,320,316,315,-1,1494,1493,1529,-1,1529,1493,1492,-1,1529,1492,1500,-1,320,315,1529,-1,1529,315,3430,-1,1529,3430,1494,-1,1494,3430,3431,-1,1494,3431,3433,-1,3433,3435,1494,-1,1494,3435,3437,-1,1494,3437,1495,-1,1495,3437,1496,-1,3488,3493,3440,-1,3440,3493,1498,-1,3440,1498,3437,-1,3437,1498,1497,-1,3437,1497,1496,-1,3494,1491,3495,-1,3495,1491,1498,-1,3495,1498,3493,-1,3494,3496,1491,-1,1491,3496,3497,-1,1491,3497,1484,-1,3498,1477,3499,-1,3499,1477,1484,-1,3499,1484,3500,-1,3500,1484,3497,-1,3498,3501,1477,-1,1477,3501,3502,-1,1477,3502,1470,-1,1470,3502,3503,-1,1470,3503,1457,-1,1457,3503,3504,-1,1457,3504,3505,-1,3506,1444,3507,-1,3507,1444,1457,-1,3507,1457,3508,-1,3508,1457,3505,-1,1444,3506,3509,-1,1444,3509,514,-1,3509,3510,514,-1,514,3510,3511,-1,514,3511,3512,-1,3512,3513,514,-1,514,3513,3514,-1,514,3514,512,-1,512,3514,525,-1,512,525,526,-1,3515,3516,3517,-1,534,536,3518,-1,3519,3520,3521,-1,538,527,3522,-1,3523,3524,3525,-1,529,531,3526,-1,3527,3528,3529,-1,517,519,3530,-1,3531,3532,3533,-1,521,523,3534,-1,3509,3535,3510,-1,3510,3535,3536,-1,3510,3536,3511,-1,3511,3536,3537,-1,3511,3537,3512,-1,3512,3537,3538,-1,3512,3538,3513,-1,3513,3538,3539,-1,3513,3539,3514,-1,3514,3539,3534,-1,3514,3534,525,-1,525,3534,523,-1,3535,3531,3536,-1,3536,3531,3533,-1,3536,3533,3537,-1,3537,3533,3540,-1,3537,3540,3538,-1,3538,3540,3541,-1,3538,3541,3539,-1,3539,3541,3542,-1,3539,3542,3534,-1,3534,3542,3530,-1,3534,3530,521,-1,521,3530,519,-1,3532,3527,3533,-1,3533,3527,3529,-1,3533,3529,3540,-1,3540,3529,3543,-1,3540,3543,3541,-1,3541,3543,3544,-1,3541,3544,3542,-1,3542,3544,3545,-1,3542,3545,3530,-1,3530,3545,3526,-1,3530,3526,517,-1,517,3526,531,-1,3528,3523,3529,-1,3529,3523,3525,-1,3529,3525,3543,-1,3543,3525,3546,-1,3543,3546,3544,-1,3544,3546,3547,-1,3544,3547,3545,-1,3545,3547,3548,-1,3545,3548,3526,-1,3526,3548,3522,-1,3526,3522,529,-1,529,3522,527,-1,3524,3519,3525,-1,3525,3519,3521,-1,3525,3521,3546,-1,3546,3521,3549,-1,3546,3549,3547,-1,3547,3549,3550,-1,3547,3550,3548,-1,3548,3550,3551,-1,3548,3551,3522,-1,3522,3551,3518,-1,3522,3518,538,-1,538,3518,536,-1,3520,3515,3521,-1,3521,3515,3517,-1,3521,3517,3549,-1,3549,3517,3552,-1,3549,3552,3550,-1,3550,3552,3553,-1,3550,3553,3551,-1,3551,3553,3554,-1,3551,3554,3518,-1,3518,3554,3555,-1,3518,3555,534,-1,534,3555,543,-1,3516,286,3517,-1,3517,286,3556,-1,3517,3556,3552,-1,3552,3556,3557,-1,3552,3557,3553,-1,3553,3557,3558,-1,3553,3558,3554,-1,3554,3558,3559,-1,3554,3559,3555,-1,3555,3559,3560,-1,3555,3560,543,-1,543,3560,541,-1,284,286,3561,-1,3561,286,3516,-1,3561,3516,3562,-1,3562,3516,3515,-1,3562,3515,3563,-1,3563,3515,3520,-1,3563,3520,3564,-1,3564,3520,3519,-1,3564,3519,3565,-1,3565,3519,3524,-1,3565,3524,3566,-1,3566,3524,3523,-1,3566,3523,3567,-1,3567,3523,3528,-1,3567,3528,3568,-1,3568,3528,3527,-1,3568,3527,3569,-1,3569,3527,3532,-1,3569,3532,3570,-1,3570,3532,3531,-1,3570,3531,3571,-1,3571,3531,3535,-1,3571,3535,3506,-1,3506,3535,3509,-1,3503,3502,3572,-1,3573,3574,3575,-1,3576,3577,3578,-1,3579,3580,3581,-1,3582,3583,3584,-1,3584,3583,284,-1,3585,3586,3582,-1,3587,3588,3589,-1,3589,3588,3586,-1,3587,3589,3590,-1,3590,3589,3591,-1,3590,3591,3580,-1,3579,3581,3577,-1,3576,3578,3592,-1,3592,3578,3593,-1,3592,3593,3574,-1,3573,3575,3594,-1,3594,3575,3595,-1,3594,3595,3493,-1,3496,3494,3595,-1,3595,3494,3495,-1,3595,3495,3493,-1,3499,3500,3596,-1,3596,3500,3497,-1,3596,3497,3597,-1,3598,3501,3498,-1,3572,3502,3599,-1,3600,3505,3504,-1,3601,3507,3508,-1,3506,3507,3571,-1,3571,3507,3601,-1,3571,3601,3570,-1,3570,3601,3602,-1,3603,3568,3602,-1,3602,3568,3569,-1,3602,3569,3570,-1,3604,3566,3603,-1,3603,3566,3567,-1,3603,3567,3568,-1,3574,3593,3575,-1,3575,3593,3597,-1,3575,3597,3595,-1,3595,3597,3497,-1,3595,3497,3496,-1,3605,3564,3604,-1,3604,3564,3565,-1,3604,3565,3566,-1,3580,3591,3581,-1,3581,3591,3606,-1,3581,3606,3607,-1,3607,3606,3608,-1,3607,3608,3609,-1,3609,3608,3599,-1,3609,3599,3598,-1,3598,3599,3502,-1,3598,3502,3501,-1,3577,3581,3578,-1,3578,3581,3607,-1,3578,3607,3593,-1,3593,3607,3609,-1,3593,3609,3597,-1,3597,3609,3598,-1,3597,3598,3596,-1,3596,3598,3498,-1,3596,3498,3499,-1,284,3561,3584,-1,3584,3561,3562,-1,3584,3562,3605,-1,3605,3562,3563,-1,3605,3563,3564,-1,3582,3584,3585,-1,3585,3584,3605,-1,3585,3605,3610,-1,3610,3605,3604,-1,3610,3604,3611,-1,3611,3604,3603,-1,3611,3603,3612,-1,3612,3603,3602,-1,3612,3602,3613,-1,3613,3602,3601,-1,3613,3601,3600,-1,3600,3601,3508,-1,3600,3508,3505,-1,3586,3585,3589,-1,3589,3585,3610,-1,3589,3610,3591,-1,3591,3610,3611,-1,3591,3611,3606,-1,3606,3611,3612,-1,3606,3612,3608,-1,3608,3612,3613,-1,3608,3613,3599,-1,3599,3613,3600,-1,3599,3600,3572,-1,3572,3600,3504,-1,3572,3504,3503,-1,3580,3579,3614,-1,3493,3488,3594,-1,3594,3488,3615,-1,3594,3615,3573,-1,3573,3615,3616,-1,3614,3579,3617,-1,3617,3579,3577,-1,3617,3577,3618,-1,3618,3577,3576,-1,3618,3576,3619,-1,3619,3576,3592,-1,3619,3592,3616,-1,3616,3592,3574,-1,3616,3574,3573,-1,3580,3614,3590,-1,3590,3614,3620,-1,3590,3620,3587,-1,3587,3620,3621,-1,3587,3621,3588,-1,3588,3621,3622,-1,3588,3622,3586,-1,3586,3622,3623,-1,3586,3623,3582,-1,3582,3623,3624,-1,3582,3624,3583,-1,3583,3624,285,-1,3583,285,284,-1,3487,3486,3625,-1,3626,3627,3628,-1,3629,3630,3631,-1,3632,3633,3634,-1,3635,3636,3637,-1,3637,3636,285,-1,3638,3639,3635,-1,3640,3641,3642,-1,3642,3641,3639,-1,3640,3642,3643,-1,3643,3642,3644,-1,3643,3644,3633,-1,3632,3634,3630,-1,3629,3631,3645,-1,3645,3631,3646,-1,3645,3646,3627,-1,3626,3628,3647,-1,3647,3628,3648,-1,3647,3648,3477,-1,3480,3479,3648,-1,3648,3479,3478,-1,3648,3478,3477,-1,3483,3482,3649,-1,3649,3482,3481,-1,3649,3481,3650,-1,3651,3485,3484,-1,3625,3486,3652,-1,3653,3491,3492,-1,3654,3489,3490,-1,3488,3489,3615,-1,3615,3489,3654,-1,3615,3654,3616,-1,3616,3654,3655,-1,3656,3618,3655,-1,3655,3618,3619,-1,3655,3619,3616,-1,3657,3614,3656,-1,3656,3614,3617,-1,3656,3617,3618,-1,3627,3646,3628,-1,3628,3646,3650,-1,3628,3650,3648,-1,3648,3650,3481,-1,3648,3481,3480,-1,3658,3621,3657,-1,3657,3621,3620,-1,3657,3620,3614,-1,3633,3644,3634,-1,3634,3644,3659,-1,3634,3659,3660,-1,3660,3659,3661,-1,3660,3661,3662,-1,3662,3661,3652,-1,3662,3652,3651,-1,3651,3652,3486,-1,3651,3486,3485,-1,3630,3634,3631,-1,3631,3634,3660,-1,3631,3660,3646,-1,3646,3660,3662,-1,3646,3662,3650,-1,3650,3662,3651,-1,3650,3651,3649,-1,3649,3651,3484,-1,3649,3484,3483,-1,285,3624,3637,-1,3637,3624,3623,-1,3637,3623,3658,-1,3658,3623,3622,-1,3658,3622,3621,-1,3635,3637,3638,-1,3638,3637,3658,-1,3638,3658,3663,-1,3663,3658,3657,-1,3663,3657,3664,-1,3664,3657,3656,-1,3664,3656,3665,-1,3665,3656,3655,-1,3665,3655,3666,-1,3666,3655,3654,-1,3666,3654,3653,-1,3653,3654,3490,-1,3653,3490,3491,-1,3639,3638,3642,-1,3642,3638,3663,-1,3642,3663,3644,-1,3644,3663,3664,-1,3644,3664,3659,-1,3659,3664,3665,-1,3659,3665,3661,-1,3661,3665,3666,-1,3661,3666,3652,-1,3652,3666,3653,-1,3652,3653,3625,-1,3625,3653,3492,-1,3625,3492,3487,-1,3477,3667,3647,-1,3647,3667,3668,-1,3647,3668,3626,-1,3626,3668,3627,-1,3627,3668,3669,-1,3627,3669,3645,-1,3633,3632,3670,-1,3670,3632,3630,-1,3670,3630,3669,-1,3669,3630,3629,-1,3669,3629,3645,-1,3635,3639,3671,-1,3671,3639,3641,-1,3671,3641,3672,-1,3672,3641,3640,-1,3672,3640,3670,-1,3670,3640,3643,-1,3670,3643,3633,-1,3635,3671,3636,-1,3636,3671,287,-1,3636,287,285,-1,287,3671,3673,-1,3673,3671,3674,-1,3673,3674,3675,-1,3675,3674,3676,-1,3675,3676,3677,-1,3677,3676,3678,-1,3677,3678,3679,-1,3679,3678,3680,-1,3679,3680,3681,-1,3681,3680,3682,-1,3681,3682,3683,-1,3683,3682,3684,-1,3671,3672,3674,-1,3674,3672,3685,-1,3674,3685,3676,-1,3676,3685,3686,-1,3676,3686,3678,-1,3678,3686,3687,-1,3678,3687,3680,-1,3680,3687,3688,-1,3680,3688,3682,-1,3682,3688,3689,-1,3682,3689,3684,-1,3684,3689,3690,-1,3672,3670,3685,-1,3685,3670,3691,-1,3685,3691,3686,-1,3686,3691,3692,-1,3686,3692,3687,-1,3687,3692,3693,-1,3687,3693,3688,-1,3688,3693,3694,-1,3688,3694,3689,-1,3689,3694,3695,-1,3689,3695,3690,-1,3690,3695,3696,-1,3670,3669,3691,-1,3691,3669,3697,-1,3691,3697,3692,-1,3692,3697,3698,-1,3692,3698,3693,-1,3693,3698,3699,-1,3693,3699,3694,-1,3694,3699,3700,-1,3694,3700,3695,-1,3695,3700,3701,-1,3695,3701,3696,-1,3696,3701,3702,-1,3669,3668,3697,-1,3697,3668,3703,-1,3697,3703,3698,-1,3698,3703,3704,-1,3698,3704,3699,-1,3699,3704,3705,-1,3699,3705,3700,-1,3700,3705,3706,-1,3700,3706,3701,-1,3701,3706,3707,-1,3701,3707,3702,-1,3702,3707,3708,-1,3668,3667,3703,-1,3703,3667,3709,-1,3703,3709,3704,-1,3704,3709,3710,-1,3704,3710,3705,-1,3705,3710,3711,-1,3705,3711,3706,-1,3706,3711,3712,-1,3706,3712,3707,-1,3707,3712,3713,-1,3707,3713,3708,-1,3708,3713,3714,-1,3683,541,3560,-1,3683,3560,3681,-1,3681,3560,3559,-1,3681,3559,3679,-1,3679,3559,3558,-1,3679,3558,3677,-1,3677,3558,3557,-1,3677,3557,3675,-1,3675,3557,3556,-1,3675,3556,3673,-1,3673,3556,286,-1,3673,286,287,-1,542,541,3715,-1,3715,541,3683,-1,3716,3717,3714,-1,3714,3717,3708,-1,3717,3718,3708,-1,3708,3718,3719,-1,3708,3719,3702,-1,3719,3720,3702,-1,3702,3720,3721,-1,3702,3721,3696,-1,3721,3722,3696,-1,3696,3722,3723,-1,3696,3723,3690,-1,3723,3724,3690,-1,3690,3724,3725,-1,3690,3725,3684,-1,3715,3683,3726,-1,3726,3683,3684,-1,3726,3684,3727,-1,3727,3684,3725,-1,3728,3729,3730,-1,3731,3732,3733,-1,3734,3735,3736,-1,3737,3738,3739,-1,3740,3741,3742,-1,3742,3741,3715,-1,3743,3744,3740,-1,3745,3746,3747,-1,3747,3746,3744,-1,3745,3747,3748,-1,3748,3747,3749,-1,3748,3749,3738,-1,3737,3739,3735,-1,3734,3736,3750,-1,3750,3736,3751,-1,3750,3751,3732,-1,3731,3733,3752,-1,3752,3733,3753,-1,3752,3753,3754,-1,3755,3756,3753,-1,3753,3756,3757,-1,3753,3757,3754,-1,3758,3759,3760,-1,3760,3759,3761,-1,3760,3761,3762,-1,3763,3764,3765,-1,3730,3729,3766,-1,3767,3768,3769,-1,3770,3771,3772,-1,3716,3771,3717,-1,3717,3771,3770,-1,3717,3770,3718,-1,3718,3770,3773,-1,3774,3720,3773,-1,3773,3720,3719,-1,3773,3719,3718,-1,3775,3722,3774,-1,3774,3722,3721,-1,3774,3721,3720,-1,3732,3751,3733,-1,3733,3751,3762,-1,3733,3762,3753,-1,3753,3762,3761,-1,3753,3761,3755,-1,3776,3724,3775,-1,3775,3724,3723,-1,3775,3723,3722,-1,3738,3749,3739,-1,3739,3749,3777,-1,3739,3777,3778,-1,3778,3777,3779,-1,3778,3779,3780,-1,3780,3779,3766,-1,3780,3766,3763,-1,3763,3766,3729,-1,3763,3729,3764,-1,3735,3739,3736,-1,3736,3739,3778,-1,3736,3778,3751,-1,3751,3778,3780,-1,3751,3780,3762,-1,3762,3780,3763,-1,3762,3763,3760,-1,3760,3763,3765,-1,3760,3765,3758,-1,3715,3726,3742,-1,3742,3726,3727,-1,3742,3727,3776,-1,3776,3727,3725,-1,3776,3725,3724,-1,3740,3742,3743,-1,3743,3742,3776,-1,3743,3776,3781,-1,3781,3776,3775,-1,3781,3775,3782,-1,3782,3775,3774,-1,3782,3774,3783,-1,3783,3774,3773,-1,3783,3773,3784,-1,3784,3773,3770,-1,3784,3770,3767,-1,3767,3770,3772,-1,3767,3772,3768,-1,3744,3743,3747,-1,3747,3743,3781,-1,3747,3781,3749,-1,3749,3781,3782,-1,3749,3782,3777,-1,3777,3782,3783,-1,3777,3783,3779,-1,3779,3783,3784,-1,3779,3784,3766,-1,3766,3784,3767,-1,3766,3767,3730,-1,3730,3767,3769,-1,3730,3769,3728,-1,3754,576,3752,-1,3752,576,577,-1,3752,577,3731,-1,3731,577,578,-1,588,3738,584,-1,584,3738,3737,-1,584,3737,585,-1,585,3737,3735,-1,585,3735,581,-1,581,3735,3734,-1,581,3734,582,-1,582,3734,3750,-1,582,3750,578,-1,578,3750,3732,-1,578,3732,3731,-1,594,3744,595,-1,595,3744,3746,-1,595,3746,587,-1,587,3746,3745,-1,587,3745,588,-1,588,3745,3748,-1,588,3748,3738,-1,542,3715,593,-1,593,3715,3741,-1,593,3741,594,-1,594,3741,3740,-1,594,3740,3744,-1,631,633,1095,-1,719,620,800,-1,1095,622,626,-1,626,625,1095,-1,1095,625,624,-1,1095,624,630,-1,630,628,1095,-1,1095,628,627,-1,1095,627,631,-1,845,849,633,-1,633,849,851,-1,633,851,857,-1,622,1095,620,-1,620,1095,1247,-1,620,1247,800,-1,854,1095,855,-1,855,1095,633,-1,855,633,856,-1,856,633,857,-1,576,3754,602,-1,602,3754,848,-1,633,634,845,-1,845,634,602,-1,845,602,846,-1,846,602,848,-1,854,858,1095,-1,1095,858,860,-1,1095,860,1007,-1,1007,860,1009,-1,1009,860,1010,-1,1010,860,972,-1,1010,972,1081,-1,1081,1080,1010,-1,1010,1080,1079,-1,1010,1079,987,-1,987,1079,988,-1,800,799,719,-1,719,799,798,-1,719,798,797,-1,797,796,719,-1,719,796,795,-1,719,795,794,-1,848,3754,911,-1,911,3754,3757,-1,911,3757,912,-1,912,3757,3756,-1,912,3756,913,-1,913,3756,3755,-1,913,3755,909,-1,909,3755,3761,-1,903,907,3758,-1,907,906,3758,-1,3758,906,905,-1,3758,905,3759,-1,3759,905,951,-1,3759,951,3761,-1,3761,951,910,-1,3761,910,909,-1,3728,901,3729,-1,3729,901,904,-1,3729,904,3764,-1,3764,904,903,-1,3764,903,3765,-1,3765,903,3758,-1,3772,897,3768,-1,3768,897,834,-1,3768,834,3769,-1,3769,834,833,-1,3769,833,3728,-1,3728,833,899,-1,3728,899,901,-1,3716,896,3771,-1,3771,896,894,-1,3771,894,3772,-1,3772,894,898,-1,3772,898,897,-1,3713,3712,3386,-1,3386,3712,3711,-1,3711,3710,3386,-1,3386,3710,3709,-1,3386,3709,3418,-1,3418,3709,3667,-1,3418,3667,3477,-1,3713,3386,3714,-1,3714,3386,896,-1,3714,896,3716,-1,895,896,3386,-1,962,3383,889,-1,889,3383,3382,-1,889,3382,3417,-1,962,837,3383,-1,3383,837,836,-1,3383,836,3386,-1,3386,836,952,-1,3386,952,895,-1,888,892,3417,-1,3417,892,890,-1,3417,890,889,-1,888,3417,887,-1,887,3417,3416,-1,887,3416,885,-1,885,3416,3415,-1,885,3415,883,-1,883,3415,3414,-1,883,3414,882,-1,879,3397,878,-1,878,3397,877,-1,882,3414,881,-1,881,3414,3400,-1,881,3400,879,-1,879,3400,3399,-1,879,3399,3397,-1,875,3394,874,-1,874,3394,873,-1,877,3397,875,-1,875,3397,3396,-1,875,3396,3394,-1,3347,869,871,-1,873,3394,871,-1,871,3394,3393,-1,871,3393,3347,-1,986,869,3298,-1,3298,869,3347,-1,3254,3256,995,-1,3254,995,3785,-1,3785,995,994,-1,3785,994,3251,-1,3251,994,991,-1,3251,991,3786,-1,3786,991,990,-1,3786,990,3247,-1,3247,990,1050,-1,3247,1050,3787,-1,3787,1050,1052,-1,3787,1052,3239,-1,1052,1051,3239,-1,3239,1051,1016,-1,3239,1016,3788,-1,3788,1016,1023,-1,3788,1023,3243,-1,3243,1023,1022,-1,3243,1022,3789,-1,986,3298,1041,-1,1041,3298,3234,-1,1041,3234,1040,-1,1040,3234,3790,-1,1040,3790,1038,-1,1038,3790,3246,-1,1038,3246,1024,-1,1024,3246,3789,-1,1024,3789,1025,-1,1025,3789,1022,-1,1104,995,1111,-1,1111,995,3256,-1,3232,3231,3791,-1,1111,3256,3792,-1,3792,3256,3255,-1,3792,3255,3260,-1,3793,3794,3199,-1,3199,3794,3200,-1,3271,3270,3795,-1,3794,3796,3200,-1,3200,3796,3797,-1,3200,3797,3798,-1,3798,3797,3795,-1,3798,3795,3202,-1,3202,3795,3270,-1,3202,3270,3203,-1,3269,3799,3800,-1,3269,3800,3263,-1,3795,3801,3271,-1,3271,3801,3800,-1,3271,3800,3272,-1,3272,3800,3799,-1,3265,3802,3231,-1,3231,3802,3803,-1,3231,3803,3791,-1,3800,3804,3263,-1,3263,3804,3802,-1,3263,3802,3264,-1,3264,3802,3265,-1,3260,3258,3792,-1,3792,3258,3257,-1,3792,3257,3805,-1,3805,3257,3343,-1,3805,3343,3791,-1,3791,3343,3262,-1,3791,3262,3232,-1,3806,3807,3808,-1,1113,1111,3792,-1,1122,1124,3809,-1,3809,1124,1126,-1,3809,1126,3810,-1,3810,1126,1115,-1,3810,1115,3811,-1,3811,1115,1113,-1,3812,1118,3813,-1,3813,1118,1120,-1,1141,1143,3814,-1,3814,1143,1129,-1,3814,1129,3812,-1,3812,1129,1116,-1,3812,1116,1118,-1,1141,3815,1139,-1,1139,3815,3816,-1,1139,3816,1137,-1,1137,3816,1132,-1,3817,3818,3819,-1,3819,3818,3820,-1,3821,3822,3823,-1,3823,3822,3824,-1,3824,3822,3825,-1,3825,3822,3826,-1,3825,3826,3827,-1,3806,3808,3828,-1,3828,3808,3829,-1,3828,3829,3830,-1,3830,3829,3831,-1,3831,3829,3832,-1,3831,3832,3833,-1,3833,3832,3794,-1,3833,3794,3793,-1,1113,3792,3811,-1,3811,3792,3805,-1,3811,3805,3791,-1,3791,3834,3811,-1,3811,3834,3835,-1,3811,3835,3810,-1,3810,3835,3813,-1,3810,3813,3809,-1,3809,3813,1120,-1,3809,1120,1122,-1,1141,3814,3815,-1,3815,3814,3812,-1,3815,3812,3836,-1,3836,3812,3813,-1,3836,3813,3837,-1,3837,3813,3835,-1,3837,3835,3838,-1,3838,3835,3834,-1,3838,3834,3839,-1,3791,3803,3834,-1,3834,3803,3802,-1,3834,3802,3839,-1,3839,3802,3804,-1,3839,3804,3800,-1,1133,1132,3817,-1,3817,1132,3816,-1,3817,3816,3818,-1,3818,3816,3815,-1,3818,3815,3840,-1,3840,3815,3836,-1,3840,3836,3841,-1,3841,3836,3837,-1,3841,3837,3842,-1,3842,3837,3838,-1,3842,3838,3843,-1,3843,3838,3839,-1,3843,3839,3844,-1,3844,3839,3800,-1,3820,3818,3821,-1,3821,3818,3840,-1,3821,3840,3822,-1,3822,3840,3841,-1,3822,3841,3826,-1,3826,3841,3842,-1,3826,3842,3845,-1,3845,3842,3843,-1,3845,3843,3846,-1,3846,3843,3844,-1,3846,3844,3847,-1,3800,3801,3844,-1,3844,3801,3795,-1,3844,3795,3847,-1,3847,3795,3797,-1,3847,3797,3796,-1,3827,3826,3807,-1,3807,3826,3845,-1,3807,3845,3808,-1,3808,3845,3846,-1,3808,3846,3829,-1,3829,3846,3847,-1,3829,3847,3832,-1,3832,3847,3796,-1,3832,3796,3794,-1,3819,3848,3817,-1,3817,3848,3849,-1,3817,3849,1133,-1,3819,3820,3848,-1,3848,3820,3821,-1,3848,3821,3850,-1,3825,3851,3824,-1,3824,3851,3850,-1,3824,3850,3823,-1,3823,3850,3821,-1,3825,3827,3851,-1,3851,3827,3807,-1,3851,3807,3852,-1,3852,3807,3806,-1,3852,3806,3853,-1,3853,3806,3828,-1,3853,3828,3830,-1,3793,3854,3833,-1,3833,3854,3853,-1,3833,3853,3831,-1,3831,3853,3830,-1,3855,3856,3857,-1,3858,3859,3860,-1,3861,3862,3863,-1,3864,3865,3866,-1,3854,3867,3853,-1,3853,3867,3868,-1,3853,3868,3852,-1,3852,3868,3869,-1,3852,3869,3851,-1,3851,3869,3870,-1,3851,3870,3850,-1,3850,3870,3871,-1,3850,3871,3848,-1,3848,3871,3866,-1,3848,3866,3849,-1,3849,3866,3865,-1,3872,3864,3873,-1,3873,3864,3866,-1,3873,3866,3874,-1,3874,3866,3871,-1,3874,3871,3875,-1,3875,3871,3870,-1,3875,3870,3876,-1,3876,3870,3869,-1,3876,3869,3877,-1,3877,3869,3868,-1,3877,3868,3878,-1,3878,3868,3867,-1,3878,3879,3877,-1,3877,3879,3880,-1,3877,3880,3876,-1,3876,3880,3881,-1,3876,3881,3875,-1,3875,3881,3882,-1,3875,3882,3874,-1,3874,3882,3883,-1,3874,3883,3873,-1,3873,3883,3884,-1,3873,3884,3872,-1,3872,3884,3885,-1,3879,3886,3880,-1,3880,3886,3887,-1,3880,3887,3881,-1,3881,3887,3888,-1,3881,3888,3882,-1,3882,3888,3889,-1,3882,3889,3883,-1,3883,3889,3890,-1,3883,3890,3884,-1,3884,3890,3863,-1,3884,3863,3885,-1,3885,3863,3862,-1,3886,3891,3887,-1,3887,3891,3892,-1,3887,3892,3888,-1,3888,3892,3893,-1,3888,3893,3889,-1,3889,3893,3894,-1,3889,3894,3890,-1,3890,3894,3895,-1,3890,3895,3863,-1,3863,3895,3896,-1,3863,3896,3861,-1,3861,3896,3897,-1,3891,3898,3892,-1,3892,3898,3899,-1,3892,3899,3893,-1,3893,3899,3900,-1,3893,3900,3894,-1,3894,3900,3901,-1,3894,3901,3895,-1,3895,3901,3902,-1,3895,3902,3896,-1,3896,3902,3903,-1,3896,3903,3897,-1,3897,3903,3904,-1,3898,3905,3899,-1,3899,3905,3906,-1,3899,3906,3900,-1,3900,3906,3907,-1,3900,3907,3901,-1,3901,3907,3908,-1,3901,3908,3902,-1,3902,3908,3909,-1,3902,3909,3903,-1,3903,3909,3860,-1,3903,3860,3904,-1,3904,3860,3859,-1,3910,3858,3911,-1,3911,3858,3860,-1,3911,3860,3912,-1,3912,3860,3909,-1,3912,3909,3913,-1,3913,3909,3908,-1,3913,3908,3914,-1,3914,3908,3907,-1,3914,3907,3915,-1,3915,3907,3906,-1,3915,3906,3916,-1,3916,3906,3905,-1,3916,3917,3915,-1,3915,3917,3918,-1,3915,3918,3914,-1,3914,3918,3919,-1,3914,3919,3913,-1,3913,3919,3920,-1,3913,3920,3912,-1,3912,3920,3921,-1,3912,3921,3911,-1,3911,3921,3922,-1,3911,3922,3910,-1,3910,3922,3923,-1,3917,3924,3918,-1,3918,3924,3925,-1,3918,3925,3919,-1,3919,3925,3926,-1,3919,3926,3920,-1,3920,3926,3927,-1,3920,3927,3921,-1,3921,3927,3928,-1,3921,3928,3922,-1,3922,3928,3857,-1,3922,3857,3923,-1,3923,3857,3856,-1,3929,3855,3930,-1,3930,3855,3857,-1,3930,3857,3931,-1,3931,3857,3928,-1,3931,3928,3932,-1,3932,3928,3927,-1,3932,3927,3933,-1,3933,3927,3926,-1,3933,3926,3934,-1,3934,3926,3925,-1,3934,3925,3935,-1,3935,3925,3924,-1,3935,283,3934,-1,3934,283,282,-1,3934,282,3933,-1,3933,282,281,-1,3933,281,3932,-1,3932,281,280,-1,3932,280,3931,-1,3931,280,279,-1,3931,279,3930,-1,3930,279,270,-1,3930,270,3929,-1,3929,270,278,-1,3936,3855,3937,-1,3937,3855,3929,-1,3937,3929,278,-1,3936,3938,3855,-1,3855,3938,3939,-1,3855,3939,3940,-1,3941,3849,3942,-1,3942,3849,3865,-1,3942,3865,3943,-1,3943,3865,3864,-1,3943,3864,3944,-1,3944,3864,3872,-1,3944,3872,3945,-1,3945,3872,3885,-1,3945,3885,3946,-1,3946,3885,3862,-1,3946,3862,3947,-1,3947,3862,3861,-1,3947,3861,3948,-1,3948,3861,3897,-1,3948,3897,3949,-1,3949,3897,3904,-1,3949,3904,3950,-1,3950,3904,3859,-1,3950,3859,3951,-1,3951,3859,3858,-1,3951,3858,3952,-1,3952,3858,3910,-1,3952,3910,3953,-1,3953,3910,3923,-1,3953,3923,3954,-1,3954,3923,3856,-1,3954,3856,3955,-1,3955,3856,3855,-1,3955,3855,3956,-1,3956,3855,3940,-1,3956,3940,3957,-1,1306,1308,3958,-1,3958,1308,1309,-1,3958,1309,1315,-1,1315,1313,3958,-1,3958,1313,1311,-1,3958,1311,1310,-1,3959,817,3958,-1,3958,817,816,-1,3958,816,1306,-1,1133,3849,1134,-1,1134,3849,3941,-1,1310,1318,3958,-1,3958,1318,1317,-1,3958,1317,1316,-1,1199,1155,3941,-1,3941,1155,1154,-1,3941,1154,1134,-1,1193,1197,3941,-1,3941,1197,1196,-1,3941,1196,1195,-1,1195,1202,3941,-1,3941,1202,1201,-1,3941,1201,1199,-1,1316,1271,3958,-1,3958,1271,1263,-1,3958,1263,3941,-1,3941,1263,1194,-1,3941,1194,1193,-1,3960,3961,3962,-1,3962,3961,3963,-1,3962,3963,3964,-1,3964,3963,3965,-1,3964,3965,3966,-1,3966,3965,3967,-1,3966,3967,3968,-1,3968,3967,3969,-1,3968,3969,3970,-1,3970,3969,3971,-1,3970,3971,3972,-1,3972,3971,3973,-1,3972,3973,3974,-1,3974,3973,3975,-1,3974,3975,3976,-1,3976,3975,3977,-1,3976,3977,3978,-1,3978,3977,3979,-1,3978,3979,3980,-1,3980,3979,3981,-1,3980,3981,3982,-1,3982,3981,3983,-1,3982,3983,3984,-1,3984,3983,3985,-1,3984,3985,3986,-1,3986,3985,3987,-1,3986,3987,3988,-1,3988,3987,3989,-1,3988,3989,3990,-1,3990,3989,3991,-1,3990,3991,3958,-1,3958,3991,3959,-1,3992,3993,3960,-1,3960,3993,3961,-1,3994,3995,3996,-1,3996,3995,3997,-1,3996,3997,3998,-1,3998,3997,3999,-1,3998,3999,4000,-1,4000,3999,4001,-1,4000,4001,4002,-1,4002,4001,4003,-1,4002,4003,4004,-1,4004,4003,4005,-1,4004,4005,4006,-1,4006,4005,4007,-1,4006,4007,4008,-1,4008,4007,4009,-1,4008,4009,4010,-1,4010,4009,4011,-1,4010,4011,4012,-1,4012,4011,4013,-1,4012,4013,4014,-1,4014,4013,4015,-1,4014,4015,4016,-1,4016,4015,4017,-1,4016,4017,4018,-1,4018,4017,4019,-1,4018,4019,4020,-1,4020,4019,4021,-1,4020,4021,4022,-1,4022,4021,4023,-1,4022,4023,4024,-1,4024,4023,4025,-1,4024,4025,3992,-1,3992,4025,3993,-1,4023,4021,4026,-1,4015,4013,4027,-1,4007,4005,4028,-1,3999,3997,4029,-1,4030,4031,4032,-1,4032,4031,4033,-1,4032,4033,4034,-1,4034,4033,4035,-1,4034,4035,4036,-1,4036,4035,4037,-1,4036,4037,4038,-1,4038,4037,4039,-1,4038,4039,4040,-1,4040,4039,4029,-1,4040,4029,3995,-1,3995,4029,3997,-1,4001,3999,4041,-1,4041,3999,4029,-1,4041,4029,4042,-1,4042,4029,4039,-1,4042,4039,4043,-1,4043,4039,4037,-1,4043,4037,4044,-1,4044,4037,4035,-1,4044,4035,4045,-1,4045,4035,4033,-1,4045,4033,4046,-1,4046,4033,4031,-1,4046,4047,4045,-1,4045,4047,4048,-1,4045,4048,4044,-1,4044,4048,4049,-1,4044,4049,4043,-1,4043,4049,4050,-1,4043,4050,4042,-1,4042,4050,4051,-1,4042,4051,4041,-1,4041,4051,4052,-1,4041,4052,4001,-1,4001,4052,4003,-1,4047,4053,4048,-1,4048,4053,4054,-1,4048,4054,4049,-1,4049,4054,4055,-1,4049,4055,4050,-1,4050,4055,4056,-1,4050,4056,4051,-1,4051,4056,4057,-1,4051,4057,4052,-1,4052,4057,4028,-1,4052,4028,4003,-1,4003,4028,4005,-1,4009,4007,4058,-1,4058,4007,4028,-1,4058,4028,4059,-1,4059,4028,4057,-1,4059,4057,4060,-1,4060,4057,4056,-1,4060,4056,4061,-1,4061,4056,4055,-1,4061,4055,4062,-1,4062,4055,4054,-1,4062,4054,4063,-1,4063,4054,4053,-1,4063,4064,4062,-1,4062,4064,4065,-1,4062,4065,4061,-1,4061,4065,4066,-1,4061,4066,4060,-1,4060,4066,4067,-1,4060,4067,4059,-1,4059,4067,4068,-1,4059,4068,4058,-1,4058,4068,4069,-1,4058,4069,4009,-1,4009,4069,4011,-1,4064,4070,4065,-1,4065,4070,4071,-1,4065,4071,4066,-1,4066,4071,4072,-1,4066,4072,4067,-1,4067,4072,4073,-1,4067,4073,4068,-1,4068,4073,4074,-1,4068,4074,4069,-1,4069,4074,4027,-1,4069,4027,4011,-1,4011,4027,4013,-1,4070,4075,4071,-1,4071,4075,4076,-1,4071,4076,4072,-1,4072,4076,4077,-1,4072,4077,4073,-1,4073,4077,4078,-1,4073,4078,4074,-1,4074,4078,4079,-1,4074,4079,4027,-1,4027,4079,4080,-1,4027,4080,4015,-1,4015,4080,4017,-1,4075,4081,4076,-1,4076,4081,4082,-1,4076,4082,4077,-1,4077,4082,4083,-1,4077,4083,4078,-1,4078,4083,4084,-1,4078,4084,4079,-1,4079,4084,4085,-1,4079,4085,4080,-1,4080,4085,4086,-1,4080,4086,4017,-1,4017,4086,4019,-1,4081,4087,4082,-1,4082,4087,4088,-1,4082,4088,4083,-1,4083,4088,4089,-1,4083,4089,4084,-1,4084,4089,4090,-1,4084,4090,4085,-1,4085,4090,4091,-1,4085,4091,4086,-1,4086,4091,4026,-1,4086,4026,4019,-1,4019,4026,4021,-1,4025,4023,4092,-1,4092,4023,4026,-1,4092,4026,4093,-1,4093,4026,4091,-1,4093,4091,4094,-1,4094,4091,4090,-1,4094,4090,4095,-1,4095,4090,4089,-1,4095,4089,4096,-1,4096,4089,4088,-1,4096,4088,4097,-1,4097,4088,4087,-1,4097,4098,4096,-1,4096,4098,4099,-1,4096,4099,4095,-1,4095,4099,4100,-1,4095,4100,4094,-1,4094,4100,4101,-1,4094,4101,4093,-1,4093,4101,4102,-1,4093,4102,4092,-1,4092,4102,4103,-1,4092,4103,4025,-1,4025,4103,3993,-1,3961,3993,4103,-1,3961,4103,4104,-1,4104,4103,4102,-1,4104,4102,4105,-1,4105,4102,4101,-1,4105,4101,4106,-1,4106,4101,4100,-1,4106,4100,4107,-1,4107,4100,4099,-1,4107,4099,4108,-1,4108,4099,4098,-1,4108,4098,4109,-1,3989,3987,4110,-1,3981,3979,4111,-1,3973,3971,4112,-1,3965,3963,4113,-1,4109,4114,4108,-1,4108,4114,4115,-1,4108,4115,4107,-1,4107,4115,4116,-1,4107,4116,4106,-1,4106,4116,4117,-1,4106,4117,4105,-1,4105,4117,4118,-1,4105,4118,4104,-1,4104,4118,4113,-1,4104,4113,3961,-1,3961,4113,3963,-1,3967,3965,4119,-1,4119,3965,4113,-1,4119,4113,4120,-1,4120,4113,4118,-1,4120,4118,4121,-1,4121,4118,4117,-1,4121,4117,4122,-1,4122,4117,4116,-1,4122,4116,4123,-1,4123,4116,4115,-1,4123,4115,4124,-1,4124,4115,4114,-1,4124,4125,4123,-1,4123,4125,4126,-1,4123,4126,4122,-1,4122,4126,4127,-1,4122,4127,4121,-1,4121,4127,4128,-1,4121,4128,4120,-1,4120,4128,4129,-1,4120,4129,4119,-1,4119,4129,4130,-1,4119,4130,3967,-1,3967,4130,3969,-1,4125,4131,4126,-1,4126,4131,4132,-1,4126,4132,4127,-1,4127,4132,4133,-1,4127,4133,4128,-1,4128,4133,4134,-1,4128,4134,4129,-1,4129,4134,4135,-1,4129,4135,4130,-1,4130,4135,4112,-1,4130,4112,3969,-1,3969,4112,3971,-1,3975,3973,4136,-1,4136,3973,4112,-1,4136,4112,4137,-1,4137,4112,4135,-1,4137,4135,4138,-1,4138,4135,4134,-1,4138,4134,4139,-1,4139,4134,4133,-1,4139,4133,4140,-1,4140,4133,4132,-1,4140,4132,4141,-1,4141,4132,4131,-1,4141,4142,4140,-1,4140,4142,4143,-1,4140,4143,4139,-1,4139,4143,4144,-1,4139,4144,4138,-1,4138,4144,4145,-1,4138,4145,4137,-1,4137,4145,4146,-1,4137,4146,4136,-1,4136,4146,4147,-1,4136,4147,3975,-1,3975,4147,3977,-1,4142,4148,4143,-1,4143,4148,4149,-1,4143,4149,4144,-1,4144,4149,4150,-1,4144,4150,4145,-1,4145,4150,4151,-1,4145,4151,4146,-1,4146,4151,4152,-1,4146,4152,4147,-1,4147,4152,4111,-1,4147,4111,3977,-1,3977,4111,3979,-1,3983,3981,4153,-1,4153,3981,4111,-1,4153,4111,4154,-1,4154,4111,4152,-1,4154,4152,4155,-1,4155,4152,4151,-1,4155,4151,4156,-1,4156,4151,4150,-1,4156,4150,4157,-1,4157,4150,4149,-1,4157,4149,4158,-1,4158,4149,4148,-1,4158,4159,4157,-1,4157,4159,4160,-1,4157,4160,4156,-1,4156,4160,4161,-1,4156,4161,4155,-1,4155,4161,4162,-1,4155,4162,4154,-1,4154,4162,4163,-1,4154,4163,4153,-1,4153,4163,4164,-1,4153,4164,3983,-1,3983,4164,3985,-1,4159,4165,4160,-1,4160,4165,4166,-1,4160,4166,4161,-1,4161,4166,4167,-1,4161,4167,4162,-1,4162,4167,4168,-1,4162,4168,4163,-1,4163,4168,4169,-1,4163,4169,4164,-1,4164,4169,4110,-1,4164,4110,3985,-1,3985,4110,3987,-1,3991,3989,4170,-1,4170,3989,4110,-1,4170,4110,4171,-1,4171,4110,4169,-1,4171,4169,4172,-1,4172,4169,4168,-1,4172,4168,4173,-1,4173,4168,4167,-1,4173,4167,4174,-1,4174,4167,4166,-1,4174,4166,4175,-1,4175,4166,4165,-1,4175,4176,4174,-1,4174,4176,4177,-1,4174,4177,4173,-1,4173,4177,4178,-1,4173,4178,4172,-1,4172,4178,4179,-1,4172,4179,4171,-1,4171,4179,4180,-1,4171,4180,4170,-1,4170,4180,4181,-1,4170,4181,3991,-1,3991,4181,3959,-1,817,3959,4182,-1,4182,3959,4181,-1,4182,4181,4183,-1,4183,4181,4184,-1,4180,4179,4185,-1,4185,4186,4180,-1,4180,4186,4187,-1,4180,4187,4181,-1,4181,4187,4188,-1,4181,4188,4184,-1,4178,4189,4179,-1,4179,4189,4190,-1,4179,4190,4185,-1,4191,4192,4178,-1,4178,4192,4193,-1,4178,4193,4189,-1,4191,4178,4194,-1,4194,4178,4177,-1,4194,4177,4195,-1,4195,4177,4176,-1,4195,4176,4196,-1,4187,4186,4197,-1,4198,4199,4200,-1,4200,4199,4201,-1,4202,4203,4204,-1,4204,4203,4205,-1,4204,4205,4201,-1,4201,4205,4206,-1,4201,4206,4200,-1,4207,4208,4209,-1,4209,4208,4210,-1,4211,4212,4213,-1,4213,4212,4214,-1,4213,4214,4207,-1,4207,4214,4215,-1,4207,4215,4208,-1,4211,4216,4217,-1,4217,4216,4218,-1,4217,4218,4219,-1,4219,4218,4220,-1,4195,4221,4194,-1,4194,4221,4191,-1,4192,4222,4193,-1,4193,4222,4189,-1,4189,4222,4190,-1,4190,4222,4223,-1,4190,4223,4185,-1,4187,4197,4188,-1,4188,4197,4224,-1,4188,4224,4184,-1,4184,4224,4183,-1,4183,4224,4225,-1,4183,4225,4182,-1,4182,4225,819,-1,4182,819,817,-1,4198,801,4199,-1,4199,801,804,-1,4199,804,806,-1,806,4226,4199,-1,4199,4226,4227,-1,4199,4227,4201,-1,4201,4227,4209,-1,4201,4209,4204,-1,4204,4209,4210,-1,4204,4210,4202,-1,4211,4213,4216,-1,4216,4213,4207,-1,4216,4207,4228,-1,4228,4207,4209,-1,4228,4209,4229,-1,4229,4209,4227,-1,4229,4227,4230,-1,4230,4227,4226,-1,4230,4226,4231,-1,806,809,4226,-1,4226,809,811,-1,4226,811,4231,-1,4231,811,813,-1,4231,813,815,-1,4196,4220,4195,-1,4195,4220,4218,-1,4195,4218,4221,-1,4221,4218,4216,-1,4221,4216,4232,-1,4232,4216,4228,-1,4232,4228,4233,-1,4233,4228,4229,-1,4233,4229,4234,-1,4234,4229,4230,-1,4234,4230,4235,-1,4235,4230,4231,-1,4235,4231,4236,-1,4236,4231,815,-1,4191,4221,4192,-1,4192,4221,4232,-1,4192,4232,4222,-1,4222,4232,4233,-1,4222,4233,4223,-1,4223,4233,4234,-1,4223,4234,4237,-1,4237,4234,4235,-1,4237,4235,4238,-1,4238,4235,4236,-1,4238,4236,4239,-1,815,827,4236,-1,4236,827,825,-1,4236,825,4239,-1,4239,825,823,-1,4239,823,821,-1,4185,4223,4186,-1,4186,4223,4237,-1,4186,4237,4197,-1,4197,4237,4238,-1,4197,4238,4224,-1,4224,4238,4239,-1,4224,4239,4225,-1,4225,4239,821,-1,4225,821,819,-1,4200,386,392,-1,4200,392,4198,-1,4198,392,393,-1,4198,393,801,-1,384,383,4205,-1,4205,383,382,-1,4205,382,381,-1,381,467,4205,-1,4205,467,449,-1,4205,449,4206,-1,4206,449,389,-1,4206,389,4200,-1,4200,389,387,-1,4200,387,386,-1,479,379,4202,-1,4202,379,4240,-1,4202,4240,4203,-1,4203,4240,376,-1,4203,376,4205,-1,4205,376,385,-1,4205,385,384,-1,434,4215,374,-1,374,4215,375,-1,4210,360,4202,-1,4202,360,359,-1,4202,359,479,-1,434,362,4215,-1,4215,362,360,-1,4215,360,4208,-1,4208,360,4210,-1,4241,367,4211,-1,4211,367,366,-1,4211,366,371,-1,4214,364,4215,-1,4215,364,363,-1,4215,363,375,-1,371,370,4211,-1,4211,370,364,-1,4211,364,4212,-1,4212,364,4214,-1,4241,4211,4242,-1,4242,4211,4217,-1,4242,4217,4243,-1,4196,4244,4220,-1,4220,4244,4243,-1,4220,4243,4219,-1,4219,4243,4217,-1,4245,4246,4247,-1,4247,4246,4248,-1,4246,4249,4248,-1,4248,4249,4250,-1,4248,4250,4251,-1,4250,4252,4251,-1,4251,4252,4253,-1,4251,4253,4254,-1,4253,4255,4254,-1,4254,4255,4256,-1,4254,4256,4257,-1,4256,4258,4257,-1,4257,4258,4259,-1,4257,4259,4260,-1,351,4261,4262,-1,4262,4261,347,-1,4262,347,349,-1,349,4263,4262,-1,4262,4263,430,-1,4262,430,428,-1,428,432,4262,-1,4262,432,369,-1,4262,369,367,-1,367,4241,4262,-1,4262,4241,4242,-1,4262,4242,4264,-1,4259,4265,4260,-1,4260,4265,4266,-1,4260,4266,4267,-1,4267,4266,4268,-1,4267,4268,4244,-1,4244,4268,4264,-1,4244,4264,4243,-1,4243,4264,4242,-1,4262,1389,1391,-1,1391,1393,4262,-1,4262,1393,421,-1,4262,421,419,-1,419,423,4262,-1,4262,423,422,-1,4262,422,351,-1,1389,4262,1386,-1,1386,4262,4269,-1,1386,4269,1384,-1,1384,4269,4270,-1,1384,4270,1382,-1,1382,4270,4271,-1,1382,4271,4272,-1,4271,4273,4272,-1,4272,4273,4274,-1,4272,4274,4275,-1,4274,4276,4275,-1,4275,4276,4277,-1,4275,4277,4278,-1,4279,4280,4281,-1,4281,4280,4278,-1,4281,4278,4282,-1,4282,4278,4277,-1,4282,4277,4283,-1,4276,4274,4284,-1,4262,4264,4285,-1,4268,4266,4286,-1,4255,4253,4287,-1,4252,4250,4288,-1,4289,4290,4291,-1,4291,4290,4292,-1,4291,4292,4293,-1,4293,4292,4294,-1,4293,4294,4295,-1,4295,4294,4296,-1,4295,4296,4297,-1,4297,4296,4298,-1,4297,4298,4299,-1,4299,4298,4288,-1,4300,4301,4302,-1,4302,4301,4303,-1,4302,4303,4304,-1,4304,4303,4305,-1,4304,4305,4306,-1,4306,4305,4307,-1,4306,4307,4308,-1,4308,4307,4309,-1,4308,4309,4310,-1,4310,4309,4286,-1,4311,4312,4313,-1,4313,4312,4314,-1,4313,4314,4315,-1,4315,4314,4316,-1,4315,4316,4317,-1,4317,4316,4318,-1,4317,4318,4319,-1,4319,4318,4320,-1,4319,4320,4321,-1,4321,4320,4284,-1,4322,4289,4323,-1,4323,4289,4291,-1,4323,4291,4324,-1,4324,4291,4293,-1,4324,4293,4325,-1,4325,4293,4295,-1,4325,4295,4326,-1,4326,4295,4297,-1,4326,4297,4327,-1,4327,4297,4299,-1,4327,4299,4245,-1,4245,4299,4246,-1,4288,4250,4299,-1,4299,4250,4249,-1,4299,4249,4246,-1,4253,4252,4287,-1,4287,4252,4288,-1,4287,4288,4328,-1,4328,4288,4298,-1,4328,4298,4329,-1,4329,4298,4296,-1,4329,4296,4330,-1,4330,4296,4294,-1,4330,4294,4331,-1,4331,4294,4292,-1,4331,4292,4332,-1,4332,4292,4290,-1,4256,4255,4333,-1,4333,4255,4287,-1,4333,4287,4334,-1,4334,4287,4328,-1,4334,4328,4335,-1,4335,4328,4329,-1,4335,4329,4336,-1,4336,4329,4330,-1,4336,4330,4337,-1,4337,4330,4331,-1,4337,4331,4338,-1,4338,4331,4332,-1,4338,4339,4337,-1,4337,4339,4340,-1,4337,4340,4336,-1,4336,4340,4341,-1,4336,4341,4335,-1,4335,4341,4342,-1,4335,4342,4334,-1,4334,4342,4343,-1,4334,4343,4333,-1,4333,4343,4344,-1,4333,4344,4256,-1,4256,4344,4258,-1,4339,4300,4340,-1,4340,4300,4302,-1,4340,4302,4341,-1,4341,4302,4304,-1,4341,4304,4342,-1,4342,4304,4306,-1,4342,4306,4343,-1,4343,4306,4308,-1,4343,4308,4344,-1,4344,4308,4310,-1,4344,4310,4258,-1,4258,4310,4259,-1,4286,4266,4310,-1,4310,4266,4265,-1,4310,4265,4259,-1,4264,4268,4285,-1,4285,4268,4286,-1,4285,4286,4345,-1,4345,4286,4309,-1,4345,4309,4346,-1,4346,4309,4307,-1,4346,4307,4347,-1,4347,4307,4305,-1,4347,4305,4348,-1,4348,4305,4303,-1,4348,4303,4349,-1,4349,4303,4301,-1,4269,4262,4350,-1,4350,4262,4285,-1,4350,4285,4351,-1,4351,4285,4345,-1,4351,4345,4352,-1,4352,4345,4346,-1,4352,4346,4353,-1,4353,4346,4347,-1,4353,4347,4354,-1,4354,4347,4348,-1,4354,4348,4355,-1,4355,4348,4349,-1,4355,4356,4354,-1,4354,4356,4357,-1,4354,4357,4353,-1,4353,4357,4358,-1,4353,4358,4352,-1,4352,4358,4359,-1,4352,4359,4351,-1,4351,4359,4360,-1,4351,4360,4350,-1,4350,4360,4361,-1,4350,4361,4269,-1,4269,4361,4270,-1,4356,4311,4357,-1,4357,4311,4313,-1,4357,4313,4358,-1,4358,4313,4315,-1,4358,4315,4359,-1,4359,4315,4317,-1,4359,4317,4360,-1,4360,4317,4319,-1,4360,4319,4361,-1,4361,4319,4321,-1,4361,4321,4270,-1,4270,4321,4271,-1,4284,4274,4321,-1,4321,4274,4273,-1,4321,4273,4271,-1,4277,4276,4283,-1,4283,4276,4284,-1,4283,4284,4362,-1,4362,4284,4320,-1,4362,4320,4363,-1,4363,4320,4318,-1,4363,4318,4364,-1,4364,4318,4316,-1,4364,4316,4365,-1,4365,4316,4314,-1,4365,4314,4366,-1,4366,4314,4312,-1,4281,4282,4367,-1,4367,4282,4283,-1,4367,4283,4368,-1,4368,4283,4362,-1,4368,4362,4369,-1,4369,4362,4363,-1,4369,4363,4370,-1,4370,4363,4364,-1,4370,4364,4371,-1,4371,4364,4365,-1,4371,4365,4372,-1,4372,4365,4366,-1,4372,4373,4371,-1,4371,4373,4374,-1,4371,4374,4370,-1,4370,4374,4375,-1,4370,4375,4369,-1,4369,4375,4376,-1,4369,4376,4368,-1,4368,4376,4377,-1,4368,4377,4367,-1,4367,4377,4378,-1,4367,4378,4281,-1,4281,4378,4279,-1,4379,4380,4381,-1,4381,4380,4382,-1,4381,4382,4383,-1,4383,4382,4384,-1,4383,4384,4385,-1,4385,4384,4386,-1,4385,4386,4387,-1,4387,4386,4388,-1,4387,4388,4389,-1,4389,4388,4390,-1,4389,4390,4391,-1,4391,4390,4392,-1,4391,4392,4393,-1,4393,4392,4394,-1,4393,4394,4395,-1,4395,4394,4396,-1,4395,4396,4397,-1,4397,4396,4398,-1,4397,4398,4399,-1,4399,4398,4400,-1,4399,4400,4401,-1,4401,4400,4402,-1,4401,4402,4403,-1,4403,4402,4404,-1,4403,4404,4405,-1,4405,4404,4406,-1,4405,4406,4407,-1,4407,4406,4408,-1,4407,4408,4409,-1,4409,4408,4410,-1,4409,4410,4411,-1,4411,4410,4412,-1,4411,4412,4413,-1,4413,4412,4414,-1,4413,4414,4415,-1,4415,4414,4416,-1,4415,4416,4417,-1,4417,4416,4418,-1,4417,4418,4419,-1,4419,4418,4420,-1,4419,4420,4421,-1,4421,4420,4422,-1,4421,4422,4423,-1,4423,4422,4424,-1,4423,4424,4425,-1,4425,4424,4426,-1,4425,4426,4379,-1,4379,4426,4380,-1,4427,4428,4429,-1,4429,4428,4430,-1,4429,4430,4431,-1,4431,4430,4432,-1,4431,4432,4433,-1,4433,4432,4434,-1,4433,4434,4435,-1,4435,4434,4436,-1,4435,4436,4437,-1,4437,4436,4438,-1,4437,4438,4439,-1,4439,4438,4440,-1,4439,4440,4441,-1,4441,4440,4442,-1,4441,4442,4443,-1,4443,4442,4444,-1,4443,4444,4445,-1,4445,4444,4446,-1,4445,4446,4447,-1,4447,4446,4448,-1,4447,4448,4449,-1,4449,4448,4450,-1,4449,4450,4451,-1,4451,4450,4452,-1,4451,4452,4453,-1,4453,4452,4454,-1,4453,4454,4455,-1,4455,4454,4456,-1,4455,4456,4457,-1,4457,4456,4458,-1,4457,4458,4459,-1,4459,4458,4460,-1,4459,4460,4461,-1,4461,4460,4462,-1,4461,4462,4463,-1,4463,4462,4464,-1,4463,4464,4465,-1,4465,4464,4466,-1,4465,4466,4467,-1,4467,4466,4468,-1,4467,4468,4469,-1,4469,4468,4470,-1,4469,4470,4471,-1,4471,4470,4472,-1,4471,4472,4473,-1,4473,4472,4474,-1,4473,4474,4427,-1,4427,4474,4428,-1,4475,4476,4477,-1,4477,4476,4478,-1,4477,4478,4479,-1,4479,4478,4480,-1,4479,4480,4481,-1,4481,4480,4482,-1,4481,4482,4483,-1,4483,4482,4484,-1,4483,4484,4485,-1,4485,4484,4486,-1,4485,4486,4487,-1,4487,4486,4488,-1,4487,4488,4489,-1,4489,4488,4490,-1,4489,4490,4491,-1,4491,4490,4492,-1,4491,4492,4493,-1,4493,4492,4494,-1,4493,4494,4495,-1,4495,4494,4496,-1,4495,4496,4497,-1,4497,4496,4498,-1,4497,4498,4499,-1,4499,4498,4500,-1,4499,4500,4501,-1,4501,4500,4502,-1,4501,4502,4503,-1,4503,4502,4504,-1,4503,4504,4505,-1,4505,4504,4506,-1,4505,4506,4507,-1,4507,4506,4508,-1,4507,4508,4509,-1,4509,4508,4510,-1,4509,4510,4511,-1,4511,4510,4512,-1,4511,4512,4513,-1,4513,4512,4514,-1,4513,4514,4515,-1,4515,4514,4516,-1,4515,4516,4517,-1,4517,4516,4518,-1,4517,4518,4519,-1,4519,4518,4520,-1,4519,4520,4521,-1,4521,4520,4522,-1,4521,4522,4475,-1,4475,4522,4476,-1,4411,4413,4385,-1,4405,4407,4397,-1,4397,4407,4409,-1,4397,4409,4395,-1,4411,4385,4409,-1,4409,4385,4387,-1,4409,4387,4389,-1,4405,4397,4403,-1,4403,4397,4399,-1,4403,4399,4401,-1,4413,4415,4385,-1,4385,4415,4417,-1,4385,4417,4419,-1,4379,4381,4425,-1,4425,4381,4423,-1,4419,4421,4385,-1,4385,4421,4423,-1,4385,4423,4383,-1,4383,4423,4381,-1,4389,4391,4409,-1,4409,4391,4393,-1,4409,4393,4395,-1,4453,4455,4427,-1,4427,4455,4457,-1,4427,4457,4473,-1,4473,4457,4471,-1,4471,4457,4459,-1,4471,4459,4461,-1,4453,4427,4451,-1,4451,4427,4429,-1,4451,4429,4431,-1,4441,4435,4439,-1,4439,4435,4437,-1,4441,4443,4435,-1,4435,4443,4445,-1,4435,4445,4447,-1,4431,4433,4451,-1,4451,4433,4435,-1,4451,4435,4449,-1,4449,4435,4447,-1,4461,4463,4471,-1,4471,4463,4465,-1,4471,4465,4469,-1,4469,4465,4467,-1,4501,4503,4475,-1,4475,4503,4505,-1,4475,4505,4521,-1,4521,4505,4519,-1,4519,4505,4507,-1,4519,4507,4509,-1,4501,4475,4499,-1,4499,4475,4477,-1,4499,4477,4479,-1,4489,4483,4487,-1,4487,4483,4485,-1,4489,4491,4483,-1,4483,4491,4493,-1,4483,4493,4495,-1,4479,4481,4499,-1,4499,4481,4483,-1,4499,4483,4497,-1,4497,4483,4495,-1,4509,4511,4519,-1,4519,4511,4513,-1,4519,4513,4517,-1,4517,4513,4515,-1,4523,4524,4525,-1,4526,4527,4528,-1,4528,4527,4529,-1,4528,4529,4530,-1,4523,4525,4529,-1,4529,4525,4531,-1,4529,4531,4532,-1,4526,4528,4533,-1,4533,4528,4534,-1,4533,4534,4535,-1,4524,4536,4525,-1,4525,4536,4537,-1,4525,4537,4538,-1,4539,4540,4541,-1,4541,4540,4542,-1,4538,4543,4525,-1,4525,4543,4542,-1,4525,4542,4544,-1,4544,4542,4540,-1,4532,4545,4529,-1,4529,4545,4546,-1,4529,4546,4530,-1,4539,4547,4540,-1,4540,4547,4548,-1,4540,4548,4544,-1,4544,4548,4549,-1,4544,4549,4525,-1,4525,4549,4550,-1,4525,4550,4531,-1,4531,4550,4551,-1,4531,4551,4532,-1,4532,4551,4552,-1,4532,4552,4545,-1,4545,4552,4553,-1,4545,4553,4546,-1,4546,4553,4554,-1,4546,4554,4530,-1,4530,4554,4555,-1,4530,4555,4528,-1,4528,4555,4556,-1,4528,4556,4534,-1,4534,4556,4557,-1,4534,4557,4535,-1,4535,4557,4558,-1,4535,4558,4533,-1,4533,4558,4559,-1,4533,4559,4526,-1,4526,4559,4560,-1,4526,4560,4527,-1,4527,4560,4561,-1,4527,4561,4529,-1,4529,4561,4562,-1,4529,4562,4523,-1,4523,4562,4563,-1,4523,4563,4524,-1,4524,4563,4564,-1,4524,4564,4536,-1,4536,4564,4565,-1,4536,4565,4537,-1,4537,4565,4566,-1,4537,4566,4538,-1,4538,4566,4567,-1,4538,4567,4543,-1,4543,4567,4568,-1,4543,4568,4542,-1,4542,4568,4569,-1,4542,4569,4541,-1,4541,4569,4570,-1,4541,4570,4539,-1,4539,4570,4547,-1,4496,2376,4498,-1,4498,2376,2375,-1,4498,2375,4500,-1,4500,2375,2351,-1,4500,2351,4502,-1,4510,2327,4512,-1,4512,2327,2276,-1,4512,2276,4514,-1,4514,2276,2275,-1,4514,2275,4516,-1,4516,2275,2316,-1,4516,2316,4518,-1,4518,2316,2315,-1,4518,2315,4520,-1,2351,2350,4502,-1,4502,2350,2344,-1,4502,2344,4504,-1,4504,2344,2288,-1,4504,2288,4506,-1,4506,2288,2287,-1,4506,2287,4508,-1,4508,2287,2334,-1,4508,2334,4510,-1,4510,2334,2333,-1,4510,2333,2327,-1,4480,2398,4482,-1,4482,2398,2397,-1,4482,2397,4484,-1,4484,2397,2443,-1,4484,2443,4486,-1,2315,2309,4520,-1,4520,2309,2264,-1,4520,2264,4522,-1,4522,2264,2263,-1,4522,2263,4476,-1,4476,2263,2298,-1,4476,2298,4478,-1,4478,2298,2463,-1,4478,2463,4480,-1,4480,2463,2456,-1,4480,2456,2398,-1,2443,2442,4486,-1,4486,2442,2435,-1,4486,2435,4488,-1,4488,2435,2387,-1,4488,2387,4490,-1,4490,2387,2386,-1,4490,2386,4492,-1,4492,2386,2422,-1,4492,2422,4494,-1,4494,2422,2421,-1,4494,2421,4496,-1,4496,2421,2414,-1,4496,2414,2376,-1,4557,2106,4558,-1,4558,2106,2105,-1,4558,2105,4559,-1,4559,2105,2081,-1,4559,2081,4560,-1,2081,2080,4560,-1,4560,2080,2074,-1,4560,2074,4561,-1,4561,2074,2020,-1,4561,2020,4562,-1,4562,2020,2019,-1,4562,2019,4563,-1,4563,2019,2064,-1,4563,2064,4564,-1,4564,2064,2063,-1,4564,2063,4565,-1,2063,2057,4565,-1,4565,2057,2009,-1,4565,2009,4566,-1,4566,2009,2008,-1,4566,2008,4567,-1,4567,2008,2047,-1,4567,2047,4568,-1,4568,2047,2046,-1,4568,2046,4569,-1,4553,2117,4554,-1,4554,2117,2116,-1,4554,2116,4555,-1,4555,2116,2152,-1,4555,2152,4556,-1,4556,2152,2151,-1,4556,2151,4557,-1,4557,2151,2144,-1,4557,2144,2106,-1,2046,2040,4569,-1,4569,2040,1998,-1,4569,1998,4570,-1,4570,1998,1997,-1,4570,1997,4547,-1,4547,1997,2030,-1,4547,2030,4548,-1,4548,2030,2193,-1,4548,2193,4549,-1,2193,2186,4549,-1,4549,2186,2128,-1,4549,2128,4550,-1,4550,2128,2127,-1,4550,2127,4551,-1,4551,2127,2173,-1,4551,2173,4552,-1,4552,2173,2172,-1,4552,2172,4553,-1,4553,2172,2165,-1,4553,2165,2117,-1,4448,3097,4450,-1,4450,3097,3096,-1,4450,3096,4452,-1,4452,3096,3072,-1,4452,3072,4454,-1,4462,3048,4464,-1,4464,3048,2997,-1,4464,2997,4466,-1,4466,2997,2996,-1,4466,2996,4468,-1,4468,2996,3037,-1,4468,3037,4470,-1,4470,3037,3036,-1,4470,3036,4472,-1,3072,3071,4454,-1,4454,3071,3065,-1,4454,3065,4456,-1,4456,3065,3009,-1,4456,3009,4458,-1,4458,3009,3008,-1,4458,3008,4460,-1,4460,3008,3055,-1,4460,3055,4462,-1,4462,3055,3054,-1,4462,3054,3048,-1,4432,3119,4434,-1,4434,3119,3118,-1,4434,3118,4436,-1,4436,3118,3164,-1,4436,3164,4438,-1,3036,3030,4472,-1,4472,3030,2985,-1,4472,2985,4474,-1,4474,2985,2984,-1,4474,2984,4428,-1,4428,2984,3019,-1,4428,3019,4430,-1,4430,3019,3184,-1,4430,3184,4432,-1,4432,3184,3177,-1,4432,3177,3119,-1,3164,3163,4438,-1,4438,3163,3156,-1,4438,3156,4440,-1,4440,3156,3108,-1,4440,3108,4442,-1,4442,3108,3107,-1,4442,3107,4444,-1,4444,3107,3143,-1,4444,3143,4446,-1,4446,3143,3142,-1,4446,3142,4448,-1,4448,3142,3135,-1,4448,3135,3097,-1,4400,4290,4402,-1,4402,4290,4289,-1,4402,4289,4404,-1,4404,4289,4322,-1,4404,4322,4406,-1,4322,4571,4406,-1,4406,4571,4572,-1,4406,4572,4408,-1,4408,4572,4573,-1,4408,4573,4410,-1,4410,4573,4574,-1,4410,4574,4412,-1,4412,4574,4575,-1,4412,4575,4414,-1,4414,4575,4576,-1,4414,4576,4416,-1,4576,4577,4416,-1,4416,4577,4578,-1,4416,4578,4418,-1,4418,4578,4579,-1,4418,4579,4420,-1,4420,4579,4580,-1,4420,4580,4422,-1,4422,4580,4581,-1,4422,4581,4424,-1,4392,4301,4394,-1,4394,4301,4300,-1,4394,4300,4396,-1,4396,4300,4339,-1,4396,4339,4398,-1,4398,4339,4338,-1,4398,4338,4400,-1,4400,4338,4332,-1,4400,4332,4290,-1,4581,4582,4424,-1,4424,4582,4583,-1,4424,4583,4426,-1,4426,4583,4584,-1,4426,4584,4380,-1,4380,4584,4373,-1,4380,4373,4382,-1,4382,4373,4372,-1,4382,4372,4384,-1,4372,4366,4384,-1,4384,4366,4312,-1,4384,4312,4386,-1,4386,4312,4311,-1,4386,4311,4388,-1,4388,4311,4356,-1,4388,4356,4390,-1,4390,4356,4355,-1,4390,4355,4392,-1,4392,4355,4349,-1,4392,4349,4301,-1,4585,4586,4587,-1,4588,4589,4590,-1,4591,4592,4593,-1,4594,4595,4596,-1,4584,4583,4597,-1,4597,4583,4598,-1,4597,4598,4599,-1,4599,4598,4600,-1,4599,4600,4601,-1,4601,4600,4602,-1,4601,4602,4603,-1,4603,4602,4604,-1,4603,4604,4605,-1,4605,4604,4596,-1,4579,4578,4606,-1,4606,4578,4607,-1,4606,4607,4608,-1,4608,4607,4609,-1,4608,4609,4610,-1,4610,4609,4611,-1,4610,4611,4612,-1,4612,4611,4613,-1,4612,4613,4614,-1,4614,4613,4615,-1,4574,4573,4616,-1,4616,4573,4617,-1,4616,4617,4618,-1,4618,4617,4619,-1,4618,4619,4620,-1,4620,4619,4621,-1,4620,4621,4622,-1,4622,4621,4623,-1,4622,4623,4624,-1,4624,4623,4590,-1,4373,4584,4374,-1,4374,4584,4597,-1,4374,4597,4375,-1,4375,4597,4599,-1,4375,4599,4376,-1,4376,4599,4601,-1,4376,4601,4377,-1,4377,4601,4603,-1,4377,4603,4378,-1,4378,4603,4605,-1,4378,4605,4279,-1,4279,4605,4625,-1,4596,4595,4605,-1,4605,4595,4626,-1,4605,4626,4625,-1,4592,4594,4593,-1,4593,4594,4596,-1,4593,4596,4627,-1,4627,4596,4604,-1,4627,4604,4628,-1,4628,4604,4602,-1,4628,4602,4629,-1,4629,4602,4600,-1,4629,4600,4630,-1,4630,4600,4598,-1,4630,4598,4582,-1,4582,4598,4583,-1,4631,4591,4632,-1,4632,4591,4593,-1,4632,4593,4633,-1,4633,4593,4627,-1,4633,4627,4634,-1,4634,4627,4628,-1,4634,4628,4635,-1,4635,4628,4629,-1,4635,4629,4636,-1,4636,4629,4630,-1,4636,4630,4581,-1,4581,4630,4582,-1,4581,4580,4636,-1,4636,4580,4637,-1,4636,4637,4635,-1,4635,4637,4638,-1,4635,4638,4634,-1,4634,4638,4639,-1,4634,4639,4633,-1,4633,4639,4640,-1,4633,4640,4632,-1,4632,4640,4641,-1,4632,4641,4631,-1,4631,4641,4642,-1,4580,4579,4637,-1,4637,4579,4606,-1,4637,4606,4638,-1,4638,4606,4608,-1,4638,4608,4639,-1,4639,4608,4610,-1,4639,4610,4640,-1,4640,4610,4612,-1,4640,4612,4641,-1,4641,4612,4614,-1,4641,4614,4642,-1,4642,4614,4643,-1,4644,4645,4646,-1,4646,4645,4615,-1,4646,4615,4647,-1,4647,4615,4613,-1,4647,4613,4648,-1,4648,4613,4611,-1,4648,4611,4649,-1,4649,4611,4609,-1,4649,4609,4650,-1,4650,4609,4607,-1,4650,4607,4577,-1,4577,4607,4578,-1,4645,4651,4615,-1,4615,4651,4652,-1,4615,4652,4614,-1,4614,4652,4653,-1,4614,4653,4643,-1,4654,4644,4655,-1,4655,4644,4646,-1,4655,4646,4656,-1,4656,4646,4647,-1,4656,4647,4657,-1,4657,4647,4648,-1,4657,4648,4658,-1,4658,4648,4649,-1,4658,4649,4659,-1,4659,4649,4650,-1,4659,4650,4576,-1,4576,4650,4577,-1,4576,4575,4659,-1,4659,4575,4660,-1,4659,4660,4658,-1,4658,4660,4661,-1,4658,4661,4657,-1,4657,4661,4662,-1,4657,4662,4656,-1,4656,4662,4663,-1,4656,4663,4655,-1,4655,4663,4664,-1,4655,4664,4654,-1,4654,4664,4665,-1,4575,4574,4660,-1,4660,4574,4616,-1,4660,4616,4661,-1,4661,4616,4618,-1,4661,4618,4662,-1,4662,4618,4620,-1,4662,4620,4663,-1,4663,4620,4622,-1,4663,4622,4664,-1,4664,4622,4624,-1,4664,4624,4665,-1,4665,4624,4666,-1,4590,4589,4624,-1,4624,4589,4667,-1,4624,4667,4666,-1,4586,4588,4587,-1,4587,4588,4590,-1,4587,4590,4668,-1,4668,4590,4623,-1,4668,4623,4669,-1,4669,4623,4621,-1,4669,4621,4670,-1,4670,4621,4619,-1,4670,4619,4671,-1,4671,4619,4617,-1,4671,4617,4572,-1,4572,4617,4573,-1,4672,4585,4673,-1,4673,4585,4587,-1,4673,4587,4674,-1,4674,4587,4668,-1,4674,4668,4675,-1,4675,4668,4669,-1,4675,4669,4676,-1,4676,4669,4670,-1,4676,4670,4677,-1,4677,4670,4671,-1,4677,4671,4571,-1,4571,4671,4572,-1,4571,4322,4677,-1,4677,4322,4323,-1,4677,4323,4676,-1,4676,4323,4324,-1,4676,4324,4675,-1,4675,4324,4325,-1,4675,4325,4674,-1,4674,4325,4326,-1,4674,4326,4673,-1,4673,4326,4327,-1,4673,4327,4672,-1,4672,4327,4245,-1,1535,1534,4678,-1,4594,1553,4595,-1,4595,1553,4679,-1,4595,4679,4626,-1,4626,4679,1556,-1,1556,1557,4626,-1,4626,1557,1559,-1,4626,1559,1561,-1,4680,1541,4592,-1,1550,1549,4594,-1,4594,1549,1551,-1,4594,1551,1553,-1,1541,1543,4592,-1,4592,1543,1547,-1,4592,1547,4594,-1,4594,1547,1546,-1,4594,1546,1550,-1,4592,4591,4680,-1,4680,4591,4631,-1,4680,4631,4681,-1,4653,4682,4643,-1,4643,4682,4681,-1,4643,4681,4642,-1,4642,4681,4631,-1,1912,1910,4651,-1,4651,1910,1908,-1,4651,1908,4683,-1,4683,1902,4651,-1,4651,1902,1917,-1,4651,1917,1916,-1,1916,1915,4651,-1,4651,1915,1931,-1,4651,1931,4652,-1,1931,1932,4652,-1,4652,1932,1920,-1,4652,1920,4653,-1,4653,1920,1919,-1,4653,1919,4682,-1,1896,1898,4644,-1,4644,1898,1906,-1,4644,1906,1913,-1,1912,4651,1913,-1,1913,4651,4645,-1,1913,4645,4644,-1,1561,1535,4626,-1,4626,1535,4678,-1,4626,4678,4625,-1,4625,4678,4280,-1,4625,4280,4279,-1,1896,4644,4684,-1,4684,4644,4654,-1,4684,4654,4685,-1,4654,4665,4685,-1,4685,4665,4666,-1,4685,4666,4686,-1,4666,4667,4686,-1,4686,4667,4589,-1,4686,4589,4687,-1,4589,4588,4687,-1,4687,4588,4586,-1,4687,4586,4688,-1,4245,4247,4672,-1,4672,4247,4688,-1,4672,4688,4585,-1,4585,4688,4586,-1,4689,144,93,-1,93,144,143,-1,93,143,83,-1,83,82,93,-1,93,82,137,-1,93,137,72,-1,4689,4690,144,-1,144,4690,4691,-1,144,4691,4692,-1,4693,4694,4695,-1,110,61,72,-1,72,61,60,-1,72,60,104,-1,125,72,131,-1,131,72,71,-1,104,50,72,-1,72,50,49,-1,72,49,93,-1,4695,4696,4697,-1,4692,4698,144,-1,144,4698,4695,-1,144,4695,4699,-1,4699,4695,4700,-1,125,120,72,-1,72,120,111,-1,72,111,110,-1,4697,4701,4695,-1,4695,4701,4702,-1,4695,4702,4693,-1,4694,4703,4695,-1,4695,4703,4704,-1,4695,4704,4700,-1,4705,1589,4706,-1,4706,1589,4707,-1,4708,4709,1583,-1,1583,4709,4710,-1,1583,4710,1589,-1,1589,4710,4711,-1,1589,4711,4707,-1,4712,4713,4705,-1,4705,4713,4714,-1,4705,4714,1589,-1,1589,4714,4715,-1,1589,4715,4716,-1,4717,2950,2952,-1,4718,1762,4719,-1,4719,1762,1755,-1,4719,1755,4720,-1,1542,1541,4680,-1,4708,1583,4721,-1,4721,1583,1577,-1,4721,1577,1572,-1,1755,4722,4723,-1,1836,2196,1837,-1,1837,2196,2197,-1,1837,2197,1831,-1,4724,2197,4725,-1,4725,2197,4726,-1,1542,4680,1567,-1,2928,2929,2806,-1,4727,4728,4729,-1,4723,4730,1755,-1,1755,4730,4731,-1,1755,4731,4720,-1,4720,4731,4732,-1,4720,4732,4733,-1,4734,4735,4736,-1,4736,4735,4737,-1,4736,4737,4738,-1,4718,4739,1762,-1,1762,4739,4740,-1,1762,4740,1820,-1,1820,4740,4741,-1,4716,4742,1589,-1,1589,4742,4743,-1,1589,4743,1632,-1,1632,4743,4744,-1,2928,2806,2927,-1,1708,1707,2466,-1,4733,4745,4720,-1,4720,4745,4746,-1,4720,4746,4747,-1,4747,4746,4748,-1,1799,1798,2198,-1,2198,1798,1810,-1,1572,1567,4721,-1,4721,1567,4680,-1,4721,4680,4749,-1,4749,4680,4681,-1,4749,4681,4750,-1,4750,4681,4751,-1,1615,1614,2958,-1,2958,1614,1622,-1,2932,2933,4752,-1,4752,2933,2934,-1,2934,2935,4752,-1,4752,2935,2936,-1,4752,2936,4753,-1,4753,2936,1644,-1,4753,1644,4717,-1,4717,1644,1643,-1,4717,1643,2950,-1,2950,1643,1646,-1,2950,1646,1645,-1,2929,2930,2806,-1,2806,2930,2931,-1,2806,2931,2932,-1,4727,4729,4754,-1,2547,2619,4755,-1,1708,2466,1738,-1,2197,2198,4726,-1,4726,2198,1810,-1,4726,1810,4741,-1,4741,1810,1815,-1,4741,1815,1820,-1,2952,2958,4717,-1,4717,2958,1622,-1,4717,1622,4744,-1,4744,1622,1627,-1,4744,1627,1632,-1,4756,4757,4758,-1,4758,4759,1832,-1,4759,4760,1832,-1,1832,4760,4761,-1,1832,4761,1945,-1,2619,2620,4755,-1,4755,2620,2621,-1,4755,2621,2622,-1,4755,4762,2547,-1,2547,4762,4763,-1,2547,4763,2540,-1,2540,4763,4764,-1,2540,4764,2539,-1,2539,4764,4765,-1,2539,4765,2517,-1,2517,4765,2468,-1,2517,2468,2480,-1,4722,1755,4766,-1,4766,1755,1748,-1,4766,1748,1743,-1,4738,4767,4736,-1,4736,4767,4768,-1,4736,4768,4746,-1,4746,4768,4769,-1,4746,4769,4748,-1,4770,2625,2626,-1,4752,4771,2932,-1,2932,4771,4770,-1,2932,4770,2806,-1,2806,4770,2626,-1,2806,2626,2627,-1,4772,4773,4728,-1,4761,4774,1945,-1,1945,4774,4751,-1,1945,4751,1944,-1,1944,4751,4681,-1,1944,4681,1918,-1,1918,4681,4682,-1,1918,4682,1919,-1,1743,1738,4766,-1,4766,1738,2466,-1,4766,2466,4765,-1,4765,2466,2467,-1,4765,2467,2468,-1,2622,2623,4770,-1,4770,2623,2624,-1,4770,2624,2625,-1,4770,4775,2622,-1,2622,4775,4776,-1,2622,4776,4755,-1,4755,4776,4772,-1,4755,4772,4777,-1,4777,4772,4728,-1,4773,4778,4728,-1,4728,4778,4779,-1,4728,4779,4729,-1,4729,4779,4780,-1,4780,4781,4729,-1,4729,4781,4782,-1,4729,4782,4783,-1,4783,4782,4784,-1,1831,2197,1832,-1,1832,2197,4724,-1,1832,4724,4758,-1,4758,4724,4785,-1,4758,4785,4756,-1,4712,4705,4786,-1,4786,4705,4787,-1,4786,4787,4788,-1,4788,4787,4789,-1,4788,4789,4782,-1,4782,4789,4790,-1,4782,4790,4784,-1,4757,4791,4758,-1,4758,4791,4792,-1,4758,4792,4793,-1,2927,2806,2737,-1,2737,2806,2705,-1,2737,2705,2704,-1,2660,2692,2752,-1,2752,2692,2780,-1,2660,2659,2692,-1,2692,2659,2737,-1,2692,2737,2693,-1,4794,4795,4729,-1,4729,4795,4796,-1,4729,4796,4754,-1,4736,4797,4734,-1,4734,4797,4798,-1,4734,4798,4793,-1,4793,4798,4799,-1,4793,4799,4758,-1,4758,4799,4795,-1,4758,4795,4800,-1,4800,4795,4794,-1,2704,2799,2737,-1,2737,2799,2789,-1,2737,2789,2693,-1,2627,2628,2806,-1,2806,2628,2836,-1,2806,2836,2727,-1,2716,2715,2820,-1,2820,2715,2827,-1,2727,2726,2806,-1,2806,2726,2827,-1,2806,2827,2813,-1,2813,2827,2715,-1,2780,2682,2752,-1,2752,2682,2681,-1,2752,2681,2767,-1,2767,2766,2752,-1,2752,2766,2671,-1,2752,2671,2753,-1,2753,2671,2670,-1,4801,4802,4803,-1,4804,4805,4806,-1,4807,4808,4809,-1,4810,4811,4812,-1,4813,4814,4815,-1,4816,4817,4818,-1,4819,4820,4821,-1,4699,4700,4822,-1,4822,4700,4823,-1,4822,4823,4824,-1,4824,4823,4825,-1,4824,4825,4826,-1,4826,4825,4827,-1,4826,4827,4828,-1,4828,4827,4829,-1,4828,4829,4830,-1,4830,4829,4821,-1,4703,4694,4831,-1,4831,4694,4832,-1,4831,4832,4833,-1,4833,4832,4834,-1,4833,4834,4835,-1,4835,4834,4836,-1,4835,4836,4837,-1,4837,4836,4838,-1,4837,4838,4839,-1,4839,4838,4818,-1,4695,4698,4840,-1,4840,4698,4841,-1,4840,4841,4842,-1,4842,4841,4843,-1,4842,4843,4844,-1,4844,4843,4845,-1,4844,4845,4846,-1,4846,4845,4847,-1,4846,4847,4848,-1,4848,4847,4806,-1,4691,4690,4849,-1,4849,4690,4850,-1,4849,4850,4851,-1,4851,4850,4852,-1,4851,4852,4853,-1,4853,4852,4854,-1,4853,4854,4855,-1,4855,4854,4856,-1,4855,4856,4857,-1,4857,4856,4803,-1,144,4699,145,-1,145,4699,4822,-1,145,4822,146,-1,146,4822,4824,-1,146,4824,147,-1,147,4824,4826,-1,147,4826,148,-1,148,4826,4828,-1,148,4828,149,-1,149,4828,4830,-1,149,4830,38,-1,38,4830,4858,-1,4821,4820,4830,-1,4830,4820,4859,-1,4830,4859,4858,-1,4860,4819,4861,-1,4861,4819,4821,-1,4861,4821,4862,-1,4862,4821,4829,-1,4862,4829,4863,-1,4863,4829,4827,-1,4863,4827,4864,-1,4864,4827,4825,-1,4864,4825,4865,-1,4865,4825,4823,-1,4865,4823,4704,-1,4704,4823,4700,-1,4704,4703,4865,-1,4865,4703,4831,-1,4865,4831,4864,-1,4864,4831,4833,-1,4864,4833,4863,-1,4863,4833,4835,-1,4863,4835,4862,-1,4862,4835,4837,-1,4862,4837,4861,-1,4861,4837,4839,-1,4861,4839,4860,-1,4860,4839,4866,-1,4818,4817,4839,-1,4839,4817,4867,-1,4839,4867,4866,-1,4868,4816,4869,-1,4869,4816,4818,-1,4869,4818,4870,-1,4870,4818,4838,-1,4870,4838,4871,-1,4871,4838,4836,-1,4871,4836,4872,-1,4872,4836,4834,-1,4872,4834,4873,-1,4873,4834,4832,-1,4873,4832,4693,-1,4693,4832,4694,-1,4693,4702,4873,-1,4873,4702,4874,-1,4873,4874,4872,-1,4872,4874,4875,-1,4872,4875,4871,-1,4871,4875,4876,-1,4871,4876,4870,-1,4870,4876,4877,-1,4870,4877,4869,-1,4869,4877,4815,-1,4869,4815,4868,-1,4868,4815,4814,-1,4811,4813,4812,-1,4812,4813,4815,-1,4812,4815,4878,-1,4878,4815,4877,-1,4878,4877,4879,-1,4879,4877,4876,-1,4879,4876,4880,-1,4880,4876,4875,-1,4880,4875,4881,-1,4881,4875,4874,-1,4881,4874,4701,-1,4701,4874,4702,-1,4808,4810,4809,-1,4809,4810,4812,-1,4809,4812,4882,-1,4882,4812,4878,-1,4882,4878,4883,-1,4883,4878,4879,-1,4883,4879,4884,-1,4884,4879,4880,-1,4884,4880,4885,-1,4885,4880,4881,-1,4885,4881,4697,-1,4697,4881,4701,-1,4886,4807,4887,-1,4887,4807,4809,-1,4887,4809,4888,-1,4888,4809,4882,-1,4888,4882,4889,-1,4889,4882,4883,-1,4889,4883,4890,-1,4890,4883,4884,-1,4890,4884,4891,-1,4891,4884,4885,-1,4891,4885,4696,-1,4696,4885,4697,-1,4696,4695,4891,-1,4891,4695,4840,-1,4891,4840,4890,-1,4890,4840,4842,-1,4890,4842,4889,-1,4889,4842,4844,-1,4889,4844,4888,-1,4888,4844,4846,-1,4888,4846,4887,-1,4887,4846,4848,-1,4887,4848,4886,-1,4886,4848,4892,-1,4806,4805,4848,-1,4848,4805,4893,-1,4848,4893,4892,-1,4894,4804,4895,-1,4895,4804,4806,-1,4895,4806,4896,-1,4896,4806,4847,-1,4896,4847,4897,-1,4897,4847,4845,-1,4897,4845,4898,-1,4898,4845,4843,-1,4898,4843,4899,-1,4899,4843,4841,-1,4899,4841,4692,-1,4692,4841,4698,-1,4692,4691,4899,-1,4899,4691,4849,-1,4899,4849,4898,-1,4898,4849,4851,-1,4898,4851,4897,-1,4897,4851,4853,-1,4897,4853,4896,-1,4896,4853,4855,-1,4896,4855,4895,-1,4895,4855,4857,-1,4895,4857,4894,-1,4894,4857,4900,-1,4803,4802,4857,-1,4857,4802,4901,-1,4857,4901,4900,-1,4902,4801,4903,-1,4903,4801,4803,-1,4903,4803,4904,-1,4904,4803,4856,-1,4904,4856,4905,-1,4905,4856,4854,-1,4905,4854,4906,-1,4906,4854,4852,-1,4906,4852,4907,-1,4907,4852,4850,-1,4907,4850,4689,-1,4689,4850,4690,-1,4689,93,4907,-1,4907,93,94,-1,4907,94,4906,-1,4906,94,95,-1,4906,95,4905,-1,4905,95,96,-1,4905,96,4904,-1,4904,96,97,-1,4904,97,4903,-1,4903,97,98,-1,4903,98,4902,-1,4902,98,0,-1,38,4858,39,-1,39,4858,4908,-1,4819,4909,4820,-1,4820,4909,4908,-1,4820,4908,4859,-1,4859,4908,4858,-1,4819,4860,4909,-1,4909,4860,4866,-1,4909,4866,4910,-1,4816,4911,4817,-1,4817,4911,4910,-1,4817,4910,4867,-1,4867,4910,4866,-1,4816,4868,4911,-1,4911,4868,4814,-1,4911,4814,4912,-1,4814,4813,4912,-1,4912,4813,4811,-1,4912,4811,4913,-1,4807,4914,4808,-1,4808,4914,4913,-1,4808,4913,4810,-1,4810,4913,4811,-1,4807,4886,4914,-1,4914,4886,4892,-1,4914,4892,4915,-1,4804,4916,4805,-1,4805,4916,4915,-1,4805,4915,4893,-1,4893,4915,4892,-1,4804,4894,4916,-1,4916,4894,4900,-1,4916,4900,4917,-1,4900,4901,4917,-1,4917,4901,4802,-1,4917,4802,4918,-1,0,2,4902,-1,4902,2,4918,-1,4902,4918,4801,-1,4801,4918,4802,-1,1383,1382,4272,-1,4272,4275,1383,-1,1383,4275,4278,-1,1383,4278,1456,-1,1456,4278,4280,-1,1456,4280,4678,-1,4678,1534,1456,-1,1456,1534,1532,-1,1456,1532,1514,-1,4244,4196,4267,-1,4267,4196,4260,-1,2207,2208,2205,-1,2215,2214,2222,-1,2464,2222,2204,-1,2204,2222,2214,-1,2204,2214,2205,-1,2205,2214,2206,-1,2205,2206,2207,-1,2213,2205,2212,-1,2212,2205,2211,-1,3220,3221,3879,-1,3905,3222,3916,-1,3916,3222,3223,-1,3916,3223,3917,-1,2208,2209,2205,-1,2205,2209,2210,-1,2205,2210,2211,-1,2221,2220,2222,-1,2222,2220,2219,-1,2222,2219,2218,-1,3879,3878,3220,-1,3220,3878,3867,-1,3220,3867,3219,-1,3219,3867,3854,-1,3219,3854,3198,-1,3198,3854,3793,-1,3198,3793,3199,-1,3905,3898,3222,-1,3222,3898,3891,-1,3222,3891,3221,-1,3221,3891,3886,-1,3221,3886,3879,-1,199,188,2229,-1,2229,188,2226,-1,238,237,2238,-1,2238,237,2235,-1,2247,4030,2244,-1,2244,4030,238,-1,2244,238,2241,-1,2241,238,2238,-1,2218,2217,2222,-1,2222,2217,2216,-1,2222,2216,2215,-1,2486,2487,2852,-1,2489,2849,2488,-1,2488,2849,2850,-1,2488,2850,2487,-1,2487,2850,2851,-1,2487,2851,2852,-1,2842,2972,2841,-1,2841,2972,2975,-1,2841,2975,2840,-1,237,226,2235,-1,2235,226,219,-1,2235,219,2232,-1,1962,1965,2253,-1,3917,3223,3924,-1,3924,3223,2965,-1,3924,2965,3935,-1,219,218,2232,-1,2232,218,207,-1,2232,207,2229,-1,2229,207,200,-1,2229,200,199,-1,1968,1971,4030,-1,4917,4918,4098,-1,4098,4918,2,-1,4098,2,4109,-1,2565,2567,2551,-1,2551,2567,2548,-1,2551,2548,2549,-1,3935,2965,283,-1,283,2965,2966,-1,283,2966,2969,-1,2848,162,2847,-1,2847,162,283,-1,2871,2873,2857,-1,2840,2975,2839,-1,2839,2975,2944,-1,2839,2944,2943,-1,2852,2853,2486,-1,2486,2853,2854,-1,2486,2854,2485,-1,2485,2854,2855,-1,2494,2497,2855,-1,2855,2497,2500,-1,2842,2843,2972,-1,2972,2843,2844,-1,2972,2844,2969,-1,2969,2844,2845,-1,2969,2845,283,-1,283,2845,2846,-1,283,2846,2847,-1,2848,2849,162,-1,162,2849,2489,-1,162,2489,163,-1,163,2489,2225,-1,163,2225,180,-1,180,2225,2226,-1,180,2226,181,-1,181,2226,188,-1,2859,2861,2857,-1,2857,2861,2863,-1,2857,2863,2865,-1,2943,2942,2839,-1,2839,2942,2941,-1,2839,2941,2940,-1,2247,2250,4030,-1,4030,2250,2253,-1,4030,2253,1968,-1,1968,2253,1965,-1,1971,1974,4030,-1,4030,1974,1977,-1,4030,1977,4031,-1,4031,1977,1980,-1,4031,1980,4046,-1,2500,2503,2855,-1,2855,2503,2481,-1,2855,2481,2485,-1,2865,2867,2857,-1,2857,2867,2869,-1,2857,2869,2871,-1,2873,2875,2857,-1,2857,2875,2837,-1,2857,2837,2937,-1,2937,2837,2838,-1,2937,2838,2938,-1,2938,2838,2839,-1,2938,2839,2939,-1,2939,2839,2940,-1,2464,2204,2258,-1,2258,2204,1955,-1,2258,1955,2256,-1,2256,1955,1956,-1,2256,1956,2253,-1,2253,1956,1959,-1,2253,1959,1962,-1,4046,1980,4047,-1,4047,1980,1983,-1,4047,1983,4053,-1,2549,2548,2856,-1,2856,2548,2490,-1,2856,2490,2855,-1,2855,2490,2492,-1,2855,2492,2494,-1,4909,1946,4908,-1,4908,1946,39,-1,2559,2561,2557,-1,2557,2561,2555,-1,2551,2553,2565,-1,2565,2553,2555,-1,2565,2555,2563,-1,2563,2555,2561,-1,1893,1896,34,-1,34,1896,4684,-1,34,4684,29,-1,29,4684,4685,-1,29,4685,27,-1,27,4685,4686,-1,27,4686,22,-1,22,4686,4687,-1,22,4687,20,-1,20,4687,17,-1,2,3,4109,-1,4109,3,5,-1,4109,5,10,-1,4688,4247,4114,-1,4075,4070,1986,-1,1986,4070,4064,-1,1986,4064,1983,-1,1983,4064,4063,-1,1983,4063,4053,-1,4914,4915,4098,-1,4098,4915,4916,-1,4098,4916,4917,-1,4114,4109,4688,-1,4688,4109,10,-1,4688,10,4687,-1,4687,10,12,-1,4687,12,17,-1,4141,4131,4248,-1,4248,4131,4125,-1,4248,4125,4247,-1,4247,4125,4124,-1,4247,4124,4114,-1,4254,4165,4251,-1,4251,4165,4159,-1,4159,4158,4251,-1,4251,4158,4148,-1,4251,4148,4248,-1,4248,4148,4142,-1,4248,4142,4141,-1,4260,4196,4257,-1,4257,4196,4176,-1,4257,4176,4254,-1,4254,4176,4175,-1,4254,4175,4165,-1,1884,1887,34,-1,34,1887,1890,-1,34,1890,1893,-1,4075,1986,4081,-1,4081,1986,1988,-1,4081,1988,4087,-1,4911,4912,2202,-1,2202,4912,4913,-1,2202,4913,2201,-1,2201,4913,4914,-1,2201,4914,2200,-1,2200,4914,4098,-1,2200,4098,1988,-1,1988,4098,4097,-1,1988,4097,4087,-1,4911,2202,4910,-1,4910,2202,2203,-1,4910,2203,4909,-1,4909,2203,2194,-1,4909,2194,1952,-1,39,1946,37,-1,37,1946,1880,-1,37,1880,34,-1,34,1880,1882,-1,34,1882,1884,-1,1952,1951,4909,-1,4909,1951,1950,-1,4909,1950,1949,-1,1949,1948,4909,-1,4909,1948,1947,-1,4909,1947,1946,-1,3185,3358,2979,-1,2979,3358,298,-1,2979,298,2981,-1,300,333,298,-1,298,333,335,-1,298,335,2981,-1,3185,3186,3358,-1,3358,3186,3187,-1,3358,3187,3188,-1,3995,244,243,-1,3995,243,4040,-1,4040,243,242,-1,4040,242,4038,-1,4038,242,241,-1,4038,241,4036,-1,4036,241,240,-1,4036,240,4034,-1,4034,240,239,-1,4034,239,4032,-1,4032,239,238,-1,4032,238,4030,-1,266,244,3994,-1,3994,244,3995,-1,266,3994,4919,-1,4919,3994,4920,-1,4919,4920,4921,-1,4921,4920,4922,-1,4921,4922,4923,-1,4923,4922,4924,-1,4923,4924,4925,-1,4925,4924,4926,-1,4925,4926,4927,-1,4927,4926,4928,-1,4927,4928,4929,-1,4929,4928,4930,-1,4929,4930,4931,-1,4931,4930,4932,-1,4931,4932,4933,-1,4933,4932,4934,-1,4933,4934,4935,-1,4935,4934,4936,-1,4935,4936,4937,-1,4937,4936,4938,-1,4937,4938,4939,-1,4939,4938,4940,-1,4939,4940,4941,-1,4941,4940,4942,-1,4943,250,251,-1,4943,251,4944,-1,4944,251,252,-1,4944,252,4945,-1,252,253,4945,-1,4945,253,254,-1,4945,254,4946,-1,4946,254,255,-1,4946,255,4947,-1,4947,255,256,-1,4947,256,4948,-1,256,257,4948,-1,4948,257,258,-1,4948,258,4949,-1,4949,258,259,-1,4949,259,4950,-1,4950,259,260,-1,4950,260,4951,-1,260,261,4951,-1,4951,261,262,-1,4951,262,4952,-1,4952,262,263,-1,4952,263,4953,-1,4953,263,264,-1,4953,264,4954,-1,4954,264,265,-1,4955,4956,4957,-1,4957,4956,4958,-1,265,266,4954,-1,4954,266,4919,-1,4954,4919,4921,-1,4921,4959,4954,-1,4954,4959,4960,-1,4954,4960,4953,-1,4953,4960,4961,-1,4953,4961,4952,-1,4952,4961,4962,-1,4952,4962,4951,-1,4951,4962,4963,-1,4951,4963,4950,-1,4950,4963,4964,-1,4950,4964,4949,-1,4949,4964,4965,-1,4949,4965,4948,-1,4948,4965,4966,-1,4948,4966,4947,-1,4947,4966,4967,-1,4947,4967,4946,-1,4946,4967,4968,-1,4946,4968,4945,-1,4945,4968,4957,-1,4945,4957,4944,-1,4944,4957,4958,-1,4944,4958,4943,-1,4969,4970,4955,-1,4955,4957,4969,-1,4969,4957,4968,-1,4969,4968,4971,-1,4971,4968,4967,-1,4971,4967,4972,-1,4972,4967,4966,-1,4972,4966,4973,-1,4973,4966,4965,-1,4973,4965,4974,-1,4974,4965,4964,-1,4974,4964,4975,-1,4975,4964,4963,-1,4975,4963,4976,-1,4976,4963,4962,-1,4976,4962,4977,-1,4977,4962,4961,-1,4977,4961,4978,-1,4978,4961,4960,-1,4978,4960,4979,-1,4979,4960,4959,-1,4979,4959,4980,-1,4981,4982,4983,-1,4983,4982,4984,-1,4921,4923,4959,-1,4959,4923,4925,-1,4959,4925,4980,-1,4980,4925,4927,-1,4980,4927,4929,-1,4929,4985,4980,-1,4980,4985,4986,-1,4980,4986,4979,-1,4979,4986,4987,-1,4979,4987,4978,-1,4978,4987,4988,-1,4978,4988,4977,-1,4977,4988,4989,-1,4977,4989,4976,-1,4976,4989,4990,-1,4976,4990,4975,-1,4975,4990,4991,-1,4975,4991,4974,-1,4974,4991,4992,-1,4974,4992,4973,-1,4973,4992,4993,-1,4973,4993,4972,-1,4972,4993,4994,-1,4972,4994,4971,-1,4971,4994,4983,-1,4971,4983,4969,-1,4969,4983,4984,-1,4969,4984,4970,-1,4995,4996,4997,-1,4997,4996,4981,-1,4981,4983,4997,-1,4997,4983,4994,-1,4997,4994,4998,-1,4998,4994,4993,-1,4998,4993,4999,-1,4999,4993,4992,-1,4999,4992,5000,-1,5000,4992,4991,-1,5000,4991,5001,-1,5001,4991,4990,-1,5001,4990,5002,-1,5002,4990,4989,-1,5002,4989,5003,-1,5003,4989,4988,-1,5003,4988,5004,-1,5004,4988,4987,-1,5004,4987,5005,-1,5005,4987,4986,-1,5005,4986,5006,-1,5006,4986,4985,-1,5006,4985,5007,-1,5008,5009,5010,-1,5010,5009,4995,-1,4929,4931,4985,-1,4985,4931,4933,-1,4985,4933,5007,-1,5007,4933,4935,-1,5007,4935,4937,-1,4995,4997,5010,-1,5010,4997,4998,-1,5010,4998,5011,-1,5011,4998,4999,-1,5011,4999,5012,-1,5012,4999,5000,-1,5012,5000,5013,-1,5013,5000,5001,-1,5013,5001,5014,-1,5014,5001,5002,-1,5014,5002,5015,-1,5015,5002,5003,-1,5015,5003,5016,-1,5016,5003,5004,-1,5016,5004,5017,-1,5017,5004,5005,-1,5017,5005,5018,-1,5018,5005,5006,-1,5018,5006,5019,-1,5019,5006,5007,-1,5019,5007,5020,-1,5020,5007,4937,-1,5020,4937,4939,-1,5008,5010,5021,-1,5021,5010,5011,-1,5021,5011,5022,-1,5022,5011,5012,-1,5022,5012,5023,-1,5023,5012,5013,-1,5023,5013,5024,-1,5024,5013,5014,-1,5024,5014,5025,-1,5025,5014,5015,-1,5025,5015,5026,-1,5026,5015,5016,-1,5026,5016,5027,-1,5027,5016,5017,-1,5027,5017,5028,-1,5028,5017,5018,-1,5028,5018,5029,-1,5029,5018,5019,-1,5029,5019,5030,-1,5030,5019,5020,-1,5030,5020,5031,-1,5031,5020,4939,-1,5031,4939,4941,-1,5032,3957,5033,-1,5034,5035,4943,-1,4943,5035,5036,-1,4943,5036,5037,-1,5037,5038,4943,-1,4943,5038,5039,-1,4943,5039,5040,-1,5040,5041,4943,-1,4943,5041,5042,-1,4943,5042,250,-1,5033,5034,5032,-1,5032,5034,4943,-1,5032,4943,5043,-1,5043,4943,4958,-1,5043,4958,5044,-1,5044,4958,4956,-1,5044,4956,5045,-1,5045,4956,4955,-1,5045,4955,5046,-1,5046,4955,4970,-1,5046,4970,5047,-1,5047,4970,4984,-1,5047,4984,5048,-1,5048,4984,4982,-1,5048,4982,5049,-1,5049,4982,4981,-1,5049,4981,5050,-1,5050,4981,4996,-1,5050,4996,5051,-1,5051,4996,4995,-1,5051,4995,5052,-1,5052,4995,5009,-1,5052,5009,5053,-1,5053,5009,5008,-1,5054,3941,3942,-1,5054,3942,5055,-1,5055,3942,3943,-1,5055,3943,5056,-1,3943,3944,5056,-1,5056,3944,3945,-1,5056,3945,5057,-1,5057,3945,3946,-1,5057,3946,5058,-1,5058,3946,3947,-1,5058,3947,5059,-1,3947,3948,5059,-1,5059,3948,3949,-1,5059,3949,5060,-1,5060,3949,3950,-1,5060,3950,5061,-1,5061,3950,3951,-1,5061,3951,5062,-1,3951,3952,5062,-1,5062,3952,3953,-1,5062,3953,5063,-1,5063,3953,3954,-1,5063,3954,5064,-1,5064,3954,3955,-1,5064,3955,5065,-1,5065,3955,3956,-1,5066,5067,5068,-1,5068,5067,5069,-1,3956,3957,5065,-1,5065,3957,5032,-1,5065,5032,5043,-1,5043,5070,5065,-1,5065,5070,5071,-1,5065,5071,5064,-1,5064,5071,5072,-1,5064,5072,5063,-1,5063,5072,5073,-1,5063,5073,5062,-1,5062,5073,5074,-1,5062,5074,5061,-1,5061,5074,5075,-1,5061,5075,5060,-1,5060,5075,5076,-1,5060,5076,5059,-1,5059,5076,5077,-1,5059,5077,5058,-1,5058,5077,5078,-1,5058,5078,5057,-1,5057,5078,5079,-1,5057,5079,5056,-1,5056,5079,5068,-1,5056,5068,5055,-1,5055,5068,5069,-1,5055,5069,5054,-1,5080,5081,5066,-1,5066,5068,5080,-1,5080,5068,5079,-1,5080,5079,5082,-1,5082,5079,5078,-1,5082,5078,5083,-1,5083,5078,5077,-1,5083,5077,5084,-1,5084,5077,5076,-1,5084,5076,5085,-1,5085,5076,5075,-1,5085,5075,5086,-1,5086,5075,5074,-1,5086,5074,5087,-1,5087,5074,5073,-1,5087,5073,5088,-1,5088,5073,5072,-1,5088,5072,5089,-1,5089,5072,5071,-1,5089,5071,5090,-1,5090,5071,5070,-1,5090,5070,5091,-1,5092,5093,5094,-1,5094,5093,5095,-1,5043,5044,5070,-1,5070,5044,5045,-1,5070,5045,5091,-1,5091,5045,5046,-1,5091,5046,5047,-1,5047,5096,5091,-1,5091,5096,5097,-1,5091,5097,5090,-1,5090,5097,5098,-1,5090,5098,5089,-1,5089,5098,5099,-1,5089,5099,5088,-1,5088,5099,5100,-1,5088,5100,5087,-1,5087,5100,5101,-1,5087,5101,5086,-1,5086,5101,5102,-1,5086,5102,5085,-1,5085,5102,5103,-1,5085,5103,5084,-1,5084,5103,5104,-1,5084,5104,5083,-1,5083,5104,5105,-1,5083,5105,5082,-1,5082,5105,5094,-1,5082,5094,5080,-1,5080,5094,5095,-1,5080,5095,5081,-1,5106,5107,5108,-1,5108,5107,5092,-1,5092,5094,5108,-1,5108,5094,5105,-1,5108,5105,5109,-1,5109,5105,5104,-1,5109,5104,5110,-1,5110,5104,5103,-1,5110,5103,5111,-1,5111,5103,5102,-1,5111,5102,5112,-1,5112,5102,5101,-1,5112,5101,5113,-1,5113,5101,5100,-1,5113,5100,5114,-1,5114,5100,5099,-1,5114,5099,5115,-1,5115,5099,5098,-1,5115,5098,5116,-1,5116,5098,5097,-1,5116,5097,5117,-1,5117,5097,5096,-1,5117,5096,5118,-1,5119,5120,5121,-1,5121,5120,5106,-1,5047,5048,5096,-1,5096,5048,5049,-1,5096,5049,5118,-1,5118,5049,5050,-1,5118,5050,5051,-1,5106,5108,5121,-1,5121,5108,5109,-1,5121,5109,5122,-1,5122,5109,5110,-1,5122,5110,5123,-1,5123,5110,5111,-1,5123,5111,5124,-1,5124,5111,5112,-1,5124,5112,5125,-1,5125,5112,5113,-1,5125,5113,5126,-1,5126,5113,5114,-1,5126,5114,5127,-1,5127,5114,5115,-1,5127,5115,5128,-1,5128,5115,5116,-1,5128,5116,5129,-1,5129,5116,5117,-1,5129,5117,5130,-1,5130,5117,5118,-1,5130,5118,5131,-1,5131,5118,5051,-1,5131,5051,5052,-1,5119,5121,5132,-1,5132,5121,5122,-1,5132,5122,5133,-1,5133,5122,5123,-1,5133,5123,5134,-1,5134,5123,5124,-1,5134,5124,5135,-1,5135,5124,5125,-1,5135,5125,5136,-1,5136,5125,5126,-1,5136,5126,5137,-1,5137,5126,5127,-1,5137,5127,5138,-1,5138,5127,5128,-1,5138,5128,5139,-1,5139,5128,5129,-1,5139,5129,5140,-1,5140,5129,5130,-1,5140,5130,5141,-1,5141,5130,5131,-1,5141,5131,5142,-1,5142,5131,5052,-1,5142,5052,5053,-1,3958,3941,5143,-1,5143,3941,5054,-1,5143,5054,5144,-1,5144,5054,5069,-1,5144,5069,5145,-1,5145,5069,5067,-1,5145,5067,5146,-1,5146,5067,5066,-1,5146,5066,5147,-1,5147,5066,5081,-1,5147,5081,5148,-1,5148,5081,5095,-1,5148,5095,5149,-1,5149,5095,5093,-1,5149,5093,5150,-1,5150,5093,5092,-1,5150,5092,5151,-1,5151,5092,5107,-1,5151,5107,5152,-1,5152,5107,5106,-1,5152,5106,5153,-1,5153,5106,5120,-1,5153,5120,5154,-1,5154,5120,5119,-1,5155,3960,3962,-1,5155,3962,5156,-1,5156,3962,3964,-1,5156,3964,5157,-1,3964,3966,5157,-1,5157,3966,3968,-1,5157,3968,5158,-1,5158,3968,3970,-1,5158,3970,5159,-1,5159,3970,3972,-1,5159,3972,5160,-1,3972,3974,5160,-1,5160,3974,3976,-1,5160,3976,5161,-1,5161,3976,3978,-1,5161,3978,5162,-1,5162,3978,3980,-1,5162,3980,5163,-1,3980,3982,5163,-1,5163,3982,3984,-1,5163,3984,5164,-1,5164,3984,3986,-1,5164,3986,5165,-1,5165,3986,3988,-1,5165,3988,5166,-1,5166,3988,3990,-1,5167,5168,5169,-1,5169,5168,5170,-1,3990,3958,5166,-1,5166,3958,5143,-1,5166,5143,5144,-1,5144,5171,5166,-1,5166,5171,5172,-1,5166,5172,5165,-1,5165,5172,5173,-1,5165,5173,5164,-1,5164,5173,5174,-1,5164,5174,5163,-1,5163,5174,5175,-1,5163,5175,5162,-1,5162,5175,5176,-1,5162,5176,5161,-1,5161,5176,5177,-1,5161,5177,5160,-1,5160,5177,5178,-1,5160,5178,5159,-1,5159,5178,5179,-1,5159,5179,5158,-1,5158,5179,5180,-1,5158,5180,5157,-1,5157,5180,5169,-1,5157,5169,5156,-1,5156,5169,5170,-1,5156,5170,5155,-1,5181,5182,5167,-1,5167,5169,5181,-1,5181,5169,5180,-1,5181,5180,5183,-1,5183,5180,5179,-1,5183,5179,5184,-1,5184,5179,5178,-1,5184,5178,5185,-1,5185,5178,5177,-1,5185,5177,5186,-1,5186,5177,5176,-1,5186,5176,5187,-1,5187,5176,5175,-1,5187,5175,5188,-1,5188,5175,5174,-1,5188,5174,5189,-1,5189,5174,5173,-1,5189,5173,5190,-1,5190,5173,5172,-1,5190,5172,5191,-1,5191,5172,5171,-1,5191,5171,5192,-1,5193,5194,5195,-1,5195,5194,5196,-1,5144,5145,5171,-1,5171,5145,5146,-1,5171,5146,5192,-1,5192,5146,5147,-1,5192,5147,5148,-1,5148,5197,5192,-1,5192,5197,5198,-1,5192,5198,5191,-1,5191,5198,5199,-1,5191,5199,5190,-1,5190,5199,5200,-1,5190,5200,5189,-1,5189,5200,5201,-1,5189,5201,5188,-1,5188,5201,5202,-1,5188,5202,5187,-1,5187,5202,5203,-1,5187,5203,5186,-1,5186,5203,5204,-1,5186,5204,5185,-1,5185,5204,5205,-1,5185,5205,5184,-1,5184,5205,5206,-1,5184,5206,5183,-1,5183,5206,5195,-1,5183,5195,5181,-1,5181,5195,5196,-1,5181,5196,5182,-1,5207,5208,5209,-1,5209,5208,5193,-1,5193,5195,5209,-1,5209,5195,5206,-1,5209,5206,5210,-1,5210,5206,5205,-1,5210,5205,5211,-1,5211,5205,5204,-1,5211,5204,5212,-1,5212,5204,5203,-1,5212,5203,5213,-1,5213,5203,5202,-1,5213,5202,5214,-1,5214,5202,5201,-1,5214,5201,5215,-1,5215,5201,5200,-1,5215,5200,5216,-1,5216,5200,5199,-1,5216,5199,5217,-1,5217,5199,5198,-1,5217,5198,5218,-1,5218,5198,5197,-1,5218,5197,5219,-1,5220,5221,5222,-1,5222,5221,5207,-1,5148,5149,5197,-1,5197,5149,5150,-1,5197,5150,5219,-1,5219,5150,5151,-1,5219,5151,5152,-1,5207,5209,5222,-1,5222,5209,5210,-1,5222,5210,5223,-1,5223,5210,5211,-1,5223,5211,5224,-1,5224,5211,5212,-1,5224,5212,5225,-1,5225,5212,5213,-1,5225,5213,5226,-1,5226,5213,5214,-1,5226,5214,5227,-1,5227,5214,5215,-1,5227,5215,5228,-1,5228,5215,5216,-1,5228,5216,5229,-1,5229,5216,5217,-1,5229,5217,5230,-1,5230,5217,5218,-1,5230,5218,5231,-1,5231,5218,5219,-1,5231,5219,5232,-1,5232,5219,5152,-1,5232,5152,5153,-1,5220,5222,5233,-1,5233,5222,5223,-1,5233,5223,5234,-1,5234,5223,5224,-1,5234,5224,5235,-1,5235,5224,5225,-1,5235,5225,5236,-1,5236,5225,5226,-1,5236,5226,5237,-1,5237,5226,5227,-1,5237,5227,5238,-1,5238,5227,5228,-1,5238,5228,5239,-1,5239,5228,5229,-1,5239,5229,5240,-1,5240,5229,5230,-1,5240,5230,5241,-1,5241,5230,5231,-1,5241,5231,5242,-1,5242,5231,5232,-1,5242,5232,5243,-1,5243,5232,5153,-1,5243,5153,5154,-1,3992,3960,5244,-1,5244,3960,5155,-1,5244,5155,5245,-1,5245,5155,5170,-1,5245,5170,5246,-1,5246,5170,5168,-1,5246,5168,5247,-1,5247,5168,5167,-1,5247,5167,5248,-1,5248,5167,5182,-1,5248,5182,5249,-1,5249,5182,5196,-1,5249,5196,5250,-1,5250,5196,5194,-1,5250,5194,5251,-1,5251,5194,5193,-1,5251,5193,5252,-1,5252,5193,5208,-1,5252,5208,5253,-1,5253,5208,5207,-1,5253,5207,5254,-1,5254,5207,5221,-1,5254,5221,5255,-1,5255,5221,5220,-1,4920,3994,3996,-1,4920,3996,5256,-1,5256,3996,3998,-1,5256,3998,5257,-1,3998,4000,5257,-1,5257,4000,4002,-1,5257,4002,5258,-1,5258,4002,4004,-1,5258,4004,5259,-1,5259,4004,4006,-1,5259,4006,5260,-1,4006,4008,5260,-1,5260,4008,4010,-1,5260,4010,5261,-1,5261,4010,4012,-1,5261,4012,5262,-1,5262,4012,4014,-1,5262,4014,5263,-1,4014,4016,5263,-1,5263,4016,4018,-1,5263,4018,5264,-1,5264,4018,4020,-1,5264,4020,5265,-1,5265,4020,4022,-1,5265,4022,5266,-1,5266,4022,4024,-1,4926,4924,5267,-1,5267,4924,4922,-1,4024,3992,5266,-1,5266,3992,5244,-1,5266,5244,5245,-1,5245,5268,5266,-1,5266,5268,5269,-1,5266,5269,5265,-1,5265,5269,5270,-1,5265,5270,5264,-1,5264,5270,5271,-1,5264,5271,5263,-1,5263,5271,5272,-1,5263,5272,5262,-1,5262,5272,5273,-1,5262,5273,5261,-1,5261,5273,5274,-1,5261,5274,5260,-1,5260,5274,5275,-1,5260,5275,5259,-1,5259,5275,5276,-1,5259,5276,5258,-1,5258,5276,5277,-1,5258,5277,5257,-1,5257,5277,5267,-1,5257,5267,5256,-1,5256,5267,4922,-1,5256,4922,4920,-1,5278,4928,4926,-1,4926,5267,5278,-1,5278,5267,5277,-1,5278,5277,5279,-1,5279,5277,5276,-1,5279,5276,5280,-1,5280,5276,5275,-1,5280,5275,5281,-1,5281,5275,5274,-1,5281,5274,5282,-1,5282,5274,5273,-1,5282,5273,5283,-1,5283,5273,5272,-1,5283,5272,5284,-1,5284,5272,5271,-1,5284,5271,5285,-1,5285,5271,5270,-1,5285,5270,5286,-1,5286,5270,5269,-1,5286,5269,5287,-1,5287,5269,5268,-1,5287,5268,5288,-1,4934,4932,5289,-1,5289,4932,4930,-1,5245,5246,5268,-1,5268,5246,5247,-1,5268,5247,5288,-1,5288,5247,5248,-1,5288,5248,5249,-1,5249,5290,5288,-1,5288,5290,5291,-1,5288,5291,5287,-1,5287,5291,5292,-1,5287,5292,5286,-1,5286,5292,5293,-1,5286,5293,5285,-1,5285,5293,5294,-1,5285,5294,5284,-1,5284,5294,5295,-1,5284,5295,5283,-1,5283,5295,5296,-1,5283,5296,5282,-1,5282,5296,5297,-1,5282,5297,5281,-1,5281,5297,5298,-1,5281,5298,5280,-1,5280,5298,5299,-1,5280,5299,5279,-1,5279,5299,5289,-1,5279,5289,5278,-1,5278,5289,4930,-1,5278,4930,4928,-1,4938,4936,5300,-1,5300,4936,4934,-1,4934,5289,5300,-1,5300,5289,5299,-1,5300,5299,5301,-1,5301,5299,5298,-1,5301,5298,5302,-1,5302,5298,5297,-1,5302,5297,5303,-1,5303,5297,5296,-1,5303,5296,5304,-1,5304,5296,5295,-1,5304,5295,5305,-1,5305,5295,5294,-1,5305,5294,5306,-1,5306,5294,5293,-1,5306,5293,5307,-1,5307,5293,5292,-1,5307,5292,5308,-1,5308,5292,5291,-1,5308,5291,5309,-1,5309,5291,5290,-1,5309,5290,5310,-1,4942,4940,5311,-1,5311,4940,4938,-1,5249,5250,5290,-1,5290,5250,5251,-1,5290,5251,5310,-1,5310,5251,5252,-1,5310,5252,5253,-1,4938,5300,5311,-1,5311,5300,5301,-1,5311,5301,5312,-1,5312,5301,5302,-1,5312,5302,5313,-1,5313,5302,5303,-1,5313,5303,5314,-1,5314,5303,5304,-1,5314,5304,5315,-1,5315,5304,5305,-1,5315,5305,5316,-1,5316,5305,5306,-1,5316,5306,5317,-1,5317,5306,5307,-1,5317,5307,5318,-1,5318,5307,5308,-1,5318,5308,5319,-1,5319,5308,5309,-1,5319,5309,5320,-1,5320,5309,5310,-1,5320,5310,5321,-1,5321,5310,5253,-1,5321,5253,5254,-1,4942,5311,5322,-1,5322,5311,5312,-1,5322,5312,5323,-1,5323,5312,5313,-1,5323,5313,5324,-1,5324,5313,5314,-1,5324,5314,5325,-1,5325,5314,5315,-1,5325,5315,5326,-1,5326,5315,5316,-1,5326,5316,5327,-1,5327,5316,5317,-1,5327,5317,5328,-1,5328,5317,5318,-1,5328,5318,5329,-1,5329,5318,5319,-1,5329,5319,5330,-1,5330,5319,5320,-1,5330,5320,5331,-1,5331,5320,5321,-1,5331,5321,5332,-1,5332,5321,5254,-1,5332,5254,5255,-1,5132,5133,5140,-1,5140,5141,5333,-1,5333,5141,5142,-1,5333,5142,5053,-1,5132,5140,5119,-1,5119,5140,5333,-1,5119,5333,5154,-1,5233,5334,5220,-1,5220,5334,5335,-1,5220,5335,5255,-1,5233,5234,5334,-1,5334,5234,5235,-1,5334,5235,5236,-1,5134,5138,5133,-1,5133,5138,5139,-1,5133,5139,5140,-1,5134,5135,5138,-1,5138,5135,5136,-1,5138,5136,5137,-1,5336,4941,5337,-1,5337,4941,4942,-1,5333,5334,5154,-1,5154,5334,5236,-1,5154,5236,5243,-1,5243,5236,5237,-1,5237,5238,5243,-1,5243,5238,5239,-1,5243,5239,5242,-1,5242,5239,5240,-1,5242,5240,5241,-1,5335,5338,5255,-1,5255,5338,5337,-1,5255,5337,5332,-1,5332,5337,4942,-1,5332,4942,5322,-1,5329,5330,5331,-1,5022,5023,5028,-1,5030,5031,5021,-1,5322,5323,5332,-1,5332,5323,5324,-1,5332,5324,5325,-1,5024,5025,5026,-1,5031,4941,5021,-1,5021,4941,5336,-1,5021,5336,5008,-1,5008,5336,5339,-1,5008,5339,5053,-1,5053,5339,5340,-1,5053,5340,5333,-1,5325,5326,5332,-1,5332,5326,5327,-1,5332,5327,5331,-1,5331,5327,5328,-1,5331,5328,5329,-1,5024,5026,5023,-1,5023,5026,5027,-1,5023,5027,5028,-1,5022,5028,5021,-1,5021,5028,5029,-1,5021,5029,5030,-1,5340,5341,5333,-1,5333,5341,5342,-1,5333,5342,5334,-1,5334,5342,5343,-1,5334,5343,5335,-1,5335,5343,5344,-1,5335,5344,5338,-1,5338,5344,5345,-1,5338,5345,5337,-1,5337,5345,5346,-1,5337,5346,5336,-1,5336,5346,5347,-1,5336,5347,5339,-1,5339,5347,5348,-1,5339,5348,5340,-1,5340,5348,5341,-1,5349,5350,5351,-1,5351,5350,5352,-1,5353,5354,5355,-1,5355,5354,5356,-1,5357,5358,5359,-1,5359,5358,5360,-1,5361,5362,5363,-1,5363,5362,5364,-1,5365,5366,5367,-1,5367,5366,5368,-1,5369,5370,5371,-1,5371,5370,5372,-1,5367,5369,5365,-1,5365,5369,5371,-1,5365,5371,5373,-1,5373,5371,5374,-1,5375,5376,5377,-1,5377,5376,5378,-1,5376,5379,5378,-1,5378,5379,5380,-1,5381,5382,5383,-1,5383,5384,5385,-1,5385,5384,5386,-1,5385,5386,5387,-1,5387,5386,5388,-1,5383,5385,5381,-1,5381,5385,5389,-1,5381,5389,5390,-1,5389,5391,5390,-1,5390,5391,5392,-1,5390,5392,5393,-1,5393,5392,5394,-1,5393,5394,5395,-1,5394,5396,5395,-1,5395,5396,5397,-1,5395,5397,5398,-1,5397,5399,5398,-1,5398,5399,5400,-1,5398,5400,5379,-1,5379,5400,5401,-1,5379,5401,5380,-1,5402,5382,5381,-1,5403,5402,5404,-1,5405,5403,5406,-1,5407,5408,5409,-1,5410,5407,5411,-1,5412,5410,5413,-1,5414,5415,5416,-1,5408,5417,5418,-1,5418,5417,5405,-1,5419,5420,5421,-1,5421,5420,5422,-1,5421,5422,5423,-1,5423,5422,5424,-1,5423,5424,5414,-1,5414,5424,5425,-1,5414,5425,5415,-1,5426,5419,5427,-1,5427,5419,5421,-1,5427,5421,5428,-1,5428,5421,5423,-1,5428,5423,5429,-1,5429,5423,5414,-1,5429,5414,5430,-1,5430,5414,5416,-1,5430,5416,5412,-1,5431,5432,5433,-1,5434,5432,5435,-1,5435,5432,5431,-1,5435,5431,5436,-1,5437,5436,5426,-1,5426,5436,5431,-1,5426,5431,5419,-1,5419,5431,5433,-1,5419,5433,5420,-1,5412,5413,5430,-1,5430,5413,5438,-1,5430,5438,5429,-1,5429,5438,5439,-1,5429,5439,5428,-1,5428,5439,5440,-1,5428,5440,5427,-1,5427,5440,5441,-1,5427,5441,5426,-1,5426,5441,5442,-1,5426,5442,5437,-1,5410,5411,5413,-1,5413,5411,5443,-1,5413,5443,5438,-1,5438,5443,5444,-1,5438,5444,5439,-1,5439,5444,5445,-1,5439,5445,5440,-1,5440,5445,5446,-1,5440,5446,5441,-1,5441,5446,5447,-1,5441,5447,5442,-1,5448,5449,5450,-1,5407,5409,5411,-1,5411,5409,5451,-1,5411,5451,5443,-1,5443,5451,5452,-1,5443,5452,5444,-1,5444,5452,5453,-1,5444,5453,5445,-1,5445,5453,5448,-1,5445,5448,5446,-1,5446,5448,5450,-1,5446,5450,5447,-1,5408,5418,5409,-1,5409,5418,5454,-1,5409,5454,5451,-1,5451,5454,5455,-1,5451,5455,5452,-1,5452,5455,5456,-1,5452,5456,5453,-1,5453,5456,5457,-1,5453,5457,5448,-1,5448,5457,5458,-1,5448,5458,5449,-1,5405,5406,5418,-1,5418,5406,5459,-1,5418,5459,5454,-1,5454,5459,5460,-1,5454,5460,5455,-1,5455,5460,5461,-1,5455,5461,5456,-1,5456,5461,5462,-1,5456,5462,5457,-1,5457,5462,5463,-1,5457,5463,5458,-1,5464,5465,5466,-1,5403,5404,5406,-1,5406,5404,5467,-1,5406,5467,5459,-1,5459,5467,5468,-1,5459,5468,5460,-1,5460,5468,5469,-1,5460,5469,5461,-1,5461,5469,5464,-1,5461,5464,5462,-1,5462,5464,5466,-1,5462,5466,5463,-1,5402,5381,5404,-1,5404,5381,5390,-1,5404,5390,5467,-1,5467,5390,5393,-1,5467,5393,5468,-1,5468,5393,5395,-1,5468,5395,5469,-1,5469,5395,5398,-1,5469,5398,5464,-1,5464,5398,5379,-1,5464,5379,5465,-1,5379,5376,5465,-1,5465,5376,5470,-1,5465,5470,5466,-1,5466,5470,5463,-1,5463,5470,5471,-1,5463,5471,5458,-1,5458,5471,5449,-1,5449,5471,5472,-1,5449,5472,5450,-1,5450,5472,5447,-1,5447,5472,5473,-1,5447,5473,5442,-1,5442,5473,5437,-1,5437,5473,5474,-1,5437,5474,5436,-1,5436,5474,5435,-1,5435,5474,5475,-1,5435,5475,5434,-1,5476,5475,5477,-1,5477,5475,5474,-1,5477,5474,5478,-1,5478,5474,5479,-1,5479,5474,5473,-1,5479,5473,5480,-1,5480,5473,5481,-1,5481,5473,5472,-1,5481,5472,5482,-1,5482,5472,5483,-1,5483,5472,5471,-1,5483,5471,5484,-1,5484,5471,5485,-1,5485,5471,5470,-1,5485,5470,5486,-1,5486,5470,5487,-1,5487,5470,5376,-1,5487,5376,5375,-1,5488,5489,5476,-1,5476,5489,5475,-1,5489,5490,5475,-1,5475,5490,5434,-1,5491,5492,5493,-1,5493,5425,5424,-1,5491,5493,5494,-1,5494,5493,5424,-1,5494,5424,5495,-1,5495,5424,5496,-1,5496,5424,5422,-1,5496,5422,5497,-1,5497,5422,5498,-1,5498,5422,5420,-1,5498,5420,5499,-1,5499,5420,5433,-1,5499,5433,5500,-1,5500,5433,5501,-1,5501,5433,5432,-1,5501,5432,5502,-1,5502,5432,5503,-1,5503,5432,5434,-1,5503,5434,5490,-1,5504,5503,5490,-1,5503,5504,5502,-1,5500,5501,5505,-1,5506,5507,5508,-1,5509,5510,5511,-1,5512,5513,5514,-1,5515,5512,5516,-1,5517,5518,5519,-1,5519,5518,5520,-1,5511,5510,5521,-1,5492,5491,5522,-1,5522,5491,5523,-1,5522,5523,5524,-1,5524,5523,5521,-1,5524,5521,5525,-1,5525,5521,5510,-1,5520,5518,5526,-1,5526,5518,5527,-1,5526,5527,5528,-1,5529,5530,5531,-1,5491,5494,5523,-1,5523,5494,5507,-1,5523,5507,5521,-1,5521,5507,5506,-1,5521,5506,5511,-1,5528,5527,5532,-1,5532,5527,5533,-1,5532,5533,5534,-1,5535,5530,5536,-1,5536,5530,5529,-1,5536,5529,5537,-1,5534,5533,5538,-1,5538,5533,5539,-1,5538,5539,5540,-1,5541,5535,5542,-1,5542,5535,5536,-1,5542,5536,5543,-1,5543,5536,5537,-1,5543,5537,5544,-1,5494,5495,5507,-1,5507,5495,5496,-1,5507,5496,5508,-1,5508,5496,5497,-1,5508,5497,5498,-1,5513,5509,5531,-1,5531,5509,5511,-1,5531,5511,5529,-1,5529,5511,5506,-1,5529,5506,5537,-1,5537,5506,5508,-1,5537,5508,5544,-1,5544,5508,5498,-1,5544,5498,5499,-1,5540,5539,5545,-1,5545,5539,5546,-1,5545,5546,5547,-1,5548,5546,5549,-1,5549,5546,5539,-1,5549,5539,5550,-1,5550,5539,5533,-1,5550,5533,5551,-1,5551,5533,5527,-1,5551,5527,5552,-1,5552,5527,5518,-1,5552,5518,5553,-1,5553,5518,5517,-1,5553,5517,5515,-1,5499,5500,5544,-1,5544,5500,5505,-1,5544,5505,5543,-1,5543,5505,5554,-1,5543,5554,5542,-1,5542,5554,5555,-1,5542,5555,5541,-1,5541,5555,5556,-1,5557,5558,5559,-1,5501,5502,5505,-1,5505,5502,5504,-1,5505,5504,5554,-1,5554,5504,5560,-1,5554,5560,5555,-1,5555,5560,5561,-1,5555,5561,5556,-1,5556,5561,5562,-1,5563,5558,5564,-1,5564,5558,5557,-1,5564,5557,5565,-1,5566,5565,5548,-1,5548,5565,5557,-1,5548,5557,5546,-1,5546,5557,5559,-1,5546,5559,5547,-1,5515,5516,5553,-1,5553,5516,5567,-1,5553,5567,5552,-1,5552,5567,5568,-1,5552,5568,5551,-1,5551,5568,5569,-1,5551,5569,5550,-1,5550,5569,5570,-1,5550,5570,5549,-1,5549,5570,5571,-1,5549,5571,5548,-1,5548,5571,5572,-1,5548,5572,5566,-1,5512,5514,5516,-1,5516,5514,5573,-1,5516,5573,5567,-1,5567,5573,5574,-1,5567,5574,5568,-1,5568,5574,5575,-1,5568,5575,5569,-1,5569,5575,5576,-1,5569,5576,5570,-1,5570,5576,5577,-1,5570,5577,5571,-1,5571,5577,5578,-1,5571,5578,5572,-1,5513,5531,5514,-1,5514,5531,5530,-1,5514,5530,5573,-1,5573,5530,5535,-1,5573,5535,5574,-1,5574,5535,5541,-1,5574,5541,5575,-1,5575,5541,5556,-1,5575,5556,5576,-1,5576,5556,5562,-1,5576,5562,5577,-1,5577,5562,5579,-1,5577,5579,5578,-1,5490,5580,5504,-1,5504,5580,5581,-1,5504,5581,5560,-1,5560,5581,5582,-1,5560,5582,5561,-1,5561,5582,5583,-1,5561,5583,5562,-1,5562,5583,5584,-1,5562,5584,5579,-1,5490,5489,5580,-1,5580,5489,5585,-1,5580,5585,5581,-1,5581,5585,5582,-1,5582,5585,5586,-1,5582,5586,5583,-1,5583,5586,5584,-1,5584,5586,5587,-1,5584,5587,5579,-1,5579,5587,5578,-1,5578,5587,5588,-1,5578,5588,5572,-1,5572,5588,5566,-1,5566,5588,5589,-1,5566,5589,5565,-1,5565,5589,5564,-1,5564,5589,5590,-1,5564,5590,5563,-1,5591,5590,5592,-1,5592,5590,5589,-1,5592,5589,5593,-1,5593,5589,5594,-1,5594,5589,5588,-1,5594,5588,5595,-1,5595,5588,5596,-1,5596,5588,5587,-1,5596,5587,5597,-1,5597,5587,5598,-1,5598,5587,5586,-1,5598,5586,5599,-1,5599,5586,5600,-1,5600,5586,5585,-1,5600,5585,5601,-1,5601,5585,5602,-1,5602,5585,5489,-1,5602,5489,5488,-1,5603,5604,5591,-1,5591,5604,5590,-1,5604,5605,5590,-1,5590,5605,5563,-1,5606,5607,5608,-1,5519,5520,5609,-1,5609,5520,5606,-1,5609,5606,5610,-1,5610,5606,5608,-1,5520,5526,5606,-1,5606,5526,5528,-1,5606,5528,5611,-1,5528,5532,5611,-1,5611,5532,5534,-1,5611,5534,5612,-1,5612,5534,5538,-1,5612,5538,5613,-1,5538,5540,5613,-1,5613,5540,5545,-1,5613,5545,5614,-1,5545,5547,5614,-1,5614,5547,5559,-1,5614,5559,5605,-1,5605,5559,5558,-1,5605,5558,5563,-1,5615,5616,5617,-1,5618,5607,5606,-1,5619,5620,5621,-1,5622,5619,5623,-1,5624,5625,5615,-1,5615,5625,5626,-1,5615,5626,5616,-1,5616,5626,5627,-1,5620,5628,5629,-1,5629,5628,5618,-1,5630,5617,5631,-1,5631,5617,5616,-1,5631,5616,5632,-1,5632,5616,5627,-1,5632,5627,5633,-1,5634,5630,5635,-1,5635,5630,5631,-1,5635,5631,5636,-1,5636,5631,5632,-1,5636,5632,5637,-1,5637,5632,5633,-1,5637,5633,5638,-1,5639,5640,5641,-1,5642,5634,5643,-1,5643,5634,5635,-1,5643,5635,5644,-1,5644,5635,5636,-1,5644,5636,5645,-1,5645,5636,5637,-1,5645,5637,5646,-1,5646,5637,5638,-1,5646,5638,5622,-1,5647,5640,5648,-1,5648,5640,5639,-1,5648,5639,5649,-1,5650,5651,5652,-1,5652,5651,5653,-1,5652,5653,5654,-1,5654,5653,5655,-1,5654,5655,5656,-1,5656,5655,5657,-1,5656,5657,5658,-1,5658,5657,5659,-1,5658,5659,5660,-1,5661,5647,5662,-1,5662,5647,5648,-1,5662,5648,5663,-1,5663,5648,5649,-1,5663,5649,5664,-1,5664,5649,5665,-1,5651,5665,5653,-1,5653,5665,5649,-1,5653,5649,5655,-1,5655,5649,5639,-1,5655,5639,5657,-1,5657,5639,5641,-1,5657,5641,5659,-1,5666,5650,5642,-1,5642,5650,5652,-1,5642,5652,5634,-1,5634,5652,5654,-1,5634,5654,5630,-1,5630,5654,5656,-1,5630,5656,5617,-1,5617,5656,5658,-1,5617,5658,5615,-1,5615,5658,5660,-1,5615,5660,5624,-1,5622,5623,5646,-1,5646,5623,5667,-1,5646,5667,5645,-1,5645,5667,5668,-1,5645,5668,5644,-1,5644,5668,5669,-1,5644,5669,5643,-1,5643,5669,5670,-1,5643,5670,5642,-1,5642,5670,5671,-1,5642,5671,5666,-1,5619,5621,5623,-1,5623,5621,5672,-1,5623,5672,5667,-1,5667,5672,5673,-1,5667,5673,5668,-1,5668,5673,5674,-1,5668,5674,5669,-1,5669,5674,5675,-1,5669,5675,5670,-1,5670,5675,5676,-1,5670,5676,5671,-1,5677,5678,5679,-1,5620,5629,5621,-1,5621,5629,5680,-1,5621,5680,5672,-1,5672,5680,5681,-1,5672,5681,5673,-1,5673,5681,5682,-1,5673,5682,5674,-1,5674,5682,5677,-1,5674,5677,5675,-1,5675,5677,5679,-1,5675,5679,5676,-1,5618,5606,5629,-1,5629,5606,5611,-1,5629,5611,5680,-1,5680,5611,5612,-1,5680,5612,5681,-1,5681,5612,5613,-1,5681,5613,5682,-1,5682,5613,5614,-1,5682,5614,5677,-1,5677,5614,5605,-1,5677,5605,5678,-1,5605,5604,5678,-1,5678,5604,5683,-1,5678,5683,5679,-1,5679,5683,5676,-1,5676,5683,5684,-1,5676,5684,5671,-1,5671,5684,5666,-1,5666,5684,5685,-1,5666,5685,5650,-1,5650,5685,5651,-1,5651,5685,5686,-1,5651,5686,5665,-1,5665,5686,5664,-1,5664,5686,5687,-1,5664,5687,5663,-1,5663,5687,5662,-1,5662,5687,5688,-1,5662,5688,5661,-1,5689,5688,5690,-1,5690,5688,5687,-1,5690,5687,5691,-1,5691,5687,5692,-1,5692,5687,5686,-1,5692,5686,5693,-1,5693,5686,5694,-1,5694,5686,5685,-1,5694,5685,5695,-1,5695,5685,5696,-1,5696,5685,5684,-1,5696,5684,5697,-1,5697,5684,5698,-1,5698,5684,5683,-1,5698,5683,5699,-1,5699,5683,5700,-1,5700,5683,5604,-1,5700,5604,5603,-1,5701,5702,5703,-1,5703,5702,5704,-1,5689,5705,5688,-1,5688,5705,5706,-1,5707,5708,5709,-1,5709,5708,5705,-1,5710,5705,5711,-1,5711,5705,5712,-1,5708,5713,5705,-1,5705,5713,5714,-1,5705,5714,5712,-1,5712,5714,5715,-1,5712,5715,5716,-1,5710,5717,5705,-1,5705,5717,5718,-1,5705,5718,5706,-1,5719,5720,5721,-1,5721,5720,5722,-1,5721,5722,5709,-1,5709,5722,5723,-1,5709,5723,5707,-1,5724,5725,5726,-1,5726,5725,5727,-1,5726,5727,5728,-1,5728,5727,5729,-1,5728,5729,5730,-1,5724,5731,5725,-1,5725,5731,5732,-1,5725,5732,5733,-1,5733,5732,5734,-1,5733,5734,5719,-1,5719,5734,5735,-1,5719,5735,5720,-1,5736,5737,5738,-1,5738,5737,5739,-1,5738,5739,5729,-1,5729,5739,5740,-1,5729,5740,5730,-1,5741,5370,5742,-1,5742,5370,5743,-1,5742,5743,5744,-1,5744,5743,5745,-1,5744,5745,5746,-1,5746,5745,5747,-1,5746,5747,5736,-1,5736,5747,5748,-1,5736,5748,5737,-1,5359,5749,5372,-1,5750,5351,5741,-1,5741,5351,5352,-1,5372,5370,5359,-1,5359,5370,5741,-1,5359,5741,5357,-1,5357,5741,5352,-1,5357,5352,5751,-1,5751,5352,5752,-1,5752,5352,5350,-1,5372,5749,5371,-1,5371,5749,5753,-1,5349,5754,5350,-1,5350,5754,5755,-1,5350,5755,5752,-1,5371,5753,5374,-1,5374,5753,5756,-1,5757,5758,5759,-1,5759,5758,5760,-1,5761,5762,5756,-1,5756,5762,5755,-1,5754,5763,5755,-1,5755,5763,5759,-1,5755,5759,5756,-1,5756,5759,5760,-1,5756,5760,5374,-1,5374,5760,5373,-1,5764,5765,5766,-1,5766,5765,5767,-1,5768,5769,5770,-1,5770,5769,5771,-1,5772,5762,5773,-1,5773,5762,5761,-1,5773,5774,5772,-1,5772,5774,5775,-1,5772,5775,5776,-1,5768,5770,5761,-1,5761,5770,5777,-1,5761,5777,5773,-1,5773,5777,5778,-1,5773,5778,5779,-1,5779,5778,5780,-1,5779,5780,5781,-1,5781,5780,5782,-1,5781,5782,5783,-1,5783,5782,5766,-1,5783,5766,5767,-1,5363,5355,5356,-1,5759,5361,5363,-1,5757,5759,5784,-1,5784,5759,5363,-1,5784,5363,5785,-1,5785,5363,5356,-1,5751,5752,5755,-1,5776,5358,5357,-1,5357,5751,5776,-1,5776,5751,5755,-1,5776,5755,5772,-1,5772,5755,5762,-1,5786,5787,5785,-1,5785,5787,5784,-1,5788,5758,5789,-1,5784,5787,5757,-1,5757,5787,5790,-1,5757,5790,5758,-1,5789,5791,5788,-1,5788,5791,5792,-1,5788,5792,5793,-1,5758,5790,5789,-1,5789,5790,5794,-1,5789,5794,5795,-1,5795,5794,5796,-1,5795,5796,5797,-1,5797,5796,5798,-1,5797,5798,5799,-1,5799,5798,5765,-1,5799,5765,5764,-1,5800,5786,5785,-1,5354,5793,5792,-1,5792,5801,5354,-1,5354,5801,5800,-1,5354,5800,5356,-1,5356,5800,5785,-1,5802,5803,5804,-1,5804,5803,5805,-1,5804,5805,5806,-1,5806,5805,5807,-1,5806,5807,5808,-1,5808,5807,5809,-1,5808,5809,5810,-1,5810,5809,5811,-1,5810,5811,5812,-1,5812,5811,5813,-1,5812,5813,5801,-1,5801,5813,5800,-1,5814,5815,5816,-1,5816,5815,5817,-1,5815,5818,5817,-1,5817,5818,5819,-1,5817,5819,5820,-1,5821,5822,5823,-1,5823,5822,5820,-1,5823,5820,5824,-1,5824,5820,5819,-1,5821,5825,5822,-1,5822,5825,5826,-1,5822,5826,5827,-1,5826,5828,5827,-1,5827,5828,5829,-1,5827,5829,5830,-1,5829,5831,5830,-1,5830,5831,5832,-1,5830,5832,5833,-1,5803,5802,5834,-1,5834,5802,5833,-1,5834,5833,5835,-1,5835,5833,5832,-1,5836,5837,5838,-1,5838,5837,5839,-1,5837,5840,5839,-1,5839,5840,5841,-1,5839,5841,5842,-1,5843,5844,5845,-1,5845,5844,5842,-1,5845,5842,5846,-1,5846,5842,5841,-1,5843,5847,5844,-1,5844,5847,5848,-1,5844,5848,5849,-1,5848,5850,5849,-1,5849,5850,5851,-1,5849,5851,5852,-1,5851,5853,5852,-1,5852,5853,5854,-1,5852,5854,5855,-1,5856,5857,5858,-1,5858,5857,5855,-1,5858,5855,5859,-1,5859,5855,5854,-1,5857,5856,5860,-1,5860,5856,5861,-1,5861,5862,5860,-1,5860,5862,5863,-1,5864,5865,5866,-1,5866,5865,5863,-1,5866,5863,5867,-1,5867,5863,5862,-1,5864,5868,5865,-1,5865,5868,5869,-1,5865,5869,5870,-1,5871,5872,5873,-1,5873,5872,5870,-1,5873,5870,5874,-1,5874,5870,5869,-1,5871,5875,5872,-1,5872,5875,5876,-1,5872,5876,5877,-1,5876,5878,5877,-1,5877,5878,5879,-1,5877,5879,5880,-1,5881,5882,5883,-1,5883,5882,5880,-1,5883,5880,5884,-1,5884,5880,5879,-1,5882,5881,5885,-1,5885,5881,5886,-1,5886,5887,5885,-1,5885,5887,5888,-1,5889,5890,5891,-1,5891,5890,5888,-1,5891,5888,5892,-1,5892,5888,5887,-1,5889,5893,5890,-1,5890,5893,5894,-1,5890,5894,5895,-1,5896,5897,5898,-1,5898,5897,5895,-1,5898,5895,5899,-1,5899,5895,5894,-1,5896,5900,5897,-1,5897,5900,5901,-1,5897,5901,5902,-1,5901,5903,5902,-1,5902,5903,5904,-1,5902,5904,5905,-1,5906,5907,5908,-1,5908,5907,5905,-1,5908,5905,5909,-1,5909,5905,5904,-1,5907,5906,5816,-1,5816,5906,5814,-1,
        ]
    }
}
Shape{
    appearance Appearance {
        material  Material 	{
            diffuseColor 0.7294117647058823 0.3568627450980392 0.023529411764705882
            specularColor 0.36470588235294116 0.17647058823529413 0.011764705882352941
            ambientIntensity 0.2
            transparency 0
            shininess 0.5
        }
    }
    geometry IndexedFaceSet {
        ccw TRUE
        solid FALSE
        coord DEF co Coordinate {
            point [
                -3.7043 1.8243 -5.85, -3.58 1.9196 -5.85, -4.5142 3.0227 -5.85, -3.3277 4.2092 -5.85, 3.88 1.9 -5.85, 5.0754 1.9214 -5.85, 5.0021 2.2265 -5.85, -4.1791 0.4139 -5.85, -3.88 1.4 -5.85, -4.2821 0.6735 -5.85, -4.4321 0.9091 -5.85, -4.2821 -0.6735 -5.85, -4.4321 -0.9091 -5.85, -3.88 -1.4 -5.85, 3.8248 2.3895 -5.85, -3.7996 -1.7 -5.85, -4.882 -2.5165 -5.85, -3.7043 -1.8243 -5.85, -4.718 -2.7841 -5.85, -3.58 -1.9196 -5.85, -4.5142 -3.0227 -5.85, -3.4353 -1.9796 -5.85, -3.3277 -4.2092 -5.85, -3.28 -2.0 -5.85, -3.8596 -1.5553 -5.85, -1.9135 4.795 -5.85, -0.4873 4.1 -5.85, 1.9135 4.795 -5.85, 1.68 4.1 -5.85, 2.2264 4.7704 -5.85, 2.1695 4.0448 -5.85, 2.5315 4.6971 -5.85, 2.6345 3.8821 -5.85, 4.5142 3.0227 -5.85, 3.3277 4.2092 -5.85, 3.0517 3.62 -5.85, 3.0891 4.413 -5.85, 2.8215 4.577 -5.85, -4.718 2.7841 -5.85, -4.882 2.5165 -5.85, -3.7996 1.7 -5.85, -5.0021 2.2265 -5.85, -3.8596 1.5553 -5.85, -5.0754 1.9214 -5.85, -5.1 1.6085 -5.85, -4.1266 0.1396 -5.85, -4.1266 -0.1396 -5.85, -4.1791 -0.4139 -5.85, -2.67 2.175 -5.85, -2.5672 2.6167 -5.85, -2.3761 3.0279 -5.85, -3.0891 4.413 -5.85, -2.1047 3.3912 -5.85, -2.8215 4.577 -5.85, -1.7646 3.6912 -5.85, -2.5315 4.6971 -5.85, -2.2264 4.7704 -5.85, -1.3702 3.915 -5.85, -0.9383 4.0533 -5.85, 3.4 3.2717 -5.85, 3.6621 2.8545 -5.85, 4.718 2.7841 -5.85, 4.882 2.5165 -5.85, 4.1791 0.4139 -5.85, 4.2821 0.6735 -5.85, 2.6345 -3.8821 -5.85, 2.1695 -4.0448 -5.85, 2.5315 -4.6971 -5.85, -4.6236 1.1123 -5.85, -4.85 1.2759 -5.85, -5.1 1.393 -5.85, -4.6236 -1.1123 -5.85, -4.85 -1.2759 -5.85, -5.1 -1.393 -5.85, 3.88 -1.9 -5.85, 4.1266 -0.1396 -5.85, 4.1266 0.1396 -5.85, 4.4321 0.9091 -5.85, 4.6236 1.1123 -5.85, 4.85 1.2759 -5.85, -5.1 -1.6085 -5.85, -5.0754 -1.9214 -5.85, -5.0021 -2.2265 -5.85, -3.4353 1.9796 -5.85, -3.28 2.0 -5.85, -2.8684 2.0 -5.85, -2.6817 2.1284 -5.85, 4.4321 -0.9091 -5.85, 4.2821 -0.6735 -5.85, 4.1791 -0.4139 -5.85, -0.4873 -4.1 -5.85, -1.9135 -4.795 -5.85, 1.68 -4.1 -5.85, 1.9135 -4.795 -5.85, 2.2264 -4.7704 -5.85, 3.8248 -2.3895 -5.85, 4.85 -1.2759 -5.85, 4.6236 -1.1123 -5.85, 5.1 1.393 -5.85, 5.1 1.6085 -5.85, -3.0891 -4.413 -5.85, -2.1047 -3.3912 -5.85, -2.8215 -4.577 -5.85, -1.7646 -3.6912 -5.85, 2.8215 -4.577 -5.85, 3.0891 -4.413 -5.85, 3.0517 -3.62 -5.85, 3.3277 -4.2092 -5.85, 3.4 -3.2717 -5.85, 4.5142 -3.0227 -5.85, 3.6621 -2.8545 -5.85, 4.718 -2.7841 -5.85, 4.882 -2.5165 -5.85, 5.0021 -2.2265 -5.85, -0.9383 -4.0533 -5.85, -1.3702 -3.915 -5.85, -2.2264 -4.7704 -5.85, -2.5315 -4.6971 -5.85, -2.8207 2.0058 -5.85, -2.7758 2.0228 -5.85, 5.1 -1.393 -5.85, 5.1 -1.6085 -5.85, 5.0754 -1.9214 -5.85, -2.7361 2.05 -5.85, -2.7042 2.0859 -5.85, -2.3761 -3.0279 -5.85, -2.5672 -2.6167 -5.85, -2.67 -2.175 -5.85, -2.8684 -2.0 -5.85, -2.6817 -2.1284 -5.85, -2.7042 -2.0859 -5.85, -2.7361 -2.05 -5.85, -2.7758 -2.0228 -5.85, -2.8207 -2.0058 -5.85, -7.0209 0.4139 -5.85, -6.9179 0.6735 -5.85, -7.25 2.565 -5.85, 7.25 2.565 -5.85, 7.0734 -0.1396 -5.85, 7.25 -2.565 -5.85, 7.0209 -0.4139 -5.85, 6.9179 -0.6735 -5.85, 6.7679 -0.9091 -5.85, 6.5764 -1.1123 -5.85, 6.35 -1.2759 -5.85, 6.35 1.2759 -5.85, 6.5764 1.1123 -5.85, 6.7679 0.9091 -5.85, 6.9179 0.6735 -5.85, 7.0209 0.4139 -5.85, 7.0734 0.1396 -5.85, -6.35 -1.2759 -5.85, -6.5764 -1.1123 -5.85, -7.25 -2.565 -5.85, -6.7679 -0.9091 -5.85, -6.9179 -0.6735 -5.85, -7.0209 -0.4139 -5.85, -7.0734 -0.1396 -5.85, -7.0734 0.1396 -5.85, -6.7679 0.9091 -5.85, -6.5764 1.1123 -5.85, -6.35 1.2759 -5.85, -3.4135 -5.3931 -5.85, -3.7398 -5.1751 -5.85, -3.175 -6.64 -5.85, 3.4135 5.3931 -5.85, 3.7398 5.1751 -5.85, 3.175 6.64 -5.85, 6.0743 -2.0001 -5.85, 5.9978 -2.385 -5.85, 5.8716 -2.7566 -5.85, 5.6981 -3.1085 -5.85, 5.4801 -3.4348 -5.85, 5.2213 -3.7298 -5.85, 3.175 -6.64 -5.85, 4.0348 -4.9163 -5.85, 3.7398 -5.1751 -5.85, 6.1 -1.393 -5.85, 6.1 -1.6085 -5.85, 3.4135 -5.3931 -5.85, 3.0616 -5.5666 -5.85, 2.69 -5.6928 -5.85, -2.3051 -5.7693 -5.85, -2.69 -5.6928 -5.85, -3.0616 -5.5666 -5.85, -4.0348 -4.9163 -5.85, -5.2213 -3.7298 -5.85, -5.4801 -3.4348 -5.85, -5.6981 -3.1085 -5.85, -5.8716 -2.7566 -5.85, -5.9978 -2.385 -5.85, -6.0743 2.0001 -5.85, -5.9978 2.385 -5.85, -5.8716 2.7566 -5.85, -5.6981 3.1085 -5.85, -5.4801 3.4348 -5.85, -5.2213 3.7298 -5.85, -3.175 6.64 -5.85, -4.0348 4.9163 -5.85, -3.7398 5.1751 -5.85, -6.1 -1.393 -5.85, -6.1 -1.6085 -5.85, -6.0743 -2.0001 -5.85, -6.1 1.393 -5.85, -6.1 1.6085 -5.85, -3.4135 5.3931 -5.85, -3.0616 5.5666 -5.85, -2.69 5.6928 -5.85, 2.3051 5.7693 -5.85, 2.69 5.6928 -5.85, 3.0616 5.5666 -5.85, 4.0348 4.9163 -5.85, 5.2213 3.7298 -5.85, 5.4801 3.4348 -5.85, 5.6981 3.1085 -5.85, 5.8716 2.7566 -5.85, 5.9978 2.385 -5.85, 2.3051 -5.7693 -5.85, 1.9135 -5.795 -5.85, -1.9135 -5.795 -5.85, 6.1 1.393 -5.85, 6.1 1.6085 -5.85, 6.0743 2.0001 -5.85, -2.3051 5.7693 -5.85, -1.9135 5.795 -5.85, 1.9135 5.795 -5.85, 1.9135 5.795 -5.85
            ]
        }
        coordIndex [
            0,1,2,-1,2,1,3,-1,4,5,6,-1,7,8,9,-1,9,8,10,-1,11,12,13,-1,4,6,14,-1,15,16,17,-1,17,16,18,-1,17,18,19,-1,19,18,20,-1,19,20,21,-1,21,20,22,-1,21,22,23,-1,13,12,24,-1,25,26,27,-1,27,26,28,-1,27,28,29,-1,29,28,30,-1,29,30,31,-1,31,30,32,-1,33,34,35,-1,35,34,36,-1,35,36,32,-1,32,36,37,-1,32,37,31,-1,2,38,0,-1,0,38,39,-1,0,39,40,-1,40,39,41,-1,40,41,42,-1,42,41,43,-1,42,43,44,-1,7,45,8,-1,8,45,46,-1,8,46,13,-1,13,46,47,-1,13,47,11,-1,48,49,3,-1,3,49,50,-1,3,50,51,-1,51,50,52,-1,51,52,53,-1,53,52,54,-1,53,54,55,-1,55,54,56,-1,56,54,57,-1,56,57,25,-1,25,57,58,-1,25,58,26,-1,35,59,33,-1,33,59,60,-1,33,60,61,-1,61,60,14,-1,61,14,62,-1,62,14,6,-1,4,63,64,-1,65,66,67,-1,10,8,68,-1,68,8,42,-1,68,42,69,-1,69,42,44,-1,69,44,70,-1,12,71,24,-1,24,71,72,-1,24,72,73,-1,74,75,4,-1,4,75,76,-1,4,76,63,-1,64,77,4,-1,4,77,78,-1,4,78,79,-1,73,80,24,-1,24,80,81,-1,24,81,15,-1,15,81,82,-1,15,82,16,-1,1,83,3,-1,3,83,84,-1,3,84,48,-1,48,84,85,-1,48,85,86,-1,87,88,74,-1,74,88,89,-1,74,89,75,-1,90,91,92,-1,92,91,93,-1,92,93,66,-1,66,93,94,-1,66,94,67,-1,95,96,74,-1,74,96,97,-1,74,97,87,-1,79,98,4,-1,4,98,99,-1,4,99,5,-1,22,100,101,-1,101,100,102,-1,101,102,103,-1,67,104,65,-1,65,104,105,-1,65,105,106,-1,106,105,107,-1,106,107,108,-1,108,107,109,-1,108,109,110,-1,110,109,111,-1,110,111,95,-1,95,111,112,-1,95,112,113,-1,90,114,91,-1,91,114,115,-1,91,115,116,-1,116,115,103,-1,116,103,117,-1,117,103,102,-1,85,118,119,-1,120,96,121,-1,121,96,95,-1,121,95,122,-1,122,95,113,-1,119,123,85,-1,85,123,124,-1,85,124,86,-1,101,125,22,-1,22,125,126,-1,22,126,23,-1,23,126,127,-1,23,127,128,-1,128,127,129,-1,129,130,131,-1,131,132,129,-1,129,132,133,-1,129,133,128,-1,134,135,136,-1,137,138,139,-1,139,138,140,-1,139,140,141,-1,141,142,139,-1,139,142,143,-1,139,143,144,-1,145,146,137,-1,137,146,147,-1,137,147,148,-1,148,149,137,-1,137,149,150,-1,137,150,138,-1,151,152,153,-1,153,152,154,-1,153,154,155,-1,155,156,153,-1,153,156,157,-1,153,157,136,-1,136,157,158,-1,136,158,134,-1,135,159,136,-1,136,159,160,-1,136,160,161,-1,162,163,164,-1,165,166,167,-1,168,169,139,-1,139,169,170,-1,139,170,171,-1,171,172,139,-1,139,172,173,-1,139,173,174,-1,174,173,175,-1,174,175,176,-1,144,177,139,-1,139,177,178,-1,139,178,168,-1,176,179,174,-1,174,179,180,-1,174,180,181,-1,182,183,164,-1,164,183,184,-1,164,184,162,-1,163,185,164,-1,164,185,186,-1,164,186,153,-1,153,186,187,-1,187,188,153,-1,153,188,189,-1,153,189,190,-1,191,192,136,-1,136,192,193,-1,136,193,194,-1,194,195,136,-1,136,195,196,-1,136,196,197,-1,197,196,198,-1,197,198,199,-1,200,151,201,-1,201,151,153,-1,201,153,202,-1,202,153,190,-1,161,203,136,-1,136,203,204,-1,136,204,191,-1,199,205,197,-1,197,205,206,-1,197,206,207,-1,208,209,167,-1,167,209,210,-1,167,210,165,-1,166,211,167,-1,167,211,212,-1,167,212,137,-1,137,212,213,-1,213,214,137,-1,137,214,215,-1,137,215,216,-1,181,217,174,-1,174,217,218,-1,174,218,164,-1,164,218,219,-1,164,219,182,-1,220,145,221,-1,221,145,137,-1,221,137,222,-1,222,137,216,-1,207,223,197,-1,197,223,224,-1,197,224,167,-1,167,224,225,-1,167,225,208,-1,
        ]
    }
}
Shape{
    appearance Appearance {
        material  Material 	{
            diffuseColor 0.5019607843137255 0.5019607843137255 0.5019607843137255
            specularColor 0.25098039215686274 0.25098039215686274 0.25098039215686274
            ambientIntensity 0.2
            transparency 0
            shininess 0.5
        }
    }
    geometry IndexedFaceSet {
        ccw TRUE
        solid FALSE
        coord DEF co Coordinate {
            point [
                -2.8684 2.0 -5.85, -2.8684 2.0 -0.1, -2.8207 2.0058 -5.85, -2.8207 2.0058 -0.1, -2.7758 2.0228 -5.85, -2.7758 2.0228 -0.1, -2.7361 2.05 -5.85, -2.7361 2.05 -0.1, -2.7042 2.0859 -5.85, -2.7042 2.0859 -0.1, -2.6817 2.1284 -5.85, -2.6817 2.1284 -0.1, -2.67 2.175 -5.85, -2.67 2.175 -0.1, -2.6675 2.1747 -0.0777, -2.6785 2.1272 -0.0741, -2.6663 2.1745 -0.0742, -2.6692 2.1236 -0.05, -2.8684 1.9971 -0.0778, -2.8199 2.0025 -0.0741, -2.8684 1.9966 -0.0741, -2.8684 1.9895 -0.0569, -2.8175 1.9928 -0.05, -2.6543 2.1179 -0.0293, -2.6484 2.1723 -0.0377, -2.6602 2.1738 -0.0566, -2.8684 1.9866 -0.05, -2.8684 1.9775 -0.0382, -2.8137 1.9773 -0.0293, -2.6125 2.1018 -0.0034, -2.6138 2.1679 -0.0099, -2.635 2.1105 -0.0134, -2.6326 2.1703 -0.0218, -2.6405 2.1713 -0.0297, -2.8684 1.9707 -0.0293, -2.8684 1.9618 -0.0225, -2.8088 1.9572 -0.0134, -2.7014 2.0839 -0.0741, -2.6932 2.0783 -0.05, -2.6801 2.0692 -0.0293, -2.6631 2.0574 -0.0134, -2.6433 2.0436 -0.0034, -2.7339 2.0474 -0.0741, -2.7273 2.04 -0.05, -2.7168 2.028 -0.0293, -2.7031 2.0125 -0.0134, -2.6871 1.9944 -0.0034, -2.7742 2.0197 -0.0741, -2.7695 2.0109 -0.05, -2.7622 1.9968 -0.0293, -2.7526 1.9785 -0.0134, -2.7414 1.9571 -0.0034, -2.803 1.9338 -0.0034, -2.5708 2.1625 0.0, -2.5929 2.1653 -0.0025, -2.5963 2.1657 -0.0037, -2.8684 1.95 -0.0134, -2.8684 1.9431 -0.0105, -2.8684 1.9259 -0.0034, -2.8684 1.9222 -0.0029, -2.5883 2.0926 0.0, -2.622 2.0288 0.0, -2.67 1.975 0.0, -2.7294 1.9342 0.0, -2.7969 1.9087 0.0, -2.8684 1.9 0.0, -0.9369 4.0476 -0.1, -1.1818 3.9875 -0.1, -1.181 3.9851 -0.0777, -1.3675 3.9086 -0.1, -1.5067 3.8495 -0.1, -1.5056 3.8473 -0.0777, -2.102 3.389 -0.1, -2.2941 3.1552 -0.1, -2.292 3.1537 -0.0777, -2.3701 3.0244 -0.1, -2.4715 2.8501 -0.1, -2.4693 2.849 -0.0777, -2.5618 2.6146 -0.1, -2.5979 2.5205 -0.1, -2.5955 2.5198 -0.0777, -0.8266 3.9949 -0.0025, -0.8231 3.973 0.0, -0.4873 4.0 0.0, -2.502 2.4923 0.0, -2.5233 2.4986 -0.0025, -2.5436 2.5046 -0.0099, -0.4873 4.0223 -0.0025, -0.4873 4.0258 -0.0037, -0.83 4.0158 -0.0099, -0.4873 4.0434 -0.0099, -0.4873 4.0497 -0.0139, -0.8331 4.0345 -0.0218, -2.577 2.5144 -0.0377, -2.5618 2.5099 -0.0218, -0.4873 4.0623 -0.0218, -0.4873 4.0703 -0.0297, -0.8356 4.0502 -0.0377, -0.4873 4.0782 -0.0377, -0.4873 4.0861 -0.0503, -0.8375 4.0619 -0.0566, -2.5884 2.5177 -0.0566, -1.7455 3.5813 0.0, -1.4604 3.7609 0.0, -1.7588 3.5992 -0.0025, -1.4707 3.7806 -0.0025, -1.7715 3.6161 -0.0099, -1.4805 3.7994 -0.0099, -1.7828 3.6313 -0.0218, -1.4893 3.8162 -0.0218, -1.7923 3.6439 -0.0377, -1.4966 3.8302 -0.0377, -1.7994 3.6535 -0.0566, -1.5021 3.8408 -0.0566, -1.8039 3.6594 -0.0777, -2.3813 2.8069 0.0, -2.4014 2.8165 -0.0025, -2.4205 2.8256 -0.0099, -2.4376 2.8338 -0.0218, -2.4519 2.8406 -0.0377, -2.4626 2.8458 -0.0566, -2.2859 3.1495 -0.0566, -2.2761 3.1427 -0.0377, -2.2631 3.1337 -0.0218, -2.2476 3.1229 -0.0099, -2.2302 3.1108 -0.0025, -2.2119 3.0981 0.0, -2.0701 3.428 -0.1, -2.0683 3.4262 -0.0777, -2.063 3.4211 -0.0566, -2.0544 3.4128 -0.0377, -2.043 3.4018 -0.0218, -2.0294 3.3886 -0.0099, -2.0142 3.374 -0.0025, -1.9981 3.3585 0.0, -1.8054 3.6614 -0.1, -1.7628 3.6883 -0.1, -1.1503 3.8926 0.0, -1.1573 3.9137 -0.0025, -1.164 3.9338 -0.0099, -1.17 3.9518 -0.0218, -1.175 3.9668 -0.0377, -1.1787 3.9781 -0.0566, -0.8391 4.0717 -0.1, -0.8387 4.0692 -0.0777, -0.4873 4.0901 -0.0566, -0.4873 4.0963 -0.0742, -0.4873 4.0975 -0.0777, -0.4873 4.1 -0.1, 1.68 4.1 -0.1, 1.68 4.0975 -0.0777, 1.68 4.0963 -0.0742, 1.68 4.0901 -0.0566, 1.68 4.0861 -0.0503, 1.68 4.0782 -0.0377, 1.68 4.0703 -0.0297, 1.68 4.0623 -0.0218, 1.68 4.0497 -0.0139, 1.68 4.0434 -0.0099, 1.68 4.0258 -0.0037, 1.68 4.0223 -0.0025, 1.68 4.0 0.0, 3.6591 2.8533 -0.1, 3.6402 2.8988 -0.1, 3.638 2.8976 -0.0777, 3.3958 3.2681 -0.1, 3.2356 3.4556 -0.1, 3.2339 3.4539 -0.0777, 3.0481 3.6158 -0.1, 2.9731 3.6798 -0.1, 2.9717 3.6778 -0.0777, 2.6333 3.8791 -0.1, 2.3598 3.9923 -0.1, 2.3591 3.9899 -0.0777, 2.168 4.0384 -0.1, 2.0242 4.0729 -0.1, 2.0238 4.0704 -0.0777, 3.7761 2.232 -0.0025, 3.7541 2.2285 0.0, 3.78 1.9 0.0, 2.0085 3.9741 0.0, 2.012 3.9961 -0.0025, 2.0153 4.017 -0.0099, 3.8023 1.9 -0.0025, 3.8058 1.9 -0.0037, 3.797 2.2353 -0.0099, 2.0183 4.0357 -0.0218, 3.8234 1.9 -0.0099, 3.8297 1.9 -0.0139, 3.8157 2.2383 -0.0218, 2.0207 4.0514 -0.0377, 3.8423 1.9 -0.0218, 3.8503 1.9 -0.0297, 3.8314 2.2407 -0.0377, 2.0226 4.0631 -0.0566, 3.5511 2.8534 0.0, 3.6772 2.5489 0.0, 3.5709 2.8635 -0.0025, 3.6984 2.5558 -0.0025, 3.5898 2.8731 -0.0099, 3.7185 2.5623 -0.0099, 3.6067 2.8817 -0.0218, 3.7365 2.5682 -0.0218, 3.6208 2.8889 -0.0377, 3.7516 2.5731 -0.0377, 3.6314 2.8943 -0.0566, 3.7629 2.5768 -0.0566, 3.8431 2.2426 -0.0566, 3.8582 1.9 -0.0377, 3.8661 1.9 -0.0503, 3.8701 1.9 -0.0566, 3.8763 1.9 -0.0742, 3.7699 2.5791 -0.0777, 3.8504 2.2438 -0.0777, 3.8775 1.9 -0.0777, 2.3289 3.8972 0.0, 2.3358 3.9184 -0.0025, 2.3423 3.9385 -0.0099, 2.3482 3.9565 -0.0218, 2.3531 3.9716 -0.0377, 2.3568 3.9829 -0.0566, 2.6788 3.8602 -0.1, 2.6776 3.858 -0.0777, 2.6743 3.8514 -0.0566, 2.6689 3.8408 -0.0377, 2.6617 3.8267 -0.0218, 2.6531 3.8098 -0.0099, 2.6435 3.7909 -0.0025, 2.6334 3.7711 0.0, 2.9143 3.5989 0.0, 2.9274 3.6169 -0.0025, 2.9399 3.634 -0.0099, 2.951 3.6494 -0.0218, 2.9603 3.6622 -0.0377, 2.9673 3.6718 -0.0566, 3.1649 3.3849 0.0, 3.1807 3.4007 -0.0025, 3.1956 3.4156 -0.0099, 3.209 3.429 -0.0218, 3.2202 3.4402 -0.0377, 3.2286 3.4486 -0.0566, 3.4598 3.1931 -0.1, 3.4578 3.1917 -0.0777, 3.4518 3.1873 -0.0566, 3.4422 3.1803 -0.0377, 3.4294 3.171 -0.0218, 3.414 3.1599 -0.0099, 3.3969 3.1474 -0.0025, 3.3789 3.1343 0.0, 3.7723 2.5798 -0.1, 3.8184 2.388 -0.1, 3.8529 2.2442 -0.1, 3.88 1.9 -0.1, 3.88 -1.9 -0.1, 3.8775 -1.9 -0.0777, 3.8763 -1.9 -0.0742, 3.8701 -1.9 -0.0566, 3.8661 -1.9 -0.0503, 3.8582 -1.9 -0.0377, 3.8503 -1.9 -0.0297, 3.8423 -1.9 -0.0218, 3.8297 -1.9 -0.0139, 3.8234 -1.9 -0.0099, 3.8058 -1.9 -0.0037, 3.8023 -1.9 -0.0025, 3.78 -1.9 0.0, 2.6333 -3.8791 -0.1, 2.6788 -3.8602 -0.1, 2.6776 -3.858 -0.0777, 3.0481 -3.6158 -0.1, 3.2356 -3.4556 -0.1, 3.2339 -3.4539 -0.0777, 3.3958 -3.2681 -0.1, 3.4598 -3.1931 -0.1, 3.4578 -3.1917 -0.0777, 3.6591 -2.8533 -0.1, 3.7723 -2.5798 -0.1, 3.7699 -2.5791 -0.0777, 3.8184 -2.388 -0.1, 3.8529 -2.2442 -0.1, 3.8504 -2.2438 -0.0777, 2.012 -3.9961 -0.0025, 2.0085 -3.9741 0.0, 1.68 -4.0 0.0, 3.7541 -2.2285 0.0, 3.7761 -2.232 -0.0025, 3.797 -2.2353 -0.0099, 1.68 -4.0223 -0.0025, 1.68 -4.0258 -0.0037, 2.0153 -4.017 -0.0099, 3.8157 -2.2383 -0.0218, 1.68 -4.0434 -0.0099, 1.68 -4.0497 -0.0139, 2.0183 -4.0357 -0.0218, 3.8314 -2.2407 -0.0377, 1.68 -4.0623 -0.0218, 1.68 -4.0703 -0.0297, 2.0207 -4.0514 -0.0377, 3.8431 -2.2426 -0.0566, 2.6334 -3.7711 0.0, 2.3289 -3.8972 0.0, 2.6435 -3.7909 -0.0025, 2.3358 -3.9184 -0.0025, 2.6531 -3.8098 -0.0099, 2.3423 -3.9385 -0.0099, 2.6617 -3.8267 -0.0218, 2.3482 -3.9565 -0.0218, 2.6689 -3.8408 -0.0377, 2.3531 -3.9716 -0.0377, 2.6743 -3.8514 -0.0566, 2.3568 -3.9829 -0.0566, 2.0226 -4.0631 -0.0566, 1.68 -4.0782 -0.0377, 1.68 -4.0861 -0.0503, 1.68 -4.0901 -0.0566, 1.68 -4.0963 -0.0742, 2.3591 -3.9899 -0.0777, 2.0238 -4.0704 -0.0777, 1.68 -4.0975 -0.0777, 3.6772 -2.5489 0.0, 3.6984 -2.5558 -0.0025, 3.7185 -2.5623 -0.0099, 3.7365 -2.5682 -0.0218, 3.7516 -2.5731 -0.0377, 3.7629 -2.5768 -0.0566, 3.6402 -2.8988 -0.1, 3.638 -2.8976 -0.0777, 3.6314 -2.8943 -0.0566, 3.6208 -2.8889 -0.0377, 3.6067 -2.8817 -0.0218, 3.5898 -2.8731 -0.0099, 3.5709 -2.8635 -0.0025, 3.5511 -2.8534 0.0, 3.3789 -3.1343 0.0, 3.3969 -3.1474 -0.0025, 3.414 -3.1599 -0.0099, 3.4294 -3.171 -0.0218, 3.4422 -3.1803 -0.0377, 3.4518 -3.1873 -0.0566, 3.1649 -3.3849 0.0, 3.1807 -3.4007 -0.0025, 3.1956 -3.4156 -0.0099, 3.209 -3.429 -0.0218, 3.2202 -3.4402 -0.0377, 3.2286 -3.4486 -0.0566, 2.9731 -3.6798 -0.1, 2.9717 -3.6778 -0.0777, 2.9673 -3.6718 -0.0566, 2.9603 -3.6622 -0.0377, 2.951 -3.6494 -0.0218, 2.9399 -3.634 -0.0099, 2.9274 -3.6169 -0.0025, 2.9143 -3.5989 0.0, 2.3598 -3.9923 -0.1, 2.168 -4.0384 -0.1, 2.0242 -4.0729 -0.1, 1.68 -4.1 -0.1, -0.4873 -4.1 -0.1, -0.4873 -4.0966 -0.0741, -0.4873 -4.0866 -0.05, -0.4873 -4.0707 -0.0293, -0.4873 -4.05 -0.0134, -0.4873 -4.0259 -0.0034, -0.4873 -4.0 0.0, -2.5618 -2.6146 -0.1, -2.4715 -2.8501 -0.1, -2.4685 -2.8486 -0.0741, -2.3701 -3.0244 -0.1, -2.2941 -3.1552 -0.1, -2.2913 -3.1532 -0.0741, -1.7628 -3.6883 -0.1, -1.5067 -3.8495 -0.1, -1.5051 -3.8465 -0.0741, -1.3675 -3.9086 -0.1, -1.1818 -3.9875 -0.1, -1.1808 -3.9842 -0.0741, -0.9369 -4.0476 -0.1, -0.8391 -4.0717 -0.1, -0.8385 -4.0683 -0.0741, -1.9981 -3.3585 0.0, -2.2119 -3.0981 0.0, -2.0168 -3.3765 -0.0034, -2.2332 -3.1129 -0.0034, -2.0341 -3.3932 -0.0134, -2.253 -3.1266 -0.0134, -2.049 -3.4076 -0.0293, -2.27 -3.1385 -0.0293, -2.0604 -3.4186 -0.05, -2.2831 -3.1475 -0.05, -2.0676 -3.4256 -0.0741, -0.8231 -3.973 0.0, -0.8272 -3.9985 -0.0034, -0.8311 -4.0223 -0.0134, -0.8344 -4.0428 -0.0293, -0.8369 -4.0585 -0.05, -1.1503 -3.8926 0.0, -1.1584 -3.9171 -0.0034, -1.1661 -3.94 -0.0134, -1.1726 -3.9597 -0.0293, -1.1776 -3.9748 -0.05, -1.5005 -3.8377 -0.05, -1.4932 -3.8236 -0.0293, -1.4836 -3.8052 -0.0134, -1.4724 -3.7839 -0.0034, -1.4604 -3.7609 0.0, -1.8054 -3.6614 -0.1, -1.8033 -3.6587 -0.0741, -1.7973 -3.6507 -0.05, -1.7878 -3.638 -0.0293, -1.7754 -3.6214 -0.0134, -1.761 -3.6021 -0.0034, -1.7455 -3.5813 0.0, -2.0701 -3.428 -0.1, -2.102 -3.389 -0.1, -2.3813 -2.8069 0.0, -2.4047 -2.8181 -0.0034, -2.4264 -2.8285 -0.0134, -2.4451 -2.8374 -0.0293, -2.4595 -2.8443 -0.05, -2.5979 -2.5205 -0.1, -2.5947 -2.5196 -0.0741, -2.5851 -2.5167 -0.05, -2.5698 -2.5123 -0.0293, -2.55 -2.5064 -0.0134, -2.5268 -2.4996 -0.0034, -2.502 -2.4923 0.0, -2.5708 -2.1625 0.0, -2.5965 -2.1657 -0.0034, -2.6204 -2.1688 -0.0134, -2.6409 -2.1713 -0.0293, -2.6567 -2.1733 -0.05, -2.6666 -2.1746 -0.0741, -2.67 -2.175 -0.1, -2.8684 -2.0 -0.1, -2.8207 -2.0058 -0.1, -2.8684 -1.9966 -0.0741, -2.8199 -2.0025 -0.0741, -2.8684 -1.9866 -0.05, -2.8175 -1.9928 -0.05, -2.8684 -1.9707 -0.0293, -2.8137 -1.9773 -0.0293, -2.8684 -1.95 -0.0134, -2.8088 -1.9572 -0.0134, -2.8684 -1.9259 -0.0034, -2.803 -1.9338 -0.0034, -2.8684 -1.9 0.0, -2.7969 -1.9087 0.0, -2.7758 -2.0228 -0.1, -2.7742 -2.0197 -0.0741, -2.7695 -2.0109 -0.05, -2.7622 -1.9968 -0.0293, -2.7526 -1.9785 -0.0134, -2.7414 -1.9571 -0.0034, -2.7294 -1.9342 0.0, -2.7361 -2.05 -0.1, -2.7339 -2.0474 -0.0741, -2.7273 -2.04 -0.05, -2.7168 -2.028 -0.0293, -2.7031 -2.0125 -0.0134, -2.6871 -1.9944 -0.0034, -2.67 -1.975 0.0, -2.7042 -2.0859 -0.1, -2.7014 -2.0839 -0.0741, -2.6932 -2.0783 -0.05, -2.6801 -2.0692 -0.0293, -2.6631 -2.0574 -0.0134, -2.6433 -2.0436 -0.0034, -2.622 -2.0288 0.0, -2.6817 -2.1284 -0.1, -2.6785 -2.1272 -0.0741, -2.6692 -2.1236 -0.05, -2.6543 -2.1179 -0.0293, -2.635 -2.1105 -0.0134, -2.6125 -2.1018 -0.0034, -2.5883 -2.0926 0.0, -3.28 -2.0 -0.1, -3.28 -1.9966 -0.0741, -3.28 -1.9866 -0.05, -3.28 -1.9707 -0.0293, -3.28 -1.95 -0.0134, -3.28 -1.9259 -0.0034, -3.28 -1.9 0.0, -3.4094 -1.883 0.0, -3.4161 -1.908 -0.0034, -3.4224 -1.9313 -0.0134, -3.4277 -1.9513 -0.0293, -3.4318 -1.9666 -0.05, -3.4344 -1.9763 -0.0741, -3.4353 -1.9796 -0.1, -3.53 -1.833 0.0, -3.5429 -1.8554 -0.0034, -3.555 -1.8763 -0.0134, -3.5654 -1.8942 -0.0293, -3.5733 -1.908 -0.05, -3.5783 -1.9167 -0.0741, -3.58 -1.9196 -0.1, -3.6336 -1.7536 0.0, -3.6519 -1.7719 -0.0034, -3.6689 -1.7889 -0.0134, -3.6836 -1.8036 -0.0293, -3.6948 -1.8148 -0.05, -3.7019 -1.8219 -0.0741, -3.7043 -1.8243 -0.1, -3.713 -1.65 0.0, -3.7354 -1.6629 -0.0034, -3.7563 -1.675 -0.0134, -3.7743 -1.6854 -0.0293, -3.788 -1.6933 -0.05, -3.7967 -1.6983 -0.0741, -3.7996 -1.7 -0.1, -3.763 -1.5294 0.0, -3.788 -1.5361 -0.0034, -3.8113 -1.5424 -0.0134, -3.8313 -1.5477 -0.0293, -3.8466 -1.5518 -0.05, -3.8563 -1.5544 -0.0741, -3.8596 -1.5553 -0.1, -3.78 -1.4 0.0, -3.8059 -1.4 -0.0034, -3.83 -1.4 -0.0134, -3.8507 -1.4 -0.0293, -3.8666 -1.4 -0.05, -3.8766 -1.4 -0.0741, -3.88 -1.4 -0.1, -3.88 1.4 -0.1, -3.8766 1.4 -0.0741, -3.8666 1.4 -0.05, -3.8507 1.4 -0.0293, -3.83 1.4 -0.0134, -3.8059 1.4 -0.0034, -3.78 1.4 0.0, -3.28 1.9 0.0, -3.28 1.9222 -0.0029, -3.4094 1.883 0.0, -3.4161 1.908 -0.0034, -3.28 1.9259 -0.0034, -3.28 1.9431 -0.0105, -3.4224 1.9313 -0.0134, -3.28 1.95 -0.0134, -3.28 1.9618 -0.0225, -3.4277 1.9513 -0.0293, -3.28 1.9707 -0.0293, -3.28 1.9775 -0.0382, -3.4318 1.9666 -0.05, -3.763 1.5294 0.0, -3.788 1.5361 -0.0034, -3.8113 1.5424 -0.0134, -3.8313 1.5477 -0.0293, -3.8466 1.5518 -0.05, -3.8563 1.5544 -0.0741, -3.713 1.65 0.0, -3.7354 1.6629 -0.0034, -3.7563 1.675 -0.0134, -3.7743 1.6854 -0.0293, -3.788 1.6933 -0.05, -3.7967 1.6983 -0.0741, -3.6336 1.7536 0.0, -3.6519 1.7719 -0.0034, -3.6689 1.7889 -0.0134, -3.6836 1.8036 -0.0293, -3.6948 1.8148 -0.05, -3.7019 1.8219 -0.0741, -3.53 1.833 0.0, -3.5429 1.8554 -0.0034, -3.555 1.8763 -0.0134, -3.5654 1.8942 -0.0293, -3.5733 1.908 -0.05, -3.5783 1.9167 -0.0741, -3.4344 1.9763 -0.0741, -3.28 1.9866 -0.05, -3.28 1.9895 -0.0569, -3.28 1.9966 -0.0741, -3.28 1.9971 -0.0778, -3.8596 1.5553 -0.1, -3.7996 1.7 -0.1, -3.7043 1.8243 -0.1, -3.58 1.9196 -0.1, -3.4353 1.9796 -0.1, -3.28 2.0 -0.1, -3.28 2.0 -0.83, -2.88 2.0 -0.83, -2.88 2.0 -2.63, -3.28 2.0 -2.63, -3.28 2.0 -5.85, -2.92 -1.58 -2.63, -2.92 -1.03 -2.63, -3.48 -1.03 -2.63, -3.28 -2.0 -2.63, -2.88 -2.0 -2.63, -2.88 -1.58 -2.63, -3.4353 -1.9796 -2.63, -3.48 -1.9657 -2.63, -2.92 1.58 -2.63, -2.88 1.58 -2.63, -3.48 1.03 -2.63, -2.92 1.03 -2.63, -3.48 1.9657 -2.63, -3.4353 1.9796 -2.63, -3.48 -1.03 0.0, -3.1509 -1.03 0.0, -3.48 -1.03 -0.83, -2.92 -1.03 -0.4, -2.92 -1.03 -0.83, -3.48 -1.03 -5.15, -2.92 -1.03 -5.15, -2.92 -1.58 -0.4, -3.1509 -1.58 0.0, -2.5331 -1.6242 0.0, -2.4959 -1.6569 0.0, -2.2937 -1.623 -0.4212, -2.2655 -1.6483 -0.4135, -2.4958 -1.657 0.0, -2.2591 -1.6577 -0.4117, -2.4684 -1.696 0.0, -2.2385 -1.688 -0.4061, -2.4671 -1.6994 0.0, -2.2341 -1.6997 -0.4049, -2.4523 -1.7373 0.0, -2.2218 -1.7326 -0.4016, -2.4512 -1.7466 0.0, -2.2201 -1.7466 -0.4011, -2.4471 -1.78 0.0, -2.2161 -1.78 -0.4, -2.5363 -1.6225 0.0, -2.3021 -1.6155 -0.4235, -2.5817 -1.5982 0.0, -2.3356 -1.598 -0.4327, -2.585 -1.5974 0.0, -2.3457 -1.5927 -0.4354, -2.6395 -1.5832 0.0, -2.3824 -1.584 -0.4454, -2.3944 -1.5811 -0.4487, -2.6434 -1.5822 0.0, -2.4156 -1.58 -0.4545, -2.678 -1.58 0.0, -2.88 -1.58 -0.83, -2.37 -1.58 -5.15, -2.92 -1.58 -5.15, -2.92 -1.58 -0.83, -2.3602 -1.5802 -5.1502, -2.2843 -1.5992 -5.1693, -2.2893 -1.5974 -5.1675, -2.323 -1.5856 -5.1556, -2.3255 -1.5852 -5.1552, -2.3366 -1.5836 -5.1536, -2.2116 -1.6572 -5.2282, -2.2124 -1.6559 -5.2269, -2.2138 -1.6545 -5.2255, -2.2454 -1.6234 -5.1937, -2.246 -1.6227 -5.193, -2.2467 -1.6223 -5.1926, -2.2833 -1.5998 -5.1699, -2.1859 -1.6994 -5.2722, -2.1908 -1.6914 -5.2638, -2.2385 -1.688 -0.4061, -2.1711 -1.7465 -5.3301, -2.172 -1.7421 -5.3221, -2.1764 -1.7282 -5.3059, -2.1855 -1.7001 -5.2729, -2.17 -1.78 -5.15, -2.17 -1.7779 -5.1517, -2.17 -1.7522 -5.35, -2.1701 -1.7519 -5.3433, -2.17 -1.7704 -5.1737, -2.1705 -1.7497 -5.3358, -2.17 -1.7761 -5.1539, -2.17 -1.7753 -5.1556, -2.17 -1.773 -5.1627, -2.1859 1.6994 -5.2722, -2.17 1.7522 -5.35, -2.1709 1.7477 -5.3314, -2.1702 1.7514 -5.3411, -2.17 1.7523 -5.348, -2.1711 1.7465 -5.3295, -2.1723 1.7402 -5.3194, -2.1705 -1.7497 -5.3358, -2.1848 1.7016 -5.2745, -2.1761 1.7285 -5.3058, -2.1901 1.6911 -5.2634, -2.1954 1.6807 -5.2525, -2.2129 1.6581 -5.2292, -2.215 1.6553 -5.2264, -2.2278 1.6387 -5.2093, -2.2461 1.6243 -5.1947, -2.246 -1.6227 -5.193, -2.2474 1.6233 -5.1936, -2.2638 1.6103 -5.1805, -2.2663 1.6088 -5.179, -2.2836 1.6006 -5.1707, -2.2843 -1.5992 -5.1693, -2.3377 1.5826 -5.1526, -2.37 1.58 -5.15, -2.3365 1.5829 -5.1529, -2.3602 -1.5802 -5.1502, -2.3257 1.5857 -5.1558, -2.2895 1.5978 -5.1679, -2.3018 1.5919 -5.162, -2.17 -1.9 -5.15, -2.17 1.9 -5.15, -2.17 1.78 -5.15, -2.17 1.7783 -5.1513, -2.17 -1.9 -7.72, -2.17 1.773 -5.1626, -2.17 1.7704 -5.1736, -2.17 1.9 -7.72, -2.17 1.7765 -5.1533, -2.17 1.7753 -5.1555, -2.1078 -1.9 -7.798, -2.09 -1.9 -7.8, -2.09 0.0 -7.8, -2.09 1.9 -7.8, -2.1107 1.9 -7.7973, -2.1106 -1.9 -7.797, -2.1247 -1.9 -7.7921, -2.1298 -1.9 -7.7889, -2.13 1.9 -7.7893, -2.1399 -1.9 -7.7825, -2.1462 -1.9 -7.7762, -2.1466 1.9 -7.7766, -2.1525 -1.9 -7.7699, -2.1593 1.9 -7.76, -2.1589 -1.9 -7.7598, -2.1621 -1.9 -7.7547, -2.1673 1.9 -7.7407, -2.167 -1.9 -7.7406, -2.168 -1.9 -7.7378, -2.168 -1.9 -7.7378
            ]
        }
        coordIndex [
            0,1,2,-1,2,1,3,-1,2,3,4,-1,4,3,5,-1,4,5,6,-1,6,5,7,-1,6,7,8,-1,8,7,9,-1,8,9,10,-1,10,9,11,-1,10,11,12,-1,12,11,13,-1,13,11,14,-1,14,11,15,-1,14,15,16,-1,16,15,17,-1,1,18,3,-1,3,18,19,-1,18,20,19,-1,19,20,21,-1,19,21,22,-1,23,24,17,-1,17,24,25,-1,17,25,16,-1,21,26,22,-1,22,26,27,-1,22,27,28,-1,29,30,31,-1,31,30,32,-1,31,32,23,-1,23,32,33,-1,23,33,24,-1,27,34,28,-1,28,34,35,-1,28,35,36,-1,11,9,15,-1,15,9,37,-1,15,37,17,-1,17,37,38,-1,17,38,23,-1,23,38,39,-1,23,39,31,-1,31,39,40,-1,31,40,29,-1,29,40,41,-1,9,7,37,-1,37,7,42,-1,37,42,38,-1,38,42,43,-1,38,43,39,-1,39,43,44,-1,39,44,40,-1,40,44,45,-1,40,45,41,-1,41,45,46,-1,7,5,42,-1,42,5,47,-1,42,47,43,-1,43,47,48,-1,43,48,44,-1,44,48,49,-1,44,49,45,-1,45,49,50,-1,45,50,46,-1,46,50,51,-1,5,3,47,-1,47,3,19,-1,47,19,48,-1,48,19,22,-1,48,22,49,-1,49,22,28,-1,49,28,50,-1,50,28,36,-1,50,36,51,-1,51,36,52,-1,53,54,29,-1,29,54,55,-1,29,55,30,-1,35,56,36,-1,36,56,57,-1,36,57,52,-1,52,57,58,-1,52,58,59,-1,53,29,60,-1,60,29,41,-1,60,41,61,-1,61,41,46,-1,61,46,62,-1,62,46,51,-1,62,51,63,-1,63,51,52,-1,63,52,64,-1,64,52,59,-1,64,59,65,-1,66,67,68,-1,69,70,71,-1,72,73,74,-1,75,76,77,-1,78,79,80,-1,81,82,83,-1,53,84,54,-1,54,84,85,-1,54,85,55,-1,55,85,86,-1,83,87,81,-1,81,87,88,-1,81,88,89,-1,88,90,89,-1,89,90,91,-1,89,91,92,-1,93,33,94,-1,94,33,32,-1,94,32,86,-1,86,32,30,-1,86,30,55,-1,91,95,92,-1,92,95,96,-1,92,96,97,-1,96,98,97,-1,97,98,99,-1,97,99,100,-1,80,16,101,-1,101,16,25,-1,101,25,93,-1,93,25,24,-1,93,24,33,-1,102,103,104,-1,104,103,105,-1,104,105,106,-1,106,105,107,-1,106,107,108,-1,108,107,109,-1,108,109,110,-1,110,109,111,-1,110,111,112,-1,112,111,113,-1,112,113,114,-1,114,113,71,-1,79,13,80,-1,80,13,14,-1,80,14,16,-1,84,115,85,-1,85,115,116,-1,85,116,86,-1,86,116,117,-1,86,117,94,-1,94,117,118,-1,94,118,93,-1,93,118,119,-1,93,119,101,-1,101,119,120,-1,101,120,80,-1,80,120,77,-1,80,77,78,-1,78,77,76,-1,73,75,74,-1,74,75,77,-1,74,77,121,-1,121,77,120,-1,121,120,122,-1,122,120,119,-1,122,119,123,-1,123,119,118,-1,123,118,124,-1,124,118,117,-1,124,117,125,-1,125,117,116,-1,125,116,126,-1,126,116,115,-1,127,72,128,-1,128,72,74,-1,128,74,129,-1,129,74,121,-1,129,121,130,-1,130,121,122,-1,130,122,131,-1,131,122,123,-1,131,123,132,-1,132,123,124,-1,132,124,133,-1,133,124,125,-1,133,125,134,-1,134,125,126,-1,134,102,133,-1,133,102,104,-1,133,104,132,-1,132,104,106,-1,132,106,131,-1,131,106,108,-1,131,108,130,-1,130,108,110,-1,130,110,129,-1,129,110,112,-1,129,112,128,-1,128,112,114,-1,128,114,127,-1,127,114,135,-1,71,70,114,-1,114,70,136,-1,114,136,135,-1,103,137,105,-1,105,137,138,-1,105,138,107,-1,107,138,139,-1,107,139,109,-1,109,139,140,-1,109,140,111,-1,111,140,141,-1,111,141,113,-1,113,141,142,-1,113,142,71,-1,71,142,68,-1,71,68,69,-1,69,68,67,-1,143,66,144,-1,144,66,68,-1,144,68,100,-1,100,68,142,-1,100,142,97,-1,97,142,141,-1,97,141,92,-1,92,141,140,-1,92,140,89,-1,89,140,139,-1,89,139,81,-1,81,139,138,-1,81,138,82,-1,82,138,137,-1,99,145,100,-1,100,145,146,-1,100,146,144,-1,144,146,147,-1,144,147,143,-1,143,147,148,-1,149,148,150,-1,150,148,147,-1,150,147,151,-1,151,147,146,-1,151,146,152,-1,152,146,145,-1,152,145,153,-1,153,145,99,-1,153,99,154,-1,154,99,98,-1,154,98,155,-1,155,98,96,-1,155,96,156,-1,156,96,95,-1,156,95,157,-1,157,95,91,-1,157,91,158,-1,158,91,90,-1,158,90,159,-1,159,90,88,-1,159,88,160,-1,160,88,87,-1,160,87,161,-1,161,87,83,-1,162,163,164,-1,165,166,167,-1,168,169,170,-1,171,172,173,-1,174,175,176,-1,177,178,179,-1,161,180,160,-1,160,180,181,-1,160,181,159,-1,159,181,182,-1,179,183,177,-1,177,183,184,-1,177,184,185,-1,186,157,182,-1,182,157,158,-1,182,158,159,-1,184,187,185,-1,185,187,188,-1,185,188,189,-1,190,155,186,-1,186,155,156,-1,186,156,157,-1,188,191,189,-1,189,191,192,-1,189,192,193,-1,194,153,190,-1,190,153,154,-1,190,154,155,-1,195,196,197,-1,197,196,198,-1,197,198,199,-1,199,198,200,-1,199,200,201,-1,201,200,202,-1,201,202,203,-1,203,202,204,-1,203,204,205,-1,205,204,206,-1,205,206,164,-1,196,178,198,-1,198,178,177,-1,198,177,200,-1,200,177,185,-1,200,185,202,-1,202,185,189,-1,202,189,204,-1,204,189,193,-1,204,193,206,-1,206,193,207,-1,176,151,194,-1,194,151,152,-1,194,152,153,-1,192,208,193,-1,193,208,209,-1,193,209,207,-1,207,209,210,-1,207,210,211,-1,164,206,212,-1,212,206,207,-1,212,207,213,-1,213,207,211,-1,213,211,214,-1,175,149,176,-1,176,149,150,-1,176,150,151,-1,180,215,181,-1,181,215,216,-1,181,216,182,-1,182,216,217,-1,182,217,186,-1,186,217,218,-1,186,218,190,-1,190,218,219,-1,190,219,194,-1,194,219,220,-1,194,220,176,-1,176,220,173,-1,176,173,174,-1,174,173,172,-1,221,171,222,-1,222,171,173,-1,222,173,223,-1,223,173,220,-1,223,220,224,-1,224,220,219,-1,224,219,225,-1,225,219,218,-1,225,218,226,-1,226,218,217,-1,226,217,227,-1,227,217,216,-1,227,216,228,-1,228,216,215,-1,228,229,227,-1,227,229,230,-1,227,230,226,-1,226,230,231,-1,226,231,225,-1,225,231,232,-1,225,232,224,-1,224,232,233,-1,224,233,223,-1,223,233,234,-1,223,234,222,-1,222,234,170,-1,222,170,221,-1,221,170,169,-1,229,235,230,-1,230,235,236,-1,230,236,231,-1,231,236,237,-1,231,237,232,-1,232,237,238,-1,232,238,233,-1,233,238,239,-1,233,239,234,-1,234,239,240,-1,234,240,170,-1,170,240,167,-1,170,167,168,-1,168,167,166,-1,241,165,242,-1,242,165,167,-1,242,167,243,-1,243,167,240,-1,243,240,244,-1,244,240,239,-1,244,239,245,-1,245,239,238,-1,245,238,246,-1,246,238,237,-1,246,237,247,-1,247,237,236,-1,247,236,248,-1,248,236,235,-1,248,195,247,-1,247,195,197,-1,247,197,246,-1,246,197,199,-1,246,199,245,-1,245,199,201,-1,245,201,244,-1,244,201,203,-1,244,203,243,-1,243,203,205,-1,243,205,242,-1,242,205,164,-1,242,164,241,-1,241,164,163,-1,162,164,249,-1,249,164,212,-1,249,212,250,-1,250,212,213,-1,250,213,251,-1,251,213,214,-1,251,214,252,-1,253,252,254,-1,254,252,214,-1,254,214,255,-1,255,214,211,-1,255,211,256,-1,256,211,210,-1,256,210,257,-1,257,210,209,-1,257,209,258,-1,258,209,208,-1,258,208,259,-1,259,208,192,-1,259,192,260,-1,260,192,191,-1,260,191,261,-1,261,191,188,-1,261,188,262,-1,262,188,187,-1,262,187,263,-1,263,187,184,-1,263,184,264,-1,264,184,183,-1,264,183,265,-1,265,183,179,-1,266,267,268,-1,269,270,271,-1,272,273,274,-1,275,276,277,-1,278,279,280,-1,281,282,283,-1,265,284,264,-1,264,284,285,-1,264,285,263,-1,263,285,286,-1,283,287,281,-1,281,287,288,-1,281,288,289,-1,290,261,286,-1,286,261,262,-1,286,262,263,-1,288,291,289,-1,289,291,292,-1,289,292,293,-1,294,259,290,-1,290,259,260,-1,290,260,261,-1,292,295,293,-1,293,295,296,-1,293,296,297,-1,298,257,294,-1,294,257,258,-1,294,258,259,-1,299,300,301,-1,301,300,302,-1,301,302,303,-1,303,302,304,-1,303,304,305,-1,305,304,306,-1,305,306,307,-1,307,306,308,-1,307,308,309,-1,309,308,310,-1,309,310,268,-1,300,282,302,-1,302,282,281,-1,302,281,304,-1,304,281,289,-1,304,289,306,-1,306,289,293,-1,306,293,308,-1,308,293,297,-1,308,297,310,-1,310,297,311,-1,280,255,298,-1,298,255,256,-1,298,256,257,-1,296,312,297,-1,297,312,313,-1,297,313,311,-1,311,313,314,-1,311,314,315,-1,268,310,316,-1,316,310,311,-1,316,311,317,-1,317,311,315,-1,317,315,318,-1,279,253,280,-1,280,253,254,-1,280,254,255,-1,284,319,285,-1,285,319,320,-1,285,320,286,-1,286,320,321,-1,286,321,290,-1,290,321,322,-1,290,322,294,-1,294,322,323,-1,294,323,298,-1,298,323,324,-1,298,324,280,-1,280,324,277,-1,280,277,278,-1,278,277,276,-1,325,275,326,-1,326,275,277,-1,326,277,327,-1,327,277,324,-1,327,324,328,-1,328,324,323,-1,328,323,329,-1,329,323,322,-1,329,322,330,-1,330,322,321,-1,330,321,331,-1,331,321,320,-1,331,320,332,-1,332,320,319,-1,332,333,331,-1,331,333,334,-1,331,334,330,-1,330,334,335,-1,330,335,329,-1,329,335,336,-1,329,336,328,-1,328,336,337,-1,328,337,327,-1,327,337,338,-1,327,338,326,-1,326,338,274,-1,326,274,325,-1,325,274,273,-1,333,339,334,-1,334,339,340,-1,334,340,335,-1,335,340,341,-1,335,341,336,-1,336,341,342,-1,336,342,337,-1,337,342,343,-1,337,343,338,-1,338,343,344,-1,338,344,274,-1,274,344,271,-1,274,271,272,-1,272,271,270,-1,345,269,346,-1,346,269,271,-1,346,271,347,-1,347,271,344,-1,347,344,348,-1,348,344,343,-1,348,343,349,-1,349,343,342,-1,349,342,350,-1,350,342,341,-1,350,341,351,-1,351,341,340,-1,351,340,352,-1,352,340,339,-1,352,299,351,-1,351,299,301,-1,351,301,350,-1,350,301,303,-1,350,303,349,-1,349,303,305,-1,349,305,348,-1,348,305,307,-1,348,307,347,-1,347,307,309,-1,347,309,346,-1,346,309,268,-1,346,268,345,-1,345,268,267,-1,266,268,353,-1,353,268,316,-1,353,316,354,-1,354,316,317,-1,354,317,355,-1,355,317,318,-1,355,318,356,-1,356,318,357,-1,357,318,358,-1,318,315,358,-1,358,315,314,-1,358,314,359,-1,314,313,359,-1,359,313,312,-1,359,312,360,-1,312,296,360,-1,360,296,295,-1,360,295,361,-1,361,295,292,-1,361,292,362,-1,292,291,362,-1,362,291,288,-1,362,288,363,-1,363,288,287,-1,363,287,283,-1,364,365,366,-1,367,368,369,-1,370,371,372,-1,373,374,375,-1,376,377,378,-1,379,380,381,-1,381,380,382,-1,381,382,383,-1,383,382,384,-1,383,384,385,-1,385,384,386,-1,385,386,387,-1,387,386,388,-1,387,388,389,-1,389,388,369,-1,363,390,362,-1,362,390,391,-1,362,391,361,-1,361,391,392,-1,361,392,360,-1,360,392,393,-1,360,393,359,-1,359,393,394,-1,359,394,358,-1,358,394,378,-1,358,378,357,-1,357,378,377,-1,390,395,391,-1,391,395,396,-1,391,396,392,-1,392,396,397,-1,392,397,393,-1,393,397,398,-1,393,398,394,-1,394,398,399,-1,394,399,378,-1,378,399,375,-1,378,375,376,-1,376,375,374,-1,371,373,372,-1,372,373,375,-1,372,375,400,-1,400,375,399,-1,400,399,401,-1,401,399,398,-1,401,398,402,-1,402,398,397,-1,402,397,403,-1,403,397,396,-1,403,396,404,-1,404,396,395,-1,405,370,406,-1,406,370,372,-1,406,372,407,-1,407,372,400,-1,407,400,408,-1,408,400,401,-1,408,401,409,-1,409,401,402,-1,409,402,410,-1,410,402,403,-1,410,403,411,-1,411,403,404,-1,411,379,410,-1,410,379,381,-1,410,381,409,-1,409,381,383,-1,409,383,408,-1,408,383,385,-1,408,385,407,-1,407,385,387,-1,407,387,406,-1,406,387,389,-1,406,389,405,-1,405,389,412,-1,369,368,389,-1,389,368,413,-1,389,413,412,-1,380,414,382,-1,382,414,415,-1,382,415,384,-1,384,415,416,-1,384,416,386,-1,386,416,417,-1,386,417,388,-1,388,417,418,-1,388,418,369,-1,369,418,366,-1,369,366,367,-1,367,366,365,-1,419,364,420,-1,420,364,366,-1,420,366,421,-1,421,366,418,-1,421,418,422,-1,422,418,417,-1,422,417,423,-1,423,417,416,-1,423,416,424,-1,424,416,415,-1,424,415,425,-1,425,415,414,-1,425,426,424,-1,424,426,427,-1,424,427,423,-1,423,427,428,-1,423,428,422,-1,422,428,429,-1,422,429,421,-1,421,429,430,-1,421,430,420,-1,420,430,431,-1,420,431,419,-1,419,431,432,-1,433,434,435,-1,435,434,436,-1,435,436,437,-1,437,436,438,-1,437,438,439,-1,439,438,440,-1,439,440,441,-1,441,440,442,-1,441,442,443,-1,443,442,444,-1,443,444,445,-1,445,444,446,-1,434,447,436,-1,436,447,448,-1,436,448,438,-1,438,448,449,-1,438,449,440,-1,440,449,450,-1,440,450,442,-1,442,450,451,-1,442,451,444,-1,444,451,452,-1,444,452,446,-1,446,452,453,-1,447,454,448,-1,448,454,455,-1,448,455,449,-1,449,455,456,-1,449,456,450,-1,450,456,457,-1,450,457,451,-1,451,457,458,-1,451,458,452,-1,452,458,459,-1,452,459,453,-1,453,459,460,-1,454,461,455,-1,455,461,462,-1,455,462,456,-1,456,462,463,-1,456,463,457,-1,457,463,464,-1,457,464,458,-1,458,464,465,-1,458,465,459,-1,459,465,466,-1,459,466,460,-1,460,466,467,-1,461,468,462,-1,462,468,469,-1,462,469,463,-1,463,469,470,-1,463,470,464,-1,464,470,471,-1,464,471,465,-1,465,471,472,-1,465,472,466,-1,466,472,473,-1,466,473,467,-1,467,473,474,-1,468,432,469,-1,469,432,431,-1,469,431,470,-1,470,431,430,-1,470,430,471,-1,471,430,429,-1,471,429,472,-1,472,429,428,-1,472,428,473,-1,473,428,427,-1,473,427,474,-1,474,427,426,-1,475,433,435,-1,475,435,476,-1,476,435,437,-1,476,437,477,-1,477,437,439,-1,477,439,478,-1,478,439,441,-1,478,441,479,-1,479,441,443,-1,479,443,480,-1,480,443,445,-1,480,445,481,-1,481,482,480,-1,480,482,483,-1,480,483,479,-1,479,483,484,-1,479,484,478,-1,478,484,485,-1,478,485,477,-1,477,485,486,-1,477,486,476,-1,476,486,487,-1,476,487,475,-1,475,487,488,-1,482,489,483,-1,483,489,490,-1,483,490,484,-1,484,490,491,-1,484,491,485,-1,485,491,492,-1,485,492,486,-1,486,492,493,-1,486,493,487,-1,487,493,494,-1,487,494,488,-1,488,494,495,-1,489,496,490,-1,490,496,497,-1,490,497,491,-1,491,497,498,-1,491,498,492,-1,492,498,499,-1,492,499,493,-1,493,499,500,-1,493,500,494,-1,494,500,501,-1,494,501,495,-1,495,501,502,-1,496,503,497,-1,497,503,504,-1,497,504,498,-1,498,504,505,-1,498,505,499,-1,499,505,506,-1,499,506,500,-1,500,506,507,-1,500,507,501,-1,501,507,508,-1,501,508,502,-1,502,508,509,-1,503,510,504,-1,504,510,511,-1,504,511,505,-1,505,511,512,-1,505,512,506,-1,506,512,513,-1,506,513,507,-1,507,513,514,-1,507,514,508,-1,508,514,515,-1,508,515,509,-1,509,515,516,-1,510,517,511,-1,511,517,518,-1,511,518,512,-1,512,518,519,-1,512,519,513,-1,513,519,520,-1,513,520,514,-1,514,520,521,-1,514,521,515,-1,515,521,522,-1,515,522,516,-1,516,522,523,-1,524,523,522,-1,524,522,525,-1,525,522,521,-1,525,521,526,-1,526,521,520,-1,526,520,527,-1,527,520,519,-1,527,519,528,-1,528,519,518,-1,528,518,529,-1,529,518,517,-1,529,517,530,-1,531,532,533,-1,533,532,534,-1,532,535,534,-1,534,535,536,-1,534,536,537,-1,536,538,537,-1,537,538,539,-1,537,539,540,-1,539,541,540,-1,540,541,542,-1,540,542,543,-1,530,544,529,-1,529,544,545,-1,529,545,528,-1,528,545,546,-1,528,546,527,-1,527,546,547,-1,527,547,526,-1,526,547,548,-1,526,548,525,-1,525,548,549,-1,525,549,524,-1,544,550,545,-1,545,550,551,-1,545,551,546,-1,546,551,552,-1,546,552,547,-1,547,552,553,-1,547,553,548,-1,548,553,554,-1,548,554,549,-1,549,554,555,-1,550,556,551,-1,551,556,557,-1,551,557,552,-1,552,557,558,-1,552,558,553,-1,553,558,559,-1,553,559,554,-1,554,559,560,-1,554,560,555,-1,555,560,561,-1,556,562,557,-1,557,562,563,-1,557,563,558,-1,558,563,564,-1,558,564,559,-1,559,564,565,-1,559,565,560,-1,560,565,566,-1,560,566,561,-1,561,566,567,-1,562,533,563,-1,563,533,534,-1,563,534,564,-1,564,534,537,-1,564,537,565,-1,565,537,540,-1,565,540,566,-1,566,540,543,-1,566,543,567,-1,567,543,568,-1,542,569,543,-1,543,569,570,-1,543,570,568,-1,568,570,571,-1,568,571,572,-1,524,549,573,-1,573,549,555,-1,573,555,574,-1,574,555,561,-1,574,561,575,-1,575,561,567,-1,575,567,576,-1,576,567,568,-1,576,568,577,-1,577,568,572,-1,577,572,578,-1,578,572,1,-1,1,572,18,-1,18,572,20,-1,20,572,571,-1,20,571,21,-1,21,571,570,-1,21,570,26,-1,26,570,569,-1,26,569,27,-1,27,569,542,-1,27,542,34,-1,34,542,541,-1,34,541,35,-1,35,541,539,-1,35,539,56,-1,56,539,538,-1,56,538,57,-1,57,538,536,-1,57,536,58,-1,58,536,535,-1,58,535,59,-1,535,532,59,-1,59,532,531,-1,59,531,65,-1,579,578,580,-1,580,578,1,-1,580,1,581,-1,581,1,0,-1,581,0,582,-1,582,0,583,-1,584,585,586,-1,587,588,589,-1,589,584,587,-1,587,584,586,-1,587,586,590,-1,590,586,591,-1,592,593,581,-1,594,595,592,-1,596,594,597,-1,597,594,592,-1,597,592,582,-1,582,592,581,-1,598,599,600,-1,600,599,601,-1,600,601,602,-1,603,586,604,-1,604,586,585,-1,605,601,606,-1,606,601,599,-1,607,608,609,-1,609,608,610,-1,610,608,611,-1,610,611,612,-1,612,611,613,-1,612,613,614,-1,614,613,615,-1,614,615,616,-1,616,615,617,-1,616,617,618,-1,618,617,619,-1,618,619,620,-1,620,619,621,-1,620,621,622,-1,607,609,623,-1,623,609,624,-1,623,624,625,-1,625,624,626,-1,625,626,627,-1,627,626,628,-1,627,628,629,-1,628,630,629,-1,629,630,631,-1,629,631,632,-1,632,631,633,-1,632,633,634,-1,635,633,589,-1,589,633,636,-1,589,636,584,-1,584,636,637,-1,606,634,605,-1,605,634,633,-1,605,633,638,-1,638,633,635,-1,630,639,631,-1,631,639,636,-1,631,636,633,-1,609,640,624,-1,624,640,641,-1,624,641,626,-1,626,641,642,-1,626,642,628,-1,628,642,643,-1,628,643,630,-1,630,643,644,-1,630,644,639,-1,645,646,612,-1,612,646,647,-1,647,648,612,-1,612,648,649,-1,612,649,610,-1,610,649,650,-1,610,650,609,-1,609,650,651,-1,609,651,640,-1,616,652,653,-1,645,612,653,-1,653,612,654,-1,653,654,616,-1,655,656,616,-1,656,657,616,-1,616,657,658,-1,616,658,652,-1,622,659,620,-1,620,659,660,-1,661,662,663,-1,663,662,664,-1,663,664,655,-1,660,665,620,-1,620,665,666,-1,620,666,667,-1,616,618,655,-1,655,618,620,-1,655,620,663,-1,663,620,667,-1,658,657,668,-1,662,661,669,-1,670,655,671,-1,671,655,672,-1,670,673,655,-1,655,673,674,-1,655,674,656,-1,672,655,669,-1,669,655,675,-1,669,675,662,-1,668,657,676,-1,656,674,657,-1,657,674,677,-1,657,677,676,-1,646,678,647,-1,647,678,679,-1,647,679,680,-1,646,645,678,-1,678,645,653,-1,678,653,668,-1,668,653,652,-1,668,652,658,-1,680,681,647,-1,647,681,682,-1,647,682,648,-1,648,682,683,-1,648,683,684,-1,684,683,685,-1,684,685,686,-1,687,688,651,-1,687,651,686,-1,686,651,650,-1,686,650,684,-1,642,641,688,-1,688,641,689,-1,688,689,651,-1,690,691,636,-1,690,636,692,-1,692,636,693,-1,692,693,694,-1,688,695,642,-1,642,695,696,-1,642,696,643,-1,643,696,694,-1,643,694,644,-1,644,694,693,-1,663,667,697,-1,697,667,666,-1,698,699,700,-1,663,697,661,-1,661,697,701,-1,661,701,669,-1,702,703,698,-1,698,703,669,-1,698,669,704,-1,704,669,701,-1,666,665,697,-1,697,665,660,-1,697,660,659,-1,700,705,698,-1,698,705,706,-1,698,706,702,-1,707,708,709,-1,709,710,711,-1,707,709,712,-1,712,709,711,-1,712,711,713,-1,713,711,714,-1,714,711,715,-1,714,715,716,-1,716,715,717,-1,717,715,718,-1,717,718,719,-1,719,718,720,-1,719,720,721,-1,721,720,722,-1,722,720,723,-1,722,723,724,-1,724,723,725,-1,725,723,704,-1,725,704,701,-1,
        ]
    }
}
Shape{
    appearance Appearance {
        material  Material 	{
            diffuseColor 0.7529411764705882 0.7529411764705882 0.7529411764705882
            specularColor 0.3764705882352941 0.3764705882352941 0.3764705882352941
            ambientIntensity 0.2
            transparency 0
            shininess 0.5
        }
    }
    geometry IndexedFaceSet {
        ccw TRUE
        solid FALSE
        coord DEF co Coordinate {
            point [
                1.7472 -1.6408 -5.3, 1.6981 -1.5769 -5.3, 1.4002 -1.497 -5.3, 1.48 -2.1035 -5.3, 1.5598 -2.093 -5.3, 1.6342 -2.0622 -5.3, 1.3257 -1.5278 -5.3, 1.1715 -1.795 -5.3, 1.2619 -1.5769 -5.3, 1.182 -1.7152 -5.3, 1.2128 -1.6408 -5.3, 1.182 -1.8748 -5.3, 1.2128 -1.9492 -5.3, 1.2619 -2.0131 -5.3, 1.6981 -2.0131 -5.3, 1.7472 -1.9492 -5.3, 1.778 -1.8748 -5.3, 1.7885 -1.795 -5.3, 1.778 -1.7152 -5.3, 1.6342 -1.5278 -5.3, 1.5598 -1.497 -5.3, 1.48 -1.4865 -5.3, 1.3257 -2.0622 -5.3, 1.4002 -2.093 -5.3, 1.48 -1.4865 -7.7, 1.5598 -1.497 -7.7, 1.6342 -1.5278 -7.7, 1.6981 -1.5769 -7.7, 1.7472 -1.6408 -7.7, 1.778 -1.7152 -7.7, 1.7885 -1.795 -7.7, 1.778 -1.8748 -7.7, 1.7472 -1.9492 -7.7, 1.6981 -2.0131 -7.7, 1.6342 -2.0622 -7.7, 1.5598 -2.093 -7.7, 1.48 -2.1035 -7.7, 1.4002 -2.093 -7.7, 1.3257 -2.0622 -7.7, 1.2619 -2.0131 -7.7, 1.2128 -1.9492 -7.7, 1.182 -1.8748 -7.7, 1.1715 -1.795 -7.7, 1.182 -1.7152 -7.7, 1.2128 -1.6408 -7.7, 1.2619 -1.5769 -7.7, 1.3257 -1.5278 -7.7, 1.4002 -1.497 -7.7, -0.1902 -1.497 -5.3, -0.27 -1.4865 -5.3, -0.1902 -2.093 -5.3, -0.3498 -1.497 -5.3, -0.27 -2.1035 -5.3, -0.4881 -1.5769 -5.3, -0.5372 -1.6408 -5.3, -0.3498 -2.093 -5.3, -0.1158 -2.0622 -5.3, -0.0519 -2.0131 -5.3, -0.0519 -1.5769 -5.3, -0.0028 -1.9492 -5.3, 0.028 -1.8748 -5.3, -0.1158 -1.5278 -5.3, -0.4243 -1.5278 -5.3, -0.568 -1.7152 -5.3, -0.5785 -1.795 -5.3, -0.568 -1.8748 -5.3, 0.0385 -1.795 -5.3, 0.028 -1.7152 -5.3, -0.0028 -1.6408 -5.3, -0.5372 -1.9492 -5.3, -0.4881 -2.0131 -5.3, -0.4243 -2.0622 -5.3, -0.27 -1.4865 -7.7, -0.1902 -1.497 -7.7, -0.1158 -1.5278 -7.7, -0.0519 -1.5769 -7.7, -0.0028 -1.6408 -7.7, 0.028 -1.7152 -7.7, 0.0385 -1.795 -7.7, 0.028 -1.8748 -7.7, -0.0028 -1.9492 -7.7, -0.0519 -2.0131 -7.7, -0.1158 -2.0622 -7.7, -0.1902 -2.093 -7.7, -0.27 -2.1035 -7.7, -0.3498 -2.093 -7.7, -0.4243 -2.0622 -7.7, -0.4881 -2.0131 -7.7, -0.5372 -1.9492 -7.7, -0.568 -1.8748 -7.7, -0.5785 -1.795 -7.7, -0.568 -1.7152 -7.7, -0.5372 -1.6408 -7.7, -0.4881 -1.5769 -7.7, -0.4243 -1.5278 -7.7, -0.3498 -1.497 -7.7, 1.4002 2.093 -5.3, 1.5598 1.497 -5.3, 1.6342 1.5278 -5.3, 1.778 1.8748 -5.3, 1.7472 1.9492 -5.3, 1.6981 2.0131 -5.3, 1.6981 1.5769 -5.3, 1.7472 1.6408 -5.3, 1.778 1.7152 -5.3, 1.7885 1.795 -5.3, 1.48 2.1035 -5.3, 1.6342 2.0622 -5.3, 1.5598 2.093 -5.3, 1.3257 2.0622 -5.3, 1.2619 2.0131 -5.3, 1.2128 1.9492 -5.3, 1.182 1.8748 -5.3, 1.1715 1.795 -5.3, 1.48 1.4865 -5.3, 1.182 1.7152 -5.3, 1.2128 1.6408 -5.3, 1.2619 1.5769 -5.3, 1.3257 1.5278 -5.3, 1.4002 1.497 -5.3, 1.48 2.1035 -7.7, 1.5598 2.093 -7.7, 1.6342 2.0622 -7.7, 1.6981 2.0131 -7.7, 1.7472 1.9492 -7.7, 1.778 1.8748 -7.7, 1.7885 1.795 -7.7, 1.778 1.7152 -7.7, 1.7472 1.6408 -7.7, 1.6981 1.5769 -7.7, 1.6342 1.5278 -7.7, 1.5598 1.497 -7.7, 1.48 1.4865 -7.7, 1.4002 1.497 -7.7, 1.3257 1.5278 -7.7, 1.2619 1.5769 -7.7, 1.2128 1.6408 -7.7, 1.182 1.7152 -7.7, 1.1715 1.795 -7.7, 1.182 1.8748 -7.7, 1.2128 1.9492 -7.7, 1.2619 2.0131 -7.7, 1.3257 2.0622 -7.7, 1.4002 2.093 -7.7, -0.5372 1.9492 -5.3, -0.568 1.8748 -5.3, -0.27 1.4865 -5.3, -0.1158 1.5278 -5.3, -0.0519 2.0131 -5.3, -0.1902 1.497 -5.3, -0.1158 2.0622 -5.3, -0.1902 2.093 -5.3, -0.4881 2.0131 -5.3, -0.5785 1.795 -5.3, -0.568 1.7152 -5.3, -0.5372 1.6408 -5.3, -0.0519 1.5769 -5.3, -0.0028 1.6408 -5.3, 0.028 1.7152 -5.3, -0.27 2.1035 -5.3, -0.3498 2.093 -5.3, -0.4243 2.0622 -5.3, 0.0385 1.795 -5.3, 0.028 1.8748 -5.3, -0.0028 1.9492 -5.3, -0.4881 1.5769 -5.3, -0.4243 1.5278 -5.3, -0.3498 1.497 -5.3, -0.27 2.1035 -7.7, -0.1902 2.093 -7.7, -0.1158 2.0622 -7.7, -0.0519 2.0131 -7.7, -0.0028 1.9492 -7.7, 0.028 1.8748 -7.7, 0.0385 1.795 -7.7, 0.028 1.7152 -7.7, -0.0028 1.6408 -7.7, -0.0519 1.5769 -7.7, -0.1158 1.5278 -7.7, -0.1902 1.497 -7.7, -0.27 1.4865 -7.7, -0.3498 1.497 -7.7, -0.4243 1.5278 -7.7, -0.4881 1.5769 -7.7, -0.5372 1.6408 -7.7, -0.568 1.7152 -7.7, -0.5785 1.795 -7.7, -0.568 1.8748 -7.7, -0.5372 1.9492 -7.7, -0.4881 2.0131 -7.7, -0.4243 2.0622 -7.7, -0.3498 2.093 -7.7, -0.3498 2.093 -7.7
            ]
        }
        coordIndex [
            0,1,2,-1,3,4,2,-1,2,4,5,-1,2,6,7,-1,7,6,8,-1,7,8,9,-1,9,8,10,-1,7,11,2,-1,2,11,12,-1,2,12,13,-1,5,14,2,-1,2,14,15,-1,2,15,16,-1,16,17,2,-1,2,17,18,-1,2,18,0,-1,19,20,1,-1,1,20,21,-1,1,21,2,-1,13,22,2,-1,2,22,23,-1,2,23,3,-1,24,21,20,-1,24,20,25,-1,25,20,19,-1,25,19,26,-1,26,19,1,-1,26,1,27,-1,27,1,0,-1,27,0,28,-1,28,0,18,-1,28,18,29,-1,29,18,17,-1,29,17,30,-1,30,17,16,-1,30,16,31,-1,31,16,15,-1,31,15,32,-1,32,15,14,-1,32,14,33,-1,33,14,5,-1,33,5,34,-1,34,5,4,-1,34,4,35,-1,35,4,3,-1,35,3,36,-1,36,3,23,-1,36,23,37,-1,37,23,22,-1,37,22,38,-1,38,22,13,-1,38,13,39,-1,39,13,12,-1,39,12,40,-1,40,12,11,-1,40,11,41,-1,41,11,7,-1,41,7,42,-1,42,7,9,-1,42,9,43,-1,43,9,10,-1,43,10,44,-1,44,10,8,-1,44,8,45,-1,45,8,6,-1,45,6,46,-1,46,6,2,-1,46,2,47,-1,47,2,21,-1,47,21,24,-1,48,49,50,-1,50,49,51,-1,50,51,52,-1,53,54,55,-1,56,57,58,-1,58,57,59,-1,58,59,60,-1,56,58,50,-1,50,58,61,-1,50,61,48,-1,52,51,55,-1,55,51,62,-1,55,62,53,-1,54,63,55,-1,55,63,64,-1,55,64,65,-1,60,66,58,-1,58,66,67,-1,58,67,68,-1,65,69,55,-1,55,69,70,-1,55,70,71,-1,72,49,48,-1,72,48,73,-1,73,48,61,-1,73,61,74,-1,74,61,58,-1,74,58,75,-1,75,58,68,-1,75,68,76,-1,76,68,67,-1,76,67,77,-1,77,67,66,-1,77,66,78,-1,78,66,60,-1,78,60,79,-1,79,60,59,-1,79,59,80,-1,80,59,57,-1,80,57,81,-1,81,57,56,-1,81,56,82,-1,82,56,50,-1,82,50,83,-1,83,50,52,-1,83,52,84,-1,84,52,55,-1,84,55,85,-1,85,55,71,-1,85,71,86,-1,86,71,70,-1,86,70,87,-1,87,70,69,-1,87,69,88,-1,88,69,65,-1,88,65,89,-1,89,65,64,-1,89,64,90,-1,90,64,63,-1,90,63,91,-1,91,63,54,-1,91,54,92,-1,92,54,53,-1,92,53,93,-1,93,53,62,-1,93,62,94,-1,94,62,51,-1,94,51,95,-1,95,51,49,-1,95,49,72,-1,96,97,98,-1,99,100,101,-1,98,102,96,-1,96,102,103,-1,96,103,104,-1,104,105,96,-1,96,105,99,-1,96,99,106,-1,101,107,99,-1,99,107,108,-1,99,108,106,-1,96,109,97,-1,97,109,110,-1,97,110,111,-1,111,112,97,-1,97,112,113,-1,97,113,114,-1,114,113,115,-1,114,115,116,-1,116,117,114,-1,114,117,118,-1,114,118,119,-1,120,106,108,-1,120,108,121,-1,121,108,107,-1,121,107,122,-1,122,107,101,-1,122,101,123,-1,123,101,100,-1,123,100,124,-1,124,100,99,-1,124,99,125,-1,125,99,105,-1,125,105,126,-1,126,105,104,-1,126,104,127,-1,127,104,103,-1,127,103,128,-1,128,103,102,-1,128,102,129,-1,129,102,98,-1,129,98,130,-1,130,98,97,-1,130,97,131,-1,131,97,114,-1,131,114,132,-1,132,114,119,-1,132,119,133,-1,133,119,118,-1,133,118,134,-1,134,118,117,-1,134,117,135,-1,135,117,116,-1,135,116,136,-1,136,116,115,-1,136,115,137,-1,137,115,113,-1,137,113,138,-1,138,113,112,-1,138,112,139,-1,139,112,111,-1,139,111,140,-1,140,111,110,-1,140,110,141,-1,141,110,109,-1,141,109,142,-1,142,109,96,-1,142,96,143,-1,143,96,106,-1,143,106,120,-1,144,145,146,-1,147,148,149,-1,149,148,150,-1,149,150,151,-1,144,146,152,-1,145,153,146,-1,146,153,154,-1,146,154,155,-1,147,156,148,-1,148,156,157,-1,148,157,158,-1,151,159,149,-1,149,159,160,-1,149,160,146,-1,146,160,161,-1,146,161,152,-1,158,162,148,-1,148,162,163,-1,148,163,164,-1,155,165,146,-1,146,165,166,-1,146,166,167,-1,168,159,151,-1,168,151,169,-1,169,151,150,-1,169,150,170,-1,170,150,148,-1,170,148,171,-1,171,148,164,-1,171,164,172,-1,172,164,163,-1,172,163,173,-1,173,163,162,-1,173,162,174,-1,174,162,158,-1,174,158,175,-1,175,158,157,-1,175,157,176,-1,176,157,156,-1,176,156,177,-1,177,156,147,-1,177,147,178,-1,178,147,149,-1,178,149,179,-1,179,149,146,-1,179,146,180,-1,180,146,167,-1,180,167,181,-1,181,167,166,-1,181,166,182,-1,182,166,165,-1,182,165,183,-1,183,165,155,-1,183,155,184,-1,184,155,154,-1,184,154,185,-1,185,154,153,-1,185,153,186,-1,186,153,145,-1,186,145,187,-1,187,145,144,-1,187,144,188,-1,188,144,152,-1,188,152,189,-1,189,152,161,-1,189,161,190,-1,190,161,160,-1,190,160,191,-1,191,160,159,-1,191,159,168,-1,
        ]
    }
}
Shape{
    appearance Appearance {
        material  Material 	{
            diffuseColor 0.5019607843137255 0.5019607843137255 0.5019607843137255
            specularColor 0.25098039215686274 0.25098039215686274 0.25098039215686274
            ambientIntensity 0.2
            transparency 0
            shininess 0.5
        }
    }
    geometry IndexedFaceSet {
        ccw TRUE
        solid FALSE
        coord DEF co Coordinate {
            point [
                -0.27 1.485 -7.7, -0.27 1.385 -7.8, -0.1639 1.399 -7.8, -0.1898 1.4956 -7.7, -0.065 1.4399 -7.8, -0.115 1.5265 -7.7, 0.0199 1.5051 -7.8, -0.0508 1.5758 -7.7, 0.0808 1.5845 -7.8, -0.0015 1.64 -7.7, 0.0851 1.59 -7.8, 0.126 1.6889 -7.8, 0.0294 1.7148 -7.7, 0.14 1.795 -7.8, 0.04 1.795 -7.7, 0.126 1.9011 -7.8, 0.0294 1.8752 -7.7, 0.0851 2.0 -7.8, -0.0015 1.95 -7.7, 0.0808 2.0055 -7.8, -0.0508 2.0142 -7.7, 0.0199 2.0849 -7.8, -0.065 2.1501 -7.8, -0.115 2.0635 -7.7, -0.1639 2.191 -7.8, -0.1898 2.0944 -7.7, -0.27 2.205 -7.8, -0.27 2.105 -7.7, -0.3761 2.191 -7.8, -0.3502 2.0944 -7.7, -0.4596 2.1565 -7.8, -0.425 2.0635 -7.7, -0.475 2.1501 -7.8, -0.5599 2.0849 -7.8, -0.4892 2.0142 -7.7, -0.6208 2.0055 -7.8, -0.5385 1.95 -7.7, -0.6251 2.0 -7.8, -0.666 1.9011 -7.8, -0.5694 1.8752 -7.7, -0.68 1.795 -7.8, -0.58 1.795 -7.7, -0.666 1.6889 -7.8, -0.5694 1.7148 -7.7, -0.6251 1.59 -7.8, -0.5385 1.64 -7.7, -0.6208 1.5845 -7.8, -0.4892 1.5758 -7.7, -0.5599 1.5051 -7.8, -0.475 1.4399 -7.8, -0.425 1.5265 -7.7, -0.4596 1.4335 -7.8, -0.3502 1.4956 -7.7, -0.3761 1.399 -7.8, 1.48 1.485 -7.7, 1.48 1.385 -7.8, 1.5861 1.399 -7.8, 1.5602 1.4956 -7.7, 1.685 1.4399 -7.8, 1.635 1.5265 -7.7, 1.7699 1.5051 -7.8, 1.6992 1.5758 -7.7, 1.8351 1.59 -7.8, 1.7485 1.64 -7.7, 1.876 1.6889 -7.8, 1.7794 1.7148 -7.7, 1.89 1.795 -7.8, 1.79 1.795 -7.7, 1.876 1.9011 -7.8, 1.7794 1.8752 -7.7, 1.8351 2.0 -7.8, 1.7485 1.95 -7.7, 1.7699 2.0849 -7.8, 1.6992 2.0142 -7.7, 1.685 2.1501 -7.8, 1.635 2.0635 -7.7, 1.5861 2.191 -7.8, 1.5602 2.0944 -7.7, 1.48 2.205 -7.8, 1.48 2.105 -7.7, 1.3739 2.191 -7.8, 1.3998 2.0944 -7.7, 1.275 2.1501 -7.8, 1.325 2.0635 -7.7, 1.1901 2.0849 -7.8, 1.2608 2.0142 -7.7, 1.1249 2.0 -7.8, 1.2115 1.95 -7.7, 1.084 1.9011 -7.8, 1.1806 1.8752 -7.7, 1.07 1.795 -7.8, 1.17 1.795 -7.7, 1.084 1.6889 -7.8, 1.1806 1.7148 -7.7, 1.1249 1.59 -7.8, 1.2115 1.64 -7.7, 1.1901 1.5051 -7.8, 1.2608 1.5758 -7.7, 1.275 1.4399 -7.8, 1.325 1.5265 -7.7, 1.3739 1.399 -7.8, 1.3998 1.4956 -7.7, 1.48 -2.105 -7.7, 1.48 -2.205 -7.8, 1.5861 -2.191 -7.8, 1.5602 -2.0944 -7.7, 1.685 -2.1501 -7.8, 1.635 -2.0635 -7.7, 1.7699 -2.0849 -7.8, 1.6992 -2.0142 -7.7, 1.8351 -2.0 -7.8, 1.7485 -1.95 -7.7, 1.876 -1.9011 -7.8, 1.7794 -1.8752 -7.7, 1.89 -1.795 -7.8, 1.79 -1.795 -7.7, 1.876 -1.6889 -7.8, 1.7794 -1.7148 -7.7, 1.8351 -1.59 -7.8, 1.7485 -1.64 -7.7, 1.7699 -1.5051 -7.8, 1.6992 -1.5758 -7.7, 1.685 -1.4399 -7.8, 1.635 -1.5265 -7.7, 1.5861 -1.399 -7.8, 1.5602 -1.4956 -7.7, 1.48 -1.385 -7.8, 1.48 -1.485 -7.7, 1.3739 -1.399 -7.8, 1.3998 -1.4956 -7.7, 1.275 -1.4399 -7.8, 1.325 -1.5265 -7.7, 1.1901 -1.5051 -7.8, 1.2608 -1.5758 -7.7, 1.1249 -1.59 -7.8, 1.2115 -1.64 -7.7, 1.084 -1.6889 -7.8, 1.1806 -1.7148 -7.7, 1.07 -1.795 -7.8, 1.17 -1.795 -7.7, 1.084 -1.9011 -7.8, 1.1806 -1.8752 -7.7, 1.1249 -2.0 -7.8, 1.2115 -1.95 -7.7, 1.1901 -2.0849 -7.8, 1.2608 -2.0142 -7.7, 1.275 -2.1501 -7.8, 1.325 -2.0635 -7.7, 1.3739 -2.191 -7.8, 1.3998 -2.0944 -7.7, -0.27 -2.105 -7.7, -0.27 -2.205 -7.8, -0.1639 -2.191 -7.8, -0.1898 -2.0944 -7.7, -0.065 -2.1501 -7.8, -0.115 -2.0635 -7.7, 0.0199 -2.0849 -7.8, -0.0508 -2.0142 -7.7, 0.0808 -2.0055 -7.8, -0.0015 -1.95 -7.7, 0.0851 -2.0 -7.8, 0.126 -1.9011 -7.8, 0.0294 -1.8752 -7.7, 0.14 -1.795 -7.8, 0.04 -1.795 -7.7, 0.126 -1.6889 -7.8, 0.0294 -1.7148 -7.7, 0.0851 -1.59 -7.8, -0.0015 -1.64 -7.7, 0.0808 -1.5845 -7.8, -0.0508 -1.5758 -7.7, 0.0199 -1.5051 -7.8, -0.065 -1.4399 -7.8, -0.115 -1.5265 -7.7, -0.1639 -1.399 -7.8, -0.1898 -1.4956 -7.7, -0.27 -1.385 -7.8, -0.27 -1.485 -7.7, -0.3498 2.093 -7.7, -0.4243 2.0622 -7.7, -0.4881 2.0131 -7.7, -0.5372 1.9492 -7.7, -0.568 1.8748 -7.7, -0.5785 1.795 -7.7, -0.568 1.7152 -7.7, -0.5372 1.6408 -7.7, -0.4881 1.5769 -7.7, -0.4243 1.5278 -7.7, -0.3498 1.497 -7.7, -0.27 1.4865 -7.7, -0.1902 1.497 -7.7, -0.1158 1.5278 -7.7, -0.0519 1.5769 -7.7, -0.0028 1.6408 -7.7, 0.028 1.7152 -7.7, 0.0385 1.795 -7.7, 0.028 1.8748 -7.7, -0.0028 1.9492 -7.7, -0.0519 2.0131 -7.7, -0.1158 2.0622 -7.7, -0.1902 2.093 -7.7, -0.27 2.1035 -7.7, 1.2128 1.6408 -7.7, 1.2619 1.5769 -7.7, 1.3257 1.5278 -7.7, 1.4002 1.497 -7.7, 1.48 1.4865 -7.7, 1.5598 1.497 -7.7, 1.6342 1.5278 -7.7, 1.6981 1.5769 -7.7, 1.7472 1.6408 -7.7, 1.778 1.7152 -7.7, 1.7885 1.795 -7.7, 1.778 1.8748 -7.7, 1.7472 1.9492 -7.7, 1.6981 2.0131 -7.7, 1.6342 2.0622 -7.7, 1.5598 2.093 -7.7, 1.48 2.1035 -7.7, 1.4002 2.093 -7.7, 1.3257 2.0622 -7.7, 1.2619 2.0131 -7.7, 1.2128 1.9492 -7.7, 1.182 1.8748 -7.7, 1.1715 1.795 -7.7, 1.182 1.7152 -7.7, 1.2128 -1.9492 -7.7, 1.2619 -2.0131 -7.7, 1.3257 -2.0622 -7.7, 1.4002 -2.093 -7.7, 1.48 -2.1035 -7.7, 1.5598 -2.093 -7.7, 1.6342 -2.0622 -7.7, 1.6981 -2.0131 -7.7, 1.7472 -1.9492 -7.7, 1.778 -1.8748 -7.7, 1.7885 -1.795 -7.7, 1.778 -1.7152 -7.7, 1.7472 -1.6408 -7.7, 1.6981 -1.5769 -7.7, 1.6342 -1.5278 -7.7, 1.5598 -1.497 -7.7, 1.48 -1.4865 -7.7, 1.4002 -1.497 -7.7, 1.3257 -1.5278 -7.7, 1.2619 -1.5769 -7.7, 1.2128 -1.6408 -7.7, 1.182 -1.7152 -7.7, 1.1715 -1.795 -7.7, 1.182 -1.8748 -7.7, -0.568 -1.8748 -7.7, -0.5694 -1.8752 -7.7, -0.5372 -1.9492 -7.7, -0.5385 -1.95 -7.7, -0.4881 -2.0131 -7.7, -0.4892 -2.0142 -7.7, -0.4243 -2.0622 -7.7, -0.425 -2.0635 -7.7, -0.3498 -2.093 -7.7, -0.3502 -2.0944 -7.7, -0.27 -2.1035 -7.7, -0.1902 -2.093 -7.7, -0.1158 -2.0622 -7.7, -0.0519 -2.0131 -7.7, -0.0028 -1.9492 -7.7, 0.028 -1.8748 -7.7, 0.0385 -1.795 -7.7, 0.028 -1.7152 -7.7, -0.0028 -1.6408 -7.7, -0.0519 -1.5769 -7.7, -0.1158 -1.5278 -7.7, -0.1902 -1.497 -7.7, -0.27 -1.4865 -7.7, -0.3498 -1.497 -7.7, -0.3502 -1.4956 -7.7, -0.4243 -1.5278 -7.7, -0.425 -1.5265 -7.7, -0.4881 -1.5769 -7.7, -0.4892 -1.5758 -7.7, -0.5372 -1.6408 -7.7, -0.5385 -1.64 -7.7, -0.568 -1.7152 -7.7, -0.5694 -1.7148 -7.7, -0.5785 -1.795 -7.7, -0.58 -1.795 -7.7, -0.3761 -1.399 -7.8, -0.4596 -1.4335 -7.8, -0.475 -1.4399 -7.8, -0.5599 -1.5051 -7.8, -0.6208 -1.5845 -7.8, -0.6251 -1.59 -7.8, -0.666 -1.6889 -7.8, -0.68 -1.795 -7.8, -0.666 -1.9011 -7.8, -0.6251 -2.0 -7.8, -0.6208 -2.0055 -7.8, -0.5599 -2.0849 -7.8, -0.475 -2.1501 -7.8, -0.4596 -2.1565 -7.8, -0.3761 -2.191 -7.8, -0.2117 -2.8471 -7.8, -0.2117 -2.5641 -7.8, -0.4596 -2.8471 -7.8, -0.2117 -3.145 -7.8, -0.2117 -2.9365 -7.8, -0.4596 -2.9365 -7.8, -0.4596 0.0 -7.8, -0.6208 0.0 -7.8, -0.6208 -2.325 -7.8, 2.2341 -3.4223 -7.8, 2.4267 -3.3325 -7.8, 0.605 -3.3325 -7.8, 1.68 3.52 -7.8, 0.605 3.52 -7.8, 0.605 2.325 -7.8, -2.09 0.0 -7.8, -2.09 1.9 -7.8, -2.0654 2.1813 -7.8, -2.0269 2.325 -7.8, -0.6208 2.325 -7.8, -1.0241 3.4223 -7.8, -0.7513 3.4954 -7.8, -0.6208 3.5068 -7.8, -1.28 3.303 -7.8, -1.5113 3.141 -7.8, -1.711 2.9413 -7.8, -1.873 2.71 -7.8, -1.9923 2.4541 -7.8, 1.9613 3.4954 -7.8, 3.2369 2.325 -7.8, 3.2023 2.4541 -7.8, 3.083 2.71 -7.8, 2.921 2.9413 -7.8, 2.7213 3.141 -7.8, 2.49 3.303 -7.8, 2.2341 3.4223 -7.8, 3.2754 2.1813 -7.8, 3.3 1.9 -7.8, 3.3 0.0 -7.8, 0.605 0.0 -7.8, 3.2369 -2.325 -7.8, 3.3 -1.9 -7.8, 3.2754 -2.1813 -7.8, 0.605 -2.325 -7.8, 2.49 -3.303 -7.8, 2.7213 -3.141 -7.8, 2.921 -2.9413 -7.8, 3.083 -2.71 -7.8, 3.2023 -2.4541 -7.8, 1.9613 -3.4954 -7.8, -0.6208 -3.5068 -7.8, -0.47 -3.52 -7.8, -0.6208 -3.3325 -7.8, -0.4596 -3.3325 -7.8, -1.2167 -3.3325 -7.8, -1.0241 -3.4223 -7.8, -0.7513 -3.4954 -7.8, -1.873 -2.71 -7.8, -1.711 -2.9413 -7.8, -1.5113 -3.141 -7.8, -1.28 -3.303 -7.8, -2.0269 -2.325 -7.8, -1.9923 -2.4541 -7.8, -2.09 -1.9 -7.8, -2.0654 -2.1813 -7.8, 0.0808 0.0 -7.8, -0.4596 -2.325 -7.8, 0.0808 -2.325 -7.8, -0.4596 2.325 -7.8, 0.0808 2.325 -7.8, -0.4596 -2.7298 -7.8, -0.2117 -2.445 -7.8, -0.1242 -2.445 -7.8, -0.1242 -2.8471 -7.8, 0.0217 -2.8471 -7.8, 0.0217 -2.9365 -7.8, 0.0808 -3.3325 -7.8, -0.1242 -2.9365 -7.8, -0.1242 -3.145 -7.8, -0.5617 -2.9365 -7.8, -0.5617 -2.8471 -7.8, 0.0808 3.52 -7.8, -0.27 3.0259 -7.8, -0.3575 2.9216 -7.8, -0.27 2.445 -7.8, -0.1825 2.445 -7.8, -0.1825 3.145 -7.8, -0.27 3.145 -7.8, -0.4596 3.52 -7.8, -0.3575 3.0407 -7.8, -0.47 3.52 -7.8, -0.4596 -3.52 -7.8, 0.0808 -3.52 -7.8, 0.605 -3.52 -7.8, 1.68 -3.52 -7.8, -2.1422 -2.1949 -7.7378, -2.168 -1.9 -7.7378, -2.17 -1.9 -7.72, -2.167 -1.9 -7.7406, -2.1589 -1.9 -7.7598, -2.1621 -1.9 -7.7547, -2.1364 -2.1938 -7.7547, -2.0249 -2.4659 -7.7921, -2.0996 -2.1873 -7.7921, -2.1145 -2.19 -7.7825, -1.8884 -2.7189 -7.798, -1.5228 -3.1546 -7.798, -1.2889 -3.3184 -7.798, -0.7544 -3.5129 -7.798, -1.0302 -3.439 -7.798, -2.009 -2.4602 -7.798, -2.1078 -1.9 -7.798, -2.0829 -2.1844 -7.798, -0.47 -3.5378 -7.798, -0.47 -3.5406 -7.797, -0.7573 -3.5296 -7.7921, -0.47 -3.5547 -7.7921, -1.903 -2.7274 -7.7921, -1.7376 -2.9636 -7.7921, -1.7246 -2.9528 -7.798, -2.1106 -1.9 -7.797, -0.47 -3.5598 -7.7889, -0.76 -3.5445 -7.7825, -0.47 -3.5699 -7.7825, -1.7492 -2.9734 -7.7825, -1.9162 -2.7349 -7.7825, -2.0392 -2.4711 -7.7825, -0.47 -3.5762 -7.7762, -0.7622 -3.557 -7.7699, -0.47 -3.5825 -7.7699, -1.7589 -2.9815 -7.7699, -1.9271 -2.7413 -7.7699, -2.0511 -2.4755 -7.7699, -2.127 -2.1922 -7.7699, -2.1247 -1.9 -7.7921, -2.1298 -1.9 -7.7889, -2.1399 -1.9 -7.7825, -2.1462 -1.9 -7.7762, -2.1525 -1.9 -7.7699, -0.47 -3.5889 -7.7598, -0.7638 -3.5664 -7.7547, -0.47 -3.5921 -7.7547, -1.0507 -3.4956 -7.7378, -1.0487 -3.49 -7.7547, -1.0455 -3.4811 -7.7699, -1.0411 -3.4692 -7.7825, -1.0359 -3.4549 -7.7921, -2.06 -2.4787 -7.7547, -1.9354 -2.746 -7.7547, -1.7662 -2.9876 -7.7547, -0.7649 -3.5722 -7.7378, -0.47 -3.598 -7.7378, -0.47 -3.597 -7.7406, -2.0656 -2.4807 -7.7378, -1.9405 -2.749 -7.7378, -1.7707 -2.9914 -7.7378, -0.47 -3.6 -7.72, -0.7652 -3.5742 -7.72, -0.9083 -3.5358 -7.72, -1.0514 -3.4975 -7.72, -1.2974 -3.333 -7.7921, -1.3049 -3.3462 -7.7825, -1.3113 -3.3571 -7.7699, -1.316 -3.3654 -7.7547, -1.319 -3.3705 -7.7378, -1.32 -3.3722 -7.72, -1.5336 -3.1676 -7.7921, -1.5434 -3.1792 -7.7825, -1.5515 -3.1889 -7.7699, -1.5576 -3.1962 -7.7547, -1.5614 -3.2007 -7.7378, -1.5627 -3.2023 -7.72, -1.6675 -3.0975 -7.72, -2.1442 -2.1952 -7.72, -2.1058 -2.3383 -7.72, -2.0675 -2.4814 -7.72, -1.9422 -2.75 -7.72, -1.7723 -2.9927 -7.72, -2.17 -1.9 -5.15, -2.1121 -2.34 -5.15, -1.9422 -2.75 -5.15, -1.6721 -3.1021 -5.15, -1.32 -3.3722 -5.15, -0.91 -3.5421 -5.15, -0.47 -3.6 -5.15, -0.47 -3.6461 -0.4, -0.8585 -3.6023 -0.4, -0.9199 -3.5809 -0.4, -1.2276 -3.4732 -0.4, -1.3379 -3.4039 -0.4, -1.5587 -3.2652 -0.4, -1.6969 -3.1269 -0.4, -1.8352 -2.9887 -0.4, -1.9739 -2.7679 -0.4, -2.0432 -2.6576 -0.4, -2.1509 -2.3499 -0.4, -2.1723 -2.2885 -0.4, -2.2161 -1.9 -0.4, -0.9099 -3.8275 0.0, -0.47 -3.8771 0.0, -1.3278 -3.6813 0.0, -1.7027 -3.4457 0.0, -2.0157 -3.1327 0.0, -2.2513 -2.7578 0.0, -2.4471 -1.9 0.0, -2.3975 -2.3399 0.0, 1.68 -3.6461 -0.4, 1.68 -3.8771 0.0, 3.6075 -2.3399 0.0, 3.6571 -1.9 0.0, 3.4261 -1.9 -0.4, 3.3823 -2.2885 -0.4, 3.3609 -2.3499 -0.4, 3.4613 -2.7578 0.0, 3.2532 -2.6576 -0.4, 3.1839 -2.7679 -0.4, 3.2257 -3.1327 0.0, 3.0452 -2.9887 -0.4, 2.9069 -3.1269 -0.4, 2.9127 -3.4457 0.0, 2.7687 -3.2652 -0.4, 2.5479 -3.4039 -0.4, 2.5378 -3.6813 0.0, 2.0685 -3.6023 -0.4, 2.1199 -3.8275 0.0, 2.1299 -3.5809 -0.4, 2.4376 -3.4732 -0.4, 3.4261 1.9 -0.4, 3.6571 1.9 0.0, 2.1199 3.8275 0.0, 1.68 3.8771 0.0, 1.68 3.6461 -0.4, 2.0685 3.6023 -0.4, 2.1299 3.5809 -0.4, 2.5378 3.6813 0.0, 2.4376 3.4732 -0.4, 2.5479 3.4039 -0.4, 2.9127 3.4457 0.0, 2.7687 3.2652 -0.4, 2.9069 3.1269 -0.4, 3.2257 3.1327 0.0, 3.0452 2.9887 -0.4, 3.1839 2.7679 -0.4, 3.4613 2.7578 0.0, 3.3823 2.2885 -0.4, 3.6075 2.3399 0.0, 3.3609 2.3499 -0.4, 3.2532 2.6576 -0.4, -0.47 3.6461 -0.4, -0.47 3.8771 0.0, -2.3975 2.3399 0.0, -2.4471 1.9 0.0, -2.2161 1.9 -0.4, -2.1723 2.2885 -0.4, -2.1509 2.3499 -0.4, -2.2513 2.7578 0.0, -2.0432 2.6576 -0.4, -1.9739 2.7679 -0.4, -2.0157 3.1327 0.0, -1.8352 2.9887 -0.4, -1.6969 3.1269 -0.4, -1.7027 3.4457 0.0, -1.5587 3.2652 -0.4, -1.3379 3.4039 -0.4, -1.3278 3.6813 0.0, -0.8585 3.6023 -0.4, -0.9099 3.8275 0.0, -0.9199 3.5809 -0.4, -1.2276 3.4732 -0.4, -2.2161 -1.78 -0.4, -2.4471 -1.78 0.0, -2.4471 1.78 0.0, -2.2161 1.78 -0.4, -2.2201 1.7466 -0.4011, -2.4484 1.7578 0.0, -2.4513 1.7467 0.0, -2.2218 1.7326 -0.4016, -2.4595 1.715 0.0, -2.2341 1.6997 -0.4049, -2.4677 1.6997 0.0, -2.2385 1.688 -0.4061, -2.4793 1.678 0.0, -2.2591 1.6577 -0.4117, -2.497 1.6578 0.0, -2.2655 1.6483 -0.4135, -2.5106 1.6422 0.0, -2.2937 1.623 -0.4212, -2.5373 1.6235 0.0, -2.3021 1.6155 -0.4235, -2.5575 1.6093 0.0, -2.3356 1.598 -0.4327, -2.5857 1.5986 0.0, -2.3457 1.5927 -0.4354, -2.6133 1.588 0.0, -2.3824 1.584 -0.4454, -2.6396 1.5847 0.0, -2.3944 1.5811 -0.4487, -2.678 1.58 0.0, -2.4156 1.58 -0.4545, -2.502 -2.4923 0.0, -2.3813 -2.8069 0.0, -2.4684 -1.696 0.0, -2.4958 -1.657 0.0, -2.7294 -1.9342 0.0, -2.5363 -1.6225 0.0, -2.5817 -1.5982 0.0, -2.585 -1.5974 0.0, -2.5883 -2.0926 0.0, -3.713 -1.65 0.0, -3.6336 -1.7536 0.0, -3.1509 -1.03 0.0, -3.53 -1.833 0.0, -3.1509 -1.58 0.0, -3.4094 -1.883 0.0, -3.28 -1.9 0.0, -2.678 -1.58 0.0, -2.8684 -1.9 0.0, -2.7969 -1.9087 0.0, -2.6434 -1.5822 0.0, -2.6395 -1.5832 0.0, -2.4512 -1.7466 0.0, -2.67 -1.975 0.0, -2.4523 -1.7373 0.0, -2.4671 -1.6994 0.0, -2.7969 1.9087 0.0, -2.8684 1.9 0.0, -2.4959 -1.6569 0.0, -2.5331 -1.6242 0.0, -2.622 -2.0288 0.0, -3.6336 1.7536 0.0, -3.713 1.65 0.0, -3.1509 1.03 0.0, -3.763 1.5294 0.0, -3.48 1.03 0.0, -3.78 1.4 0.0, -3.48 -1.03 0.0, -3.78 -1.4 0.0, -3.763 -1.5294 0.0, -3.1509 1.58 0.0, -2.67 1.975 0.0, -3.28 1.9 0.0, -3.4094 1.883 0.0, -3.53 1.833 0.0, -2.7294 1.9342 0.0, 3.7541 -2.2285 0.0, 3.78 -1.9 0.0, 3.78 1.9 0.0, -2.5708 -2.1625 0.0, 3.1649 -3.3849 0.0, 3.3789 -3.1343 0.0, 3.5511 -2.8534 0.0, 3.6772 -2.5489 0.0, -2.622 2.0288 0.0, -2.5883 2.0926 0.0, -2.5708 2.1625 0.0, -2.2119 -3.0981 0.0, -1.9981 -3.3585 0.0, -1.7455 -3.5813 0.0, -1.4604 -3.7609 0.0, 2.3289 -3.8972 0.0, 2.6334 -3.7711 0.0, 2.9143 -3.5989 0.0, -2.2119 3.0981 0.0, -2.3813 2.8069 0.0, -2.502 2.4923 0.0, -1.1503 -3.8926 0.0, -0.8231 -3.973 0.0, -0.4873 -4.0 0.0, 1.68 -4.0 0.0, 2.0085 -3.9741 0.0, 2.9143 3.5989 0.0, 2.6334 3.7711 0.0, 3.7541 2.2285 0.0, 3.6772 2.5489 0.0, 3.5511 2.8534 0.0, 3.3789 3.1343 0.0, 3.1649 3.3849 0.0, -1.1503 3.8926 0.0, -1.4604 3.7609 0.0, -1.7455 3.5813 0.0, -1.9981 3.3585 0.0, 2.3289 3.8972 0.0, 2.0085 3.9741 0.0, 1.68 4.0 0.0, -0.4873 4.0 0.0, -0.8231 3.973 0.0, -0.8231 3.973 0.0
            ]
        }
        coordIndex [
            0,1,2,-1,0,2,3,-1,3,2,4,-1,3,4,5,-1,5,4,6,-1,5,6,7,-1,7,6,8,-1,7,8,9,-1,8,10,9,-1,9,10,11,-1,9,11,12,-1,12,11,13,-1,12,13,14,-1,14,13,15,-1,14,15,16,-1,16,15,17,-1,16,17,18,-1,18,17,19,-1,18,19,20,-1,19,21,20,-1,20,21,22,-1,20,22,23,-1,23,22,24,-1,23,24,25,-1,25,24,26,-1,25,26,27,-1,27,26,28,-1,27,28,29,-1,29,28,30,-1,29,30,31,-1,30,32,31,-1,31,32,33,-1,31,33,34,-1,34,33,35,-1,34,35,36,-1,35,37,36,-1,36,37,38,-1,36,38,39,-1,39,38,40,-1,39,40,41,-1,41,40,42,-1,41,42,43,-1,43,42,44,-1,43,44,45,-1,45,44,46,-1,45,46,47,-1,46,48,47,-1,47,48,49,-1,47,49,50,-1,50,49,51,-1,50,51,52,-1,51,53,52,-1,52,53,1,-1,52,1,0,-1,54,55,56,-1,54,56,57,-1,57,56,58,-1,57,58,59,-1,59,58,60,-1,59,60,61,-1,61,60,62,-1,61,62,63,-1,63,62,64,-1,63,64,65,-1,65,64,66,-1,65,66,67,-1,67,66,68,-1,67,68,69,-1,69,68,70,-1,69,70,71,-1,71,70,72,-1,71,72,73,-1,73,72,74,-1,73,74,75,-1,75,74,76,-1,75,76,77,-1,77,76,78,-1,77,78,79,-1,79,78,80,-1,79,80,81,-1,81,80,82,-1,81,82,83,-1,83,82,84,-1,83,84,85,-1,85,84,86,-1,85,86,87,-1,87,86,88,-1,87,88,89,-1,89,88,90,-1,89,90,91,-1,91,90,92,-1,91,92,93,-1,93,92,94,-1,93,94,95,-1,95,94,96,-1,95,96,97,-1,97,96,98,-1,97,98,99,-1,99,98,100,-1,99,100,101,-1,101,100,55,-1,101,55,54,-1,102,103,104,-1,102,104,105,-1,105,104,106,-1,105,106,107,-1,107,106,108,-1,107,108,109,-1,109,108,110,-1,109,110,111,-1,111,110,112,-1,111,112,113,-1,113,112,114,-1,113,114,115,-1,115,114,116,-1,115,116,117,-1,117,116,118,-1,117,118,119,-1,119,118,120,-1,119,120,121,-1,121,120,122,-1,121,122,123,-1,123,122,124,-1,123,124,125,-1,125,124,126,-1,125,126,127,-1,127,126,128,-1,127,128,129,-1,129,128,130,-1,129,130,131,-1,131,130,132,-1,131,132,133,-1,133,132,134,-1,133,134,135,-1,135,134,136,-1,135,136,137,-1,137,136,138,-1,137,138,139,-1,139,138,140,-1,139,140,141,-1,141,140,142,-1,141,142,143,-1,143,142,144,-1,143,144,145,-1,145,144,146,-1,145,146,147,-1,147,146,148,-1,147,148,149,-1,149,148,103,-1,149,103,102,-1,150,151,152,-1,150,152,153,-1,153,152,154,-1,153,154,155,-1,155,154,156,-1,155,156,157,-1,157,156,158,-1,157,158,159,-1,158,160,159,-1,159,160,161,-1,159,161,162,-1,162,161,163,-1,162,163,164,-1,164,163,165,-1,164,165,166,-1,166,165,167,-1,166,167,168,-1,168,167,169,-1,168,169,170,-1,169,171,170,-1,170,171,172,-1,170,172,173,-1,173,172,174,-1,173,174,175,-1,175,174,176,-1,175,176,177,-1,178,29,179,-1,179,29,31,-1,179,31,180,-1,180,31,34,-1,180,34,181,-1,181,34,36,-1,181,36,182,-1,182,36,39,-1,182,39,183,-1,183,39,41,-1,183,41,184,-1,184,41,43,-1,184,43,185,-1,185,43,45,-1,185,45,186,-1,186,45,47,-1,186,47,187,-1,187,47,50,-1,187,50,188,-1,188,50,52,-1,188,52,189,-1,189,52,0,-1,189,0,190,-1,190,0,3,-1,190,3,191,-1,191,3,5,-1,191,5,192,-1,192,5,7,-1,192,7,193,-1,193,7,9,-1,193,9,194,-1,194,9,12,-1,194,12,195,-1,195,12,14,-1,195,14,196,-1,196,14,16,-1,196,16,197,-1,197,16,18,-1,197,18,198,-1,198,18,20,-1,198,20,199,-1,199,20,23,-1,199,23,200,-1,200,23,25,-1,200,25,201,-1,201,25,27,-1,201,27,178,-1,178,27,29,-1,202,95,203,-1,203,95,97,-1,203,97,204,-1,204,97,99,-1,204,99,205,-1,205,99,101,-1,205,101,206,-1,206,101,54,-1,206,54,207,-1,207,54,57,-1,207,57,208,-1,208,57,59,-1,208,59,209,-1,209,59,61,-1,209,61,210,-1,210,61,63,-1,210,63,211,-1,211,63,65,-1,211,65,212,-1,212,65,67,-1,212,67,213,-1,213,67,69,-1,213,69,214,-1,214,69,71,-1,214,71,215,-1,215,71,73,-1,215,73,216,-1,216,73,75,-1,216,75,217,-1,217,75,77,-1,217,77,218,-1,218,77,79,-1,218,79,219,-1,219,79,81,-1,219,81,220,-1,220,81,83,-1,220,83,221,-1,221,83,85,-1,221,85,222,-1,222,85,87,-1,222,87,223,-1,223,87,89,-1,223,89,224,-1,224,89,91,-1,224,91,225,-1,225,91,93,-1,225,93,202,-1,202,93,95,-1,226,143,227,-1,227,143,145,-1,227,145,228,-1,228,145,147,-1,228,147,229,-1,229,147,149,-1,229,149,230,-1,230,149,102,-1,230,102,231,-1,231,102,105,-1,231,105,232,-1,232,105,107,-1,232,107,233,-1,233,107,109,-1,233,109,234,-1,234,109,111,-1,234,111,235,-1,235,111,113,-1,235,113,236,-1,236,113,115,-1,236,115,237,-1,237,115,117,-1,237,117,238,-1,238,117,119,-1,238,119,239,-1,239,119,121,-1,239,121,240,-1,240,121,123,-1,240,123,241,-1,241,123,125,-1,241,125,242,-1,242,125,127,-1,242,127,243,-1,243,127,129,-1,243,129,244,-1,244,129,131,-1,244,131,245,-1,245,131,133,-1,245,133,246,-1,246,133,135,-1,246,135,247,-1,247,135,137,-1,247,137,248,-1,248,137,139,-1,248,139,249,-1,249,139,141,-1,249,141,226,-1,226,141,143,-1,250,251,252,-1,252,251,253,-1,252,253,254,-1,254,253,255,-1,254,255,256,-1,256,255,257,-1,256,257,258,-1,258,257,259,-1,258,259,260,-1,260,259,150,-1,260,150,261,-1,261,150,153,-1,261,153,262,-1,262,153,155,-1,262,155,263,-1,263,155,157,-1,263,157,264,-1,264,157,159,-1,264,159,265,-1,265,159,162,-1,265,162,266,-1,266,162,164,-1,266,164,267,-1,267,164,166,-1,267,166,268,-1,268,166,168,-1,268,168,269,-1,269,168,170,-1,269,170,270,-1,270,170,173,-1,270,173,271,-1,271,173,175,-1,271,175,272,-1,272,175,177,-1,272,177,273,-1,273,177,274,-1,273,274,275,-1,275,274,276,-1,275,276,277,-1,277,276,278,-1,277,278,279,-1,279,278,280,-1,279,280,281,-1,281,280,282,-1,281,282,283,-1,283,282,284,-1,283,284,250,-1,250,284,251,-1,177,176,285,-1,177,285,274,-1,274,285,286,-1,274,286,276,-1,286,287,276,-1,276,287,288,-1,276,288,278,-1,278,288,289,-1,278,289,280,-1,289,290,280,-1,280,290,291,-1,280,291,282,-1,282,291,292,-1,282,292,284,-1,284,292,293,-1,284,293,251,-1,251,293,294,-1,251,294,253,-1,253,294,295,-1,253,295,255,-1,295,296,255,-1,255,296,297,-1,255,297,257,-1,257,297,298,-1,257,298,259,-1,298,299,259,-1,259,299,151,-1,259,151,150,-1,300,301,302,-1,303,304,305,-1,53,51,306,-1,48,46,307,-1,296,295,308,-1,309,310,311,-1,312,313,314,-1,307,46,315,-1,315,46,44,-1,315,44,316,-1,44,42,316,-1,316,42,40,-1,316,40,317,-1,317,40,38,-1,317,38,318,-1,318,38,37,-1,318,37,319,-1,319,37,35,-1,320,319,321,-1,321,319,322,-1,320,323,319,-1,319,323,324,-1,319,324,325,-1,325,326,319,-1,319,326,327,-1,319,327,318,-1,312,314,328,-1,314,329,330,-1,330,331,314,-1,314,331,332,-1,314,332,333,-1,333,334,314,-1,314,334,335,-1,314,335,328,-1,74,72,329,-1,90,88,314,-1,72,70,329,-1,329,70,68,-1,329,68,336,-1,336,68,66,-1,336,66,337,-1,337,66,64,-1,337,64,338,-1,338,64,62,-1,338,62,60,-1,100,98,339,-1,339,98,96,-1,339,96,94,-1,82,80,314,-1,314,80,78,-1,314,78,329,-1,329,78,76,-1,329,76,74,-1,60,58,338,-1,338,58,56,-1,338,56,339,-1,339,56,55,-1,339,55,100,-1,90,314,92,-1,88,86,314,-1,314,86,84,-1,314,84,82,-1,108,106,340,-1,340,106,104,-1,132,130,339,-1,341,114,342,-1,342,114,112,-1,342,112,340,-1,340,112,110,-1,340,110,108,-1,343,103,148,-1,148,146,343,-1,343,146,144,-1,343,144,142,-1,132,339,134,-1,130,128,339,-1,339,128,126,-1,339,126,338,-1,338,126,124,-1,338,124,122,-1,142,140,343,-1,343,140,138,-1,343,138,339,-1,339,138,136,-1,339,136,134,-1,122,120,338,-1,338,120,118,-1,338,118,341,-1,341,118,116,-1,341,116,114,-1,344,345,343,-1,343,345,346,-1,343,346,347,-1,104,103,340,-1,340,103,343,-1,340,343,348,-1,348,343,347,-1,309,311,349,-1,350,351,352,-1,352,351,353,-1,354,355,352,-1,352,355,356,-1,352,356,350,-1,357,358,308,-1,308,358,359,-1,308,359,360,-1,295,361,308,-1,308,361,362,-1,308,362,357,-1,289,307,290,-1,290,307,315,-1,290,315,291,-1,291,315,363,-1,291,363,292,-1,292,363,364,-1,292,364,293,-1,293,364,361,-1,293,361,294,-1,294,361,295,-1,285,176,306,-1,306,176,365,-1,365,176,174,-1,365,174,172,-1,289,288,307,-1,307,288,287,-1,307,287,306,-1,306,287,286,-1,306,286,285,-1,152,151,366,-1,156,154,367,-1,151,299,366,-1,366,299,298,-1,366,298,308,-1,308,298,297,-1,308,297,296,-1,172,171,365,-1,365,171,169,-1,365,169,339,-1,169,167,339,-1,339,167,165,-1,339,165,343,-1,343,165,163,-1,163,161,343,-1,343,161,160,-1,343,160,367,-1,367,160,158,-1,367,158,156,-1,28,26,368,-1,22,21,369,-1,368,26,369,-1,369,26,24,-1,369,24,22,-1,35,33,319,-1,319,33,32,-1,319,32,368,-1,368,32,30,-1,368,30,28,-1,306,51,307,-1,307,51,49,-1,307,49,48,-1,6,4,365,-1,365,4,2,-1,365,2,306,-1,306,2,1,-1,306,1,53,-1,19,17,314,-1,314,17,15,-1,15,13,314,-1,314,13,339,-1,314,339,92,-1,92,339,94,-1,13,11,339,-1,339,11,10,-1,339,10,365,-1,365,10,8,-1,365,8,6,-1,370,371,366,-1,366,371,367,-1,366,367,152,-1,152,367,154,-1,371,372,367,-1,367,372,373,-1,367,373,374,-1,374,375,376,-1,375,377,376,-1,376,377,378,-1,376,378,353,-1,378,303,353,-1,353,303,305,-1,353,305,352,-1,352,305,379,-1,352,379,380,-1,370,366,380,-1,380,366,308,-1,380,308,352,-1,352,308,360,-1,352,360,354,-1,313,381,314,-1,314,381,369,-1,314,369,19,-1,19,369,21,-1,382,383,384,-1,384,383,368,-1,384,368,385,-1,385,368,369,-1,385,369,386,-1,386,369,381,-1,386,381,387,-1,387,381,388,-1,387,388,389,-1,322,319,390,-1,390,319,368,-1,390,368,388,-1,388,368,383,-1,388,383,389,-1,374,376,367,-1,367,376,311,-1,367,311,343,-1,343,311,310,-1,343,310,344,-1,351,391,353,-1,353,391,392,-1,353,392,376,-1,376,392,393,-1,376,393,311,-1,311,393,394,-1,311,394,349,-1,395,396,397,-1,396,395,398,-1,399,400,401,-1,402,403,404,-1,358,357,405,-1,360,359,406,-1,354,360,407,-1,350,356,408,-1,409,355,354,-1,405,357,410,-1,363,411,364,-1,364,411,412,-1,364,412,361,-1,361,412,410,-1,361,410,362,-1,362,410,357,-1,351,350,413,-1,413,350,408,-1,413,408,414,-1,414,408,415,-1,414,415,416,-1,417,418,419,-1,411,420,412,-1,412,420,403,-1,412,403,410,-1,410,403,402,-1,410,402,405,-1,416,415,421,-1,421,415,422,-1,421,422,423,-1,424,418,425,-1,425,418,417,-1,425,417,426,-1,423,422,427,-1,427,422,428,-1,427,428,429,-1,430,424,431,-1,431,424,425,-1,431,425,432,-1,432,425,426,-1,432,426,433,-1,420,434,403,-1,403,434,435,-1,403,435,404,-1,404,435,436,-1,404,436,437,-1,359,358,419,-1,419,358,405,-1,419,405,417,-1,417,405,402,-1,417,402,426,-1,426,402,404,-1,426,404,433,-1,433,404,437,-1,433,437,438,-1,429,428,439,-1,439,428,440,-1,439,440,441,-1,442,440,443,-1,443,440,428,-1,443,428,444,-1,444,428,422,-1,444,422,445,-1,445,422,415,-1,445,415,446,-1,446,415,408,-1,446,408,409,-1,409,408,356,-1,409,356,355,-1,438,399,433,-1,433,399,401,-1,433,401,432,-1,432,401,447,-1,432,447,431,-1,431,447,448,-1,431,448,430,-1,430,448,449,-1,450,451,452,-1,400,398,401,-1,401,398,395,-1,401,395,447,-1,447,395,453,-1,447,453,448,-1,448,453,454,-1,448,454,449,-1,449,454,455,-1,456,451,457,-1,457,451,450,-1,457,450,458,-1,459,458,442,-1,442,458,450,-1,442,450,440,-1,440,450,452,-1,440,452,441,-1,354,407,409,-1,409,407,460,-1,409,460,446,-1,446,460,461,-1,446,461,445,-1,445,461,462,-1,445,462,444,-1,444,462,463,-1,444,463,443,-1,443,463,464,-1,443,464,442,-1,442,464,465,-1,442,465,459,-1,360,406,407,-1,407,406,466,-1,407,466,460,-1,460,466,467,-1,460,467,461,-1,461,467,468,-1,461,468,462,-1,462,468,469,-1,462,469,463,-1,463,469,470,-1,463,470,464,-1,464,470,471,-1,464,471,465,-1,359,419,406,-1,406,419,418,-1,406,418,466,-1,466,418,424,-1,466,424,467,-1,467,424,430,-1,467,430,468,-1,468,430,449,-1,468,449,469,-1,469,449,455,-1,469,455,470,-1,470,455,472,-1,470,472,471,-1,397,473,395,-1,395,473,474,-1,395,474,453,-1,453,474,475,-1,453,475,454,-1,454,475,476,-1,454,476,455,-1,455,476,477,-1,455,477,472,-1,397,478,473,-1,473,478,479,-1,473,479,474,-1,474,479,475,-1,475,479,480,-1,475,480,476,-1,476,480,477,-1,477,480,481,-1,477,481,472,-1,472,481,471,-1,471,481,482,-1,471,482,465,-1,465,482,459,-1,459,482,483,-1,459,483,458,-1,458,483,457,-1,457,483,484,-1,457,484,456,-1,485,484,486,-1,486,484,483,-1,486,483,487,-1,487,483,488,-1,488,483,482,-1,488,482,489,-1,489,482,490,-1,490,482,481,-1,490,481,491,-1,491,481,492,-1,492,481,480,-1,492,480,493,-1,493,480,494,-1,494,480,479,-1,494,479,495,-1,495,479,496,-1,496,479,478,-1,496,478,497,-1,498,499,485,-1,485,486,498,-1,498,486,487,-1,498,487,500,-1,487,488,500,-1,500,488,489,-1,500,489,501,-1,489,490,501,-1,501,490,491,-1,501,491,502,-1,491,492,502,-1,502,492,493,-1,502,493,503,-1,497,504,496,-1,496,504,505,-1,496,505,495,-1,495,505,503,-1,495,503,494,-1,494,503,493,-1,485,499,506,-1,506,499,507,-1,508,509,510,-1,510,511,508,-1,508,511,512,-1,508,512,513,-1,512,514,513,-1,513,514,515,-1,513,515,516,-1,515,517,516,-1,516,517,518,-1,516,518,519,-1,518,520,519,-1,519,520,521,-1,519,521,522,-1,506,507,523,-1,523,507,524,-1,523,524,525,-1,525,524,522,-1,525,522,526,-1,526,522,521,-1,510,509,527,-1,527,509,528,-1,529,530,531,-1,531,532,529,-1,529,532,533,-1,529,533,534,-1,533,535,534,-1,534,535,536,-1,534,536,537,-1,536,538,537,-1,537,538,539,-1,537,539,540,-1,539,541,540,-1,540,541,542,-1,540,542,543,-1,527,528,544,-1,544,528,545,-1,544,545,546,-1,546,545,543,-1,546,543,547,-1,547,543,542,-1,531,530,548,-1,548,530,549,-1,550,551,552,-1,552,553,550,-1,550,553,554,-1,550,554,555,-1,554,556,555,-1,555,556,557,-1,555,557,558,-1,557,559,558,-1,558,559,560,-1,558,560,561,-1,560,562,561,-1,561,562,563,-1,561,563,564,-1,548,549,565,-1,565,549,566,-1,565,566,567,-1,567,566,564,-1,567,564,568,-1,568,564,563,-1,497,569,504,-1,504,569,570,-1,551,571,552,-1,552,571,572,-1,573,572,571,-1,571,574,573,-1,573,574,575,-1,573,575,576,-1,576,575,577,-1,576,577,578,-1,578,577,579,-1,578,579,580,-1,580,579,581,-1,580,581,582,-1,582,581,583,-1,582,583,584,-1,584,583,585,-1,584,585,586,-1,586,585,587,-1,586,587,588,-1,588,587,589,-1,588,589,590,-1,590,589,591,-1,590,591,592,-1,592,591,593,-1,592,593,594,-1,594,593,595,-1,594,595,596,-1,596,595,597,-1,596,597,598,-1,599,600,503,-1,601,602,603,-1,604,605,603,-1,603,605,606,-1,607,505,504,-1,608,609,610,-1,610,609,611,-1,610,611,612,-1,611,613,612,-1,612,613,614,-1,612,614,615,-1,614,616,615,-1,615,616,617,-1,615,617,618,-1,618,617,603,-1,618,603,619,-1,619,603,606,-1,570,620,621,-1,621,620,622,-1,621,622,603,-1,603,622,623,-1,603,623,601,-1,597,624,625,-1,602,626,603,-1,603,626,627,-1,603,627,604,-1,570,621,504,-1,504,621,628,-1,504,628,607,-1,629,630,631,-1,631,630,632,-1,631,632,633,-1,633,632,634,-1,633,634,635,-1,635,634,636,-1,635,636,610,-1,610,636,637,-1,610,637,608,-1,597,625,638,-1,574,571,639,-1,625,640,638,-1,638,640,641,-1,638,641,631,-1,631,641,642,-1,631,642,629,-1,503,600,502,-1,593,591,643,-1,643,591,589,-1,643,589,587,-1,508,644,509,-1,509,644,645,-1,509,645,528,-1,528,645,646,-1,528,646,545,-1,505,607,503,-1,503,607,647,-1,503,647,599,-1,624,597,643,-1,643,597,595,-1,643,595,593,-1,519,648,516,-1,516,648,649,-1,516,649,513,-1,513,649,650,-1,513,650,508,-1,508,650,651,-1,508,651,644,-1,639,571,652,-1,652,571,551,-1,652,551,653,-1,653,551,550,-1,653,550,654,-1,587,585,643,-1,643,585,583,-1,643,583,581,-1,600,655,502,-1,502,655,656,-1,502,656,501,-1,501,656,657,-1,501,657,500,-1,500,657,658,-1,500,658,498,-1,581,579,643,-1,643,579,577,-1,643,577,639,-1,639,577,575,-1,639,575,574,-1,524,659,522,-1,522,659,660,-1,522,660,519,-1,519,660,661,-1,519,661,648,-1,558,662,555,-1,555,662,663,-1,555,663,550,-1,550,663,664,-1,550,664,654,-1,658,665,498,-1,498,665,666,-1,498,666,499,-1,499,666,667,-1,499,667,507,-1,507,667,668,-1,507,668,524,-1,524,668,669,-1,524,669,659,-1,537,670,534,-1,534,670,671,-1,534,671,529,-1,646,672,545,-1,545,672,673,-1,545,673,543,-1,543,673,674,-1,543,674,540,-1,540,674,675,-1,540,675,537,-1,537,675,676,-1,537,676,670,-1,566,677,564,-1,564,677,678,-1,564,678,561,-1,561,678,679,-1,561,679,558,-1,558,679,680,-1,558,680,662,-1,671,681,529,-1,529,681,682,-1,529,682,530,-1,530,682,683,-1,530,683,549,-1,549,683,684,-1,549,684,566,-1,566,684,685,-1,566,685,677,-1,
        ]
    }
}
Shape{
    appearance Appearance {
        material  Material 	{
            diffuseColor 0.0 0.0 0.0
            specularColor 0.0 0.0 0.0
            ambientIntensity 0.2
            transparency 0
            shininess 0.5
        }
    }
    geometry IndexedFaceSet {
        ccw TRUE
        solid FALSE
        coord DEF co Coordinate {
            point [
                7.5539 0.471 -8.5657, 7.5539 0.471 -8.6113, 7.55 0.471 -8.5657, 7.55 0.471 -8.6113, 7.5539 0.3116 -8.5657, 7.55 0.3116 -8.5657, 7.5539 0.3116 -8.211, 7.55 0.3116 -8.211, 7.5539 0.2599 -8.211, 7.55 0.2599 -8.211, 7.5539 0.2599 -8.6113, 7.55 0.2599 -8.6113, 7.5539 0.7373 -8.6122, 7.5539 0.6763 -8.6181, 7.55 0.7116 -8.6147, 7.55 0.6763 -8.6181, 7.55 0.7373 -8.6122, 7.55 0.7803 -8.5981, 7.5539 0.7803 -8.5981, 7.55 0.7871 -8.5947, 7.5539 0.7871 -8.5947, 7.5539 0.7871 -8.5452, 7.55 0.7871 -8.5452, 7.55 0.7477 -8.5629, 7.5539 0.7477 -8.5629, 7.55 0.7024 -8.5713, 7.5539 0.7024 -8.5713, 7.55 0.6838 -8.572, 7.5539 0.6838 -8.572, 7.55 0.6487 -8.5684, 7.5539 0.6487 -8.5684, 7.55 0.6193 -8.5583, 7.5539 0.6193 -8.5583, 7.55 0.5922 -8.5406, 7.5539 0.5922 -8.5406, 7.55 0.5809 -8.5299, 7.5539 0.5809 -8.5299, 7.55 0.5626 -8.5048, 7.5539 0.5626 -8.5048, 7.55 0.5492 -8.473, 7.5539 0.5492 -8.473, 7.55 0.5423 -8.4337, 7.5539 0.5423 -8.4337, 7.55 0.5416 -8.4156, 7.5539 0.5416 -8.4156, 7.55 0.5482 -8.3607, 7.5539 0.5482 -8.3607, 7.55 0.5616 -8.3261, 7.5539 0.5616 -8.3261, 7.55 0.5809 -8.2983, 7.5539 0.5809 -8.2983, 7.55 0.5837 -8.2953, 7.5539 0.5837 -8.2953, 7.55 0.6084 -8.2744, 7.5539 0.6084 -8.2744, 7.55 0.6395 -8.2592, 7.5539 0.6395 -8.2592, 7.55 0.6739 -8.2518, 7.5539 0.6739 -8.2518, 7.55 0.6928 -8.2509, 7.5539 0.6928 -8.2509, 7.55 0.7421 -8.2568, 7.5539 0.7421 -8.2568, 7.55 0.7827 -8.2722, 7.5539 0.7827 -8.2722, 7.55 0.7871 -8.2746, 7.5539 0.7871 -8.2746, 7.5539 0.7871 -8.2206, 7.55 0.7871 -8.2206, 7.55 0.6923 -8.2042, 7.5539 0.6923 -8.2042, 7.55 0.7352 -8.2076, 7.5539 0.7447 -8.2083, 7.55 0.7447 -8.2083, 7.55 0.6644 -8.2076, 7.5539 0.6345 -8.2112, 7.55 0.6345 -8.2112, 7.55 0.5926 -8.2274, 7.5539 0.5926 -8.2274, 7.55 0.5551 -8.2537, 7.5539 0.5551 -8.2537, 7.55 0.5452 -8.2632, 7.5539 0.5452 -8.2632, 7.55 0.5162 -8.3011, 7.5539 0.5162 -8.3011, 7.55 0.5053 -8.3265, 7.5539 0.4972 -8.3455, 7.55 0.4972 -8.3455, 7.55 0.4881 -8.3978, 7.5539 0.4881 -8.3978, 7.55 0.4874 -8.4187, 7.5539 0.4874 -8.4187, 7.55 0.4952 -8.4838, 7.5539 0.4952 -8.4838, 7.55 0.5053 -8.5096, 7.5539 0.5115 -8.5256, 7.55 0.5115 -8.5256, 7.55 0.5354 -8.5598, 7.5539 0.5354 -8.5598, 7.55 0.5388 -8.5634, 7.5539 0.5388 -8.5634, 7.55 0.6087 -8.608, 7.5539 0.5709 -8.5902, 7.55 0.5709 -8.5902, 7.55 0.6413 -8.6147, 7.5539 0.6521 -8.6169, 7.5539 0.6087 -8.608, 7.55 0.6521 -8.6169, 7.5539 1.0826 -8.5657, 7.5539 1.0826 -8.6113, 7.55 1.0826 -8.5657, 7.55 1.0826 -8.6113, 7.55 0.9189 -8.5657, 7.5539 0.9189 -8.5657, 7.55 1.0271 -8.5657, 7.5539 0.9189 -8.431, 7.55 0.9189 -8.431, 7.55 1.0621 -8.431, 7.5539 1.0621 -8.431, 7.55 1.0271 -8.431, 7.5539 1.0621 -8.3851, 7.55 1.0621 -8.3851, 7.55 0.9189 -8.3851, 7.5539 0.9189 -8.3851, 7.55 1.0271 -8.3851, 7.5539 0.9189 -8.257, 7.55 0.9189 -8.257, 7.55 1.0735 -8.257, 7.5539 1.0735 -8.257, 7.55 1.0271 -8.257, 7.5539 1.0735 -8.211, 7.55 1.0735 -8.211, 7.55 0.8673 -8.211, 7.5539 0.8673 -8.211, 7.55 1.0271 -8.211, 7.5539 0.8673 -8.6113, 7.55 0.8673 -8.6113, 7.55 1.0271 -8.6113, 7.5539 1.4238 -8.5552, 7.5539 1.3823 -8.5283, 7.5539 1.3819 -8.5853, 7.5539 1.3565 -8.5463, 7.5539 1.3362 -8.6031, 7.5539 1.3234 -8.5591, 7.5539 1.2683 -8.6113, 7.5539 1.268 -8.5657, 7.5539 1.1582 -8.6113, 7.5539 1.2099 -8.5657, 7.5539 1.1582 -8.211, 7.5539 1.2099 -8.257, 7.5539 1.2724 -8.211, 7.5539 1.2704 -8.257, 7.5539 1.2742 -8.257, 7.5539 1.3335 -8.2177, 7.5539 1.3255 -8.2636, 7.5539 1.3819 -8.2354, 7.5539 1.3596 -8.2768, 7.5539 1.4238 -8.264, 7.5539 1.3859 -8.2947, 7.5539 1.4379 -8.2778, 7.5539 1.3971 -8.3057, 7.5539 1.4627 -8.3128, 7.5539 1.4126 -8.3282, 7.5539 1.4775 -8.351, 7.5539 1.4239 -8.3575, 7.5539 1.4842 -8.406, 7.5539 1.4298 -8.4075, 7.5539 1.483 -8.4316, 7.5539 1.4283 -8.4348, 7.5539 1.4732 -8.4784, 7.5539 1.4202 -8.471, 7.5539 1.4535 -8.5198, 7.5539 1.4061 -8.5005, 7.5539 1.387 -8.5239, 7.55 1.2683 -8.6113, 7.55 1.1582 -8.6113, 7.55 1.4238 -8.5552, 7.55 1.3362 -8.6031, 7.55 1.3416 -8.601, 7.55 1.3819 -8.5853, 7.55 1.4535 -8.5198, 7.55 1.4732 -8.4784, 7.55 1.483 -8.4316, 7.55 1.4842 -8.406, 7.55 1.4775 -8.351, 7.55 1.4627 -8.3128, 7.55 1.4379 -8.2778, 7.55 1.4238 -8.264, 7.55 1.3819 -8.2354, 7.55 1.3416 -8.2207, 7.55 1.3335 -8.2177, 7.55 1.2724 -8.211, 7.55 1.1582 -8.211, 7.55 1.2704 -8.257, 7.55 1.2099 -8.257, 7.55 1.2099 -8.5657, 7.55 1.268 -8.5657, 7.55 1.387 -8.5239, 7.55 1.3823 -8.5283, 7.55 1.3565 -8.5463, 7.55 1.3234 -8.5591, 7.55 1.4298 -8.4075, 7.55 1.4283 -8.4348, 7.55 1.4202 -8.471, 7.55 1.4061 -8.5005, 7.55 1.3859 -8.2947, 7.55 1.3971 -8.3057, 7.55 1.4126 -8.3282, 7.55 1.4239 -8.3575, 7.55 1.2742 -8.257, 7.55 1.3255 -8.2636, 7.55 1.3596 -8.2768, 7.55 1.3596 -8.2768
            ]
        }
        coordIndex [
            0,1,2,-1,2,1,3,-1,4,0,5,-1,5,0,2,-1,6,4,7,-1,7,4,5,-1,8,6,9,-1,9,6,7,-1,10,8,11,-1,11,8,9,-1,1,10,3,-1,3,10,11,-1,6,8,4,-1,4,8,10,-1,4,10,0,-1,0,10,1,-1,12,13,14,-1,14,13,15,-1,14,16,12,-1,12,16,17,-1,12,17,18,-1,18,17,19,-1,18,19,20,-1,21,20,22,-1,22,20,19,-1,21,22,23,-1,21,23,24,-1,24,23,25,-1,24,25,26,-1,26,25,27,-1,26,27,28,-1,28,27,29,-1,28,29,30,-1,30,29,31,-1,30,31,32,-1,32,31,33,-1,32,33,34,-1,34,33,35,-1,34,35,36,-1,36,35,37,-1,36,37,38,-1,38,37,39,-1,38,39,40,-1,40,39,41,-1,40,41,42,-1,42,41,43,-1,42,43,44,-1,44,43,45,-1,44,45,46,-1,46,45,47,-1,46,47,48,-1,48,47,49,-1,48,49,50,-1,50,49,51,-1,50,51,52,-1,52,51,53,-1,52,53,54,-1,54,53,55,-1,54,55,56,-1,56,55,57,-1,56,57,58,-1,58,57,59,-1,58,59,60,-1,60,59,61,-1,60,61,62,-1,62,61,63,-1,62,63,64,-1,64,63,65,-1,64,65,66,-1,67,66,68,-1,68,66,65,-1,69,70,71,-1,71,70,72,-1,71,72,73,-1,73,72,67,-1,73,67,68,-1,70,69,74,-1,70,74,75,-1,74,76,75,-1,75,76,77,-1,75,77,78,-1,78,77,79,-1,78,79,80,-1,80,79,81,-1,80,81,82,-1,82,81,83,-1,82,83,84,-1,84,83,85,-1,84,85,86,-1,85,87,86,-1,86,87,88,-1,86,88,89,-1,89,88,90,-1,89,90,91,-1,91,90,92,-1,91,92,93,-1,93,92,94,-1,93,94,95,-1,94,96,95,-1,95,96,97,-1,95,97,98,-1,98,97,99,-1,98,99,100,-1,101,102,103,-1,103,102,100,-1,103,100,99,-1,104,105,101,-1,101,105,106,-1,101,106,102,-1,104,107,105,-1,105,107,15,-1,105,15,13,-1,54,56,75,-1,46,48,84,-1,84,48,82,-1,75,56,70,-1,91,44,89,-1,89,44,46,-1,89,46,86,-1,86,46,84,-1,56,58,70,-1,70,58,60,-1,70,60,72,-1,72,60,62,-1,72,62,67,-1,67,62,64,-1,67,64,66,-1,20,21,18,-1,18,21,24,-1,18,24,12,-1,12,24,26,-1,12,26,13,-1,13,26,28,-1,13,28,105,-1,105,28,30,-1,105,30,106,-1,106,30,32,-1,106,32,102,-1,102,32,34,-1,102,34,100,-1,100,34,36,-1,100,36,98,-1,98,36,38,-1,98,38,95,-1,95,38,93,-1,93,38,40,-1,93,40,91,-1,91,40,42,-1,91,42,44,-1,48,50,82,-1,82,50,52,-1,82,52,80,-1,80,52,54,-1,80,54,78,-1,78,54,75,-1,108,109,110,-1,110,109,111,-1,112,113,114,-1,114,113,108,-1,114,108,110,-1,115,113,116,-1,116,113,112,-1,117,118,119,-1,119,118,115,-1,119,115,116,-1,120,118,121,-1,121,118,117,-1,122,123,124,-1,124,123,120,-1,124,120,121,-1,125,123,126,-1,126,123,122,-1,127,128,129,-1,129,128,125,-1,129,125,126,-1,130,128,131,-1,131,128,127,-1,132,133,134,-1,134,133,130,-1,134,130,131,-1,135,133,136,-1,136,133,132,-1,111,109,137,-1,137,109,135,-1,137,135,136,-1,135,109,108,-1,108,113,135,-1,135,113,115,-1,135,115,133,-1,128,130,125,-1,125,130,133,-1,125,133,123,-1,123,133,115,-1,123,115,120,-1,120,115,118,-1,138,139,140,-1,140,139,141,-1,140,141,142,-1,142,141,143,-1,142,143,144,-1,144,143,145,-1,144,145,146,-1,146,145,147,-1,146,147,148,-1,148,147,149,-1,148,149,150,-1,149,151,150,-1,150,151,152,-1,150,152,153,-1,153,152,154,-1,153,154,155,-1,155,154,156,-1,155,156,157,-1,157,156,158,-1,157,158,159,-1,159,158,160,-1,159,160,161,-1,161,160,162,-1,161,162,163,-1,163,162,164,-1,163,164,165,-1,165,164,166,-1,165,166,167,-1,167,166,168,-1,167,168,169,-1,169,168,170,-1,169,170,171,-1,171,170,172,-1,171,172,138,-1,138,172,173,-1,138,173,139,-1,144,146,174,-1,174,146,175,-1,176,138,140,-1,144,174,177,-1,144,177,142,-1,142,177,178,-1,142,178,140,-1,140,178,179,-1,140,179,176,-1,138,176,180,-1,138,180,171,-1,171,180,181,-1,171,181,169,-1,169,181,182,-1,169,182,167,-1,167,182,183,-1,167,183,165,-1,165,183,184,-1,165,184,163,-1,163,184,185,-1,163,185,161,-1,161,185,186,-1,161,186,159,-1,159,186,187,-1,159,187,157,-1,157,187,188,-1,189,153,188,-1,188,153,155,-1,188,155,157,-1,189,190,153,-1,153,190,191,-1,153,191,150,-1,148,150,192,-1,192,150,191,-1,146,148,175,-1,175,148,192,-1,151,149,193,-1,193,149,194,-1,149,147,194,-1,194,147,195,-1,147,145,195,-1,195,145,196,-1,173,197,198,-1,173,198,139,-1,139,198,199,-1,139,199,141,-1,141,199,200,-1,141,200,143,-1,143,200,196,-1,143,196,145,-1,166,201,202,-1,166,202,168,-1,168,202,203,-1,168,203,170,-1,170,203,204,-1,170,204,172,-1,172,204,197,-1,172,197,173,-1,158,205,206,-1,158,206,160,-1,160,206,207,-1,160,207,162,-1,162,207,208,-1,162,208,164,-1,164,208,201,-1,164,201,166,-1,151,193,209,-1,151,209,152,-1,152,209,210,-1,152,210,154,-1,154,210,211,-1,154,211,156,-1,156,211,205,-1,156,205,158,-1,
        ]
    }
}
Shape{
    appearance Appearance {
        material  Material 	{
            diffuseColor 0.5019607843137255 0.5019607843137255 0.5019607843137255
            specularColor 0.25098039215686274 0.25098039215686274 0.25098039215686274
            ambientIntensity 0.2
            transparency 0
            shininess 0.5
        }
    }
    geometry IndexedFaceSet {
        ccw TRUE
        solid FALSE
        coord DEF co Coordinate {
            point [
                7.55 1.3565 -8.5463, 7.55 1.3823 -8.5283, 7.55 1.2742 -8.257, 7.55 1.2099 -8.257, 7.55 1.2099 -8.5657, 7.55 1.2704 -8.257, 7.55 1.268 -8.5657, 7.55 1.3234 -8.5591, 7.55 1.387 -8.5239, 7.55 1.4061 -8.5005, 7.55 1.4202 -8.471, 7.55 1.4298 -8.4075, 7.55 1.3859 -8.2947, 7.55 1.3596 -8.2768, 7.55 1.4239 -8.3575, 7.55 1.4126 -8.3282, 7.55 1.3971 -8.3057, 7.55 1.4283 -8.4348, 7.55 1.3255 -8.2636, 7.55 1.3255 -8.2636
            ]
        }
        coordIndex [
            0,1,2,-1,3,4,5,-1,5,4,6,-1,5,6,2,-1,2,6,7,-1,2,7,0,-1,1,8,2,-1,2,8,9,-1,2,9,10,-1,11,12,13,-1,14,15,11,-1,11,15,16,-1,11,16,12,-1,10,17,2,-1,2,17,11,-1,2,11,18,-1,18,11,13,-1,
        ]
    }
}
Shape{
    appearance Appearance {
        material  Material 	{
            diffuseColor 0.0 0.0 0.0
            specularColor 0.0 0.0 0.0
            ambientIntensity 0.2
            transparency 0
            shininess 0.5
        }
    }
    geometry IndexedFaceSet {
        ccw TRUE
        solid FALSE
        coord DEF co Coordinate {
            point [
                7.5539 1.6183 -8.4566, 7.5539 1.6019 -8.5018, 7.5539 1.7527 -8.4566, 7.5539 1.7687 -8.5018, 7.5539 1.6782 -8.2902, 7.5539 1.6588 -8.211, 7.5539 1.5064 -8.6113, 7.5539 1.5635 -8.6113, 7.5539 1.6817 -8.2782, 7.5539 1.6847 -8.2621, 7.5539 1.7141 -8.211, 7.5539 1.686 -8.2621, 7.5539 1.6892 -8.2791, 7.5539 1.6922 -8.2902, 7.5539 1.8666 -8.6113, 7.5539 1.8095 -8.6113, 7.55 1.7141 -8.211, 7.55 1.8666 -8.6113, 7.55 1.6588 -8.211, 7.55 1.5064 -8.6113, 7.55 1.6217 -8.3084, 7.55 1.5635 -8.6113, 7.55 1.6019 -8.5018, 7.55 1.7687 -8.5018, 7.55 1.6217 -8.5018, 7.55 1.8095 -8.6113, 7.55 1.6183 -8.4566, 7.55 1.7527 -8.4566, 7.55 1.6922 -8.2902, 7.55 1.686 -8.2621, 7.55 1.6892 -8.2791, 7.55 1.6847 -8.2621, 7.55 1.6782 -8.2902, 7.55 1.6817 -8.2782, 7.55 1.6817 -8.2782
            ]
        }
        coordIndex [
            0,1,2,-1,2,1,3,-1,4,5,0,-1,0,5,6,-1,0,6,1,-1,1,6,7,-1,4,8,5,-1,5,8,9,-1,5,9,10,-1,10,9,11,-1,10,11,12,-1,12,13,10,-1,10,13,2,-1,10,2,14,-1,14,2,3,-1,14,3,15,-1,10,14,16,-1,16,14,17,-1,5,10,18,-1,18,10,16,-1,19,6,20,-1,20,6,5,-1,20,5,18,-1,7,6,21,-1,21,6,19,-1,1,7,22,-1,22,7,21,-1,23,3,24,-1,24,3,1,-1,24,1,22,-1,15,3,25,-1,25,3,23,-1,14,15,17,-1,17,15,25,-1,0,2,26,-1,26,2,27,-1,2,13,27,-1,27,13,28,-1,11,29,30,-1,11,30,12,-1,12,30,28,-1,12,28,13,-1,11,9,29,-1,29,9,31,-1,4,32,33,-1,4,33,8,-1,8,33,31,-1,8,31,9,-1,4,0,32,-1,32,0,26,-1,
        ]
    }
}
Shape{
    appearance Appearance {
        material  Material 	{
            diffuseColor 0.5019607843137255 0.5019607843137255 0.5019607843137255
            specularColor 0.25098039215686274 0.25098039215686274 0.25098039215686274
            ambientIntensity 0.2
            transparency 0
            shininess 0.5
        }
    }
    geometry IndexedFaceSet {
        ccw TRUE
        solid FALSE
        coord DEF co Coordinate {
            point [
                7.55 1.686 -8.2621, 7.55 1.6847 -8.2621, 7.55 1.6892 -8.2791, 7.55 1.6817 -8.2782, 7.55 1.6922 -8.2902, 7.55 1.6782 -8.2902, 7.55 1.7527 -8.4566, 7.55 1.6183 -8.4566, 7.55 1.6183 -8.4566
            ]
        }
        coordIndex [
            0,1,2,-1,2,1,3,-1,2,3,4,-1,4,3,5,-1,4,5,6,-1,6,5,7,-1,
        ]
    }
}
Shape{
    appearance Appearance {
        material  Material 	{
            diffuseColor 0.0 0.0 0.0
            specularColor 0.0 0.0 0.0
            ambientIntensity 0.2
            transparency 0
            shininess 0.5
        }
    }
    geometry IndexedFaceSet {
        ccw TRUE
        solid FALSE
        coord DEF co Coordinate {
            point [
                7.5539 0.4752 -9.2008, 7.5539 0.4752 -9.2464, 7.55 0.4752 -9.2008, 7.55 0.4752 -9.2464, 7.5539 0.3116 -9.2008, 7.55 0.3116 -9.2008, 7.5539 0.3116 -9.0661, 7.55 0.3116 -9.0661, 7.5539 0.4547 -9.0661, 7.55 0.4547 -9.0661, 7.5539 0.4547 -9.0203, 7.55 0.4547 -9.0203, 7.5539 0.3116 -9.0203, 7.55 0.3116 -9.0203, 7.5539 0.3116 -8.8921, 7.55 0.3116 -8.8921, 7.5539 0.4661 -8.8921, 7.55 0.4661 -8.8921, 7.5539 0.4661 -8.8461, 7.55 0.4661 -8.8461, 7.5539 0.2599 -8.8461, 7.55 0.2599 -8.8461, 7.5539 0.2599 -9.2464, 7.55 0.2599 -9.2464, 7.5539 0.7015 -9.2022, 7.5539 0.7028 -9.2022, 7.5539 0.6995 -9.1561, 7.5539 0.7028 -9.1337, 7.5539 0.7529 -9.0624, 7.5539 0.7028 -9.1304, 7.5539 0.7028 -9.1029, 7.5539 0.7028 -9.2464, 7.5539 0.7529 -9.2464, 7.5539 0.5745 -9.1578, 7.5539 0.577 -9.1463, 7.5539 0.5339 -9.1236, 7.5539 0.6922 -9.174, 7.5539 0.6813 -9.1887, 7.5539 0.6883 -9.2208, 7.5539 0.675 -9.1948, 7.5539 0.6717 -9.2359, 7.5539 0.6609 -9.2044, 7.5539 0.6623 -9.2418, 7.5539 0.6456 -9.2099, 7.5539 0.6425 -9.2496, 7.5539 0.6269 -9.212, 7.5539 0.6139 -9.2532, 7.5539 0.6099 -9.2101, 7.5539 0.5839 -9.2497, 7.5539 0.5986 -9.206, 7.5539 0.5646 -9.2424, 7.5539 0.5886 -9.1991, 7.5539 0.5478 -9.2307, 7.5539 0.5843 -9.1949, 7.5539 0.5441 -9.1094, 7.5539 0.5814 -9.137, 7.5539 0.5598 -9.0961, 7.5539 0.5874 -9.1296, 7.5539 0.5818 -9.0853, 7.5539 0.5934 -9.1249, 7.5539 0.6049 -9.1192, 7.5539 0.6181 -9.0765, 7.5539 0.6359 -9.112, 7.5539 0.7028 -9.0647, 7.5539 0.5268 -9.1411, 7.5539 0.5234 -9.1624, 7.5539 0.5741 -9.1658, 7.5539 0.5232 -9.1699, 7.5539 0.5753 -9.1773, 7.5539 0.5257 -9.1927, 7.5539 0.5786 -9.1864, 7.5539 0.5318 -9.2097, 7.5539 0.5422 -9.2251, 7.5539 0.5511 -8.9805, 7.5539 0.5511 -9.0293, 7.5539 0.5616 -8.9745, 7.5539 0.5807 -9.0099, 7.5539 0.5989 -8.9601, 7.5539 0.612 -8.9985, 7.5539 0.6496 -8.9539, 7.5539 0.6449 -8.9947, 7.5539 0.6806 -8.9568, 7.5539 0.6619 -8.9965, 7.5539 0.7016 -8.9634, 7.5539 0.6735 -9.0005, 7.5539 0.7181 -8.973, 7.5539 0.6824 -9.0063, 7.5539 0.7314 -8.9859, 7.5539 0.69 -9.0143, 7.5539 0.7416 -9.0023, 7.5539 0.6959 -9.0246, 7.5539 0.7493 -9.0255, 7.5539 0.7011 -9.0425, 7.55 0.6496 -8.9539, 7.55 0.5989 -8.9601, 7.55 0.5616 -8.9745, 7.55 0.5511 -8.9805, 7.55 0.5511 -9.0293, 7.55 0.5807 -9.0099, 7.55 0.612 -8.9985, 7.55 0.6449 -8.9947, 7.55 0.6619 -8.9965, 7.55 0.6735 -9.0005, 7.55 0.6824 -9.0063, 7.55 0.69 -9.0143, 7.55 0.6959 -9.0246, 7.55 0.7011 -9.0425, 7.55 0.7028 -9.0647, 7.55 0.6181 -9.0765, 7.55 0.5818 -9.0853, 7.55 0.5598 -9.0961, 7.55 0.5441 -9.1094, 7.55 0.5339 -9.1236, 7.55 0.5268 -9.1411, 7.55 0.5234 -9.1624, 7.55 0.5232 -9.1699, 7.55 0.5257 -9.1927, 7.55 0.5318 -9.2097, 7.55 0.5422 -9.2251, 7.55 0.5478 -9.2307, 7.55 0.6139 -9.2532, 7.55 0.5848 -9.2498, 7.55 0.5839 -9.2497, 7.55 0.5646 -9.2424, 7.55 0.6411 -9.2498, 7.55 0.6425 -9.2496, 7.55 0.6623 -9.2418, 7.55 0.6717 -9.2359, 7.55 0.6883 -9.2208, 7.55 0.7015 -9.2022, 7.55 0.7028 -9.2022, 7.55 0.7028 -9.2464, 7.55 0.7529 -9.2464, 7.55 0.7529 -9.0624, 7.55 0.7493 -9.0255, 7.55 0.7416 -9.0023, 7.55 0.7314 -8.9859, 7.55 0.7181 -8.973, 7.55 0.7016 -8.9634, 7.55 0.6806 -8.9568, 7.55 0.5874 -9.1296, 7.55 0.5934 -9.1249, 7.55 0.6049 -9.1192, 7.55 0.6359 -9.112, 7.55 0.5741 -9.1658, 7.55 0.5745 -9.1578, 7.55 0.577 -9.1463, 7.55 0.5814 -9.137, 7.55 0.5886 -9.1991, 7.55 0.5843 -9.1949, 7.55 0.5786 -9.1864, 7.55 0.5753 -9.1773, 7.55 0.6269 -9.212, 7.55 0.6099 -9.2101, 7.55 0.5986 -9.206, 7.55 0.6813 -9.1887, 7.55 0.675 -9.1948, 7.55 0.6609 -9.2044, 7.55 0.6456 -9.2099, 7.55 0.7028 -9.1304, 7.55 0.7028 -9.1337, 7.55 0.6995 -9.1561, 7.55 0.6922 -9.174, 7.55 0.7028 -9.1029, 7.55 0.7028 -9.1029
            ]
        }
        coordIndex [
            0,1,2,-1,2,1,3,-1,4,0,5,-1,5,0,2,-1,6,4,7,-1,7,4,5,-1,8,6,9,-1,9,6,7,-1,10,8,11,-1,11,8,9,-1,12,10,13,-1,13,10,11,-1,14,12,15,-1,15,12,13,-1,16,14,17,-1,17,14,15,-1,18,16,19,-1,19,16,17,-1,20,18,21,-1,21,18,19,-1,22,20,23,-1,23,20,21,-1,1,22,3,-1,3,22,23,-1,8,10,6,-1,6,10,12,-1,1,0,22,-1,22,0,4,-1,16,18,14,-1,14,18,20,-1,14,20,12,-1,12,20,22,-1,12,22,6,-1,6,22,4,-1,24,25,26,-1,27,28,29,-1,29,28,30,-1,31,32,25,-1,25,32,28,-1,25,28,26,-1,26,28,27,-1,33,34,35,-1,26,36,24,-1,24,36,37,-1,24,37,38,-1,38,37,39,-1,38,39,40,-1,40,39,41,-1,40,41,42,-1,42,41,43,-1,42,43,44,-1,44,43,45,-1,44,45,46,-1,46,45,47,-1,46,47,48,-1,48,47,49,-1,48,49,50,-1,50,49,51,-1,50,51,52,-1,52,51,53,-1,35,34,54,-1,54,34,55,-1,54,55,56,-1,56,55,57,-1,56,57,58,-1,57,59,58,-1,58,59,60,-1,58,60,61,-1,61,60,62,-1,61,62,63,-1,35,64,33,-1,33,64,65,-1,33,65,66,-1,66,65,67,-1,66,67,68,-1,68,67,69,-1,68,69,70,-1,70,69,71,-1,70,71,53,-1,53,71,72,-1,53,72,52,-1,73,74,75,-1,75,74,76,-1,75,76,77,-1,77,76,78,-1,77,78,79,-1,79,78,80,-1,79,80,81,-1,81,80,82,-1,81,82,83,-1,83,82,84,-1,83,84,85,-1,85,84,86,-1,85,86,87,-1,87,86,88,-1,87,88,89,-1,89,88,90,-1,89,90,91,-1,91,90,92,-1,91,92,28,-1,28,92,63,-1,28,63,30,-1,30,63,62,-1,79,93,94,-1,79,94,77,-1,77,94,95,-1,77,95,75,-1,75,95,96,-1,75,96,73,-1,74,73,97,-1,97,73,96,-1,74,97,98,-1,74,98,76,-1,76,98,99,-1,76,99,78,-1,78,99,100,-1,78,100,80,-1,80,100,101,-1,80,101,82,-1,82,101,102,-1,82,102,84,-1,84,102,103,-1,84,103,86,-1,86,103,104,-1,86,104,88,-1,88,104,105,-1,88,105,90,-1,90,105,106,-1,90,106,92,-1,92,106,107,-1,92,107,63,-1,61,63,108,-1,108,63,107,-1,61,108,109,-1,61,109,58,-1,58,109,110,-1,58,110,56,-1,56,110,111,-1,56,111,54,-1,54,111,112,-1,54,112,35,-1,35,112,113,-1,35,113,64,-1,64,113,114,-1,64,114,65,-1,65,114,115,-1,65,115,67,-1,67,115,116,-1,67,116,69,-1,69,116,117,-1,69,117,71,-1,71,117,118,-1,71,118,72,-1,72,118,119,-1,72,119,52,-1,120,46,121,-1,121,46,48,-1,121,48,122,-1,122,48,50,-1,122,50,123,-1,123,50,52,-1,123,52,119,-1,120,124,46,-1,46,124,44,-1,124,125,44,-1,44,125,126,-1,44,126,42,-1,42,126,127,-1,42,127,40,-1,40,127,128,-1,40,128,38,-1,38,128,129,-1,38,129,24,-1,25,24,130,-1,130,24,129,-1,31,25,131,-1,131,25,130,-1,32,31,132,-1,132,31,131,-1,28,32,133,-1,133,32,132,-1,28,133,134,-1,28,134,91,-1,91,134,135,-1,91,135,89,-1,89,135,136,-1,89,136,87,-1,87,136,137,-1,87,137,85,-1,85,137,138,-1,85,138,83,-1,83,138,139,-1,83,139,81,-1,81,139,93,-1,81,93,79,-1,57,140,141,-1,57,141,59,-1,59,141,142,-1,59,142,60,-1,60,142,143,-1,60,143,62,-1,66,144,145,-1,66,145,33,-1,33,145,146,-1,33,146,34,-1,34,146,147,-1,34,147,55,-1,55,147,140,-1,55,140,57,-1,51,148,149,-1,51,149,53,-1,53,149,150,-1,53,150,70,-1,70,150,151,-1,70,151,68,-1,68,151,144,-1,68,144,66,-1,45,152,153,-1,45,153,47,-1,47,153,154,-1,47,154,49,-1,49,154,148,-1,49,148,51,-1,37,155,156,-1,37,156,39,-1,39,156,157,-1,39,157,41,-1,41,157,158,-1,41,158,43,-1,43,158,152,-1,43,152,45,-1,29,159,160,-1,29,160,27,-1,27,160,161,-1,27,161,26,-1,26,161,162,-1,26,162,36,-1,36,162,155,-1,36,155,37,-1,29,30,159,-1,159,30,163,-1,30,62,163,-1,163,62,143,-1,
        ]
    }
}
Shape{
    appearance Appearance {
        material  Material 	{
            diffuseColor 0.5019607843137255 0.5019607843137255 0.5019607843137255
            specularColor 0.25098039215686274 0.25098039215686274 0.25098039215686274
            ambientIntensity 0.2
            transparency 0
            shininess 0.5
        }
    }
    geometry IndexedFaceSet {
        ccw TRUE
        solid FALSE
        coord DEF co Coordinate {
            point [
                7.55 0.7028 -9.1337, 7.55 0.7028 -9.1304, 7.55 0.5874 -9.1296, 7.55 0.7028 -9.1029, 7.55 0.6359 -9.112, 7.55 0.6049 -9.1192, 7.55 0.5934 -9.1249, 7.55 0.6995 -9.1561, 7.55 0.5814 -9.137, 7.55 0.6922 -9.174, 7.55 0.5843 -9.1949, 7.55 0.5886 -9.1991, 7.55 0.675 -9.1948, 7.55 0.5786 -9.1864, 7.55 0.6609 -9.2044, 7.55 0.6456 -9.2099, 7.55 0.6269 -9.212, 7.55 0.577 -9.1463, 7.55 0.5745 -9.1578, 7.55 0.6813 -9.1887, 7.55 0.5741 -9.1658, 7.55 0.5753 -9.1773, 7.55 0.5986 -9.206, 7.55 0.6099 -9.2101, 7.55 0.6099 -9.2101
            ]
        }
        coordIndex [
            0,1,2,-1,1,3,4,-1,4,5,1,-1,1,5,6,-1,1,6,2,-1,0,2,7,-1,7,2,8,-1,7,8,9,-1,10,11,12,-1,10,12,13,-1,14,12,15,-1,15,12,16,-1,8,17,9,-1,9,17,18,-1,9,18,19,-1,19,18,20,-1,19,20,12,-1,12,20,21,-1,12,21,13,-1,11,22,12,-1,12,22,23,-1,12,23,16,-1,
        ]
    }
}
Shape{
    appearance Appearance {
        material  Material 	{
            diffuseColor 0.0 0.0 0.0
            specularColor 0.0 0.0 0.0
            ambientIntensity 0.2
            transparency 0
            shininess 0.5
        }
    }
    geometry IndexedFaceSet {
        ccw TRUE
        solid FALSE
        coord DEF co Coordinate {
            point [
                7.5539 0.9034 -9.2122, 7.55 0.9034 -9.2122, 7.55 0.8724 -9.2087, 7.55 0.8441 -9.1981, 7.5539 0.841 -9.197, 7.5539 0.8724 -9.2087, 7.55 0.841 -9.197, 7.55 0.8209 -9.1846, 7.5539 0.8209 -9.1846, 7.5539 0.8209 -9.2364, 7.55 0.8209 -9.2364, 7.5539 0.8515 -9.2477, 7.55 0.8441 -9.2449, 7.55 0.8985 -9.2532, 7.5539 0.8985 -9.2532, 7.55 0.8696 -9.2498, 7.55 0.8515 -9.2477, 7.5539 0.9434 -9.2479, 7.55 0.9272 -9.2498, 7.55 0.9434 -9.2479, 7.55 0.9698 -9.2378, 7.5539 0.9698 -9.2378, 7.55 0.9818 -9.2305, 7.5539 0.9818 -9.2305, 7.55 0.9961 -9.2179, 7.5539 0.9961 -9.2179, 7.55 1.0055 -9.2047, 7.5539 1.0055 -9.2047, 7.55 1.0116 -9.1888, 7.5539 1.0116 -9.1888, 7.55 1.014 -9.1686, 7.5539 1.014 -9.1686, 7.55 1.0119 -9.15, 7.5539 1.0119 -9.15, 7.55 1.0066 -9.1352, 7.5539 1.0066 -9.1352, 7.55 0.9972 -9.1214, 7.5539 0.9972 -9.1214, 7.55 0.9853 -9.1107, 7.5539 0.9853 -9.1107, 7.55 0.952 -9.0922, 7.5539 0.952 -9.0922, 7.55 0.9326 -9.0843, 7.5539 0.9326 -9.0843, 7.55 0.9015 -9.0708, 7.5539 0.9015 -9.0708, 7.55 0.8838 -9.0598, 7.5539 0.8838 -9.0598, 7.55 0.8789 -9.0544, 7.5539 0.8789 -9.0544, 7.55 0.8753 -9.0476, 7.5539 0.8753 -9.0476, 7.55 0.8733 -9.0398, 7.5539 0.8733 -9.0398, 7.55 0.8729 -9.0332, 7.5539 0.8729 -9.0332, 7.55 0.8738 -9.0252, 7.5539 0.8738 -9.0252, 7.55 0.8763 -9.0184, 7.5539 0.8763 -9.0184, 7.55 0.8806 -9.012, 7.5539 0.8806 -9.012, 7.55 0.8881 -9.0053, 7.5539 0.8881 -9.0053, 7.55 0.8994 -8.9993, 7.5539 0.8994 -8.9993, 7.55 0.9128 -8.9958, 7.5539 0.9128 -8.9958, 7.55 0.9276 -8.9947, 7.5539 0.9276 -8.9947, 7.55 0.9598 -8.9982, 7.5539 0.9598 -8.9982, 7.55 0.9882 -9.0084, 7.5539 0.9882 -9.0084, 7.55 1.0003 -9.0153, 7.5539 1.0003 -9.0153, 7.5539 1.0003 -8.9666, 7.55 1.0003 -8.9666, 7.55 0.9677 -8.9571, 7.5539 0.9677 -8.9571, 7.55 0.9326 -8.9539, 7.5539 0.9326 -8.9539, 7.55 0.8974 -8.9576, 7.5539 0.8974 -8.9576, 7.55 0.8695 -8.9671, 7.5539 0.8695 -8.9671, 7.55 0.8533 -8.9767, 7.5539 0.8533 -8.9767, 7.5539 0.8385 -8.99, 7.55 0.8441 -8.985, 7.55 0.8385 -8.99, 7.55 0.8292 -9.0036, 7.5539 0.8292 -9.0036, 7.55 0.8232 -9.0197, 7.5539 0.8232 -9.0197, 7.55 0.8212 -9.0377, 7.5539 0.8212 -9.0377, 7.55 0.8234 -9.0571, 7.5539 0.8234 -9.0571, 7.55 0.8289 -9.0724, 7.5539 0.8289 -9.0724, 7.55 0.8354 -9.0829, 7.5539 0.8354 -9.0829, 7.55 0.8971 -9.1208, 7.5539 0.8971 -9.1208, 7.5539 0.8673 -9.1071, 7.55 0.8436 -9.0915, 7.5539 0.8436 -9.0915, 7.55 0.8441 -9.0918, 7.55 0.8673 -9.1071, 7.55 0.9301 -9.1345, 7.5539 0.9301 -9.1345, 7.55 0.9496 -9.1463, 7.5539 0.9496 -9.1463, 7.55 0.9559 -9.1528, 7.5539 0.9559 -9.1528, 7.55 0.9598 -9.1595, 7.5539 0.9598 -9.1595, 7.55 0.962 -9.1673, 7.5539 0.962 -9.1673, 7.55 0.9625 -9.1736, 7.5539 0.9625 -9.1736, 7.55 0.9615 -9.1831, 7.5539 0.9615 -9.1831, 7.55 0.9589 -9.1903, 7.5539 0.9589 -9.1903, 7.55 0.9546 -9.1967, 7.5539 0.9546 -9.1967, 7.55 0.9488 -9.2018, 7.5539 0.9488 -9.2018, 7.55 0.9442 -9.2046, 7.5539 0.9442 -9.2046, 7.55 0.9313 -9.2093, 7.5539 0.9313 -9.2093, 7.55 0.9056 -9.2122, 7.5539 0.9056 -9.2122, 7.5539 1.2626 -8.9605, 7.5539 1.3146 -8.9605, 7.55 1.2626 -8.9605, 7.55 1.3146 -8.9605, 7.5539 1.1845 -9.1758, 7.55 1.1845 -9.1758, 7.55 1.1807 -9.1891, 7.5539 1.1807 -9.1891, 7.55 1.1784 -9.1989, 7.5539 1.1784 -9.1989, 7.5539 1.177 -9.1989, 7.55 1.177 -9.1989, 7.5539 1.1709 -9.1754, 7.55 1.1709 -9.1754, 7.55 1.0962 -8.9605, 7.5539 1.0962 -8.9605, 7.55 1.1204 -9.0301, 7.5539 1.0401 -8.9605, 7.55 1.0401 -8.9605, 7.55 1.1523 -9.2458, 7.5539 1.1523 -9.2458, 7.55 1.1204 -9.1647, 7.55 1.1303 -9.2978, 7.5539 1.1303 -9.2978, 7.55 1.1506 -9.2498, 7.55 1.1204 -9.3159, 7.5539 1.1203 -9.316, 7.55 1.1203 -9.316, 7.55 1.111 -9.3264, 7.5539 1.111 -9.3264, 7.55 1.1024 -9.3324, 7.5539 1.1024 -9.3324, 7.55 1.0915 -9.3366, 7.5539 1.0915 -9.3366, 7.55 1.0789 -9.3381, 7.5539 1.0789 -9.3381, 7.55 1.0607 -9.3357, 7.5539 1.0607 -9.3357, 7.55 1.0504 -9.3324, 7.5539 1.0504 -9.3324, 7.5539 1.0504 -9.377, 7.55 1.0504 -9.377, 7.55 1.0717 -9.3807, 7.5539 1.0717 -9.3807, 7.55 1.0828 -9.3811, 7.5539 1.0828 -9.3811, 7.55 1.103 -9.3788, 7.55 1.1204 -9.3722, 7.5539 1.1228 -9.3712, 7.5539 1.103 -9.3788, 7.55 1.1228 -9.3712, 7.55 1.1403 -9.359, 7.5539 1.1403 -9.359, 7.55 1.1438 -9.3559, 7.5539 1.1438 -9.3559, 7.55 1.1621 -9.3338, 7.5539 1.1621 -9.3338, 7.55 1.1848 -9.2896, 7.5539 1.1848 -9.2896, 7.55 1.2005 -9.2498, 7.5539 1.5839 -9.2008, 7.5539 1.5839 -9.2464, 7.55 1.5839 -9.2008, 7.55 1.5839 -9.2464, 7.55 1.4203 -9.2008, 7.5539 1.4203 -9.2008, 7.55 1.4953 -9.2008, 7.5539 1.4203 -9.0661, 7.55 1.4203 -9.0661, 7.55 1.5635 -9.0661, 7.5539 1.5635 -9.0661, 7.55 1.4953 -9.0661, 7.5539 1.5635 -9.0203, 7.55 1.5635 -9.0203, 7.55 1.4203 -9.0203, 7.5539 1.4203 -9.0203, 7.55 1.4953 -9.0203, 7.5539 1.4203 -8.8921, 7.55 1.4203 -8.8921, 7.55 1.5748 -8.8921, 7.5539 1.5748 -8.8921, 7.55 1.4953 -8.8921, 7.5539 1.5748 -8.8461, 7.55 1.5748 -8.8461, 7.55 1.3686 -8.8461, 7.5539 1.3686 -8.8461, 7.55 1.4953 -8.8461, 7.5539 1.3686 -9.2464, 7.55 1.3686 -9.2464, 7.55 1.4953 -9.2464, 7.5539 1.9251 -9.1903, 7.5539 1.8837 -9.1634, 7.5539 1.8832 -9.2204, 7.5539 1.8578 -9.1814, 7.5539 1.8376 -9.2382, 7.5539 1.8247 -9.1942, 7.5539 1.7697 -9.2464, 7.5539 1.7694 -9.2008, 7.5539 1.6596 -9.2464, 7.5539 1.7112 -9.2008, 7.5539 1.6596 -8.8461, 7.5539 1.7112 -8.8921, 7.5539 1.7738 -8.8461, 7.5539 1.7717 -8.8921, 7.5539 1.7756 -8.8922, 7.5539 1.8349 -8.8528, 7.5539 1.8269 -8.8987, 7.5539 1.8832 -8.8705, 7.5539 1.861 -8.9119, 7.5539 1.9251 -8.8991, 7.5539 1.8873 -8.9298, 7.5539 1.9393 -8.9129, 7.5539 1.8985 -8.9409, 7.5539 1.9641 -8.9479, 7.5539 1.914 -8.9633, 7.5539 1.9789 -8.9861, 7.5539 1.9253 -8.9926, 7.5539 1.9855 -9.0411, 7.5539 1.9312 -9.0426, 7.5539 1.9843 -9.0667, 7.5539 1.9296 -9.0699, 7.5539 1.9746 -9.1135, 7.5539 1.9216 -9.1061, 7.5539 1.9549 -9.1549, 7.5539 1.9075 -9.1356, 7.5539 1.8884 -9.159, 7.55 1.7697 -9.2464, 7.55 1.6596 -9.2464, 7.55 1.8376 -9.2382, 7.55 1.8832 -9.2204, 7.55 1.9251 -9.1903, 7.55 1.9549 -9.1549, 7.55 1.9746 -9.1135, 7.55 1.9843 -9.0667, 7.55 1.9855 -9.0411, 7.55 1.9789 -8.9861, 7.55 1.9641 -8.9479, 7.55 1.9393 -8.9129, 7.55 1.9251 -8.8991, 7.55 1.8832 -8.8705, 7.55 1.8349 -8.8528, 7.55 1.7738 -8.8461, 7.55 1.6596 -8.8461, 7.55 1.7717 -8.8921, 7.55 1.7112 -8.8921, 7.55 1.7112 -9.2008, 7.55 1.7694 -9.2008, 7.55 1.8884 -9.159, 7.55 1.8837 -9.1634, 7.55 1.8578 -9.1814, 7.55 1.8247 -9.1942, 7.55 1.9312 -9.0426, 7.55 1.9296 -9.0699, 7.55 1.9216 -9.1061, 7.55 1.9075 -9.1356, 7.55 1.8873 -8.9298, 7.55 1.8985 -8.9409, 7.55 1.914 -8.9633, 7.55 1.9253 -8.9926, 7.55 1.7756 -8.8922, 7.55 1.8269 -8.8987, 7.55 1.861 -8.9119, 7.55 1.861 -8.9119
            ]
        }
        coordIndex [
            0,1,2,-1,3,4,2,-1,2,4,5,-1,2,5,0,-1,3,6,4,-1,4,6,7,-1,4,7,8,-1,9,8,10,-1,10,8,7,-1,9,10,11,-1,11,10,12,-1,13,14,15,-1,15,14,11,-1,15,11,16,-1,16,11,12,-1,17,14,18,-1,18,14,13,-1,18,19,17,-1,17,19,20,-1,17,20,21,-1,21,20,22,-1,21,22,23,-1,23,22,24,-1,23,24,25,-1,25,24,26,-1,25,26,27,-1,27,26,28,-1,27,28,29,-1,29,28,30,-1,29,30,31,-1,31,30,32,-1,31,32,33,-1,33,32,34,-1,33,34,35,-1,35,34,36,-1,35,36,37,-1,37,36,38,-1,37,38,39,-1,39,38,40,-1,39,40,41,-1,41,40,42,-1,41,42,43,-1,43,42,44,-1,43,44,45,-1,45,44,46,-1,45,46,47,-1,47,46,48,-1,47,48,49,-1,49,48,50,-1,49,50,51,-1,51,50,52,-1,51,52,53,-1,53,52,54,-1,53,54,55,-1,55,54,56,-1,55,56,57,-1,57,56,58,-1,57,58,59,-1,59,58,60,-1,59,60,61,-1,61,60,62,-1,61,62,63,-1,63,62,64,-1,63,64,65,-1,65,64,66,-1,65,66,67,-1,67,66,68,-1,67,68,69,-1,69,68,70,-1,69,70,71,-1,71,70,72,-1,71,72,73,-1,73,72,74,-1,73,74,75,-1,76,75,77,-1,77,75,74,-1,76,77,78,-1,76,78,79,-1,79,78,80,-1,79,80,81,-1,81,80,82,-1,81,82,83,-1,83,82,84,-1,83,84,85,-1,85,84,86,-1,85,86,87,-1,87,86,88,-1,88,86,89,-1,89,90,88,-1,88,90,91,-1,88,91,92,-1,92,91,93,-1,92,93,94,-1,94,93,95,-1,94,95,96,-1,96,95,97,-1,96,97,98,-1,98,97,99,-1,98,99,100,-1,100,99,101,-1,100,101,102,-1,103,104,105,-1,102,101,106,-1,102,106,107,-1,107,106,108,-1,107,108,105,-1,105,108,109,-1,105,109,103,-1,104,103,110,-1,104,110,111,-1,111,110,112,-1,111,112,113,-1,113,112,114,-1,113,114,115,-1,115,114,116,-1,115,116,117,-1,117,116,118,-1,117,118,119,-1,119,118,120,-1,119,120,121,-1,121,120,122,-1,121,122,123,-1,123,122,124,-1,123,124,125,-1,125,124,126,-1,125,126,127,-1,127,126,128,-1,127,128,129,-1,129,128,130,-1,129,130,131,-1,131,130,132,-1,131,132,133,-1,133,132,134,-1,133,134,135,-1,135,134,1,-1,135,1,0,-1,61,63,85,-1,85,63,83,-1,111,43,104,-1,104,43,45,-1,21,23,127,-1,127,23,25,-1,127,25,125,-1,125,25,27,-1,125,27,123,-1,123,27,29,-1,123,29,121,-1,121,29,31,-1,121,31,119,-1,119,31,33,-1,119,33,117,-1,117,33,35,-1,117,35,115,-1,115,35,37,-1,115,37,113,-1,113,37,39,-1,113,39,111,-1,111,39,41,-1,111,41,43,-1,14,0,11,-1,11,0,5,-1,11,5,9,-1,9,5,4,-1,9,4,8,-1,63,65,83,-1,83,65,67,-1,83,67,81,-1,81,67,69,-1,81,69,79,-1,79,69,71,-1,79,71,76,-1,76,71,73,-1,76,73,75,-1,127,129,21,-1,21,129,131,-1,21,131,17,-1,17,131,133,-1,17,133,14,-1,14,133,135,-1,14,135,0,-1,85,87,61,-1,61,87,88,-1,61,88,59,-1,59,88,92,-1,59,92,57,-1,57,92,94,-1,57,94,55,-1,55,94,96,-1,55,96,53,-1,53,96,98,-1,53,98,51,-1,51,98,100,-1,51,100,49,-1,49,100,102,-1,49,102,47,-1,47,102,107,-1,47,107,45,-1,45,107,105,-1,45,105,104,-1,136,137,138,-1,138,137,139,-1,140,136,141,-1,141,136,138,-1,140,141,142,-1,140,142,143,-1,143,142,144,-1,143,144,145,-1,146,145,147,-1,147,145,144,-1,148,146,149,-1,149,146,147,-1,150,151,152,-1,152,151,148,-1,152,148,149,-1,153,151,154,-1,154,151,150,-1,155,156,157,-1,157,156,153,-1,157,153,154,-1,158,159,160,-1,160,159,156,-1,160,156,155,-1,158,161,159,-1,159,161,162,-1,161,163,162,-1,162,163,164,-1,162,164,165,-1,165,164,166,-1,165,166,167,-1,167,166,168,-1,167,168,169,-1,169,168,170,-1,169,170,171,-1,171,170,172,-1,171,172,173,-1,173,172,174,-1,173,174,175,-1,176,175,177,-1,177,175,174,-1,176,177,178,-1,176,178,179,-1,179,178,180,-1,179,180,181,-1,181,180,182,-1,183,184,182,-1,182,184,185,-1,182,185,181,-1,183,186,184,-1,184,186,187,-1,184,187,188,-1,188,187,189,-1,188,189,190,-1,190,189,191,-1,190,191,192,-1,192,191,193,-1,192,193,194,-1,139,137,195,-1,195,137,194,-1,195,194,193,-1,143,145,194,-1,137,136,194,-1,194,136,140,-1,194,140,143,-1,151,153,148,-1,148,153,156,-1,148,156,146,-1,175,176,173,-1,173,176,179,-1,173,179,171,-1,171,179,181,-1,171,181,169,-1,169,181,185,-1,169,185,167,-1,167,185,184,-1,167,184,165,-1,145,146,194,-1,194,146,156,-1,194,156,192,-1,156,159,192,-1,192,159,162,-1,192,162,190,-1,190,162,165,-1,190,165,188,-1,188,165,184,-1,196,197,198,-1,198,197,199,-1,200,201,202,-1,202,201,196,-1,202,196,198,-1,203,201,204,-1,204,201,200,-1,205,206,207,-1,207,206,203,-1,207,203,204,-1,208,206,209,-1,209,206,205,-1,210,211,212,-1,212,211,208,-1,212,208,209,-1,213,211,214,-1,214,211,210,-1,215,216,217,-1,217,216,213,-1,217,213,214,-1,218,216,219,-1,219,216,215,-1,220,221,222,-1,222,221,218,-1,222,218,219,-1,223,221,224,-1,224,221,220,-1,199,197,225,-1,225,197,223,-1,225,223,224,-1,223,197,196,-1,196,201,223,-1,223,201,203,-1,223,203,221,-1,216,218,213,-1,213,218,221,-1,213,221,211,-1,211,221,203,-1,211,203,208,-1,208,203,206,-1,226,227,228,-1,228,227,229,-1,228,229,230,-1,230,229,231,-1,230,231,232,-1,232,231,233,-1,232,233,234,-1,234,233,235,-1,234,235,236,-1,236,235,237,-1,236,237,238,-1,237,239,238,-1,238,239,240,-1,238,240,241,-1,241,240,242,-1,241,242,243,-1,243,242,244,-1,243,244,245,-1,245,244,246,-1,245,246,247,-1,247,246,248,-1,247,248,249,-1,249,248,250,-1,249,250,251,-1,251,250,252,-1,251,252,253,-1,253,252,254,-1,253,254,255,-1,255,254,256,-1,255,256,257,-1,257,256,258,-1,257,258,259,-1,259,258,260,-1,259,260,226,-1,226,260,261,-1,226,261,227,-1,232,234,262,-1,262,234,263,-1,232,262,264,-1,232,264,230,-1,230,264,265,-1,230,265,228,-1,228,265,266,-1,228,266,226,-1,226,266,267,-1,226,267,259,-1,259,267,268,-1,259,268,257,-1,257,268,269,-1,257,269,255,-1,255,269,270,-1,255,270,253,-1,253,270,271,-1,253,271,251,-1,251,271,272,-1,251,272,249,-1,249,272,273,-1,249,273,247,-1,247,273,274,-1,247,274,245,-1,245,274,275,-1,245,275,243,-1,243,275,276,-1,243,276,241,-1,241,276,277,-1,241,277,238,-1,236,238,278,-1,278,238,277,-1,234,236,263,-1,263,236,278,-1,239,237,279,-1,279,237,280,-1,237,235,280,-1,280,235,281,-1,235,233,281,-1,281,233,282,-1,261,283,284,-1,261,284,227,-1,227,284,285,-1,227,285,229,-1,229,285,286,-1,229,286,231,-1,231,286,282,-1,231,282,233,-1,254,287,288,-1,254,288,256,-1,256,288,289,-1,256,289,258,-1,258,289,290,-1,258,290,260,-1,260,290,283,-1,260,283,261,-1,246,291,292,-1,246,292,248,-1,248,292,293,-1,248,293,250,-1,250,293,294,-1,250,294,252,-1,252,294,287,-1,252,287,254,-1,239,279,295,-1,239,295,240,-1,240,295,296,-1,240,296,242,-1,242,296,297,-1,242,297,244,-1,244,297,291,-1,244,291,246,-1,
        ]
    }
}
Shape{
    appearance Appearance {
        material  Material 	{
            diffuseColor 0.5019607843137255 0.5019607843137255 0.5019607843137255
            specularColor 0.25098039215686274 0.25098039215686274 0.25098039215686274
            ambientIntensity 0.2
            transparency 0
            shininess 0.5
        }
    }
    geometry IndexedFaceSet {
        ccw TRUE
        solid FALSE
        coord DEF co Coordinate {
            point [
                7.55 1.8578 -9.1814, 7.55 1.8837 -9.1634, 7.55 1.7756 -8.8922, 7.55 1.7112 -8.8921, 7.55 1.7112 -9.2008, 7.55 1.7717 -8.8921, 7.55 1.7694 -9.2008, 7.55 1.8247 -9.1942, 7.55 1.8884 -9.159, 7.55 1.9075 -9.1356, 7.55 1.9216 -9.1061, 7.55 1.9312 -9.0426, 7.55 1.8873 -8.9298, 7.55 1.861 -8.9119, 7.55 1.9253 -8.9926, 7.55 1.914 -8.9633, 7.55 1.8985 -8.9409, 7.55 1.9296 -9.0699, 7.55 1.8269 -8.8987, 7.55 1.8269 -8.8987
            ]
        }
        coordIndex [
            0,1,2,-1,3,4,5,-1,5,4,6,-1,5,6,2,-1,2,6,7,-1,2,7,0,-1,1,8,2,-1,2,8,9,-1,2,9,10,-1,11,12,13,-1,14,15,11,-1,11,15,16,-1,11,16,12,-1,10,17,2,-1,2,17,11,-1,2,11,18,-1,18,11,13,-1,
        ]
    }
}
Shape{
    appearance Appearance {
        material  Material 	{
            diffuseColor 0.0 0.0 0.0
            specularColor 0.0 0.0 0.0
            ambientIntensity 0.2
            transparency 0
            shininess 0.5
        }
    }
    geometry IndexedFaceSet {
        ccw TRUE
        solid FALSE
        coord DEF co Coordinate {
            point [
                7.5539 2.1197 -9.0917, 7.5539 2.1033 -9.1369, 7.5539 2.254 -9.0917, 7.5539 2.27 -9.1369, 7.5539 2.1795 -8.9253, 7.5539 2.1602 -8.8461, 7.5539 2.0077 -9.2464, 7.5539 2.0648 -9.2464, 7.5539 2.183 -8.9133, 7.5539 2.1861 -8.8972, 7.5539 2.2155 -8.8461, 7.5539 2.1873 -8.8972, 7.5539 2.1906 -8.9142, 7.5539 2.1936 -8.9253, 7.5539 2.3679 -9.2464, 7.5539 2.3108 -9.2464, 7.55 2.2155 -8.8461, 7.55 2.3679 -9.2464, 7.55 2.1602 -8.8461, 7.55 2.0077 -9.2464, 7.55 2.0648 -9.2464, 7.55 2.1033 -9.1369, 7.55 2.27 -9.1369, 7.55 2.3108 -9.2464, 7.55 2.1197 -9.0917, 7.55 2.254 -9.0917, 7.55 2.1936 -8.9253, 7.55 2.1873 -8.8972, 7.55 2.1906 -8.9142, 7.55 2.1861 -8.8972, 7.55 2.1795 -8.9253, 7.55 2.183 -8.9133, 7.55 2.183 -8.9133
            ]
        }
        coordIndex [
            0,1,2,-1,2,1,3,-1,4,5,0,-1,0,5,6,-1,0,6,1,-1,1,6,7,-1,4,8,5,-1,5,8,9,-1,5,9,10,-1,10,9,11,-1,10,11,12,-1,12,13,10,-1,10,13,2,-1,10,2,14,-1,14,2,3,-1,14,3,15,-1,10,14,16,-1,16,14,17,-1,5,10,18,-1,18,10,16,-1,6,5,19,-1,19,5,18,-1,7,6,20,-1,20,6,19,-1,1,7,21,-1,21,7,20,-1,3,1,22,-1,22,1,21,-1,15,3,23,-1,23,3,22,-1,14,15,17,-1,17,15,23,-1,0,2,24,-1,24,2,25,-1,2,13,25,-1,25,13,26,-1,11,27,28,-1,11,28,12,-1,12,28,26,-1,12,26,13,-1,11,9,27,-1,27,9,29,-1,4,30,31,-1,4,31,8,-1,8,31,29,-1,8,29,9,-1,4,0,30,-1,30,0,24,-1,
        ]
    }
}
Shape{
    appearance Appearance {
        material  Material 	{
            diffuseColor 0.5019607843137255 0.5019607843137255 0.5019607843137255
            specularColor 0.25098039215686274 0.25098039215686274 0.25098039215686274
            ambientIntensity 0.2
            transparency 0
            shininess 0.5
        }
    }
    geometry IndexedFaceSet {
        ccw TRUE
        solid FALSE
        coord DEF co Coordinate {
            point [
                7.55 2.1873 -8.8972, 7.55 2.1861 -8.8972, 7.55 2.1906 -8.9142, 7.55 2.183 -8.9133, 7.55 2.1936 -8.9253, 7.55 2.1795 -8.9253, 7.55 2.254 -9.0917, 7.55 2.1197 -9.0917, 7.55 2.1197 -9.0917
            ]
        }
        coordIndex [
            0,1,2,-1,2,1,3,-1,2,3,4,-1,4,3,5,-1,4,5,6,-1,6,5,7,-1,
        ]
    }
}
Shape{
    appearance Appearance {
        material  Material 	{
            diffuseColor 0.0 0.0 0.0
            specularColor 0.0 0.0 0.0
            ambientIntensity 0.2
            transparency 0
            shininess 0.5
        }
    }
    geometry IndexedFaceSet {
        ccw TRUE
        solid FALSE
        coord DEF co Coordinate {
            point [
                7.5539 -1.5834 -8.5567, 7.5539 -1.5199 -8.5231, 7.5539 -1.535 -8.348, 7.5539 -1.0336 -9.3143, 7.5539 -0.9999 -9.2509, 7.5539 -0.9832 -9.1806, 7.5539 -1.3574 -8.3398, 7.5539 -1.2692 -8.5476, 7.5539 -1.2257 -8.4576, 7.5539 -1.3739 -9.191, 7.5539 -1.3797 -9.1645, 7.5539 -1.5339 -9.0514, 7.5539 -1.5368 -9.2421, 7.5539 -1.5727 -9.2314, 7.5539 -1.5959 -9.0132, 7.5539 -1.4229 -8.3341, 7.5539 -0.5832 -8.9119, 7.5539 -0.6714 -8.7611, 7.5539 -0.9817 -9.1226, 7.5539 -1.0529 -8.9603, 7.5539 -0.9817 -9.151, 7.5539 -1.134 -9.4028, 7.5539 -1.0773 -9.3634, 7.5539 -1.1671 -9.1101, 7.5539 -1.1596 -9.1359, 7.5539 -1.1586 -9.1635, 7.5539 -1.1646 -9.191, 7.5539 -1.1772 -9.2159, 7.5539 -1.3621 -9.2147, 7.5539 -1.4659 -9.3554, 7.5539 -1.5082 -9.3032, 7.5539 -0.4893 -8.6301, 7.5539 -0.4665 -8.6301, 7.5539 -0.3498 -8.4764, 7.5539 -0.4124 -8.6368, 7.5539 -0.3358 -8.4811, 7.5539 -0.3627 -8.6559, 7.5539 -0.2511 -8.5232, 7.5539 -0.1739 -8.5885, 7.5539 -1.2991 -8.2718, 7.5539 -1.1619 -8.3813, 7.5539 -1.2322 -8.2146, 7.5539 -1.0855 -8.3255, 7.5539 -1.1515 -8.1657, 7.5539 -1.4496 -8.5064, 7.5539 -1.4201 -8.5049, 7.5539 -1.3902 -8.3359, 7.5539 -1.3534 -8.5131, 7.5539 -1.2895 -8.5365, 7.5539 -1.1953 -9.2367, 7.5539 -1.2171 -9.252, 7.5539 -1.1974 -9.4272, 7.5539 -1.2419 -9.2615, 7.5539 -1.2663 -9.4357, 7.5539 -1.2692 -9.2649, 7.5539 -1.2773 -9.4355, 7.5539 -1.2741 -9.2648, 7.5539 -1.3445 -9.425, 7.5539 -1.2996 -9.2606, 7.5539 -1.4102 -9.3974, 7.5539 -1.3253 -9.2496, 7.5539 -1.3471 -9.2329, 7.5539 -0.1733 -9.1197, 7.5539 -0.306 -9.0068, 7.5539 -0.2508 -9.1853, 7.5539 -0.3481 -9.0411, 7.5539 -0.3376 -9.2278, 7.5539 -0.3983 -9.0644, 7.5539 -0.4323 -9.2478, 7.5539 -0.4494 -9.0742, 7.5539 -0.6003 -9.2478, 7.5539 -0.5775 -9.0742, 7.5539 -0.6163 -9.2452, 7.5539 -0.3185 -8.6868, 7.5539 -0.2857 -8.7234, 7.5539 -0.1158 -8.6695, 7.5539 -0.2592 -8.7726, 7.5539 -0.081 -8.7564, 7.5539 -0.2459 -8.8272, 7.5539 -0.068 -8.8493, 7.5539 -0.2445 -8.8522, 7.5539 -0.0811 -8.9509, 7.5539 -0.2513 -8.9076, 7.5539 -0.1168 -9.0411, 7.5539 -0.2709 -8.9583, 7.5539 -0.3022 -9.0027, 7.5539 -0.5035 -8.2516, 7.5539 -0.6148 -8.3825, 7.5539 -0.4052 -8.3667, 7.5539 -0.5506 -8.4592, 7.5539 -0.5067 -8.5509, 7.5539 -1.6962 -8.7206, 7.5539 -1.8832 -8.7679, 7.5539 -1.7047 -8.7895, 7.5539 -1.884 -8.7952, 7.5539 -1.7013 -8.8334, 7.5539 -1.8703 -8.9067, 7.5539 -1.6809 -8.903, 7.5539 -1.8295 -9.0126, 7.5539 -1.647 -8.9608, 7.5539 -1.7645 -9.1055, 7.5539 -1.6756 -9.1813, 7.5539 -1.3789 -9.1368, 7.5539 -1.3711 -9.1098, 7.5539 -1.5024 -8.9902, 7.5539 -1.3569 -9.0859, 7.5539 -1.4554 -8.9364, 7.5539 -1.3435 -9.0715, 7.5539 -1.3972 -8.896, 7.5539 -1.3212 -9.0559, 7.5539 -1.3343 -8.8719, 7.5539 -1.2963 -9.0462, 7.5539 -1.2663 -8.8635, 7.5539 -1.2692 -9.0429, 7.5539 -1.2317 -8.8656, 7.5539 -1.25 -9.0446, 7.5539 -1.163 -8.8827, 7.5539 -1.2232 -9.0529, 7.5539 -1.1026 -8.915, 7.5539 -1.1996 -9.0675, 7.5539 -1.1805 -9.0872, 7.5539 -1.0195 -8.118, 7.5539 -0.9925 -8.2878, 7.5539 -0.8906 -8.1035, 7.5539 -0.8878 -8.2743, 7.5539 -0.7562 -8.1198, 7.5539 -0.7913 -8.2862, 7.5539 -0.6149 -8.1743, 7.5539 -0.702 -8.3204, 7.5539 -0.622 -8.3759, 7.5539 -1.6404 -8.3889, 7.5539 -1.731 -8.4525, 7.5539 -1.6324 -8.6005, 7.5539 -1.7502 -8.4707, 7.5539 -1.6718 -8.6572, 7.5539 -1.8186 -8.5584, 7.5539 -1.8641 -8.6609, 7.5539 -0.5918 -9.0715, 7.5539 -0.6602 -9.218, 7.5539 -0.6536 -9.2247, 7.5539 -0.5833 -9.0734, 7.5539 -0.6351 -9.2378, 7.5539 -0.6828 -9.1596, 7.5539 -0.6801 -9.1808, 7.5539 -0.6726 -9.2001, 7.5539 -0.6166 -9.0742, 7.5539 -0.6362 -9.0819, 7.5539 -0.6821 -9.1483, 7.5539 -0.6537 -9.0943, 7.5539 -0.6654 -9.1073, 7.5539 -0.6764 -9.1267, 7.5539 -0.5946 -9.0713, 7.55 -0.068 -8.8493, 7.55 -0.081 -8.7564, 7.55 -0.1551 -8.6147, 7.55 -0.0908 -8.7321, 7.55 -0.1158 -8.6695, 7.55 -0.1739 -8.5885, 7.55 -0.2511 -8.5232, 7.55 -0.3358 -8.4811, 7.55 -0.3498 -8.4764, 7.55 -0.4052 -8.3667, 7.55 -0.5035 -8.2516, 7.55 -0.5669 -8.2076, 7.55 -0.6149 -8.1743, 7.55 -0.7562 -8.1198, 7.55 -0.8906 -8.1035, 7.55 -1.2322 -8.2146, 7.55 -1.2207 -8.2076, 7.55 -1.1515 -8.1657, 7.55 -1.0195 -8.118, 7.55 -1.2991 -8.2718, 7.55 -1.3574 -8.3398, 7.55 -1.3902 -8.3359, 7.55 -1.4229 -8.3341, 7.55 -1.535 -8.348, 7.55 -1.6404 -8.3889, 7.55 -1.731 -8.4525, 7.55 -1.7502 -8.4707, 7.55 -1.884 -8.7952, 7.55 -1.8186 -8.5584, 7.55 -1.8436 -8.6147, 7.55 -1.8641 -8.6609, 7.55 -1.8768 -8.7321, 7.55 -1.8832 -8.7679, 7.55 -1.8703 -8.9067, 7.55 -1.8295 -9.0126, 7.55 -1.7645 -9.1055, 7.55 -1.6756 -9.1813, 7.55 -1.5727 -9.2314, 7.55 -1.5368 -9.2421, 7.55 -1.5332 -9.2498, 7.55 -1.5082 -9.3032, 7.55 -1.4659 -9.3554, 7.55 -1.4102 -9.3974, 7.55 -1.384 -9.4084, 7.55 -1.3445 -9.425, 7.55 -1.2773 -9.4355, 7.55 -1.2663 -9.4357, 7.55 -0.9817 -9.151, 7.55 -1.1974 -9.4272, 7.55 -1.1485 -9.4084, 7.55 -1.134 -9.4028, 7.55 -1.0773 -9.3634, 7.55 -1.0336 -9.3143, 7.55 -0.9999 -9.2509, 7.55 -0.9996 -9.2498, 7.55 -0.9832 -9.1806, 7.55 -0.9817 -9.1226, 7.55 -0.5832 -8.9119, 7.55 -0.6714 -8.7611, 7.55 -1.0529 -8.9603, 7.55 -1.1026 -8.915, 7.55 -1.163 -8.8827, 7.55 -1.2317 -8.8656, 7.55 -1.2663 -8.8635, 7.55 -1.3343 -8.8719, 7.55 -1.3972 -8.896, 7.55 -1.4554 -8.9364, 7.55 -1.5024 -8.9902, 7.55 -1.5339 -9.0514, 7.55 -1.5959 -9.0132, 7.55 -1.647 -8.9608, 7.55 -1.6809 -8.903, 7.55 -1.7013 -8.8334, 7.55 -1.7047 -8.7895, 7.55 -1.6976 -8.7321, 7.55 -1.6962 -8.7206, 7.55 -1.6718 -8.6572, 7.55 -1.6423 -8.6147, 7.55 -1.6324 -8.6005, 7.55 -1.5834 -8.5567, 7.55 -1.5199 -8.5231, 7.55 -1.4496 -8.5064, 7.55 -1.4201 -8.5049, 7.55 -1.3534 -8.5131, 7.55 -1.2895 -8.5365, 7.55 -1.2692 -8.5476, 7.55 -1.2257 -8.4576, 7.55 -1.1619 -8.3813, 7.55 -1.0855 -8.3255, 7.55 -0.9925 -8.2878, 7.55 -0.8878 -8.2743, 7.55 -0.4893 -8.6301, 7.55 -0.4927 -8.6147, 7.55 -0.5067 -8.5509, 7.55 -0.5506 -8.4592, 7.55 -0.6148 -8.3825, 7.55 -0.622 -8.3759, 7.55 -0.702 -8.3204, 7.55 -0.7913 -8.2862, 7.55 -0.4665 -8.6301, 7.55 -0.4124 -8.6368, 7.55 -0.3627 -8.6559, 7.55 -0.3185 -8.6868, 7.55 -0.2857 -8.7234, 7.55 -0.2811 -8.7321, 7.55 -0.2592 -8.7726, 7.55 -0.2459 -8.8272, 7.55 -0.2445 -8.8522, 7.55 -0.2513 -8.9076, 7.55 -0.2709 -8.9583, 7.55 -0.3022 -9.0027, 7.55 -0.306 -9.0068, 7.55 -0.3481 -9.0411, 7.55 -0.3983 -9.0644, 7.55 -0.4494 -9.0742, 7.55 -0.5775 -9.0742, 7.55 -0.5833 -9.0734, 7.55 -0.5918 -9.0715, 7.55 -0.5946 -9.0713, 7.55 -0.6166 -9.0742, 7.55 -0.6362 -9.0819, 7.55 -0.6537 -9.0943, 7.55 -0.6654 -9.1073, 7.55 -0.6764 -9.1267, 7.55 -0.6821 -9.1483, 7.55 -0.6828 -9.1596, 7.55 -0.6801 -9.1808, 7.55 -0.6726 -9.2001, 7.55 -0.6602 -9.218, 7.55 -0.6536 -9.2247, 7.55 -0.6351 -9.2378, 7.55 -0.6163 -9.2452, 7.55 -0.6003 -9.2478, 7.55 -0.4323 -9.2478, 7.55 -0.3376 -9.2278, 7.55 -0.2508 -9.1853, 7.55 -0.1733 -9.1197, 7.55 -0.1168 -9.0411, 7.55 -0.0811 -8.9509, 7.55 -1.2692 -9.0429, 7.55 -1.25 -9.0446, 7.55 -1.2232 -9.0529, 7.55 -1.1996 -9.0675, 7.55 -1.1805 -9.0872, 7.55 -1.1671 -9.1101, 7.55 -1.1596 -9.1359, 7.55 -1.1586 -9.1635, 7.55 -1.1646 -9.191, 7.55 -1.1772 -9.2159, 7.55 -1.1953 -9.2367, 7.55 -1.2171 -9.252, 7.55 -1.2419 -9.2615, 7.55 -1.2692 -9.2649, 7.55 -1.2741 -9.2648, 7.55 -1.2996 -9.2606, 7.55 -1.3253 -9.2496, 7.55 -1.3471 -9.2329, 7.55 -1.3621 -9.2147, 7.55 -1.3739 -9.191, 7.55 -1.3797 -9.1645, 7.55 -1.3789 -9.1368, 7.55 -1.3711 -9.1098, 7.55 -1.3569 -9.0859, 7.55 -1.3435 -9.0715, 7.55 -1.3212 -9.0559, 7.55 -1.2963 -9.0462, 7.55 -1.2963 -9.0462
            ]
        }
        coordIndex [
            0,1,2,-1,3,4,5,-1,6,7,8,-1,9,10,11,-1,12,11,13,-1,13,11,14,-1,2,1,15,-1,16,17,18,-1,18,17,19,-1,18,19,20,-1,20,19,21,-1,20,21,5,-1,5,21,22,-1,5,22,3,-1,23,24,19,-1,19,24,25,-1,19,25,21,-1,21,25,26,-1,21,26,27,-1,28,9,29,-1,29,9,11,-1,29,11,30,-1,30,11,12,-1,31,32,33,-1,33,32,34,-1,33,34,35,-1,35,34,36,-1,35,36,37,-1,37,36,38,-1,6,8,39,-1,39,8,40,-1,39,40,41,-1,41,40,42,-1,41,42,43,-1,1,44,15,-1,15,44,45,-1,15,45,46,-1,46,45,47,-1,46,47,6,-1,6,47,48,-1,6,48,7,-1,27,49,21,-1,21,49,50,-1,21,50,51,-1,51,50,52,-1,51,52,53,-1,53,52,54,-1,53,54,55,-1,55,54,56,-1,55,56,57,-1,57,56,58,-1,57,58,59,-1,59,58,60,-1,59,60,29,-1,29,60,61,-1,29,61,28,-1,62,63,64,-1,64,63,65,-1,64,65,66,-1,66,65,67,-1,66,67,68,-1,68,67,69,-1,68,69,70,-1,70,69,71,-1,70,71,72,-1,36,73,38,-1,38,73,74,-1,38,74,75,-1,75,74,76,-1,75,76,77,-1,77,76,78,-1,77,78,79,-1,79,78,80,-1,79,80,81,-1,81,80,82,-1,81,82,83,-1,83,82,84,-1,83,84,62,-1,62,84,85,-1,62,85,63,-1,86,87,88,-1,88,87,89,-1,88,89,33,-1,33,89,90,-1,33,90,31,-1,91,92,93,-1,93,92,94,-1,93,94,95,-1,95,94,96,-1,95,96,97,-1,97,96,98,-1,97,98,99,-1,99,98,100,-1,99,100,14,-1,14,100,101,-1,14,101,13,-1,10,102,11,-1,11,102,103,-1,11,103,104,-1,104,103,105,-1,104,105,106,-1,106,105,107,-1,106,107,108,-1,108,107,109,-1,108,109,110,-1,110,109,111,-1,110,111,112,-1,112,111,113,-1,112,113,114,-1,114,113,115,-1,114,115,116,-1,116,115,117,-1,116,117,118,-1,118,117,119,-1,118,119,19,-1,19,119,120,-1,19,120,23,-1,43,42,121,-1,121,42,122,-1,121,122,123,-1,123,122,124,-1,123,124,125,-1,125,124,126,-1,125,126,127,-1,127,126,128,-1,127,128,86,-1,86,128,129,-1,86,129,87,-1,2,130,0,-1,0,130,131,-1,0,131,132,-1,132,131,133,-1,132,133,134,-1,134,133,135,-1,134,135,91,-1,91,135,136,-1,91,136,92,-1,137,138,139,-1,71,140,72,-1,72,140,137,-1,72,137,141,-1,141,137,139,-1,142,143,137,-1,137,143,144,-1,137,144,138,-1,145,146,147,-1,146,148,147,-1,147,148,149,-1,147,149,150,-1,142,137,147,-1,147,137,151,-1,147,151,145,-1,79,152,153,-1,154,38,75,-1,79,153,77,-1,77,153,155,-1,77,155,75,-1,75,155,156,-1,75,156,154,-1,154,157,38,-1,38,157,158,-1,38,158,37,-1,37,158,159,-1,37,159,35,-1,35,159,160,-1,35,160,33,-1,33,160,161,-1,33,161,88,-1,88,161,162,-1,88,162,86,-1,127,86,163,-1,163,86,162,-1,163,164,127,-1,127,164,165,-1,127,165,125,-1,125,165,166,-1,125,166,123,-1,167,41,168,-1,168,41,43,-1,168,43,169,-1,169,43,121,-1,169,121,170,-1,170,121,123,-1,170,123,166,-1,41,167,171,-1,41,171,39,-1,39,171,172,-1,39,172,6,-1,6,172,173,-1,6,173,46,-1,46,173,174,-1,46,174,15,-1,15,174,175,-1,15,175,2,-1,2,175,176,-1,2,176,130,-1,130,176,177,-1,130,177,131,-1,131,177,178,-1,131,178,133,-1,179,94,92,-1,133,178,180,-1,133,180,135,-1,135,180,181,-1,135,181,136,-1,181,182,136,-1,136,182,183,-1,136,183,92,-1,92,183,184,-1,92,184,179,-1,94,179,185,-1,94,185,96,-1,96,185,186,-1,96,186,98,-1,98,186,187,-1,98,187,100,-1,100,187,188,-1,100,188,101,-1,101,188,189,-1,101,189,13,-1,13,189,190,-1,13,190,12,-1,12,190,191,-1,12,191,30,-1,191,192,30,-1,30,192,193,-1,30,193,29,-1,29,193,194,-1,29,194,59,-1,59,194,195,-1,59,195,57,-1,195,196,57,-1,57,196,197,-1,57,197,55,-1,55,197,198,-1,55,198,53,-1,199,20,5,-1,53,198,200,-1,53,200,51,-1,51,200,201,-1,51,201,21,-1,201,202,21,-1,21,202,203,-1,21,203,22,-1,22,203,204,-1,22,204,3,-1,3,204,205,-1,3,205,4,-1,4,205,206,-1,4,206,5,-1,5,206,207,-1,5,207,199,-1,18,20,208,-1,208,20,199,-1,16,18,209,-1,209,18,208,-1,17,16,210,-1,210,16,209,-1,19,17,211,-1,211,17,210,-1,19,211,212,-1,19,212,118,-1,118,212,213,-1,118,213,116,-1,116,213,214,-1,116,214,114,-1,114,214,215,-1,114,215,112,-1,112,215,216,-1,112,216,110,-1,110,216,217,-1,110,217,108,-1,108,217,218,-1,108,218,106,-1,106,218,219,-1,106,219,104,-1,104,219,220,-1,104,220,11,-1,11,220,221,-1,11,221,14,-1,14,221,222,-1,14,222,99,-1,99,222,223,-1,99,223,97,-1,97,223,224,-1,97,224,95,-1,95,224,225,-1,95,225,93,-1,93,225,91,-1,91,225,226,-1,226,227,91,-1,91,227,228,-1,91,228,134,-1,134,228,229,-1,134,229,132,-1,229,230,132,-1,132,230,231,-1,132,231,0,-1,0,231,232,-1,0,232,1,-1,1,232,233,-1,1,233,44,-1,44,233,234,-1,44,234,45,-1,45,234,235,-1,45,235,47,-1,47,235,236,-1,47,236,48,-1,48,236,237,-1,48,237,7,-1,7,237,238,-1,7,238,8,-1,8,238,239,-1,8,239,40,-1,40,239,240,-1,40,240,42,-1,42,240,241,-1,42,241,122,-1,122,241,242,-1,122,242,124,-1,243,31,244,-1,244,31,90,-1,244,90,245,-1,245,90,89,-1,245,89,246,-1,246,89,87,-1,246,87,247,-1,247,87,129,-1,247,129,248,-1,248,129,128,-1,248,128,249,-1,249,128,126,-1,249,126,250,-1,250,126,124,-1,250,124,242,-1,32,31,251,-1,251,31,243,-1,32,251,252,-1,32,252,34,-1,34,252,253,-1,34,253,36,-1,36,253,254,-1,36,254,73,-1,73,254,255,-1,73,255,74,-1,74,255,256,-1,74,256,76,-1,256,257,76,-1,76,257,258,-1,76,258,78,-1,78,258,259,-1,78,259,80,-1,80,259,260,-1,80,260,82,-1,82,260,261,-1,82,261,84,-1,84,261,262,-1,84,262,85,-1,85,262,263,-1,85,263,63,-1,63,263,264,-1,63,264,65,-1,65,264,265,-1,65,265,67,-1,67,265,266,-1,67,266,69,-1,71,69,267,-1,267,69,266,-1,71,267,268,-1,71,268,140,-1,140,268,269,-1,140,269,137,-1,137,269,270,-1,137,270,151,-1,151,270,271,-1,151,271,145,-1,145,271,272,-1,145,272,146,-1,146,272,273,-1,146,273,148,-1,148,273,274,-1,148,274,149,-1,149,274,275,-1,149,275,150,-1,150,275,276,-1,150,276,147,-1,147,276,277,-1,147,277,142,-1,142,277,278,-1,142,278,143,-1,143,278,279,-1,143,279,144,-1,144,279,280,-1,144,280,138,-1,138,280,281,-1,138,281,139,-1,139,281,282,-1,139,282,141,-1,141,282,283,-1,141,283,72,-1,72,283,284,-1,72,284,70,-1,68,70,285,-1,285,70,284,-1,68,285,286,-1,68,286,66,-1,66,286,287,-1,66,287,64,-1,64,287,288,-1,64,288,62,-1,62,288,289,-1,62,289,83,-1,83,289,290,-1,83,290,81,-1,81,290,152,-1,81,152,79,-1,113,291,292,-1,113,292,115,-1,115,292,293,-1,115,293,117,-1,117,293,294,-1,117,294,119,-1,119,294,295,-1,119,295,120,-1,120,295,296,-1,120,296,23,-1,23,296,297,-1,23,297,24,-1,24,297,298,-1,24,298,25,-1,25,298,299,-1,25,299,26,-1,26,299,300,-1,26,300,27,-1,27,300,301,-1,27,301,49,-1,49,301,302,-1,49,302,50,-1,50,302,303,-1,50,303,52,-1,52,303,304,-1,52,304,54,-1,54,304,305,-1,54,305,56,-1,56,305,306,-1,56,306,58,-1,58,306,307,-1,58,307,60,-1,60,307,308,-1,60,308,61,-1,61,308,309,-1,61,309,28,-1,28,309,310,-1,28,310,9,-1,9,310,311,-1,9,311,10,-1,10,311,312,-1,10,312,102,-1,102,312,313,-1,102,313,103,-1,103,313,314,-1,103,314,105,-1,105,314,315,-1,105,315,107,-1,107,315,316,-1,107,316,109,-1,109,316,317,-1,109,317,111,-1,111,317,291,-1,111,291,113,-1,
        ]
    }
}
Shape{
    appearance Appearance {
        material  Material 	{
            diffuseColor 0.5019607843137255 0.5019607843137255 0.5019607843137255
            specularColor 0.25098039215686274 0.25098039215686274 0.25098039215686274
            ambientIntensity 0.2
            transparency 0
            shininess 0.5
        }
    }
    geometry IndexedFaceSet {
        ccw TRUE
        solid FALSE
        coord DEF co Coordinate {
            point [
                7.55 -1.2963 -9.0462, 7.55 -1.3212 -9.0559, 7.55 -1.2741 -9.2648, 7.55 -1.3435 -9.0715, 7.55 -1.3569 -9.0859, 7.55 -1.25 -9.0446, 7.55 -1.2692 -9.2649, 7.55 -1.2419 -9.2615, 7.55 -1.2692 -9.0429, 7.55 -1.3739 -9.191, 7.55 -1.3621 -9.2147, 7.55 -1.3471 -9.2329, 7.55 -1.1953 -9.2367, 7.55 -1.1805 -9.0872, 7.55 -1.1996 -9.0675, 7.55 -1.3711 -9.1098, 7.55 -1.3789 -9.1368, 7.55 -1.3797 -9.1645, 7.55 -1.3253 -9.2496, 7.55 -1.2996 -9.2606, 7.55 -1.2171 -9.252, 7.55 -1.2232 -9.0529, 7.55 -1.1646 -9.191, 7.55 -1.1586 -9.1635, 7.55 -1.1772 -9.2159, 7.55 -1.1596 -9.1359, 7.55 -1.1671 -9.1101, 7.55 -1.1671 -9.1101
            ]
        }
        coordIndex [
            0,1,2,-1,2,1,3,-1,2,3,4,-1,5,6,7,-1,6,5,2,-1,2,5,8,-1,2,8,0,-1,9,10,4,-1,4,10,11,-1,12,13,14,-1,15,16,4,-1,4,16,17,-1,4,17,9,-1,11,18,4,-1,4,18,19,-1,4,19,2,-1,7,20,5,-1,5,20,12,-1,5,12,21,-1,21,12,14,-1,22,23,24,-1,24,23,25,-1,24,25,12,-1,12,25,26,-1,12,26,13,-1,
        ]
    }
}