#VRML V2.0 utf8
# 3D model generated by easyeda2kicad.py (https://github.com/uPesy/easyeda2kicad.py)

Shape{
    appearance Appearance {
        material  Material 	{
            diffuseColor 1.0 1.0 1.0
            specularColor 0.7529411764705882 0.7529411764705882 0.7529411764705882
            ambientIntensity 0.2
            transparency 0
            shininess 0.5
        }
    }
    geometry IndexedFaceSet {
        ccw TRUE
        solid FALSE
        coord DEF co Coordinate {
            point [
                0.5321 -6.5312 -5.9437, 0.5757 -6.4064 -6.0618, 0.5321 -6.5312 -6.0618, 0.5906 -6.275 -6.0618, 0.5757 -6.4064 -5.9437, 0.5906 -6.275 -5.9437, 0.3682 -6.7367 -6.0618, 0.2562 -6.8071 -6.0618, 0.2562 -6.8071 -5.9437, 0.3682 -6.7367 -5.9437, 0.4617 -6.6432 -5.9437, 0.4617 -6.6432 -6.0618, -0.1314 -6.8507 -5.9437, 0.0 -6.8656 -6.0618, -0.1314 -6.8507 -6.0618, 0.0 -6.8656 -5.9437, 0.1314 -6.8507 -5.9437, 0.1314 -6.8507 -6.0618, -0.4617 -6.6432 -6.0618, -0.4617 -6.6432 -5.9437, -0.3682 -6.7367 -6.0618, -0.2562 -6.8071 -6.0618, -0.3682 -6.7367 -5.9437, -0.2562 -6.8071 -5.9437, -0.5321 -6.5312 -5.9437, -0.5321 -6.5312 -6.0618, -0.5757 -6.4064 -6.0618, -0.5757 -6.4064 -5.9437, -0.5906 -6.275 -6.0618, -0.5906 -6.275 -5.9437, 0.5321 6.4188 -5.9437, 0.5757 6.5436 -6.0618, 0.5321 6.4188 -6.0618, 0.5906 6.675 -6.0618, 0.5757 6.5436 -5.9437, 0.5906 6.675 -5.9437, 0.3682 6.2133 -6.0618, 0.2562 6.1429 -6.0618, 0.2562 6.1429 -5.9437, 0.3682 6.2133 -5.9437, 0.4617 6.3068 -5.9437, 0.4617 6.3068 -6.0618, -0.1314 6.0993 -5.9437, -0.0 6.0844 -6.0618, -0.1314 6.0993 -6.0618, -0.0 6.0844 -5.9437, 0.1314 6.0993 -5.9437, 0.1314 6.0993 -6.0618, -0.4617 6.3068 -6.0618, -0.4617 6.3068 -5.9437, -0.3682 6.2133 -6.0618, -0.2562 6.1429 -6.0618, -0.3682 6.2133 -5.9437, -0.2562 6.1429 -5.9437, -0.5321 6.4188 -5.9437, -0.5321 6.4188 -6.0618, -0.5757 6.5436 -6.0618, -0.5757 6.5436 -5.9437, -0.5906 6.675 -6.0618, -0.5906 6.675 -5.9437, -3.3212 3.8743 -11.5248, -3.2879 3.7952 -11.5248, -3.3505 3.7782 -11.4814, -3.4497 3.8643 -11.4165, -3.4194 3.8953 -11.4814, -3.4145 3.8194 -11.4165, -3.4601 3.8531 -11.34, -3.5029 3.8851 -11.34, -3.4959 3.8977 -11.4146, -3.4758 3.9338 -11.4785, -3.2544 3.9116 -11.54, -3.4027 4.0582 -11.5398, -3.3188 3.9947 -11.54, -3.4097 4.0528 -11.5398, -3.3741 3.9418 -11.5248, -3.3848 3.7102 -11.4165, -3.3923 3.7668 -11.4165, -3.3414 3.7102 -11.4814, -3.2765 3.7102 -11.5248, -3.2 3.7102 -11.54, -3.2138 3.8145 -11.54, -3.4071 3.7631 -11.34, -3.4 3.7102 -11.34, -3.4274 3.8111 -11.34, -3.3771 3.8414 -11.4814, -3.4456 3.9881 -11.5224, 3.4459 3.8605 -11.4165, 3.4566 3.8496 -11.34, 3.4263 3.8092 -11.34, 3.3185 3.8696 -11.5248, 3.375 3.8376 -11.4814, 3.35 3.7761 -11.4814, 3.4127 3.8163 -11.4165, 3.3919 3.7651 -11.4165, 3.4336 3.9876 -11.5248, 3.346 4.0192 -11.54, 3.3943 4.0532 -11.54, 3.4149 3.8908 -11.4814, 3.3684 3.9361 -11.5248, 3.3414 3.7102 -11.4814, 3.2872 3.7926 -11.5248, 3.467 3.932 -11.4814, 3.3848 3.7102 -11.4165, 3.4893 3.8948 -11.4165, 3.4971 3.8817 -11.34, 3.4 3.7102 -11.34, 3.2765 3.7102 -11.5248, 3.2174 3.8266 -11.54, 3.2044 3.7693 -11.54, 3.2385 3.8815 -11.54, 3.2 3.7102 -11.54, 3.2677 3.9328 -11.54, 3.3038 3.979 -11.54, 3.4067 3.7615 -11.34, 0.389 8.625 -8.2939, 0.4168 8.6254 -8.2845, 0.699 8.6254 -8.3634, 0.0342 8.625 -8.0282, 0.0422 8.6254 -8.0935, -0.1844 8.625 -8.0261, -3.94 8.625 -5.95, 0.5826 8.625 -7.531, 0.4895 8.6254 -7.5427, 0.7594 8.6254 -8.4041, 0.277 8.625 -8.2939, -0.3219 8.625 -8.0261, -0.462 8.625 -7.8741, -0.4104 8.6254 -7.8649, 0.4364 8.625 -7.9694, 0.7302 8.6254 -8.0678, 0.6907 8.625 -8.1022, 0.0659 8.6254 -8.1546, -0.2189 8.625 -8.2625, -0.3143 8.625 -8.1728, -0.2189 8.625 -8.1728, 0.1635 8.6254 -7.9726, 0.3776 8.625 -8.07, 0.1518 8.625 -8.0301, 0.1044 8.625 -8.2085, -0.1844 8.625 -8.293, 0.1546 8.6254 -8.2513, 0.2129 8.6254 -8.2802, 0.2884 8.625 -8.1781, 0.2343 8.6254 -8.1635, -0.7213 8.6254 -8.382, 0.833 8.625 -8.4191, -3.94 8.625 -10.1, -1.1176 8.625 -8.293, -0.772 8.6254 -8.3675, -1.1485 8.625 -8.293, 1.0092 8.6254 -7.8136, 1.0695 8.6254 -7.8543, 0.8349 8.625 -7.827, 1.1105 8.6254 -8.0615, 1.0705 8.6254 -8.1215, 0.9838 8.6254 -8.113, 0.6583 8.6254 -8.303, 0.4365 8.6254 -8.2634, 0.7968 8.6254 -7.7538, 0.3353 8.6254 -7.8064, 0.7391 8.6254 -7.6961, 0.3757 8.6254 -7.7412, 0.2423 8.6254 -7.8937, 0.2998 8.625 -7.8821, 0.315 8.625 -7.8821, 0.1909 8.6254 -8.1311, 0.3738 8.625 -8.1781, 0.1622 8.6254 -8.0853, 0.1952 8.6254 -7.9255, 0.4325 8.6254 -7.6901, 0.502 8.6254 -7.6568, 0.6658 8.6254 -7.6584, 0.5807 8.625 -7.6449, 3.94 8.625 -5.95, 0.6345 8.6254 -7.5346, 0.8605 8.6254 -7.6489, 0.9891 8.6254 -7.6891, 0.9413 8.6254 -7.6848, 0.8916 8.6254 -8.0471, 0.833 8.625 -8.0377, 1.1103 8.6254 -7.9147, 0.8824 8.6254 -7.8064, 1.1253 8.625 -7.9883, 0.9429 8.6254 -8.0733, 0.9355 8.625 -7.7986, 1.0114 8.625 -8.163, 1.2344 8.6254 -7.9124, 1.2041 8.6254 -7.8391, 3.94 8.625 -10.1, 1.1651 8.625 -8.199, 1.2086 8.6254 -8.1369, 1.2356 8.6254 -8.0669, 0.3852 8.625 -8.1762, 0.4148 8.6254 -8.1843, 0.6433 8.625 -8.2104, 0.9865 8.6254 -8.3423, 1.0133 8.625 -8.2901, 1.0956 8.6254 -8.2559, 0.444 8.625 -8.235, 0.6433 8.625 -8.2294, 0.7784 8.6254 -8.0456, 0.436 8.6254 -8.2055, -0.7115 8.625 -8.38, -0.4797 8.625 -8.293, -0.4204 8.625 -8.2974, 0.9452 8.6254 -8.3831, 0.893 8.6254 -8.4096, 1.2448 8.625 -7.9922, 1.119 8.6254 -7.7444, 1.1556 8.625 -7.7758, 1.0352 8.6254 -7.7007, 1.079 8.6254 -7.7194, 0.8938 8.625 -7.6885, 0.8224 8.6254 -7.6143, 0.7795 8.6254 -7.585, 0.7336 8.6254 -7.5619, 0.6849 8.6254 -7.5449, -0.4092 8.6254 -8.1024, -0.4442 8.625 -8.098, -0.3219 8.625 -8.0568, -0.1844 8.625 -7.6026, 0.3245 8.625 -7.6297, 0.264 8.6254 -7.699, -0.3786 8.625 -8.1157, -1.2175 8.625 -7.8695, -1.1545 8.625 -8.0261, -1.1915 8.625 -8.0261, 0.222 8.625 -7.7796, 0.1473 8.6254 -7.8169, -1.0791 8.625 -7.7965, -1.1903 8.625 -7.7965, -1.3497 8.625 -8.293, -1.2414 8.625 -8.286, -1.2114 8.625 -8.2919, -1.2696 8.625 -8.274, -1.1794 8.625 -8.293, -1.5517 8.625 -8.293, -0.733 8.625 -8.3828, -1.5898 8.625 -8.293, -1.0671 8.625 -8.293, -0.328 8.625 -8.293, -0.3252 8.625 -7.8695, -0.1844 8.625 -7.8695, -1.2293 8.625 -8.0294, -1.2637 8.625 -8.0409, -1.4513 8.625 -8.0261, 0.0882 8.6254 -7.874, -1.2946 8.625 -8.0614, -1.3248 8.6254 -8.1028, -1.3349 8.625 -8.1561, -1.4882 8.625 -8.0261, -1.2946 8.6254 -8.2556, -1.5245 8.625 -8.22, -1.4134 8.625 -8.22, -0.3786 8.625 -8.1482, -0.3881 8.6254 -8.1905, -0.3956 8.6254 -8.2937, -0.2189 8.625 -8.0568, -0.2189 8.625 -8.1422, -0.3143 8.625 -8.1422, -0.5894 8.625 -7.8695, -0.5359 8.625 -7.8585, -0.5027 8.6254 -7.8702, 0.0491 8.6254 -7.9461, -1.0535 8.625 -7.8695, -0.5055 8.6254 -8.1301, -0.5587 8.625 -8.1538, -0.564 8.6254 -8.1309, -0.36 8.625 -8.2419, -0.328 8.625 -8.2625, -0.3641 8.6254 -8.2648, -0.585 8.6254 -8.2656, -0.6507 8.6254 -8.2343, -0.5584 8.625 -8.2517, -1.2556 8.625 -7.8695, -0.4727 8.625 -7.5981, -1.1539 8.625 -7.6026, -1.0154 8.625 -7.8695, -1.0611 8.625 -8.0261, -1.1176 8.6254 -8.0261, -1.1171 8.625 -7.6026, -0.7268 8.625 -7.6026, -0.7268 8.625 -7.6333, -0.7833 8.6254 -7.6026, -0.6238 8.625 -7.7493, -0.6238 8.625 -7.8391, -0.7193 8.625 -7.7493, -0.8772 8.625 -7.8685, -0.9071 8.625 -7.8626, -0.6238 8.625 -7.6333, -0.6238 8.625 -7.7188, -0.7193 8.625 -7.7188, -0.604 8.6254 -8.1017, -0.7833 8.625 -7.8695, -0.7329 8.625 -7.8391, -0.7329 8.625 -7.8695, -0.5359 8.625 -7.6451, -0.5359 8.625 -7.8255, -0.5894 8.625 -7.6026, -0.3252 8.625 -7.8391, -0.3703 8.625 -7.8376, -0.3457 8.6254 -7.683, -0.2189 8.625 -7.6026, -0.3361 8.625 -7.7411, -0.3746 8.625 -7.6374, -0.3793 8.6254 -7.6939, -0.3723 8.625 -7.7391, 0.4024 8.6254 -7.5763, -0.4184 8.6254 -7.608, -0.4325 8.6254 -7.6367, -0.5059 8.6254 -7.6332, -0.473 8.625 -7.6293, -0.5076 8.6254 -7.6009, -0.5359 8.625 -7.6091, -0.4003 8.625 -7.6589, -0.3788 8.6254 -7.7821, -0.3985 8.625 -7.8152, -0.5041 8.6254 -7.8389, -0.4287 8.6254 -7.8363, -0.467 8.625 -7.8433, -0.3447 8.6254 -7.7953, -0.2189 8.625 -7.8391, -0.9354 8.625 -7.8506, -0.9604 8.6254 -7.8322, -0.9236 8.625 -8.0261, -0.5801 8.625 -8.1131, -0.4825 8.6254 -8.106, -0.8529 8.625 -8.1023, -0.8876 8.625 -8.1023, -0.6563 8.6254 -8.1, -0.7046 8.625 -8.1023, -0.6149 8.6254 -8.1269, -0.6033 8.625 -8.1322, -0.6296 8.625 -8.1251, -0.8573 8.625 -7.6026, -0.8203 8.625 -7.6026, -0.8951 8.625 -7.606, -0.9295 8.625 -7.6175, -0.9604 8.625 -7.638, -1.0006 8.625 -7.7327, -0.9905 8.6254 -7.7885, -0.9905 8.6254 -7.6793, -0.367 8.6254 -8.2113, -0.3764 8.625 -8.2824, -0.6134 8.625 -8.2702, -0.6529 8.625 -8.2444, -0.5131 8.625 -8.293, -0.5584 8.625 -8.2863, -0.6411 8.6254 -8.2937, -0.7115 8.625 -8.3503, -0.6657 8.625 -8.2823, -0.4788 8.625 -8.2635, -0.4543 8.6254 -8.289, -0.4232 8.625 -8.1797, -0.4083 8.6254 -8.1309, -0.4797 8.625 -8.1718, -0.4701 8.6254 -8.1368, -0.4411 8.625 -8.1251, -0.643 8.6254 -8.2637, -0.5131 8.625 -8.1703, -0.5824 8.6254 -8.2946, -0.6443 8.6254 -8.2262, -0.6183 8.625 -8.213, -0.678 8.625 -8.1389, -0.6532 8.625 -8.1936, -0.676 8.625 -8.2096, -0.561 8.6254 -8.1701, -0.5906 8.625 -8.2007, -0.5681 8.625 -8.1839, -0.5931 8.625 -8.1508, -0.5949 8.6254 -8.1609, -0.6553 8.6254 -8.1286, -0.6329 8.625 -8.098, -0.5957 8.6254 -8.1404, -0.678 8.625 -8.1064, -0.742 8.6254 -8.1023, -0.7794 8.625 -8.2926, -0.8143 8.625 -7.8695, -0.6844 8.6254 -8.2238, -0.6259 8.625 -8.1819, -0.6004 8.6254 -8.1685, -0.6818 8.6254 -8.2645, -0.6872 8.625 -8.2411, -0.7647 8.625 -8.3272, -0.6102 8.625 -8.2974, -0.8452 8.625 -7.8695, -1.0535 8.625 -8.1422, -0.958 8.625 -8.0568, -0.958 8.625 -8.1422, -0.9236 8.625 -8.293, -0.7211 8.6254 -8.3531, -0.7304 8.625 -8.3541, -0.7505 8.6254 -8.3474, -0.8337 8.625 -8.1552, -0.7604 8.625 -8.1552, -0.8146 8.625 -8.208, -0.7787 8.625 -8.2081, -0.7959 8.6254 -8.2613, -1.0535 8.625 -8.1728, -0.8011 8.625 -8.3217, -1.0671 8.625 -8.2625, -0.958 8.625 -8.2625, -0.958 8.625 -8.1728, -1.0611 8.625 -8.0568, -1.3248 8.6254 -8.212, -1.3877 8.625 -8.293, 2.0849 0.5151 -7.8, 2.0849 -0.6551 -7.8, 2.1501 0.6 -7.8, -2.1501 2.76 -7.8, -2.0849 2.8449 -7.8, -2.5647 2.6432 -7.8, 1.6889 0.409 -7.8, 1.59 0.4499 -7.8, 1.59 -0.5899 -7.8, 2.191 -1.0511 -7.8, 3.52 -1.145 -7.8, 2.205 -0.945 -7.8, 3.4648 -1.5643 -7.8, 3.5061 -1.3565 -7.8, 2.1501 -1.15 -7.8, 3.3967 -1.7649 -7.8, 1.795 0.395 -7.8, 1.795 -0.535 -7.8, 1.9011 0.409 -7.8, 2.0849 -1.2349 -7.8, 3.303 -1.955 -7.8, 1.5051 0.5151 -7.8, 1.5051 -0.6551 -7.8, -1.5051 1.0949 -7.8, -1.4399 2.35 -7.8, -1.5051 2.2651 -7.8, 2.0849 2.8449 -7.8, 3.303 3.565 -7.8, 3.1852 3.7412 -7.8, 2.1501 2.76 -7.8, 3.3967 3.3749 -7.8, 2.5199 4.2517 -7.8, 2.0 2.9101 -7.8, 2.71 4.158 -7.8, 2.8862 4.0402 -7.8, 1.9 4.375 -7.8, 1.6889 2.951 -7.8, 1.795 2.965 -7.8, 1.9011 2.951 -7.8, 2.3193 4.3198 -7.8, -1.399 2.6611 -7.8, 0.54 2.585 -7.8, -1.4399 2.76 -7.8, 0.8849 2.666 -7.8, 1.59 2.9101 -7.8, 2.0 2.1999 -7.8, 2.0 1.1601 -7.8, 2.0849 2.2651 -7.8, -1.4399 1.01 -7.8, 0.5448 1.1006 -7.8, 1.0329 1.0541 -7.7996, 1.0572 1.0071 -7.7996, 1.4399 1.01 -7.8, 1.9011 1.201 -7.8, -2.8233 0.4902 -7.7996, -2.9185 0.6044 -7.7996, -2.9252 0.5631 -7.8, -2.191 2.4489 -7.8, -2.205 2.555 -7.8, -2.4205 2.4839 -7.8, -1.6889 1.201 -7.8, -1.6889 2.159 -7.8, -1.795 1.215 -7.8, -2.881 2.4037 -7.8, -2.9205 2.4427 -7.7996, -2.9077 2.4156 -7.7996, -1.59 1.1601 -7.8, -1.59 2.1999 -7.8, -2.5183 2.3517 -7.8, -2.5379 2.3557 -7.7996, -2.0849 1.0949 -7.8, -2.191 2.6611 -7.8, -2.4288 2.5432 -7.7996, -2.8368 2.4157 -7.8, -2.8945 2.542 -7.7996, -2.9185 2.5112 -7.7996, -3.5061 2.9665 -7.8, -2.8764 2.6097 -7.7996, -3.4648 3.1743 -7.8, 0.8979 -0.8044 -7.8, 0.9533 0.8163 -7.8, 0.8672 -0.8051 -7.8, -2.8292 2.6219 -7.8, -3.3967 3.3749 -7.8, -3.0455 3.9005 -7.8, -3.1852 3.7412 -7.8, -2.0849 -1.2349 -7.8, -3.0455 -2.2905 -7.8, -2.8862 -2.4302 -7.8, -2.0 -1.3001 -7.8, -2.5199 -2.6417 -7.8, -1.9011 -1.341 -7.8, -2.1115 -2.7511 -7.8, -1.9 -2.765 -7.8, -2.3193 -2.7098 -7.8, -1.795 -1.355 -7.8, -1.6889 -1.341 -7.8, -1.5051 -1.2349 -7.8, -1.59 -1.3001 -7.8, -2.4703 0.6373 -7.8, -2.4778 0.6661 -7.7996, -2.4988 0.6873 -7.7996, 0.9787 -1.082 -7.8, 1.4399 -1.15 -7.8, 1.0083 -1.0645 -7.8, -2.0 0.4499 -7.8, -2.0 -0.5899 -7.8, -1.9011 0.409 -7.8, -1.385 0.805 -7.8, -1.399 0.6989 -7.8, 0.5448 0.8518 -7.8, -2.4449 2.3981 -7.7996, -2.1501 2.35 -7.8, -2.0 1.1601 -7.8, -2.71 -2.548 -7.8, -1.795 2.145 -7.8, -1.9011 2.159 -7.8, -1.9011 1.201 -7.8, -2.4758 2.3654 -7.7996, -2.0849 2.2651 -7.8, -2.6125 2.634 -7.7996, -3.303 3.565 -7.8, -2.8862 4.0402 -7.8, -2.0 2.9101 -7.8, -2.71 4.158 -7.8, 1.0589 2.657 -7.8, 1.0589 2.459 -7.8, 1.385 2.555 -7.8, 0.54 2.555 -7.8, -1.4399 0.6 -7.8, 2.191 0.6989 -7.8, 0.6296 -0.8833 -7.7996, 0.6082 -0.8897 -7.8, 0.6061 -1.0173 -7.7996, 0.9145 -1.1025 -7.8, 1.59 -1.3001 -7.8, 1.5051 -1.2349 -7.8, -1.795 -0.535 -7.8, -1.6889 0.409 -7.8, -1.795 0.395 -7.8, 1.399 -1.0511 -7.8, 1.0609 -0.981 -7.8, 1.0505 -1.0125 -7.8, -2.1501 -1.15 -7.8, -2.4276 -1.0603 -7.8, -2.4489 -1.0603 -7.8, -3.1852 -2.1312 -7.8, -2.4964 -0.9253 -7.8, -2.4489 -0.8694 -7.8, -2.4489 -0.84 -7.8, -2.5262 0.6997 -7.7996, -2.579 0.5495 -7.7996, -2.8561 0.6554 -7.7996, -2.894 0.6379 -7.7996, 3.0455 3.9005 -7.8, 1.59 2.1999 -7.8, 1.59 1.1601 -7.8, 1.6889 2.159 -7.8, 2.205 0.805 -7.8, 3.52 2.755 -7.8, 2.191 0.9111 -7.8, 1.795 1.215 -7.8, 1.9011 2.159 -7.8, 1.795 2.145 -7.8, 2.191 2.6611 -7.8, 3.5061 2.9665 -7.8, 3.4648 3.1743 -7.8, 2.1501 2.35 -7.8, 2.1501 1.01 -7.8, 2.0849 1.0949 -7.8, 2.191 2.4489 -7.8, 2.205 2.555 -7.8, 2.0 -0.5899 -7.8, 3.0455 -2.2905 -7.8, 2.8862 -2.4302 -7.8, 2.0 0.4499 -7.8, 1.9011 -0.549 -7.8, 2.0 -1.3001 -7.8, 0.554 -0.8669 -7.7996, -1.399 -0.8389 -7.8, 0.5414 -0.8943 -7.7996, -1.6889 -0.549 -7.8, -1.59 0.4499 -7.8, -1.5051 -0.6551 -7.8, -1.5051 0.5151 -7.8, -1.59 -0.5899 -7.8, -1.4399 -0.74 -7.8, 0.5511 -0.9905 -7.8, -1.399 -1.0511 -7.8, -1.4399 -1.15 -7.8, 1.399 0.9111 -7.8, 1.0116 -0.8404 -7.8, 1.0333 -0.862 -7.8, 1.4399 -0.74 -7.8, 2.5199 -2.6417 -7.8, 1.9011 -1.341 -7.8, 1.0325 -1.0411 -7.8, -2.205 -0.945 -7.8, -2.191 -1.0511 -7.8, -2.8755 -1.0603 -7.8, -3.5061 -1.3565 -7.8, -3.4648 -1.5643 -7.8, -2.8968 -1.0603 -7.8, -3.3967 -1.7649 -7.8, -3.303 -1.955 -7.8, -2.4276 -0.84 -7.8, -2.8491 -0.975 -7.8, -2.8693 -0.984 -7.7996, -2.8755 -1.0055 -7.8, -2.8579 0.4754 -7.8, -2.8391 0.4792 -7.7996, -1.9011 -0.549 -7.8, 1.9 -2.765 -7.8, 0.881 -1.1073 -7.8, 0.8473 -1.1098 -7.8, 0.5915 -1.0443 -7.8, 0.5688 -1.0197 -7.8, 1.399 2.4489 -7.8, -1.59 2.9101 -7.8, -1.5051 2.8449 -7.8, -1.9 4.375 -7.8, -1.9011 2.951 -7.8, -2.5199 4.2517 -7.8, -2.0 2.1999 -7.8, -2.4582 2.5951 -7.7996, -2.7059 2.5274 -7.8, -2.6856 2.5719 -7.7996, -2.7305 2.5775 -7.7996, -2.3193 4.3198 -7.8, -2.1115 4.3611 -7.8, -1.795 2.965 -7.8, -1.6889 2.951 -7.8, 0.8849 2.585 -7.8, -1.399 0.9111 -7.8, 1.0019 2.585 -7.8, 1.0239 2.5899 -7.7996, 1.0375 2.6076 -7.7996, 0.9029 2.3361 -7.8, 0.9406 1.103 -7.7996, 1.5051 2.2651 -7.8, 2.1115 4.3611 -7.8, 1.0409 2.657 -7.8, 1.0409 2.63 -7.8, 1.6889 1.201 -7.8, 0.9029 2.666 -7.8, 0.8226 0.864 -7.8, 0.8332 1.0438 -7.8, 0.7874 0.887 -7.7996, 0.8877 1.1078 -7.8, 0.8879 2.3361 -7.8, -1.399 2.4489 -7.8, -1.385 2.555 -7.8, 3.1852 -2.1312 -7.8, 2.71 -2.548 -7.8, 2.3193 -2.7098 -7.8, 2.1115 -2.7511 -7.8, 1.6889 -1.341 -7.8, 1.795 -1.355 -7.8, 1.399 -0.8389 -7.8, 1.0498 -0.8876 -7.8, 1.0602 -0.9161 -7.8, 0.7797 -1.1089 -7.8, 0.7462 -1.1055 -7.8, 0.6187 -1.0645 -7.8, 0.6486 -1.0801 -7.8, 0.6803 -1.0917 -7.8, 1.6889 -0.549 -7.8, 2.1501 -0.74 -7.8, 2.191 -0.8389 -7.8, -2.4697 -0.9186 -7.7996, -2.4532 -0.8968 -7.7996, -2.0849 -0.6551 -7.8, -2.1501 -0.74 -7.8, -2.4957 -0.975 -7.8, -2.4489 -1.0329 -7.8, -2.4524 -1.0047 -7.7996, -2.191 -0.8389 -7.8, -2.8872 0.4833 -7.7996, -2.9465 -0.9253 -7.8, -2.9087 0.5048 -7.7996, -2.4685 -0.9819 -7.7996, -3.52 -1.145 -7.8, -2.8968 -1.0327 -7.8, -2.9009 -0.995 -7.7996, -2.9465 -0.9376 -7.8, -2.917 -0.961 -7.7996, -2.9214 0.5327 -7.7996, -3.52 2.755 -7.8, -2.9404 0.628 -7.7996, -2.9165 0.6757 -7.7996, -2.9465 0.5746 -7.8, -2.9376 0.5225 -7.7996, -2.8718 0.4425 -7.7996, -2.9126 0.4758 -7.7996, -2.4276 0.4253 -7.8, -2.191 0.6989 -7.8, -2.4276 0.7058 -7.8, -2.1501 0.6 -7.8, -2.6297 0.5981 -7.7996, -2.4646 0.4253 -7.7996, -2.6294 0.5614 -7.8, -2.7759 0.4687 -7.8, -2.5986 0.5316 -7.8, -2.8053 0.4964 -7.8, -2.7836 0.4898 -7.7996, -2.6952 0.6161 -7.8, -2.732 0.6379 -7.8, -2.8144 0.6599 -7.8, -2.4703 0.4609 -7.8, -2.5265 0.5029 -7.7996, -2.7986 0.4353 -7.7996, -2.82 0.4324 -7.8, -2.4263 2.4391 -7.7996, -2.5556 0.706 -7.8, -2.7676 0.7078 -7.7996, -2.5556 0.7239 -7.8, -2.8206 0.7168 -7.8, -2.6611 0.5903 -7.8, -2.7719 0.6535 -7.8, -2.7814 0.4479 -7.7996, -2.5345 0.4748 -7.8, -2.5671 0.5025 -7.8, -2.205 0.805 -7.8, -2.5003 0.4491 -7.8, -2.0849 0.5151 -7.8, -2.191 0.9111 -7.8, -2.6795 0.6477 -7.8, -2.1501 1.01 -7.8, -2.7197 0.6836 -7.7996, -2.5064 2.6306 -7.7996, -2.544 2.4114 -7.7996, -2.5707 2.5863 -7.8, -2.6119 2.5814 -7.7996, -2.5274 2.4157 -7.8, -2.4781 2.5628 -7.7996, -2.5225 2.5817 -7.7996, -2.4509 2.4323 -7.7996, -2.5049 2.4111 -7.7996, -2.4629 2.413 -7.7996, -2.5543 2.3673 -7.7996, -2.8264 2.3611 -7.7996, -2.9252 2.4725 -7.8, -2.851 2.4102 -7.7996, -2.558 2.4016 -7.7996, -2.6877 2.4928 -7.7996, -2.6906 2.4513 -7.8, -2.4496 2.5243 -7.7996, -2.4441 2.454 -7.7996, -2.4418 2.4767 -7.8, -2.4832 2.4037 -7.8, -2.6496 2.5641 -7.7996, -2.6763 2.5327 -7.7996, -2.6549 2.6099 -7.7996, -2.5627 2.3852 -7.8, -2.712 2.4513 -7.8, -2.8082 2.4053 -7.7996, -2.8044 2.3902 -7.8, -2.8592 2.5596 -7.7996, -2.8212 2.4136 -7.7996, -2.8201 2.565 -7.8, -2.7745 2.6115 -7.7996, -2.9148 2.5794 -7.7996, -2.9392 2.5372 -7.7996, -2.8654 2.4047 -7.7996, -2.8893 2.3705 -7.7996, -2.9214 2.4025 -7.7996, -2.8458 2.3588 -7.8, -2.8732 0.7069 -7.7996, -2.9405 2.4437 -7.7996, -2.9465 2.4888 -7.8, -2.8106 2.372 -7.7996, -2.7172 2.4957 -7.7996, -2.7759 2.5585 -7.7996, -2.7382 2.5349 -7.7996, 0.9577 -0.8135 -7.8, 0.9864 -0.8239 -7.8, 0.9282 -0.807 -7.8, -1.385 -0.945 -7.8, 0.5377 -0.9243 -7.8, 0.5409 -0.9587 -7.8, 0.8196 0.8376 -7.8, 0.6021 -0.8329 -7.8, 1.4399 0.6 -7.8, 0.9999 0.8291 -7.7996, 1.399 0.6989 -7.8, 1.385 -0.945 -7.8, 1.0637 -0.9468 -7.7996, 0.9475 -1.0944 -7.8, 0.7129 -1.1 -7.8, 0.8135 -1.1101 -7.8, 0.6533 -1.0383 -7.7996, 0.7043 -1.0479 -7.7996, 0.7394 -0.9857 -7.7996, 0.6335 -0.8455 -7.7996, 0.6372 -0.8626 -7.8, 0.7412 -0.8786 -7.8, 0.7576 -0.8526 -7.8, 0.7296 -0.9377 -7.7996, 0.7805 -0.8332 -7.8, 0.6196 -0.8351 -7.7996, 0.8081 -0.8193 -7.8, 0.5718 -0.9788 -7.7996, 0.8372 -0.81 -7.8, 0.559 -0.9291 -7.8, 0.5749 -0.845 -7.7996, 0.5605 -0.9104 -7.7996, 0.5967 -0.8883 -7.7996, 0.5682 -0.8936 -7.7996, 0.5851 -0.8867 -7.8, 1.0349 0.8628 -7.7996, 1.0566 0.9063 -7.7996, 1.385 0.805 -7.8, 0.7319 -0.907 -7.8, 0.756 -1.0521 -7.7996, 0.767 -1.0262 -7.7996, 0.8079 -1.0532 -7.8, 1.5051 1.0949 -7.8, 0.9909 1.0862 -7.7996, 1.0637 0.9545 -7.8, 0.5875 1.0914 -7.8, 0.8309 1.1009 -7.7996, 0.9251 0.8771 -7.7996, 0.8799 1.0508 -7.8, 0.8563 1.0487 -7.8, 1.4399 2.35 -7.8, 0.9411 0.8803 -7.8, 0.9276 1.0493 -7.8, 1.0409 2.459 -7.8, 0.9039 1.0509 -7.8, 0.9513 1.0459 -7.8, 1.0157 1.016 -7.8, 0.9964 1.0302 -7.8, 1.0397 0.9764 -7.8, 1.0424 0.9521 -7.7996, 1.0308 0.9977 -7.8, 0.9321 0.8201 -7.7996, 1.0186 0.8728 -7.7996, 0.9679 0.873 -7.7996, 0.9933 0.8623 -7.8, 0.9074 0.8525 -7.8, 0.9116 0.8682 -7.7996, 0.8106 1.0362 -7.8, 0.7644 0.9217 -7.7996, 0.9741 1.0396 -7.8, 1.0327 0.8969 -7.7996, 1.04 0.9241 -7.7996, 0.7901 1.0245 -7.8, 0.7617 0.9879 -7.8, 0.7581 0.9632 -7.8, 0.7723 1.0084 -7.8, 0.7296 0.9781 -7.8, 0.7421 1.0336 -7.7996, 0.9143 0.8323 -7.7996, 0.7794 1.0766 -7.7996, 0.7351 0.9323 -7.7996, 0.5875 0.8709 -7.8, 0.7551 0.8912 -7.7996, 0.7896 0.8605 -7.8, 1.399 2.6611 -7.8, 1.5051 2.8449 -7.8, 1.038 2.5148 -7.7996, 1.0019 2.537 -7.8, 1.0409 2.492 -7.8, 1.4399 2.76 -7.8, 1.0243 2.5325 -7.7996, 0.9029 2.537 -7.8, 0.9029 2.585 -7.8, -3.4 -2.4851 -0.0, -3.3017 -2.2208 0.0, -3.5481 -2.2953 -0.0, 2.5763 -2.7774 0.0, 2.4682 -2.8181 0.0, 2.6162 -3.0296 -0.0, 1.6191 -2.996 -0.0, 1.58 -3.119 0.0, 1.6597 -2.9536 -0.0, 1.58 -3.8259 0.0, 1.7899 -4.0442 -0.0, 1.8 -3.955 0.0, 1.5738 -4.3152 -0.0, 1.6497 -4.2674 -0.0, 1.7605 -4.1281 -0.0, -1.7899 -4.0442 -0.0, -1.7602 -4.1288 -0.0, -1.58 -3.8259 0.0, -1.649 -4.268 -0.0, -1.5732 -4.3155 -0.0, -1.7124 -4.2047 -0.0, -2.1306 -2.8969 0.0, -2.15 -3.1466 0.0, -2.0158 -2.9081 0.0, -1.4892 -4.3449 -0.0, -3.4301 -2.0287 0.0, -3.6723 -2.089 -0.0, -3.2302 -2.6558 -0.0, -3.1493 -2.3946 0.0, -1.03 -4.155 0.0, -1.4 -4.355 0.0, -1.03 -3.8259 0.0, 1.5911 -3.0509 -0.0, 1.713 -4.204 -0.0, 1.8 -3.5434 0.0, 1.4892 -4.3449 -0.0, 3.77 3.4642 -0.0, 3.5325 3.4312 0.0, 3.6068 3.2123 0.0, 1.9 -3.2789 -0.0, 1.713 -2.924 0.0, 1.78 -2.912 0.0, 1.9718 -3.2149 -0.0, 1.9 -2.912 0.0, 2.0158 -2.9082 0.0, 2.0568 -3.17 -0.0, 2.15 -3.1466 0.0, -1.8116 -3.448 -0.0, -1.58 -3.119 0.0, -1.8455 -3.3581 -0.0, 2.8354 -2.93 -0.0, 2.8819 -2.6141 0.0, 2.7837 -2.6751 0.0, -1.9 -3.2789 -0.0, 3.6331 -1.4895 0.0, 3.8855 -1.4026 -0.0, 3.6519 -1.3756 0.0, 3.6632 -1.2608 0.0, 3.667 -1.145 0.0, 3.9 -1.1623 0.0, 3.8422 -1.6394 -0.0, 3.5733 -1.7128 0.0, 3.7708 -1.8694 -0.0, 3.6723 -2.089 -0.0, 3.4304 -2.0283 0.0, 3.5481 -2.2953 -0.0, 3.5325 -1.821 0.0, 3.4848 -1.9263 0.0, 3.2302 -2.6558 -0.0, 3.4 -2.4851 -0.0, 3.1496 -2.3943 0.0, 3.302 -2.2205 0.0, 2.9758 -2.5467 0.0, 3.0411 -2.8048 -0.0, 2.1306 4.5069 0.0, 2.3573 4.4618 0.0, 2.3786 4.6969 -0.0, 2.1411 4.7404 -0.0, 1.9 4.755 0.0, 1.9 4.522 0.0, 2.5762 4.3875 0.0, 2.8294 4.5259 -0.0, 2.6092 4.625 -0.0, 3.4303 3.6385 0.0, 3.6709 3.6844 -0.0, 3.3018 3.8307 0.0, 3.546 3.8911 -0.0, 3.397 4.0813 -0.0, 3.2262 4.252 -0.0, 3.0361 4.401 -0.0, 2.9757 4.1569 0.0, 3.1494 4.0044 0.0, 2.7835 4.2853 0.0, 3.6519 2.9856 0.0, 3.667 2.755 0.0, 3.8854 2.9961 -0.0, -3.9 2.755 0.0, -3.9 -1.1623 0.0, -3.667 -1.145 0.0, -2.1411 4.7404 -0.0, -1.9 4.522 0.0, -1.9 4.755 0.0, -1.78 -2.912 -0.0, -1.9 -2.912 0.0, -1.9718 -3.2149 -0.0, -3.2262 4.252 -0.0, -3.397 4.0813 -0.0, -3.1494 4.0044 0.0, -3.8854 2.9961 -0.0, -3.667 2.755 0.0, -3.6519 2.9856 0.0, -3.6068 3.2123 0.0, -3.8419 3.2336 -0.0, -3.77 3.4642 -0.0, -3.5325 3.4312 0.0, -3.6709 3.6844 -0.0, -2.3786 4.6969 -0.0, -2.3573 4.4618 0.0, -2.1306 4.5069 0.0, -3.546 3.8911 -0.0, -3.3018 3.8307 0.0, -3.4303 3.6385 0.0, -2.9757 4.1569 0.0, -2.7835 4.2853 0.0, -3.0361 4.401 -0.0, -3.6519 -1.3757 0.0, -3.8855 -1.4026 -0.0, -3.633 -1.49 0.0, -2.5762 4.3875 0.0, -2.8294 4.5259 -0.0, -3.5324 -1.8213 0.0, -3.7708 -1.8694 -0.0, -3.0411 -2.8048 -0.0, -2.9755 -2.547 0.0, -2.0568 -3.17 -0.0, -2.6162 -3.0296 -0.0, -2.576 -2.7775 0.0, -2.6813 -2.7298 0.0, -2.8354 -2.93 -0.0, -2.7833 -2.6754 0.0, -2.8815 -2.6143 0.0, -2.3866 -3.1021 -0.0, -2.4678 -2.8183 0.0, -3.5731 -1.7132 0.0, -3.8422 -1.6394 -0.0, -2.2445 -2.8781 0.0, -2.3572 -2.8518 0.0, -3.0649 -2.4736 0.0, -3.2284 -2.3102 0.0, -3.3691 -2.1269 0.0, -3.4847 -1.9267 0.0, -3.6067 -1.6024 0.0, -3.6632 -1.2608 0.0, -2.6092 4.625 -0.0, 2.245 -2.878 0.0, 2.3866 -3.1021 -0.0, 2.3574 -2.8517 0.0, 3.8419 3.2336 -0.0, 3.9 2.755 0.0, 2.6817 -2.7297 0.0, 3.6068 -1.6022 0.0, 3.3693 -2.1265 0.0, 3.2286 -2.3099 0.0, 3.0652 -2.4734 0.0, 2.1307 -2.8969 0.0, 1.8455 -3.3581 -0.0, -1.6597 -2.9537 -0.0, 1.8116 -3.448 -0.0, 1.4 -4.355 0.0, 1.03 -3.8259 0.0, 1.03 -4.155 0.0, -1.8 -3.5434 0.0, -1.8 -3.955 0.0, -1.619 -2.9961 -0.0, -1.5911 -3.051 0.0, -1.7129 -2.924 -0.0, -1.58 -3.045 -0.2763, -1.5951 -2.9688 -0.2663, -1.78 -2.845 -0.25, -1.7031 -2.8604 -0.252, -1.6382 -2.9039 -0.2578, -1.9 -2.845 -0.25, 1.78 -2.845 -0.25, 1.9 -2.845 -0.25, -2.75 -2.6172 -0.25, -2.9349 -2.4937 -0.25, -3.1021 -2.3471 -0.25, -3.2487 -2.1799 -0.25, -3.3722 -1.995 -0.25, -3.4706 -1.7956 -0.25, -3.5421 -1.585 -0.25, -3.5855 -1.3669 -0.25, -3.6 -1.145 -0.25, -2.5506 -2.7156 -0.25, -2.34 -2.7871 -0.25, -2.1219 -2.8305 -0.25, -3.6 2.755 -0.25, -3.1021 3.9571 -0.25, -2.9349 4.1037 -0.25, -2.75 4.2272 -0.25, -2.5506 4.3256 -0.25, -2.34 4.3971 -0.25, -2.1219 4.4405 -0.25, -1.9 4.455 -0.25, -3.2487 3.7899 -0.25, -3.3722 3.605 -0.25, -3.4706 3.4056 -0.25, -3.5421 3.195 -0.25, -3.5855 2.9769 -0.25, 1.9 4.455 -0.25, 3.1021 3.9571 -0.25, 3.2487 3.7899 -0.25, 3.3722 3.605 -0.25, 3.4706 3.4056 -0.25, 3.5421 3.195 -0.25, 3.5855 2.9769 -0.25, 3.6 2.755 -0.25, 2.9349 4.1037 -0.25, 2.75 4.2272 -0.25, 2.5506 4.3256 -0.25, 2.34 4.3971 -0.25, 2.1219 4.4405 -0.25, 3.6 -1.145 -0.25, 3.3722 -1.995 -0.25, 3.2487 -2.1799 -0.25, 3.1021 -2.3471 -0.25, 2.9349 -2.4937 -0.25, 2.75 -2.6172 -0.25, 2.5506 -2.7156 -0.25, 2.34 -2.7871 -0.25, 2.1219 -2.8305 -0.25, 3.4706 -1.7956 -0.25, 3.5421 -1.585 -0.25, 3.5855 -1.3669 -0.25, 3.2487 -2.1799 -7.72, 3.1021 -2.3471 -7.72, 3.4706 -1.7956 -7.72, 3.3722 -1.995 -7.72, 3.5421 -1.585 -7.72, 3.5855 -1.3669 -7.72, 3.6 -1.145 -7.72, 2.9349 -2.4937 -7.72, 2.75 -2.6172 -7.72, 2.5506 -2.7156 -7.72, 2.34 -2.7871 -7.72, 2.1219 -2.8305 -7.72, 1.9 -2.845 -7.72, 2.73 -2.5826 -7.7893, 2.7446 -2.608 -7.76, 2.9284 -2.4852 -7.76, 3.5748 -1.3655 -7.76, 3.5458 -1.3617 -7.7893, 3.5034 -1.5746 -7.7893, 3.2402 -2.1734 -7.76, 3.363 -1.9896 -7.76, 3.217 -2.1555 -7.7893, 3.5317 -1.5822 -7.76, 3.4336 -1.7803 -7.7893, 2.1205 -2.8198 -7.76, 2.3372 -2.7767 -7.76, 2.1167 -2.7908 -7.7893, 1.9 -2.805 -7.7893, 1.9 -2.8343 -7.76, 2.5465 -2.7057 -7.76, 2.5353 -2.6786 -7.7893, 2.3296 -2.7484 -7.7893, 3.0738 -2.3188 -7.7893, 2.9105 -2.462 -7.7893, 3.0945 -2.3395 -7.76, 3.3376 -1.975 -7.7893, 3.4607 -1.7915 -7.76, 3.5893 -1.145 -7.76, 3.56 -1.145 -7.7893, 1.5765 -1.1627 -7.7, 1.5276 -1.0987 -7.7, 1.4971 -1.0251 -7.7, 1.7149 -1.2429 -7.7, 1.795 -1.2535 -7.7, 1.6404 -1.2119 -7.7, 2.0127 -1.1635 -7.7, 1.9487 -1.2124 -7.7, 1.8744 -1.243 -7.7, 2.0619 -1.0996 -7.7, 2.0929 -1.0251 -7.7, 2.105 -0.945 -7.7, 1.485 -0.945 -7.7, 2.0135 -0.7273 -7.7, 2.0624 -0.7913 -7.7, 2.0929 -0.8649 -7.7, 1.8751 -0.6471 -7.7, 1.795 -0.6365 -7.7, 1.9496 -0.6781 -7.7, 1.5773 -0.7265 -7.7, 1.6413 -0.6776 -7.7, 1.7156 -0.647 -7.7, 1.5281 -0.7904 -7.7, 1.4971 -0.8649 -7.7, 1.5765 2.3373 -7.7, 1.5276 2.4013 -7.7, 1.4971 2.4749 -7.7, 1.7149 2.2571 -7.7, 1.795 2.2465 -7.7, 1.6404 2.2881 -7.7, 2.0127 2.3365 -7.7, 1.9487 2.2876 -7.7, 1.8744 2.257 -7.7, 2.0619 2.4004 -7.7, 2.0929 2.4749 -7.7, 2.105 2.555 -7.7, 1.485 2.555 -7.7, 2.0135 2.7727 -7.7, 2.0624 2.7087 -7.7, 2.0929 2.6351 -7.7, 1.8751 2.8529 -7.7, 1.795 2.8635 -7.7, 1.9496 2.8219 -7.7, 1.5773 2.7735 -7.7, 1.6413 2.8224 -7.7, 1.7156 2.853 -7.7, 1.5281 2.7096 -7.7, 1.4971 2.6351 -7.7, -2.0135 2.3373 -7.7, -2.0624 2.4013 -7.7, -2.0929 2.4749 -7.7, -1.8751 2.2571 -7.7, -1.795 2.2465 -7.7, -1.9496 2.2881 -7.7, -1.5773 2.3365 -7.7, -1.6413 2.2876 -7.7, -1.7156 2.257 -7.7, -1.5281 2.4004 -7.7, -1.4971 2.4749 -7.7, -1.485 2.555 -7.7, -2.105 2.555 -7.7, -1.5765 2.7727 -7.7, -1.5276 2.7087 -7.7, -1.4971 2.6351 -7.7, -1.7149 2.8529 -7.7, -1.795 2.8635 -7.7, -1.6404 2.8219 -7.7, -2.0127 2.7735 -7.7, -1.9487 2.8224 -7.7, -1.8744 2.853 -7.7, -2.0619 2.7096 -7.7, -2.0929 2.6351 -7.7, -2.0135 -1.1627 -7.7, -2.0624 -1.0987 -7.7, -2.0929 -1.0251 -7.7, -1.8751 -1.2429 -7.7, -1.795 -1.2535 -7.7, -1.9496 -1.2119 -7.7, -1.5773 -1.1635 -7.7, -1.6413 -1.2124 -7.7, -1.7156 -1.243 -7.7, -1.5281 -1.0996 -7.7, -1.4971 -1.0251 -7.7, -1.485 -0.945 -7.7, -2.105 -0.945 -7.7, -1.5765 -0.7273 -7.7, -1.5276 -0.7913 -7.7, -1.4971 -0.8649 -7.7, -1.7149 -0.6471 -7.7, -1.795 -0.6365 -7.7, -1.6404 -0.6781 -7.7, -2.0127 -0.7265 -7.7, -1.9487 -0.6776 -7.7, -1.8744 -0.647 -7.7, -2.0619 -0.7904 -7.7, -2.0929 -0.8649 -7.7, 2.0135 1.0227 -7.7, 2.0624 0.9587 -7.7, 2.0929 0.8851 -7.7, 1.8751 1.1029 -7.7, 1.795 1.1135 -7.7, 1.9496 1.0719 -7.7, 1.5773 1.0235 -7.7, 1.6413 1.0724 -7.7, 1.7156 1.103 -7.7, 1.5281 0.9596 -7.7, 1.4971 0.8851 -7.7, 1.485 0.805 -7.7, 2.105 0.805 -7.7, 1.5765 0.5873 -7.7, 1.5276 0.6513 -7.7, 1.4971 0.7249 -7.7, 1.7149 0.5071 -7.7, 1.795 0.4965 -7.7, 1.6404 0.5381 -7.7, 2.0127 0.5865 -7.7, 1.9487 0.5376 -7.7, 1.8744 0.507 -7.7, 2.0619 0.6504 -7.7, 2.0929 0.7249 -7.7, -1.5765 1.0227 -7.7, -1.5276 0.9587 -7.7, -1.4971 0.8851 -7.7, -1.7149 1.1029 -7.7, -1.795 1.1135 -7.7, -1.6404 1.0719 -7.7, -2.0127 1.0235 -7.7, -1.9487 1.0724 -7.7, -1.8744 1.103 -7.7, -2.0619 0.9596 -7.7, -2.0929 0.8851 -7.7, -2.105 0.805 -7.7, -1.485 0.805 -7.7, -2.0135 0.5873 -7.7, -2.0624 0.6513 -7.7, -2.0929 0.7249 -7.7, -1.8751 0.5071 -7.7, -1.795 0.4965 -7.7, -1.9496 0.5381 -7.7, -1.5773 0.5865 -7.7, -1.6413 0.5376 -7.7, -1.7156 0.507 -7.7, -1.5281 0.6504 -7.7, -1.4971 0.7249 -7.7, -1.9 -2.8343 -7.76, -1.9 -2.845 -7.72, -1.9 -2.805 -7.7893, -1.78 -2.845 -5.4, 1.78 -2.845 -5.4, -1.7263 -2.8526 -5.3399, -1.6751 -2.8753 -5.2818, 1.6751 -2.8744 -5.2817, -1.58 -3.045 -5.155, -1.58 -3.0699 -5.1513, 1.58 -3.045 -5.155, -1.6293 -2.9142 -5.228, 1.594 -2.9706 -5.1827, 1.629 -2.9133 -5.2277, 1.58 -3.0699 -5.1513, -1.58 -3.095 -5.15, 1.58 -3.095 -5.15, -1.5943 -2.9712 -5.1831, 1.7264 -2.8526 -5.34, 1.7031 -2.8604 -0.252, 1.6382 -2.9039 -0.2578, 1.5951 -2.9688 -0.2663, 1.58 -3.045 -0.2763, 1.58 -3.595 -0.83, 1.58 -3.595 -0.4, 1.58 -3.505 -0.83, 1.58 -3.505 -2.63, 1.58 -3.595 -5.15, 1.58 -3.595 -2.63, -1.58 -3.595 -5.15, -1.03 -3.595 -5.15, 1.03 -4.155 -5.15, 1.03 -3.595 -5.15, -1.03 -4.155 -5.15, 1.03 -3.595 -2.63, 1.03 -3.595 -0.83, 1.03 -3.595 -0.4, -1.03 -3.595 -2.63, -1.58 -3.595 -2.63, -1.03 -4.155 -2.63, -2.0003 -3.8962 -2.63, -1.9997 -3.955 -2.63, -2.0 -3.7786 -2.63, -2.0 -3.8374 -2.63, -2.0 -3.661 -2.63, -2.0 -3.7198 -2.63, -2.0 -3.5434 -2.63, -2.0 -3.6022 -2.63, -1.58 -3.505 -2.63, -2.0 -3.505 -2.63, -1.9961 -4.023 -2.63, -1.9847 -4.0896 -2.63, -1.9657 -4.155 -2.63, 1.9847 -4.0896 -2.63, 1.03 -4.155 -2.63, 1.9657 -4.155 -2.63, 2.0006 -3.955 -2.63, 1.9958 -4.0227 -2.63, 2.0 -3.8725 -2.63, 2.0 -3.7902 -2.63, 2.0 -3.708 -2.63, 2.0 -3.5434 -2.63, 2.0 -3.6257 -2.63, 2.0009 -3.5241 -2.63, 2.0037 -3.505 -2.63, -1.9958 -4.0227 -0.83, -2.0 -3.955 -0.2, -2.0006 -3.955 -0.83, -1.985 -4.0885 -5.85, -1.9657 -4.155 -0.83, -1.9406 -4.2153 -0.2, -1.985 -4.0885 -0.2, -1.9847 -4.0896 -0.83, -1.9406 -4.2153 -5.85, -1.7741 -4.4241 -5.85, -1.7741 -4.4241 -0.2, -1.8691 -4.3291 -0.2, -2.0 -3.955 -5.85, -1.6603 -4.4956 -5.85, -1.8691 -4.3291 -5.85, -1.4 -4.555 -5.85, -1.5335 -4.54 -0.2, -1.5335 -4.54 -5.85, -1.6603 -4.4956 -0.2, -1.4 -4.555 -0.2, -1.8646 -4.061 -0.0152, -1.9278 -4.0755 -0.0586, -1.8878 -4.1899 -0.0586, -1.9701 -4.0851 -0.1235, -1.9848 -3.955 -0.1235, -1.8572 -4.3196 -0.1235, -1.9269 -4.2087 -0.1235, -1.6537 -4.4819 -0.1235, -1.6349 -4.4428 -0.0586, -1.6068 -4.3843 -0.0152, -1.6971 -4.3276 -0.0152, -1.5205 -4.4828 -0.0586, -1.4 -4.5398 -0.1235, -1.4 -4.4964 -0.0586, -1.8233 -4.2926 -0.0586, -1.7376 -4.3783 -0.0586, -1.7726 -4.2521 -0.0152, -1.5301 -4.5251 -0.1235, -1.506 -4.4196 -0.0152, -1.8293 -4.1618 -0.0152, -1.7646 -4.4122 -0.1235, -1.4 -4.4315 -0.0152, -1.9414 -3.955 -0.0586, -1.8765 -3.955 -0.0152, 1.4 -4.4964 -0.0586, 1.4 -4.5398 -0.1235, 1.4 -4.555 -0.2, 1.4 -4.4315 -0.0152, 1.506 -4.4196 -0.0152, 1.5205 -4.4828 -0.0586, 1.6349 -4.4428 -0.0586, 1.5301 -4.5251 -0.1235, 1.5335 -4.54 -0.2, 1.7741 -4.4241 -0.2, 1.7646 -4.4122 -0.1235, 1.6537 -4.4819 -0.1235, 1.9269 -4.2087 -0.1235, 1.9406 -4.2153 -0.2, 1.985 -4.0885 -0.2, 1.8878 -4.1899 -0.0586, 1.8293 -4.1618 -0.0152, 1.7726 -4.2521 -0.0152, 1.9278 -4.0755 -0.0586, 1.9848 -3.955 -0.1235, 1.9414 -3.955 -0.0586, 1.7376 -4.3783 -0.0586, 1.8233 -4.2926 -0.0586, 1.6971 -4.3276 -0.0152, 2.0 -3.955 -0.2, 1.9701 -4.0851 -0.1235, 1.8646 -4.061 -0.0152, 1.6068 -4.3843 -0.0152, 1.8572 -4.3196 -0.1235, 1.8765 -3.955 -0.0152, 1.6603 -4.4956 -0.2, 1.8691 -4.3291 -0.2, 1.9414 -3.5434 -0.0586, 1.9848 -3.5434 -0.1235, 2.0 -3.5434 -0.2, 1.8765 -3.5434 -0.0152, 2.1074 -3.302 -0.0586, 2.1677 -3.2869 -0.0586, 2.0842 -3.2414 -0.0152, 2.0093 -3.4437 -0.1235, 1.9489 -3.4817 -0.0586, 1.991 -3.4921 -0.1235, 2.0226 -3.4512 -0.2, 2.0059 -3.4953 -0.2, 2.0772 -3.3667 -0.1235, 2.0525 -3.3311 -0.0586, 2.0061 -3.3724 -0.0586, 1.9134 -3.3935 -0.0152, 1.9574 -3.3295 -0.0152, 2.1731 -3.3299 -0.1235, 2.1229 -3.3425 -0.1235, 2.1596 -3.2225 -0.0152, 2.175 -3.345 -0.2, 2.128 -3.3569 -0.2, 2.0855 -3.3796 -0.2, 2.0155 -3.2778 -0.0152, 1.9709 -3.4236 -0.0586, 2.0386 -3.4011 -0.1235, 1.8859 -3.4663 -0.0152, 2.05 -3.4111 -0.2, 3.1552 -2.9691 -0.2, 3.1465 -2.9566 -0.1235, 2.9218 -3.0933 -0.1235, 2.4353 -3.2961 -0.2, 2.4316 -3.2814 -0.1235, 2.6878 -3.2164 -0.2, 2.6669 -3.1617 -0.0586, 2.4053 -3.1764 -0.0152, 2.421 -3.2393 -0.0586, 3.8495 -2.1817 -0.2, 3.9579 -1.9401 -0.2, 3.836 -2.1747 -0.1235, 3.7129 -2.4086 -0.2, 3.7004 -2.4 -0.1235, 3.5386 -2.6074 -0.1235, 2.9016 -3.055 -0.0586, 3.1217 -2.921 -0.0586, 2.8712 -2.9977 -0.0152, 3.7976 -2.1546 -0.0586, 3.9031 -1.9194 -0.0586, 3.7401 -2.1245 -0.0152, 4.0689 -1.4248 -0.1235, 4.0841 -1.4266 -0.2, 4.1 -1.1623 -0.2, 3.9615 -1.4118 -0.0152, 3.9437 -1.9347 -0.1235, 4.0365 -1.6871 -0.2, 4.0217 -1.6835 -0.1235, 4.0259 -1.4196 -0.0586, 4.0848 -1.1623 -0.1235, 4.0414 -1.1623 -0.0586, 3.9796 -1.6732 -0.0586, 3.9765 -1.1623 -0.0152, 3.9166 -1.6577 -0.0152, 3.8424 -1.8964 -0.0152, 3.6112 -2.3387 -0.0152, 3.6646 -2.3754 -0.0586, 3.5061 -2.5787 -0.0586, 3.2811 -2.7129 -0.0152, 3.3242 -2.7614 -0.0586, 3.3531 -2.7938 -0.1235, 3.55 -2.6174 -0.2, 3.0847 -2.8677 -0.0152, 2.929 -3.1068 -0.2, 2.6824 -3.2021 -0.1235, 2.6436 -3.1011 -0.0152, 3.3632 -2.8051 -0.2, 3.4574 -2.5358 -0.0152, 4.0848 2.755 -0.1235, 4.0414 2.755 -0.0586, 4.1 2.755 -0.2, 3.9765 2.755 -0.0152, 3.848 3.7774 -0.2, 3.8345 3.7703 -0.1235, 3.9428 3.5297 -0.1235, 4.0689 3.0183 -0.1235, 4.084 3.0202 -0.2, 3.1497 4.5656 -0.2, 3.3488 4.3903 -0.1235, 3.3589 4.4017 -0.2, 3.957 3.5351 -0.2, 3.698 3.9961 -0.1235, 3.7106 4.0047 -0.2, 3.4543 4.132 -0.0152, 3.7961 3.7502 -0.0586, 3.8416 3.4914 -0.0152, 3.9023 3.5144 -0.0586, 2.865 4.5937 -0.0152, 2.9153 4.6895 -0.1235, 2.9224 4.703 -0.2, 2.6801 4.812 -0.2, 2.6364 4.6966 -0.0152, 1.9 4.955 -0.2, 2.1633 4.9239 -0.1235, 2.1652 4.939 -0.2, 2.1581 4.8808 -0.0586, 2.4125 4.8342 -0.0586, 2.3969 4.7712 -0.0152, 1.9 4.9398 -0.1235, 1.9 4.8964 -0.0586, 1.9 4.8315 -0.0152, 2.1503 4.8164 -0.0152, 2.4265 4.8911 -0.2, 2.6747 4.7978 -0.1235, 2.4229 4.8763 -0.1235, 3.277 4.3093 -0.0152, 3.0796 4.464 -0.0152, 3.6624 3.9715 -0.0586, 3.7387 3.72 -0.0152, 3.1411 4.553 -0.1235, 3.9162 3.2519 -0.0152, 3.9792 3.2675 -0.0586, 3.5353 4.2038 -0.1235, 3.5467 4.2139 -0.2, 4.0361 3.2815 -0.2, 4.0213 3.2779 -0.1235, 4.0258 3.0131 -0.0586, 3.9614 3.0053 -0.0152, 3.609 3.9346 -0.0152, 3.5029 4.175 -0.0586, 3.32 4.3579 -0.0586, 3.1165 4.5174 -0.0586, 2.8952 4.6511 -0.0586, 2.6594 4.7572 -0.0586, -1.9 4.9398 -0.1235, -1.9 4.8964 -0.0586, -1.9 4.955 -0.2, -1.9 4.8315 -0.0152, -2.9224 4.703 -0.2, -2.9153 4.6895 -0.1235, -2.6747 4.7978 -0.1235, -2.1633 4.9239 -0.1235, -2.1652 4.939 -0.2, -3.7106 4.0047 -0.2, -3.5353 4.2038 -0.1235, -3.5467 4.2139 -0.2, -2.6801 4.812 -0.2, -3.1411 4.553 -0.1235, -3.1497 4.5656 -0.2, -3.277 4.3093 -0.0152, -2.8952 4.6511 -0.0586, -2.6364 4.6966 -0.0152, -2.6594 4.7572 -0.0586, -3.7387 3.72 -0.0152, -3.8345 3.7703 -0.1235, -3.848 3.7774 -0.2, -3.957 3.5351 -0.2, -3.8416 3.4914 -0.0152, -4.1 2.755 -0.2, -4.0689 3.0183 -0.1235, -4.084 3.0202 -0.2, -4.0258 3.0131 -0.0586, -3.9792 3.2675 -0.0586, -3.9162 3.2519 -0.0152, -4.0848 2.755 -0.1235, -4.0414 2.755 -0.0586, -3.9765 2.755 -0.0152, -3.9614 3.0053 -0.0152, -4.0361 3.2815 -0.2, -3.9428 3.5297 -0.1235, -4.0213 3.2779 -0.1235, -3.4543 4.132 -0.0152, -3.609 3.9346 -0.0152, -3.1165 4.5174 -0.0586, -2.865 4.5937 -0.0152, -3.698 3.9961 -0.1235, -2.3969 4.7712 -0.0152, -2.4125 4.8342 -0.0586, -3.3488 4.3903 -0.1235, -3.3589 4.4017 -0.2, -2.4265 4.8911 -0.2, -2.4229 4.8763 -0.1235, -2.1581 4.8808 -0.0586, -2.1503 4.8164 -0.0152, -3.0796 4.464 -0.0152, -3.32 4.3579 -0.0586, -3.5029 4.175 -0.0586, -3.6624 3.9715 -0.0586, -3.7961 3.7502 -0.0586, -3.9023 3.5144 -0.0586, -4.0848 -1.1623 -0.1235, -4.0414 -1.1623 -0.0586, -4.1 -1.1623 -0.2, -3.9765 -1.1623 -0.0152, -3.8495 -2.1817 -0.2, -3.836 -2.1747 -0.1235, -3.9437 -1.9347 -0.1235, -3.9615 -1.4118 -0.0152, -4.0259 -1.4196 -0.0586, -3.9796 -1.6732 -0.0586, -4.0841 -1.4266 -0.2, -4.0365 -1.6871 -0.2, -4.0689 -1.4248 -0.1235, -3.1465 -2.9566 -0.1235, -3.1552 -2.9691 -0.2, -2.929 -3.1068 -0.2, -3.3632 -2.8051 -0.2, -3.3531 -2.7938 -0.1235, -3.5386 -2.6074 -0.1235, -3.9031 -1.9194 -0.0586, -3.7976 -2.1546 -0.0586, -3.8424 -1.8964 -0.0152, -3.1217 -2.921 -0.0586, -2.9016 -3.055 -0.0586, -3.0847 -2.8677 -0.0152, -2.4316 -3.2814 -0.1235, -2.4353 -3.2961 -0.2, -2.175 -3.345 -0.2, -2.4053 -3.1764 -0.0152, -2.9218 -3.0933 -0.1235, -2.6878 -3.2164 -0.2, -2.6824 -3.2021 -0.1235, -2.421 -3.2393 -0.0586, -2.1731 -3.3299 -0.1235, -2.1677 -3.2869 -0.0586, -2.6669 -3.1617 -0.0586, -2.1596 -3.2225 -0.0152, -2.6436 -3.1011 -0.0152, -2.8712 -2.9977 -0.0152, -3.2811 -2.7129 -0.0152, -3.3242 -2.7614 -0.0586, -3.5061 -2.5787 -0.0586, -3.6112 -2.3387 -0.0152, -3.6646 -2.3754 -0.0586, -3.7004 -2.4 -0.1235, -3.55 -2.6174 -0.2, -3.7401 -2.1245 -0.0152, -3.9579 -1.9401 -0.2, -4.0217 -1.6835 -0.1235, -3.9166 -1.6577 -0.0152, -3.7129 -2.4086 -0.2, -3.4574 -2.5358 -0.0152, -1.9489 -3.4817 -0.0586, -1.9414 -3.5434 -0.0586, -1.8859 -3.4663 -0.0152, -2.0772 -3.3667 -0.1235, -2.1229 -3.3425 -0.1235, -2.0863 -3.3789 -0.2, -1.9709 -3.4236 -0.0586, -2.0061 -3.3724 -0.0586, -2.0093 -3.4437 -0.1235, -2.1074 -3.302 -0.0586, -2.128 -3.3569 -0.2, -1.8765 -3.5434 -0.0152, -2.0155 -3.2778 -0.0152, -1.9574 -3.3295 -0.0152, -1.9848 -3.5434 -0.1235, -1.991 -3.4921 -0.1235, -2.0 -3.5434 -0.2, -2.0059 -3.4953 -0.2, -2.0231 -3.4503 -0.2, -1.9134 -3.3935 -0.0152, -2.0842 -3.2414 -0.0152, -2.0525 -3.3311 -0.0586, -2.0386 -3.4011 -0.1235, -2.05 -3.4111 -0.2, -2.0 -3.5434 -5.85, -2.0 -3.5434 -0.83, -2.0 -3.6257 -0.83, -2.0 -3.708 -0.83, -2.0 -3.7902 -0.83, -2.0 -3.8725 -0.83, 4.1 -1.1623 -5.85, 4.1 2.755 -5.85, 4.084 3.0202 -5.85, 3.848 3.7774 -5.85, 3.957 3.5351 -5.85, 4.0361 3.2815 -5.85, 3.5467 4.2139 -5.85, 3.3589 4.4017 -5.85, 3.7106 4.0047 -5.85, 2.9224 4.703 -5.85, 2.6801 4.812 -5.85, 3.1497 4.5656 -5.85, 2.4265 4.8911 -5.85, 2.1652 4.939 -5.85, 1.9 4.955 -5.85, -1.9 4.955 -5.85, -2.1652 4.939 -5.85, -2.9224 4.703 -5.85, -2.6801 4.812 -5.85, -2.4265 4.8911 -5.85, -3.3589 4.4017 -5.85, -3.5467 4.2139 -5.85, -3.1497 4.5656 -5.85, -3.848 3.7774 -5.85, -3.957 3.5351 -5.85, -3.7106 4.0047 -5.85, -4.0361 3.2815 -5.85, -4.084 3.0202 -5.85, -4.1 2.755 -5.85, -4.1 -1.1623 -5.85, -4.0841 -1.4266 -5.85, -3.8495 -2.1817 -5.85, -3.9579 -1.9401 -5.85, -4.0365 -1.6871 -5.85, -3.55 -2.6174 -5.85, -3.3632 -2.8051 -5.85, -3.7129 -2.4086 -5.85, -2.929 -3.1068 -5.85, -2.6878 -3.2164 -5.85, -3.1552 -2.9691 -5.85, -2.4353 -3.2961 -5.85, -2.175 -3.345 -5.85, -2.0129 -3.4727 -5.85, -2.0 -3.5434 -2.03, -2.0 -3.5434 -1.43, -2.05 -3.4111 -5.85, -2.1065 -3.3667 -5.85, -2.0 -3.505 -0.83, -1.03 -4.155 -0.83, -1.58 -3.595 -0.83, -1.58 -3.505 -0.83, -1.03 -3.595 -0.83, 2.0006 -3.955 -0.83, 1.03 -4.155 -0.83, 1.9847 -4.0896 -0.83, 1.9657 -4.155 -0.83, 2.0001 -3.8725 -0.83, 2.0 -3.708 -0.83, 2.0 -3.7902 -0.83, 2.0 -3.5434 -0.83, 2.0 -3.6257 -0.83, 1.9961 -4.0228 -0.83, 2.0009 -3.5241 -0.83, 2.0037 -3.505 -0.83, 1.5335 -4.54 -5.85, 1.4 -4.555 -5.85, 1.8691 -4.3291 -5.85, 1.7741 -4.4241 -5.85, 1.6603 -4.4956 -5.85, 1.985 -4.0885 -5.85, 2.0 -3.955 -5.85, 1.9406 -4.2153 -5.85, 2.0 -3.5434 -5.85, 2.05 -3.4111 -5.85, 2.1065 -3.3667 -5.85, 2.175 -3.345 -5.85, 2.0129 -3.4727 -5.85, 2.4353 -3.2961 -5.85, 3.1552 -2.9691 -5.85, 2.929 -3.1068 -5.85, 2.6878 -3.2164 -5.85, 3.55 -2.6174 -5.85, 3.7129 -2.4086 -5.85, 3.3632 -2.8051 -5.85, 3.9579 -1.9401 -5.85, 4.0365 -1.6871 -5.85, 3.8495 -2.1817 -5.85, 4.0841 -1.4266 -5.85, -1.58 -3.595 -0.4, -1.03 -3.595 -0.4, -2.565 8.325 -5.85, 2.565 8.325 -5.75, -2.565 8.325 -5.75, 2.565 8.325 -5.85, -6.64 4.25 -5.75, -6.64 4.25 -5.85, -6.64 -3.85 -5.75, -6.64 -3.85 -5.85, -2.565 -7.925 -5.75, -2.565 -7.925 -5.85, 2.565 -7.925 -5.75, 2.565 -7.925 -5.85, 6.64 -3.85 -5.75, 6.64 -3.85 -5.85, 6.64 4.25 -5.75, 6.64 4.25 -5.85, 6.5269 -6.2963 -5.75, 6.74 -5.225 -5.75, 6.4094 -6.5447 -5.75, 6.6194 -6.0376 -5.75, 6.6862 -5.7711 -5.75, 6.7265 -5.4995 -5.75, 6.2682 -6.7804 -5.75, 5.92 -7.2048 -5.75, 6.1046 -7.0011 -5.75, 5.4957 -7.553 -5.75, 5.7165 -7.3893 -5.75, 5.26 -7.6943 -5.75, 5.0116 -7.8118 -5.75, 4.7529 -7.9044 -5.75, 4.4863 -7.9712 -5.75, 5.0113 8.2119 -5.75, 6.74 5.625 -5.75, 4.2145 -8.0115 -5.75, 4.4861 8.3712 -5.75, 4.2145 8.4115 -5.75, 6.6862 6.1713 -5.75, 6.6194 6.4379 -5.75, 6.7265 5.8995 -5.75, 6.5268 6.6966 -5.75, 6.4093 6.945 -5.75, 6.268 7.1807 -5.75, 6.1043 7.4015 -5.75, 5.9198 7.605 -5.75, 5.7161 7.7896 -5.75, 5.4954 7.9532 -5.75, 5.2597 8.0944 -5.75, 4.7526 8.3044 -5.75, 3.94 8.425 -5.75, -3.94 8.425 -5.75, -6.74 -5.225 -5.75, -6.74 5.625 -5.75, -6.6194 6.4376 -5.75, -6.6862 6.1711 -5.75, -6.7265 5.8995 -5.75, -6.4094 6.9447 -5.75, -6.5269 6.6963 -5.75, -6.2682 7.1804 -5.75, -6.1046 7.4011 -5.75, -5.7165 7.7893 -5.75, -5.92 7.6048 -5.75, -5.26 8.0943 -5.75, -5.4957 7.953 -5.75, -5.0116 8.2118 -5.75, -4.4863 8.3712 -5.75, -4.7529 8.3044 -5.75, -4.2145 8.4115 -5.75, -6.6862 -5.7713 -5.75, -6.7265 -5.4995 -5.75, -3.94 -8.025 -5.75, -6.6194 -6.0379 -5.75, -6.5268 -6.2966 -5.75, -6.4093 -6.545 -5.75, -6.268 -6.7807 -5.75, -6.1043 -7.0015 -5.75, -5.9198 -7.205 -5.75, -5.7161 -7.3896 -5.75, -5.4954 -7.5532 -5.75, -5.2597 -7.6944 -5.75, -5.0113 -7.8119 -5.75, -4.7526 -7.9044 -5.75, -4.4861 -7.9712 -5.75, -4.2145 -8.0115 -5.75, 3.94 -8.025 -5.75, -5.974 -7.259 -5.7652, -5.7648 -7.4486 -5.7652, -6.7963 -6.0914 -5.8735, -6.7548 -6.0789 -5.8086, -6.8674 -5.8073 -5.8735, -6.9256 -5.5191 -5.95, -6.8824 -5.8103 -5.95, -6.6976 -6.3672 -5.8735, -6.6575 -6.3506 -5.8086, -6.6927 -6.06 -5.7652, -6.5976 -6.3258 -5.7652, -6.94 -5.225 -5.95, -6.9104 -5.5176 -5.8735, -6.4769 -6.581 -5.7652, -6.3318 -6.8231 -5.7652, -6.3857 -6.8592 -5.8086, -6.5723 -6.632 -5.8735, -6.4218 -6.8833 -5.8735, -5.5983 -7.7068 -5.8735, -5.347 -7.8573 -5.8735, -5.3266 -7.8191 -5.8086, -6.0506 -7.3356 -5.8735, -6.0199 -7.3049 -5.8086, -6.2473 -7.1185 -5.8735, -4.8064 -8.0813 -5.8735, -4.5223 -8.1524 -5.8735, -4.5139 -8.1099 -5.8086, -5.296 -7.7619 -5.7652, -5.0408 -7.8826 -5.7652, -3.94 -8.1015 -5.7652, -4.2283 -8.1522 -5.8086, -3.94 -8.1664 -5.8086, -4.2326 -8.1954 -5.8735, -4.222 -8.0877 -5.7652, -4.5012 -8.0463 -5.7652, -3.94 -8.2098 -5.8735, -4.2341 -8.2106 -5.95, -3.94 -8.225 -5.95, -4.775 -7.9777 -5.7652, -5.5381 -7.6168 -5.7652, -4.7939 -8.0398 -5.8086, -5.0822 -7.9826 -5.8735, -5.0656 -7.9425 -5.8086, -5.5742 -7.6707 -5.8086, -5.8335 -7.5323 -5.8735, -5.806 -7.4987 -5.8086, -6.2137 -7.091 -5.8086, -6.1636 -7.0498 -5.7652, -6.5341 -6.6116 -5.8086, -6.7613 -5.7862 -5.7652, -6.8249 -5.7989 -5.8086, -6.8027 -5.507 -5.7652, -6.8672 -5.5133 -5.8086, -6.8165 -5.225 -5.7652, -6.8814 -5.225 -5.8086, -4.5253 -8.1674 -5.95, -4.8109 -8.0958 -5.95, -5.088 -7.9967 -5.95, -5.3542 -7.8707 -5.95, -5.6067 -7.7194 -5.95, -5.8432 -7.544 -5.95, -6.0613 -7.3463 -5.95, -6.259 -7.1282 -5.95, -6.4344 -6.8917 -5.95, -6.5857 -6.6392 -5.95, -6.7117 -6.373 -5.95, -6.8108 -6.0959 -5.95, -6.9248 -5.225 -5.8735, 3.94 -8.1664 -5.8086, 3.94 -8.2098 -5.8735, 3.94 -8.225 -5.95, 3.94 -8.1015 -5.7652, 5.974 -7.259 -5.7652, 6.1636 -7.0498 -5.7652, 4.8064 -8.0813 -5.8735, 4.7939 -8.0398 -5.8086, 4.5223 -8.1524 -5.8735, 4.2341 -8.2106 -5.95, 4.5253 -8.1674 -5.95, 5.0822 -7.9826 -5.8735, 5.0656 -7.9425 -5.8086, 4.775 -7.9777 -5.7652, 5.0408 -7.8826 -5.7652, 4.2326 -8.1954 -5.8735, 5.296 -7.7619 -5.7652, 5.5381 -7.6168 -5.7652, 5.5742 -7.6707 -5.8086, 5.347 -7.8573 -5.8735, 5.5983 -7.7068 -5.8735, 6.4218 -6.8833 -5.8735, 6.5723 -6.632 -5.8735, 6.5341 -6.6116 -5.8086, 6.0506 -7.3356 -5.8735, 6.0199 -7.3049 -5.8086, 5.8335 -7.5323 -5.8735, 6.7963 -6.0914 -5.8735, 6.8674 -5.8073 -5.8735, 6.8249 -5.7989 -5.8086, 6.4769 -6.581 -5.7652, 6.5976 -6.3258 -5.7652, 6.8165 -5.225 -5.7652, 6.8672 -5.5133 -5.8086, 6.8814 -5.225 -5.8086, 6.9104 -5.5176 -5.8735, 6.8027 -5.507 -5.7652, 6.7613 -5.7862 -5.7652, 6.9248 -5.225 -5.8735, 6.9256 -5.5191 -5.95, 6.94 -5.225 -5.95, 6.6927 -6.06 -5.7652, 6.3318 -6.8231 -5.7652, 4.222 -8.0877 -5.7652, 4.2283 -8.1522 -5.8086, 4.5012 -8.0463 -5.7652, 4.5139 -8.1099 -5.8086, 6.6575 -6.3506 -5.8086, 6.6976 -6.3672 -5.8735, 6.7548 -6.0789 -5.8086, 6.2473 -7.1185 -5.8735, 6.2137 -7.091 -5.8086, 6.3857 -6.8592 -5.8086, 5.7648 -7.4486 -5.7652, 5.806 -7.4987 -5.8086, 5.3266 -7.8191 -5.8086, 6.8824 -5.8103 -5.95, 6.8108 -6.0959 -5.95, 6.7117 -6.373 -5.95, 6.5857 -6.6392 -5.95, 6.4344 -6.8917 -5.95, 6.259 -7.1282 -5.95, 6.0613 -7.3463 -5.95, 5.8432 -7.544 -5.95, 5.6067 -7.7194 -5.95, 5.3542 -7.8707 -5.95, 5.088 -7.9967 -5.95, 4.8109 -8.0958 -5.95, 6.9248 5.625 -5.8735, 6.8814 5.625 -5.8086, 6.94 5.625 -5.95, 6.8165 5.625 -5.7652, 5.974 7.659 -5.7652, 5.7648 7.8486 -5.7652, 6.7963 6.4914 -5.8735, 6.7548 6.4789 -5.8086, 6.8674 6.2073 -5.8735, 6.9256 5.9191 -5.95, 6.8824 6.2103 -5.95, 6.6976 6.7672 -5.8735, 6.6575 6.7506 -5.8086, 6.6927 6.46 -5.7652, 6.5976 6.7258 -5.7652, 6.9104 5.9176 -5.8735, 6.4769 6.981 -5.7652, 6.3318 7.2231 -5.7652, 6.3857 7.2592 -5.8086, 6.5723 7.032 -5.8735, 6.4218 7.2833 -5.8735, 5.5983 8.1068 -5.8735, 5.347 8.2573 -5.8735, 5.3266 8.2191 -5.8086, 6.0506 7.7356 -5.8735, 6.0199 7.7049 -5.8086, 6.2473 7.5185 -5.8735, 4.8064 8.4813 -5.8735, 4.5223 8.5524 -5.8735, 4.5139 8.5099 -5.8086, 5.296 8.1619 -5.7652, 5.0408 8.2826 -5.7652, 3.94 8.5015 -5.7652, 4.2283 8.5522 -5.8086, 3.94 8.5664 -5.8086, 4.2326 8.5954 -5.8735, 4.222 8.4877 -5.7652, 4.5012 8.4463 -5.7652, 3.94 8.6098 -5.8735, 4.2341 8.6106 -5.95, 4.775 8.3777 -5.7652, 5.5381 8.0168 -5.7652, 4.7939 8.4398 -5.8086, 5.0822 8.3826 -5.8735, 5.8335 7.9323 -5.8735, 5.806 7.8987 -5.8086, 5.0656 8.3425 -5.8086, 5.5742 8.0707 -5.8086, 6.2137 7.491 -5.8086, 6.1636 7.4498 -5.7652, 6.8672 5.9133 -5.8086, 6.7613 6.1862 -5.7652, 6.8027 5.907 -5.7652, 6.5341 7.0116 -5.8086, 6.8249 6.1989 -5.8086, 4.5253 8.5674 -5.95, 4.8109 8.4958 -5.95, 5.088 8.3967 -5.95, 5.3542 8.2707 -5.95, 5.6067 8.1194 -5.95, 5.8432 7.944 -5.95, 6.0613 7.7463 -5.95, 6.259 7.5282 -5.95, 6.4344 7.2917 -5.95, 6.5857 7.0392 -5.95, 6.7117 6.773 -5.95, 6.8108 6.4959 -5.95, -3.94 8.5664 -5.8086, -3.94 8.6098 -5.8735, -3.94 8.5015 -5.7652, -5.974 7.659 -5.7652, -6.1636 7.4498 -5.7652, -4.8064 8.4813 -5.8735, -4.7939 8.4398 -5.8086, -4.5223 8.5524 -5.8735, -4.2341 8.6106 -5.95, -4.5253 8.5674 -5.95, -5.0822 8.3826 -5.8735, -5.0656 8.3425 -5.8086, -4.775 8.3777 -5.7652, -5.0408 8.2826 -5.7652, -4.2326 8.5954 -5.8735, -5.296 8.1619 -5.7652, -5.5381 8.0168 -5.7652, -5.5742 8.0707 -5.8086, -5.347 8.2573 -5.8735, -5.5983 8.1068 -5.8735, -6.4218 7.2833 -5.8735, -6.5723 7.032 -5.8735, -6.5341 7.0116 -5.8086, -6.0506 7.7356 -5.8735, -6.0199 7.7049 -5.8086, -5.8335 7.9323 -5.8735, -6.7963 6.4914 -5.8735, -6.8674 6.2073 -5.8735, -6.8249 6.1989 -5.8086, -6.4769 6.981 -5.7652, -6.5976 6.7258 -5.7652, -6.8165 5.625 -5.7652, -6.8672 5.9133 -5.8086, -6.8814 5.625 -5.8086, -6.9104 5.9176 -5.8735, -6.8027 5.907 -5.7652, -6.7613 6.1862 -5.7652, -6.9248 5.625 -5.8735, -6.9256 5.9191 -5.95, -6.94 5.625 -5.95, -6.6927 6.46 -5.7652, -6.3318 7.2231 -5.7652, -6.7548 6.4789 -5.8086, -6.6976 6.7672 -5.8735, -6.6575 6.7506 -5.8086, -5.7648 7.8486 -5.7652, -6.2473 7.5185 -5.8735, -6.3857 7.2592 -5.8086, -6.2137 7.491 -5.8086, -4.222 8.4877 -5.7652, -5.806 7.8987 -5.8086, -4.5012 8.4463 -5.7652, -4.2283 8.5522 -5.8086, -5.3266 8.2191 -5.8086, -4.5139 8.5099 -5.8086, -6.8824 6.2103 -5.95, -6.8108 6.4959 -5.95, -6.7117 6.773 -5.95, -6.5857 7.0392 -5.95, -6.4344 7.2917 -5.95, -6.259 7.5282 -5.95, -6.0613 7.7463 -5.95, -5.8432 7.944 -5.95, -5.6067 8.1194 -5.95, -5.3542 8.2707 -5.95, -5.088 8.3967 -5.95, -4.8109 8.4958 -5.95, -6.94 -5.225 -10.1, -6.94 5.625 -10.1, -6.9248 5.625 -10.1765, -6.8814 5.625 -10.2414, -6.9248 -5.225 -10.1765, -6.8814 -5.225 -10.2414, -6.8165 5.625 -10.2848, -6.8165 -5.225 -10.2848, -6.74 5.625 -10.3, -6.74 -5.225 -10.3, 3.4 3.7102 -10.3, 3.5256 3.8959 -10.3, 3.603 3.9102 -10.3, 3.4155 3.7875 -10.3, 3.4596 3.8527 -10.3, 5.3 4.3922 -10.3, 5.3 2.005 -10.3, 5.1891 4.2414 -10.3, 3.68 3.8935 -10.3, 3.8478 3.8336 -10.3, 3.4 2.005 -10.3, 4.0222 3.7972 -10.3, 4.2 3.785 -10.3, 4.3867 3.7985 -10.3, 4.7446 3.9046 -10.3, 4.5695 3.8386 -10.3, 5.0577 4.1081 -10.3, 4.9085 3.995 -10.3, 3.4556 6.1508 -10.3, 1.5839 6.9013 -10.3, 1.5357 7.1241 -10.3, -4.6017 -4.7114 -10.3, -5.4957 -7.553 -10.3, -5.7165 -7.3893 -10.3, 2.7016 4.955 -10.3, 1.4554 6.0104 -10.3, 2.9257 5.3421 -10.3, 1.6 6.6739 -10.3, 3.3025 6.0254 -10.3, 3.1701 5.8783 -10.3, 0.8122 5.2788 -10.3, 0.7949 5.0665 -10.3, 0.78 5.2119 -10.3, 0.8662 5.3298 -10.3, 0.8401 5.0074 -10.3, 0.9765 4.955 -10.3, 1.0486 5.4665 -10.3, 0.7739 5.1378 -10.3, 2.9014 5.1457 -10.3, 0.9034 4.9686 -10.3, 2.8836 5.072 -10.3, 2.8397 5.0103 -10.3, 2.776 4.9693 -10.3, 5.3972 5.5917 -10.3, 6.6862 6.1711 -10.3, 6.7265 5.8995 -10.3, 2.9795 -3.9226 -10.3, 2.7016 -3.345 -10.3, 2.9257 -3.7321 -10.3, -0.8036 5.0678 -10.3, -0.8496 5.0081 -10.3, -0.8202 5.2833 -10.3, 1.2097 5.6278 -10.3, 1.3462 5.8103 -10.3, -2.9014 5.1457 -10.3, -2.7016 4.955 -10.3, -2.776 4.9693 -10.3, 1.5351 6.2239 -10.3, 2.9795 5.5326 -10.3, 0.6683 8.1287 -10.3, 0.455 8.209 -10.3, 3.94 8.425 -10.3, 1.5836 6.4466 -10.3, 3.0616 5.7127 -10.3, 1.4563 7.3377 -10.3, 1.3474 7.5379 -10.3, 3.6261 6.2515 -10.3, 1.2111 7.7206 -10.3, 3.8098 6.3251 -10.3, 1.0502 7.882 -10.3, 4.0026 6.3699 -10.3, 0.8681 8.019 -10.3, 0.2324 8.2581 -10.3, 0.0051 8.275 -10.3, -3.94 8.425 -10.3, -4.4861 8.3712 -10.3, -4.2145 8.4115 -10.3, -4.2 6.385 -10.3, -1.3419 7.5465 -10.3, -1.2044 7.7282 -10.3, -5.9198 7.605 -10.3, -5.7161 7.7896 -10.3, -4.9641 6.1367 -10.3, -5.1193 6.0043 -10.3, -4.4033 6.369 -10.3, -4.6017 6.3214 -10.3, -4.7526 8.3044 -10.3, -3.4556 6.1508 -10.3, -1.5824 6.9113 -10.3, -3.3025 6.0254 -10.3, -3.8098 6.3251 -10.3, -4.0026 6.3699 -10.3, -2.9257 5.3421 -10.3, -1.5379 6.2337 -10.3, -1.4596 6.0196 -10.3, -2.9795 5.5326 -10.3, -1.5851 6.4567 -10.3, -2.8397 5.0103 -10.3, -2.8836 5.072 -10.3, -0.988 4.955 -10.3, -1.2163 5.6355 -10.3, -0.8748 5.3353 -10.3, -0.9139 4.9687 -10.3, -0.7879 5.2152 -10.3, -0.7821 5.1401 -10.3, -3.603 3.9102 -10.3, -3.5256 3.8959 -10.3, -3.4 3.7102 -10.3, -1.0563 5.4732 -10.3, -1.3517 5.8189 -10.3, -4.9641 -2.4233 -10.3, -4.7902 3.9267 -10.3, -4.7902 -2.3167 -10.3, -3.0616 5.7127 -10.3, -5.4954 7.9532 -10.3, -5.2597 8.0944 -10.3, -4.7902 6.2433 -10.3, -3.1701 5.8783 -10.3, -1.6 6.6841 -10.3, -1.5328 7.1338 -10.3, -3.6261 6.2515 -10.3, -5.0113 8.2119 -10.3, -6.1043 7.4015 -10.3, -5.2517 5.8491 -10.3, -6.5268 6.6966 -10.3, -6.4093 6.945 -10.3, -6.268 7.1807 -10.3, -5.3583 5.6752 -10.3, -6.6194 6.4379 -10.3, -6.6862 6.1713 -10.3, -5.4364 5.4867 -10.3, -6.7265 5.8995 -10.3, -5.484 5.2883 -10.3, -5.2517 -2.7109 -10.3, -5.2517 4.3209 -10.3, -5.484 -3.2716 -10.3, -5.4364 -3.0733 -10.3, -4.2 -2.175 -10.3, -3.4 -2.1002 -10.3, -4.2 3.785 -10.3, -4.4033 -2.191 -10.3, -3.4155 -2.1775 -10.3, -3.4596 -2.2427 -10.3, -3.603 -2.3002 -10.3, -3.5256 -2.2859 -10.3, -3.8478 -2.2236 -10.3, -3.68 -2.2835 -10.3, -4.0222 -2.1872 -10.3, -3.68 3.8935 -10.3, -3.8478 3.8336 -10.3, -4.0222 3.7972 -10.3, -3.4596 3.8527 -10.3, -3.4155 3.7875 -10.3, -2.8836 -3.462 -10.3, -2.8397 -3.4003 -10.3, -2.9014 -3.5357 -10.3, -2.7016 -3.345 -10.3, -2.9257 -3.7321 -10.3, -4.6017 -2.2386 -10.3, -4.4033 3.801 -10.3, -4.6017 3.8486 -10.3, -5.92 -7.2048 -10.3, -4.7902 -4.6333 -10.3, -5.1193 -2.5558 -10.3, -4.9641 4.0333 -10.3, -5.1193 4.1657 -10.3, -5.3583 -2.8848 -10.3, -5.484 -3.6784 -10.3, -5.4364 -3.8767 -10.3, -5.1193 -4.3943 -10.3, -6.6862 -5.7711 -10.3, -6.7265 -5.4995 -10.3, -5.5 -3.475 -10.3, -4.9641 -4.5267 -10.3, -6.6194 -6.0376 -10.3, -6.4094 -6.5447 -10.3, -6.2682 -6.7804 -10.3, -5.26 -7.6943 -10.3, -4.4033 -4.759 -10.3, -5.0116 -7.8118 -10.3, -4.7529 -7.9044 -10.3, -4.2 -4.775 -10.3, -0.4317 -4.7343 -10.3, -0.6374 -4.8075 -10.3, -4.4863 -7.9712 -10.3, 5.2597 -7.6944 -10.3, 4.3895 -4.7611 -10.3, 4.575 -4.7198 -10.3, 0.0 -4.675 -10.3, -0.2179 -4.6899 -10.3, 5.0113 -7.8119 -10.3, 2.9014 -3.5357 -10.3, 2.8397 -3.4003 -10.3, 2.8836 -3.462 -10.3, 2.776 -3.3593 -10.3, 5.3105 -4.1509 -10.3, 5.3972 -3.9817 -10.3, 6.74 -5.225 -10.3, -2.776 -3.3593 -10.3, 6.74 5.625 -10.3, 5.4583 5.4118 -10.3, -2.9795 -3.9226 -10.3, 3.4556 -4.5408 -10.3, 1.5963 -6.1658 -10.3, 1.5665 -5.9495 -10.3, 1.5076 -5.7392 -10.3, 3.1701 -4.2683 -10.3, 3.3025 -4.4154 -10.3, 3.94 -8.025 -10.3, 1.5665 -6.6005 -10.3, 1.5963 -6.3842 -10.3, 3.6261 -4.6415 -10.3, 3.8098 -4.7151 -10.3, 4.4861 -7.9712 -10.3, 4.2145 -8.0115 -10.3, 4.2 -4.775 -10.3, 4.0026 -4.7599 -10.3, 5.4954 -7.5532 -10.3, 4.7526 -7.9044 -10.3, 6.1043 -7.0015 -10.3, 5.9198 -7.205 -10.3, 4.7524 -4.6518 -10.3, 5.7161 -7.3896 -10.3, 4.9181 -4.5587 -10.3, 6.4093 -6.545 -10.3, 6.268 -6.7807 -10.3, 6.5268 -6.2966 -10.3, 6.6194 -6.0379 -10.3, 5.0684 -4.4424 -10.3, 6.7265 -5.4995 -10.3, 6.6862 -5.7713 -10.3, 5.2001 -4.3055 -10.3, 5.4583 -3.8018 -10.3, 6.74 -3.425 -10.3, 5.4924 -3.6149 -10.3, 5.4991 -3.425 -10.3, 4.2145 8.4115 -10.3, 4.2 6.385 -10.3, 1.3071 -7.1977 -10.3, 1.4206 -7.0111 -10.3, -3.3025 -4.4154 -10.3, -3.1701 -4.2683 -10.3, -1.5076 -5.7392 -10.3, -0.8313 -4.9079 -10.3, -1.5665 -5.9495 -10.3, -1.3071 -5.3523 -10.3, -3.0616 -4.1027 -10.3, -4.0026 -4.7599 -10.3, -3.8098 -4.7151 -10.3, -3.94 -8.025 -10.3, -3.6261 -4.6415 -10.3, -4.2145 -8.0115 -10.3, -6.1046 -7.0011 -10.3, -6.5269 -6.2963 -10.3, -5.2517 -4.2391 -10.3, -5.3583 -4.0652 -10.3, -5.3583 4.4948 -10.3, -5.484 4.8817 -10.3, -5.4364 4.6833 -10.3, -5.5 5.085 -10.3, -1.4521 7.347 -10.3, -1.0425 7.8887 -10.3, -0.659 8.133 -10.3, -0.8595 8.0245 -10.3, -0.4452 8.2119 -10.3, -0.2223 8.2595 -10.3, 4.4863 8.3712 -10.3, 5.26 8.0943 -10.3, 4.575 6.3298 -10.3, 5.0116 8.2118 -10.3, 4.7529 8.3044 -10.3, 4.3895 6.3711 -10.3, 5.7165 7.7893 -10.3, 4.9181 6.1687 -10.3, 5.4957 7.953 -10.3, 4.7524 6.2618 -10.3, 5.2001 5.9155 -10.3, 6.1046 7.4011 -10.3, 6.2682 7.1804 -10.3, 5.92 7.6048 -10.3, 5.0684 6.0524 -10.3, 6.6194 6.4376 -10.3, 5.3105 5.7609 -10.3, 6.5269 6.6963 -10.3, 6.4094 6.9447 -10.3, 5.4924 5.2249 -10.3, 6.74 5.035 -10.3, 5.4991 5.035 -10.3, -1.0097 -5.0339 -10.3, -1.1693 -5.1829 -10.3, -1.4206 -5.5389 -10.3, -1.5963 -6.1658 -10.3, -3.4556 -4.5408 -10.3, -1.5963 -6.3842 -10.3, -1.5665 -6.6005 -10.3, -1.4206 -7.0111 -10.3, -1.5076 -6.8108 -10.3, -1.1693 -7.3671 -10.3, -1.3071 -7.1977 -10.3, -0.8313 -7.6421 -10.3, -1.0097 -7.5161 -10.3, -0.4317 -7.8157 -10.3, -0.6374 -7.7425 -10.3, -0.2179 -7.8601 -10.3, 0.0 -7.875 -10.3, 0.4317 -7.8157 -10.3, 0.2179 -7.8601 -10.3, 1.5076 -6.8108 -10.3, 0.8313 -7.6421 -10.3, 0.6374 -7.7425 -10.3, 1.1693 -7.3671 -10.3, 1.0097 -7.5161 -10.3, 1.4206 -5.5389 -10.3, 1.3071 -5.3523 -10.3, 3.0616 -4.1027 -10.3, 1.1693 -5.1829 -10.3, 1.0097 -5.0339 -10.3, 0.6374 -4.8075 -10.3, 0.8313 -4.9079 -10.3, 0.2179 -4.6899 -10.3, 0.4317 -4.7343 -10.3, 3.4 -0.395 -10.3, 4.0222 -2.1872 -10.3, 3.8478 -2.2236 -10.3, 5.0577 -2.4981 -10.3, 4.9085 -2.3851 -10.3, 5.3 -0.395 -10.3, 5.1891 -2.6314 -10.3, 5.3 -2.7822 -10.3, 4.7446 -2.2946 -10.3, 4.5695 -2.2286 -10.3, 4.3867 -2.1885 -10.3, 4.2 -2.175 -10.3, 3.4596 -2.2427 -10.3, 3.4155 -2.1775 -10.3, 3.4 -2.1002 -10.3, 3.68 -2.2835 -10.3, 3.5256 -2.2859 -10.3, 3.603 -2.3002 -10.3, 0.0 -7.875 -11.34, -0.6374 -7.7425 -11.34, -0.4317 -7.8157 -11.34, -0.2179 -7.8601 -11.34, -1.1693 -7.3671 -11.34, -0.8313 -7.6421 -11.34, -1.0097 -7.5161 -11.34, -1.5076 -6.8108 -11.34, -1.4206 -7.0111 -11.34, -1.3071 -7.1977 -11.34, -1.5963 -6.1658 -11.34, -1.5963 -6.3842 -11.34, -1.5665 -6.6005 -11.34, -1.4206 -5.5389 -11.34, -1.5665 -5.9495 -11.34, -1.5076 -5.7392 -11.34, -1.1693 -5.1829 -11.34, -1.0097 -5.0339 -11.34, -1.3071 -5.3523 -11.34, -0.8313 -4.9079 -11.34, -0.6374 -4.8075 -11.34, -0.4317 -4.7343 -11.34, -0.2179 -4.6899 -11.34, 0.0 -4.675 -11.34, -0.8234 -7.6291 -11.4165, -0.6314 -7.7286 -11.4165, -0.2158 -7.845 -11.4165, -0.4159 -7.7593 -11.4814, -0.2011 -7.7378 -11.5248, -0.2099 -7.802 -11.4814, -0.0 -7.8598 -11.4165, -0.4276 -7.801 -11.4165, -0.5575 -7.5592 -11.54, -0.7672 -7.5366 -11.5248, -0.7272 -7.4713 -11.54, -1.4071 -7.0041 -11.4165, -1.1582 -7.3567 -11.4165, -1.5811 -6.3831 -11.4165, -1.2593 -7.1639 -11.4814, -1.0791 -7.2828 -11.5248, -1.1265 -7.3271 -11.4814, -1.4071 -5.5459 -11.4165, -1.3913 -6.7694 -11.5248, -1.4524 -6.7912 -11.4814, -1.5092 -6.5886 -11.4814, -1.1582 -5.1933 -11.4165, -1.5378 -6.1698 -11.4814, -1.5092 -5.9614 -11.4814, -1.4731 -6.1743 -11.5248, -0.4276 -4.749 -11.4165, -1.2593 -5.3861 -11.4814, -1.311 -5.5957 -11.5248, -1.3686 -5.5659 -11.4814, -0.9728 -5.0793 -11.4814, -0.8009 -4.958 -11.4814, -0.9318 -5.1296 -11.5248, -0.6314 -4.8214 -11.4165, -0.8234 -4.9209 -11.4165, -0.1907 -4.888 -11.54, -0.0 -4.7985 -11.5248, 0.0 -4.875 -11.54, -0.7672 -5.0134 -11.5248, -0.6141 -4.8612 -11.4814, -0.3778 -4.927 -11.54, -0.2011 -4.8122 -11.5248, -0.4159 -4.7907 -11.4814, -0.3984 -4.8532 -11.5248, -0.5883 -4.9207 -11.5248, -0.2099 -4.748 -11.4814, -0.0 -4.6902 -11.4165, -0.0 -4.7336 -11.4814, -0.5579 -4.991 -11.54, -0.2158 -4.705 -11.4165, -1.0791 -5.2672 -11.5248, -1.1265 -5.2229 -11.4814, -1.0001 -5.0457 -11.4165, -1.2063 -5.4235 -11.5248, -1.4524 -5.7588 -11.4814, -1.4457 -5.9746 -11.5248, -1.3913 -5.7806 -11.5248, -1.4933 -5.7443 -11.4165, -1.5516 -5.9526 -11.4165, -1.5378 -6.3802 -11.4814, -1.4457 -6.5754 -11.5248, -1.4731 -6.3757 -11.5248, -1.5516 -6.5974 -11.4165, -1.2063 -7.1265 -11.5248, -1.3686 -6.9841 -11.4814, -1.311 -6.9543 -11.5248, -1.2947 -7.1889 -11.4165, -0.8009 -7.592 -11.4814, -0.9728 -7.4707 -11.4814, -0.9318 -7.4204 -11.5248, -0.3984 -7.6968 -11.5248, -0.6141 -7.6888 -11.4814, -1.0001 -7.5043 -11.4165, 0.0 -7.675 -11.54, -0.1907 -7.662 -11.54, -0.0 -7.8164 -11.4814, -0.0 -7.7515 -11.5248, -0.3775 -7.6231 -11.54, -0.5883 -7.6293 -11.5248, -0.8833 -7.3612 -11.54, -1.023 -7.2308 -11.54, -1.1436 -7.0826 -11.54, -1.4933 -6.8057 -11.4165, -1.2429 -6.9193 -11.54, -1.3191 -6.744 -11.54, -1.3707 -6.5599 -11.54, -1.5811 -6.1669 -11.4165, -1.3967 -6.3706 -11.54, -1.3967 -6.1795 -11.54, -1.3707 -5.9903 -11.54, -1.3192 -5.8064 -11.54, -1.2947 -5.3611 -11.4165, -1.2431 -5.6312 -11.54, -1.1439 -5.4679 -11.54, -1.0234 -5.3196 -11.54, -0.8837 -5.1892 -11.54, -0.7276 -5.0789 -11.54, -3.1238 4.3557 -11.54, -3.0698 4.4426 -11.54, -3.2138 -2.2045 -11.54, -3.0502 -2.8684 -11.54, -3.1474 -2.7121 -11.54, -3.1845 4.2734 -11.54, -2.7807 -3.1529 -11.54, -2.7016 -3.145 -11.54, -2.976 -3.0369 -11.54, -2.8566 -3.1762 -11.54, -2.9264 -3.2141 -11.54, -3.3188 -2.3847 -11.54, -3.2544 -2.3016 -11.54, -3.2657 -2.5711 -11.54, -3.4027 -2.4482 -11.54, -1.4865 2.555 -11.54, -1.5016 2.6503 -11.54, -0.7884 4.8073 -11.54, -3.2 -2.1002 -11.54, -1.5454 2.7363 -11.54, -0.988 4.755 -11.54, -3.2515 4.1959 -11.54, -3.3243 4.1242 -11.54, -2.9831 4.6277 -11.54, -2.7807 4.7629 -11.54, -3.0228 4.5336 -11.54, -2.7016 4.755 -11.54, -2.951 4.7246 -11.54, -2.8566 4.7863 -11.54, -2.9264 4.8241 -11.54, -1.5454 -1.1263 -11.54, 1.5454 -1.1263 -11.54, 0.9176 5.6176 -11.54, 0.9191 7.731 -11.54, 1.0599 7.5897 -11.54, -1.3869 6.4842 -11.54, -1.4 6.6832 -11.54, -1.3846 6.8821 -11.54, -1.6137 -1.1946 -11.54, -1.5016 0.7097 -11.54, -1.5016 -0.8497 -11.54, -1.5454 -0.7637 -11.54, 0.7781 4.8071 -11.54, 1.4865 2.555 -11.54, 0.6953 4.8691 -11.54, -0.5911 5.2522 -11.54, -0.6269 5.3498 -11.54, 0.6194 5.3467 -11.54, 0.5893 5.0447 -11.54, -0.64 4.9508 -11.54, -0.5979 5.0459 -11.54, 1.4 6.6737 -11.54, 1.3856 6.4748 -11.54, 1.386 6.8727 -11.54, 0.758 5.4979 -11.54, 1.0584 5.7586 -11.54, 1.3438 7.0676 -11.54, 1.2734 6.0932 -11.54, 1.2744 7.2546 -11.54, -0.9243 5.6235 -11.54, -0.912 7.7371 -11.54, -0.7518 7.8559 -11.54, -0.6863 5.4352 -11.54, -0.1945 8.0615 -11.54, 0.0045 8.075 -11.54, -1.0643 5.7655 -11.54, -1.3411 7.0767 -11.54, -1.1739 7.4378 -11.54, -1.1828 5.926 -11.54, -1.2772 6.1017 -11.54, -1.3457 6.289 -11.54, -1.2704 7.2632 -11.54, -1.0536 7.5968 -11.54, -0.5765 7.9508 -11.54, -0.7654 5.5028 -11.54, -0.3894 8.0198 -11.54, 0.2034 8.0602 -11.54, 0.3982 8.0172 -11.54, 0.6789 5.4313 -11.54, 1.1791 7.4298 -11.54, 1.1778 5.9182 -11.54, 0.5849 7.947 -11.54, 0.7597 7.8509 -11.54, 1.3431 6.28 -11.54, -1.4865 0.805 -11.54, -1.5016 0.9003 -11.54, 1.5016 0.9003 -11.54, 2.976 4.6469 -11.54, 3.0502 4.4784 -11.54, 2.7807 4.7629 -11.54, 0.8739 4.7683 -11.54, 1.5016 2.6503 -11.54, -0.705 4.8695 -11.54, 0.5833 5.2498 -11.54, -1.5016 2.4597 -11.54, -0.5812 5.1486 -11.54, 0.573 5.1469 -11.54, 0.6309 4.95 -11.54, 0.9765 4.755 -11.54, 1.5454 2.7363 -11.54, 3.1474 4.3221 -11.54, 3.2657 4.1811 -11.54, 2.7016 4.755 -11.54, 2.8566 4.7863 -11.54, 2.9264 4.8241 -11.54, 3.2138 -2.2045 -11.54, 3.0502 -2.8684 -11.54, 3.2 -2.1002 -11.54, 3.1474 -2.7121 -11.54, 3.4027 4.0582 -11.54, 1.6997 2.2616 -11.54, 1.795 2.2465 -11.54, 1.6997 1.0984 -11.54, 3.2657 -2.5711 -11.54, 3.2544 -2.3016 -11.54, 3.3188 -2.3847 -11.54, 2.7807 -3.1529 -11.54, 2.7016 -3.145 -11.54, 3.4027 -2.4482 -11.54, 2.976 -3.0369 -11.54, 2.9264 -3.2141 -11.54, 2.8566 -3.1762 -11.54, 1.6137 2.3054 -11.54, 1.6137 1.0546 -11.54, -1.5454 2.3737 -11.54, -1.5454 0.9863 -11.54, -1.6137 1.0546 -11.54, 2.0884 2.6503 -11.54, 2.1035 2.555 -11.54, 1.5454 0.9863 -11.54, 1.5454 2.3737 -11.54, 1.6137 0.5554 -11.54, 1.6997 0.5116 -11.54, 1.6137 -0.6954 -11.54, 1.8903 1.0984 -11.54, 1.8903 2.2616 -11.54, 1.9763 2.3054 -11.54, 2.0884 2.4597 -11.54, 2.0446 0.9863 -11.54, 2.0446 2.3737 -11.54, 1.9763 1.0546 -11.54, 1.8903 0.5116 -11.54, 1.9763 0.5554 -11.54, 1.8903 -0.6516 -11.54, 2.0884 0.9003 -11.54, 2.0446 -0.7637 -11.54, 2.0446 0.6237 -11.54, 2.0884 0.7097 -11.54, 1.9763 2.8046 -11.54, 1.8903 2.8484 -11.54, 2.0446 2.7363 -11.54, 1.795 2.8635 -11.54, 1.6137 2.8046 -11.54, 1.6997 2.8484 -11.54, -2.0884 0.9003 -11.54, -2.0884 2.4597 -11.54, 1.5454 -0.7637 -11.54, 1.5016 -0.8497 -11.54, 1.5454 0.6237 -11.54, 1.5016 2.4597 -11.54, 1.6997 -0.6516 -11.54, 1.795 0.4965 -11.54, 1.9763 -0.6954 -11.54, 2.1035 0.805 -11.54, 2.0884 -0.8497 -11.54, 1.6137 -1.1946 -11.54, 2.0446 -1.1263 -11.54, 1.6997 -1.2384 -11.54, 1.795 -1.2535 -11.54, 1.795 1.1135 -11.54, -0.8848 4.7683 -11.54, -2.0446 -1.1263 -11.54, -1.8903 0.5116 -11.54, -1.9763 -0.6954 -11.54, -1.9763 0.5554 -11.54, 1.8903 -1.2384 -11.54, 1.9763 -1.1946 -11.54, 2.1035 -0.945 -11.54, 2.0884 -1.0403 -11.54, 1.795 -0.6365 -11.54, 1.5016 0.7097 -11.54, -1.6997 1.0984 -11.54, -1.6137 2.3054 -11.54, -2.1035 2.555 -11.54, -2.0446 2.7363 -11.54, -1.9763 2.8046 -11.54, -1.9763 1.0546 -11.54, -1.9763 2.3054 -11.54, -1.8903 2.2616 -11.54, -2.0446 2.3737 -11.54, -2.0446 0.9863 -11.54, -1.6997 2.2616 -11.54, -1.795 2.2465 -11.54, -1.8903 1.0984 -11.54, -1.6137 -0.6954 -11.54, -1.6997 -0.6516 -11.54, -1.6137 0.5554 -11.54, 1.4865 0.805 -11.54, -1.6997 2.8484 -11.54, -1.6137 2.8046 -11.54, -1.795 2.8635 -11.54, -1.8903 2.8484 -11.54, -2.0884 2.6503 -11.54, -2.1035 0.805 -11.54, -2.0884 0.7097 -11.54, -1.5454 0.6237 -11.54, -2.0884 -0.8497 -11.54, -2.0446 0.6237 -11.54, -2.0446 -0.7637 -11.54, -1.795 0.4965 -11.54, -1.8903 -0.6516 -11.54, -1.6997 0.5116 -11.54, -1.4865 -0.945 -11.54, -1.5016 -1.0403 -11.54, 1.4865 -0.945 -11.54, -1.795 1.1135 -11.54, -2.0884 -1.0403 -11.54, -2.1035 -0.945 -11.54, -1.6997 -1.2384 -11.54, -1.8903 -1.2384 -11.54, -1.9763 -1.1946 -11.54, -1.795 -1.2535 -11.54, 1.5016 -1.0403 -11.54, -1.795 -0.6365 -11.54, 1.2432 -5.6312 -11.54, 1.3192 -5.8064 -11.54, 1.3707 -6.5599 -11.54, 0.5575 -7.5592 -11.54, 1.3967 -6.3706 -11.54, 0.3775 -7.6231 -11.54, 1.3707 -5.9903 -11.54, 1.3967 -6.1795 -11.54, 0.1907 -7.662 -11.54, 1.2429 -6.9193 -11.54, 1.023 -7.2308 -11.54, 0.8833 -7.3612 -11.54, 1.3191 -6.744 -11.54, 0.7272 -7.4713 -11.54, 1.1436 -7.0826 -11.54, 1.1439 -5.4679 -11.54, 1.0234 -5.3196 -11.54, 0.8837 -5.1892 -11.54, 0.7276 -5.0789 -11.54, 0.5579 -4.991 -11.54, 0.3778 -4.927 -11.54, 0.1907 -4.888 -11.54, 4.2 -4.775 -11.75, 3.6098 -4.6333 -11.75, 3.7983 -4.7114 -11.75, 3.9967 -4.759 -11.75, 3.1483 -4.2391 -11.75, 3.4359 -4.5267 -11.75, 3.2808 -4.3943 -11.75, 2.916 -3.6784 -11.75, 2.9636 -3.8767 -11.75, 2.9 -3.475 -11.75, 2.9014 -3.5357 -11.34, 3.0417 -4.0652 -11.75, 2.9001 -3.4819 -11.3972, 2.901 -3.4243 -11.4503, 2.9133 -3.2902 -11.5272, 2.916 -3.2716 -11.75, 2.905 -3.3604 -11.496, 3.0417 -2.8848 -11.75, 2.9636 -3.0733 -11.75, 3.4654 -2.4024 -11.5279, 3.4359 -2.4233 -11.75, 3.2808 -2.5558 -11.75, 3.5249 -2.3639 -11.4951, 3.6098 -2.3167 -11.75, 3.5799 -2.3325 -11.4496, 3.1483 -2.7109 -11.75, 3.6313 -2.3061 -11.3972, 3.68 -2.2835 -11.34, 3.7983 -2.2386 -11.75, 3.9967 -2.191 -11.75, 4.2 -2.175 -11.75, 3.4448 -4.5144 -11.8265, 3.6167 -4.6197 -11.8265, 3.999 -4.744 -11.8265, 4.2 -4.7598 -11.8265, 2.9781 -3.872 -11.8265, 3.803 -4.6969 -11.8265, 3.2915 -4.3835 -11.8265, 3.0553 -4.0583 -11.8265, 3.1606 -4.2302 -11.8265, 3.4703 -4.4793 -11.8914, 3.6659 -4.5233 -11.9348, 3.6364 -4.5811 -11.8914, 2.9152 -3.475 -11.8265, 2.931 -3.676 -11.8265, 3.0939 -4.0386 -11.8914, 3.2482 -4.1665 -11.9348, 3.1957 -4.2047 -11.8914, 3.1517 -2.9409 -11.9348, 3.1538 -3.1354 -11.95, 3.081 -3.1114 -11.9348, 3.0379 -3.6591 -11.9348, 2.9739 -3.6692 -11.8914, 2.9586 -3.475 -11.8914, 3.4448 -2.4356 -11.8265, 3.2915 -2.5665 -11.8265, 3.0193 -3.0914 -11.8914, 3.0939 -2.9114 -11.8914, 3.8364 -2.3561 -11.9348, 3.86 -2.4289 -11.95, 3.7005 -2.4949 -11.95, 3.6167 -2.3303 -11.8265, 3.6659 -2.4267 -11.9348, 4.2 -2.2985 -11.9348, 4.2 -2.375 -11.95, 4.0279 -2.3886 -11.95, 4.0159 -2.3129 -11.9348, 4.0058 -2.2489 -11.8914, 3.8164 -2.2943 -11.8914, 3.999 -2.206 -11.8265, 4.2 -2.1902 -11.8265, 4.2 -2.2336 -11.8914, 3.3222 -2.5972 -11.8914, 3.4703 -2.4707 -11.8914, 3.3681 -2.6431 -11.9348, 3.1606 -2.7198 -11.8265, 3.1957 -2.7453 -11.8914, 3.2482 -2.7834 -11.9348, 3.0553 -2.8917 -11.8265, 2.9781 -3.078 -11.8265, 2.931 -3.274 -11.8265, 2.9739 -3.2808 -11.8914, 3.0235 -3.475 -11.9348, 3.081 -3.8386 -11.9348, 3.0193 -3.8586 -11.8914, 3.154 -3.8152 -11.95, 3.3222 -4.3528 -11.8914, 3.3681 -4.3069 -11.9348, 3.5084 -4.4269 -11.9348, 3.8602 -4.5212 -11.95, 4.0279 -4.5615 -11.95, 3.8364 -4.5939 -11.9348, 3.8164 -4.6557 -11.8914, 4.0058 -4.7011 -11.8914, 4.2 -4.7164 -11.8914, 4.2 -4.6515 -11.9348, 4.0159 -4.637 -11.9348, 4.2 -4.575 -11.95, 3.7008 -4.4552 -11.95, 3.5536 -4.365 -11.95, 3.4224 -4.253 -11.95, 3.3103 -4.1218 -11.95, 3.1517 -4.0091 -11.9348, 3.2201 -3.9746 -11.95, 3.1136 -3.6474 -11.95, 3.1 -3.4753 -11.95, 3.0379 -3.2909 -11.9348, 3.1135 -3.3032 -11.95, 3.2198 -2.9758 -11.95, 3.31 -2.8286 -11.95, 3.4221 -2.6973 -11.95, 3.5084 -2.5232 -11.9348, 3.5533 -2.5852 -11.95, 3.6364 -2.3689 -11.8914, 3.803 -2.2531 -11.8265, 4.8093 -3.6141 -11.95, 5.2864 -3.6474 -11.95, 5.2461 -3.8152 -11.95, 4.2 -4.1 -11.95, 4.3391 -4.0843 -11.95, 4.3721 -4.5615 -11.95, 5.18 -3.9746 -11.95, 5.0897 -4.1218 -11.95, 4.7631 -3.7462 -11.95, 4.4712 -4.0381 -11.95, 4.6992 -4.4552 -11.95, 4.5398 -4.5212 -11.95, 4.5897 -3.9637 -11.95, 4.8463 -4.365 -11.95, 4.9776 -4.253 -11.95, 4.6887 -3.8647 -11.95, 4.0609 -4.0843 -11.95, 3.9288 -4.0381 -11.95, 3.8103 -3.9637 -11.95, 4.825 -3.475 -11.95, 5.3 -3.4753 -11.95, 3.7114 -3.8647 -11.95, 5.2865 -3.3032 -11.95, 4.8093 -3.3359 -11.95, 3.6369 -3.7462 -11.95, 4.7631 -3.2038 -11.95, 5.1802 -2.9758 -11.95, 5.2463 -3.1354 -11.95, 5.09 -2.8286 -11.95, 4.6887 -3.0853 -11.95, 4.978 -2.6973 -11.95, 4.5897 -2.9864 -11.95, 4.8467 -2.5852 -11.95, 3.5907 -3.6141 -11.95, 3.575 -3.475 -11.95, 3.5907 -3.3359 -11.95, 4.2 -2.85 -11.95, 4.3721 -2.3885 -11.95, 4.0609 -2.8657 -11.95, 3.6369 -3.2038 -11.95, 3.9288 -2.9119 -11.95, 3.8103 -2.9864 -11.95, 3.7114 -3.0853 -11.95, 4.4712 -2.9119 -11.95, 4.3391 -2.8657 -11.95, 4.54 -2.4289 -11.95, 4.6995 -2.495 -11.95, 4.8093 4.9459 -11.95, 5.2864 4.9126 -11.95, 5.2461 4.7448 -11.95, 4.2 4.46 -11.95, 4.2 3.985 -11.95, 4.0279 3.9985 -11.95, 4.3391 4.4757 -11.95, 4.3721 3.9985 -11.95, 5.18 4.5854 -11.95, 5.0897 4.4382 -11.95, 4.7631 4.8138 -11.95, 4.4712 4.5219 -11.95, 4.6992 4.1048 -11.95, 4.5398 4.0388 -11.95, 4.5897 4.5963 -11.95, 4.8463 4.195 -11.95, 4.9776 4.307 -11.95, 4.6887 4.6953 -11.95, 3.86 4.0389 -11.95, 4.0609 4.4757 -11.95, 3.5533 4.1952 -11.95, 3.9288 4.5219 -11.95, 3.7005 4.105 -11.95, 3.4221 4.3073 -11.95, 3.8103 4.5963 -11.95, 4.825 5.085 -11.95, 5.3 5.0847 -11.95, 3.7114 4.6953 -11.95, 5.2865 5.2568 -11.95, 4.8093 5.2241 -11.95, 3.31 4.4386 -11.95, 3.6369 4.8138 -11.95, 4.7631 5.3562 -11.95, 5.1802 5.5842 -11.95, 5.2463 5.4246 -11.95, 5.09 5.7314 -11.95, 4.6887 5.4747 -11.95, 4.978 5.8627 -11.95, 4.5897 5.5737 -11.95, 4.8467 5.9748 -11.95, 3.2198 4.5858 -11.95, 3.1538 4.7454 -11.95, 3.1135 4.9132 -11.95, 3.5907 4.9459 -11.95, 3.1136 5.2574 -11.95, 3.575 5.085 -11.95, 3.1 5.0853 -11.95, 3.5907 5.2241 -11.95, 3.154 5.4252 -11.95, 4.2 5.71 -11.95, 4.2 6.185 -11.95, 4.3721 6.1715 -11.95, 3.8602 6.1312 -11.95, 4.0279 6.1715 -11.95, 4.0609 5.6943 -11.95, 3.6369 5.3562 -11.95, 3.7008 6.0652 -11.95, 3.9288 5.6481 -11.95, 3.5536 5.975 -11.95, 3.4224 5.863 -11.95, 3.8103 5.5737 -11.95, 3.7114 5.4747 -11.95, 3.3103 5.7318 -11.95, 3.2201 5.5846 -11.95, 4.4712 5.6481 -11.95, 4.3391 5.6943 -11.95, 4.54 6.1311 -11.95, 4.6995 6.065 -11.95, -3.5907 -3.6141 -11.95, -3.1136 -3.6474 -11.95, -3.154 -3.8152 -11.95, -4.2 -4.1 -11.95, -4.2 -4.575 -11.95, -4.3721 -4.5615 -11.95, -4.0609 -4.0843 -11.95, -4.0279 -4.5615 -11.95, -3.2201 -3.9746 -11.95, -3.3103 -4.1218 -11.95, -3.6369 -3.7462 -11.95, -3.9288 -4.0381 -11.95, -3.7008 -4.4552 -11.95, -3.8602 -4.5212 -11.95, -3.8103 -3.9637 -11.95, -3.5536 -4.365 -11.95, -3.4224 -4.253 -11.95, -3.7114 -3.8647 -11.95, -4.54 -4.5211 -11.95, -4.3391 -4.0843 -11.95, -4.8467 -4.3648 -11.95, -4.4712 -4.0381 -11.95, -4.6995 -4.455 -11.95, -4.978 -4.2527 -11.95, -4.5897 -3.9637 -11.95, -3.575 -3.475 -11.95, -3.1 -3.4753 -11.95, -4.6887 -3.8647 -11.95, -3.1135 -3.3032 -11.95, -3.5907 -3.3359 -11.95, -5.09 -4.1214 -11.95, -4.7631 -3.7462 -11.95, -3.6369 -3.2038 -11.95, -3.2198 -2.9758 -11.95, -3.1538 -3.1354 -11.95, -3.31 -2.8286 -11.95, -3.7114 -3.0853 -11.95, -3.4221 -2.6973 -11.95, -3.8103 -2.9864 -11.95, -3.5533 -2.5852 -11.95, -5.1802 -3.9742 -11.95, -5.2463 -3.8146 -11.95, -5.2865 -3.6468 -11.95, -4.8093 -3.6141 -11.95, -5.2864 -3.3026 -11.95, -4.825 -3.475 -11.95, -5.3 -3.4747 -11.95, -4.8093 -3.3359 -11.95, -5.2461 -3.1348 -11.95, -4.2 -2.85 -11.95, -4.2 -2.375 -11.95, -4.0279 -2.3885 -11.95, -4.5398 -2.4288 -11.95, -4.3721 -2.3885 -11.95, -4.3391 -2.8657 -11.95, -4.7631 -3.2038 -11.95, -4.6992 -2.4948 -11.95, -4.4712 -2.9119 -11.95, -4.8463 -2.585 -11.95, -4.9776 -2.697 -11.95, -4.5897 -2.9864 -11.95, -4.6887 -3.0853 -11.95, -5.0897 -2.8282 -11.95, -5.18 -2.9753 -11.95, -3.9288 -2.9119 -11.95, -4.0609 -2.8657 -11.95, -3.86 -2.4289 -11.95, -3.7005 -2.495 -11.95, -3.5907 4.9459 -11.95, -3.1136 4.9126 -11.95, -3.154 4.7448 -11.95, -4.2 4.46 -11.95, -4.2 3.985 -11.95, -4.3721 3.9985 -11.95, -4.0609 4.4757 -11.95, -4.0279 3.9985 -11.95, -3.2201 4.5854 -11.95, -3.3103 4.4382 -11.95, -3.6369 4.8138 -11.95, -3.9288 4.5219 -11.95, -3.7008 4.1048 -11.95, -3.8602 4.0388 -11.95, -3.8103 4.5963 -11.95, -3.5536 4.195 -11.95, -3.4224 4.307 -11.95, -3.7114 4.6953 -11.95, -4.54 4.0389 -11.95, -4.3391 4.4757 -11.95, -4.8467 4.1952 -11.95, -4.4712 4.5219 -11.95, -4.6995 4.105 -11.95, -4.978 4.3073 -11.95, -4.5897 4.5963 -11.95, -3.575 5.085 -11.95, -3.1 5.0847 -11.95, -4.6887 4.6953 -11.95, -3.1135 5.2568 -11.95, -3.5907 5.2241 -11.95, -5.09 4.4386 -11.95, -4.7631 4.8138 -11.95, -3.6369 5.3562 -11.95, -3.2198 5.5842 -11.95, -3.1538 5.4246 -11.95, -3.31 5.7314 -11.95, -3.7114 5.4747 -11.95, -3.4221 5.8627 -11.95, -3.8103 5.5737 -11.95, -3.5533 5.9748 -11.95, -5.1802 4.5858 -11.95, -5.2463 4.7454 -11.95, -5.2865 4.9132 -11.95, -4.8093 4.9459 -11.95, -5.2864 5.2574 -11.95, -4.825 5.085 -11.95, -5.3 5.0853 -11.95, -4.8093 5.2241 -11.95, -5.2461 5.4252 -11.95, -4.2 5.71 -11.95, -4.2 6.185 -11.95, -4.0279 6.1715 -11.95, -4.5398 6.1312 -11.95, -4.3721 6.1715 -11.95, -4.3391 5.6943 -11.95, -4.7631 5.3562 -11.95, -4.6992 6.0652 -11.95, -4.4712 5.6481 -11.95, -4.8463 5.975 -11.95, -4.9776 5.863 -11.95, -4.5897 5.5737 -11.95, -4.6887 5.4747 -11.95, -5.0897 5.7318 -11.95, -5.18 5.5846 -11.95, -3.9288 5.6481 -11.95, -4.0609 5.6943 -11.95, -3.86 6.1311 -11.95, -3.7005 6.065 -11.95, -4.825 -3.475 -11.5563, -4.8093 -3.6141 -11.5563, -4.7631 -3.7462 -11.5563, -4.6887 -3.8647 -11.5563, -4.5897 -3.9637 -11.5563, -4.4712 -4.0381 -11.5563, -4.3391 -4.0843 -11.5563, -4.2 -4.1 -11.5563, -4.8093 -3.3359 -11.5563, -4.7631 -3.2038 -11.5563, -4.6887 -3.0853 -11.5563, -4.5897 -2.9864 -11.5563, -4.4712 -2.9119 -11.5563, -4.3391 -2.8657 -11.5563, -4.2 -2.85 -11.5563, -3.575 -3.475 -11.5563, -3.5907 -3.3359 -11.5563, -3.6369 -3.2038 -11.5563, -3.7114 -3.0853 -11.5563, -3.8103 -2.9864 -11.5563, -3.9288 -2.9119 -11.5563, -4.0609 -2.8657 -11.5563, -3.5907 -3.6141 -11.5563, -3.6369 -3.7462 -11.5563, -3.7114 -3.8647 -11.5563, -3.8103 -3.9637 -11.5563, -3.9288 -4.0381 -11.5563, -4.0609 -4.0843 -11.5563, -3.6369 5.3562 -11.5563, -3.5907 5.2241 -11.5563, -4.4712 4.5219 -11.5563, -4.0609 4.4757 -11.5563, -4.2 4.46 -11.5563, -3.5907 4.9459 -11.5563, -3.6369 4.8138 -11.5563, -4.3391 4.4757 -11.5563, -3.575 5.085 -11.5563, -3.7114 4.6953 -11.5563, -3.9288 4.5219 -11.5563, -3.8103 4.5963 -11.5563, -4.5897 4.5963 -11.5563, -4.6887 4.6953 -11.5563, -3.7114 5.4747 -11.5563, -3.8103 5.5737 -11.5563, -3.9288 5.6481 -11.5563, -4.7631 4.8138 -11.5563, -4.8093 4.9459 -11.5563, -4.0609 5.6943 -11.5563, -4.825 5.085 -11.5563, -4.8093 5.2241 -11.5563, -4.2 5.71 -11.5563, -4.4712 5.6481 -11.5563, -4.6887 5.4747 -11.5563, -4.5897 5.5737 -11.5563, -4.7631 5.3562 -11.5563, -4.3391 5.6943 -11.5563, 4.7631 5.3562 -11.5563, 4.8093 5.2241 -11.5563, 3.9288 4.5219 -11.5563, 4.3391 4.4757 -11.5563, 4.2 4.46 -11.5563, 4.8093 4.9459 -11.5563, 4.7631 4.8138 -11.5563, 4.0609 4.4757 -11.5563, 4.825 5.085 -11.5563, 4.6887 4.6953 -11.5563, 4.4712 4.5219 -11.5563, 4.5897 4.5963 -11.5563, 3.8103 4.5963 -11.5563, 3.7114 4.6953 -11.5563, 4.6887 5.4747 -11.5563, 4.5897 5.5737 -11.5563, 4.4712 5.6481 -11.5563, 3.6369 4.8138 -11.5563, 3.5907 4.9459 -11.5563, 4.3391 5.6943 -11.5563, 3.575 5.085 -11.5563, 3.5907 5.2241 -11.5563, 4.2 5.71 -11.5563, 3.9288 5.6481 -11.5563, 3.7114 5.4747 -11.5563, 3.8103 5.5737 -11.5563, 3.6369 5.3562 -11.5563, 4.0609 5.6943 -11.5563, 4.7631 -3.2038 -11.5563, 4.8093 -3.3359 -11.5563, 3.9288 -4.0381 -11.5563, 4.3391 -4.0843 -11.5563, 4.2 -4.1 -11.5563, 4.8093 -3.6141 -11.5563, 4.7631 -3.7462 -11.5563, 4.0609 -4.0843 -11.5563, 4.825 -3.475 -11.5563, 4.6887 -3.8647 -11.5563, 4.4712 -4.0381 -11.5563, 4.5897 -3.9637 -11.5563, 3.8103 -3.9637 -11.5563, 3.7114 -3.8647 -11.5563, 4.6887 -3.0853 -11.5563, 4.5897 -2.9864 -11.5563, 4.4712 -2.9119 -11.5563, 3.6369 -3.7462 -11.5563, 3.5907 -3.6141 -11.5563, 4.3391 -2.8657 -11.5563, 3.575 -3.475 -11.5563, 3.5907 -3.3359 -11.5563, 4.2 -2.85 -11.5563, 3.9288 -2.9119 -11.5563, 3.7114 -3.0853 -11.5563, 3.8103 -2.9864 -11.5563, 3.6369 -3.2038 -11.5563, 4.0609 -2.8657 -11.5563, 4.9552 -2.4356 -11.8265, 4.7833 -2.3303 -11.8265, 4.9641 -2.4233 -11.75, 4.4033 -2.191 -11.75, 4.401 -2.206 -11.8265, 5.4219 -3.078 -11.8265, 5.4364 -3.0733 -11.75, 5.484 -3.2716 -11.75, 4.7902 -2.3167 -11.75, 4.597 -2.2531 -11.8265, 5.1193 -2.5558 -11.75, 5.1085 -2.5665 -11.8265, 5.3583 -2.8848 -11.75, 5.3448 -2.8917 -11.8265, 5.2394 -2.7198 -11.8265, 4.9297 -2.4707 -11.8914, 4.7341 -2.4267 -11.9348, 4.7636 -2.3689 -11.8914, 5.4848 -3.475 -11.8265, 5.4689 -3.274 -11.8265, 5.5 -3.475 -11.75, 5.3061 -2.9114 -11.8914, 5.1519 -2.7834 -11.9348, 5.2043 -2.7453 -11.8914, 5.2483 -4.0091 -11.9348, 5.319 -3.8386 -11.9348, 5.362 -3.2909 -11.9348, 5.4261 -3.2808 -11.8914, 5.4414 -3.475 -11.8914, 4.9552 -4.5144 -11.8265, 5.1085 -4.3835 -11.8265, 4.9641 -4.5267 -11.75, 5.3807 -3.8586 -11.8914, 5.3061 -4.0386 -11.8914, 4.5636 -4.5939 -11.9348, 4.7902 -4.6333 -11.75, 4.7833 -4.6197 -11.8265, 4.7341 -4.5233 -11.9348, 4.3841 -4.637 -11.9348, 4.3942 -4.7011 -11.8914, 4.5836 -4.6557 -11.8914, 4.401 -4.744 -11.8265, 5.0778 -4.3528 -11.8914, 4.9297 -4.4793 -11.8914, 5.0319 -4.3069 -11.9348, 4.4033 -4.759 -11.75, 5.2394 -4.2302 -11.8265, 5.1193 -4.3943 -11.75, 5.2043 -4.2047 -11.8914, 5.1519 -4.1665 -11.9348, 4.6017 -4.7114 -11.75, 5.2517 -4.2391 -11.75, 5.3448 -4.0583 -11.8265, 5.4364 -3.8767 -11.75, 5.4219 -3.872 -11.8265, 5.4689 -3.676 -11.8265, 5.4261 -3.6692 -11.8914, 5.3765 -3.475 -11.9348, 5.319 -3.1114 -11.9348, 5.3807 -3.0914 -11.8914, 5.484 -3.6784 -11.75, 5.3583 -4.0652 -11.75, 5.0778 -2.5972 -11.8914, 5.0319 -2.6431 -11.9348, 5.2517 -2.7109 -11.75, 4.8915 -2.5232 -11.9348, 4.5636 -2.3561 -11.9348, 4.5836 -2.2943 -11.8914, 4.3942 -2.2489 -11.8914, 4.6017 -2.2386 -11.75, 4.3841 -2.3129 -11.9348, 5.2483 -2.9409 -11.9348, 5.362 -3.6591 -11.9348, 4.8915 -4.4269 -11.9348, 4.7636 -4.5811 -11.8914, 4.597 -4.6969 -11.8265, 5.4689 -3.1931 -10.2265, 5.4513 -3.1224 -10.2308, 5.4918 -3.3291 -10.2755, 5.4962 -3.3755 -10.2938, 5.3524 -2.8734 -10.293, 5.4049 -2.9869 -10.2703, 5.4823 -3.2626 -10.2453, 6.74 -3.3485 -10.2848, 5.5362 -3.3069 -10.2608, 6.74 -3.2836 -10.2414, 6.74 -3.225 -10.1, 6.74 -3.2402 -10.1765, 5.6864 -3.2318 -10.149, 5.5793 -3.2854 -10.2428, 5.6204 -3.2648 -10.2197, 5.6576 -3.2462 -10.1887, 5.7 -3.225 -10.1, 5.5847 -3.1963 -10.1342, 5.6378 -3.2151 -10.1, 5.642 -3.2237 -10.1422, 5.5323 -3.1787 -10.1696, 5.5367 -3.1512 -10.1334, 5.4955 -3.1269 -10.1778, 5.473 -3.079 -10.1969, 5.4919 -3.0413 -10.1557, 5.5055 -3.0956 -10.14, 5.5099 -3.0872 -10.1, 5.5 -3.025 -10.1, 5.582 -3.1863 -10.1, 5.5732 -3.2577 -10.2173, 5.5214 -3.2187 -10.2063, 5.5379 -3.1419 -10.1, 5.5828 -3.2207 -10.1742, 5.582 -3.1863 -7.7, 5.5379 -3.1419 -7.7, 5.6378 -3.2151 -7.7, 5.7 -3.225 -7.7, 5.5099 -3.0872 -7.7, 5.5 -3.025 -7.7, 6.74 -3.225 -7.7, 5.7 -3.2136 -7.6426, 5.7 -3.1811 -7.5939, 6.7574 -3.1996 -7.6168, 6.7873 -3.1052 -7.5531, 6.7819 -3.1335 -7.562, 5.7 -3.1324 -7.5614, 6.7661 -3.1814 -7.5945, 5.7 -3.075 -7.55, 6.79 -3.075 -7.55, 6.7746 -3.159 -7.576, 6.7491 -3.2133 -7.6423, 6.7433 -3.2218 -7.67, 6.8785 -3.075 -7.521, 6.8763 -3.1225 -7.5274, 6.8366 -3.075 -7.5426, 6.905 -3.2882 -7.6133, 6.8644 -3.2279 -7.5978, 6.9064 -3.2616 -7.5726, 6.8126 -3.2052 -7.6104, 6.8062 -3.2217 -7.6399, 6.9301 -3.3628 -7.7, 6.9042 -3.3049 -7.6569, 6.9319 -3.3604 -7.6426, 6.8582 -3.2594 -7.6667, 6.8607 -3.2477 -7.6317, 6.8013 -3.2311 -7.6705, 6.94 -3.425 -7.7, 6.8022 -3.2349 -7.7, 6.8265 -3.1515 -7.5626, 6.8686 -3.2 -7.5677, 6.8197 -3.1817 -7.5839, 6.832 -3.1155 -7.5484, 6.9121 -3.1312 -7.4922, 6.9103 -3.1819 -7.51, 6.9337 -3.1401 -7.4485, 6.9331 -3.2007 -7.4675, 6.94 -3.2084 -7.4209, 6.9326 -3.075 -7.4466, 6.94 -3.1401 -7.4041, 6.94 -3.075 -7.4, 6.9116 -3.075 -7.4876, 6.8728 -3.1645 -7.5435, 6.8569 -3.2629 -7.7, 6.9083 -3.2258 -7.5375, 6.9013 -3.3069 -7.7, 6.9325 -3.2549 -7.4981, 6.932 -3.3009 -7.5388, 6.9319 -3.3367 -7.5878, 6.94 -3.2712 -7.4497, 6.94 -3.325 -7.4888, 6.94 -3.3688 -7.5372, 6.94 -3.4003 -7.5913, 6.94 -3.4191 -7.646, 6.8785 4.685 -7.521, 6.9116 4.685 -7.4876, 6.8366 4.685 -7.5426, 6.79 4.685 -7.55, 6.9326 4.685 -7.4466, 6.94 4.685 -7.4, 6.94 -5.225 -10.1, 6.94 4.7501 -7.4041, 6.94 4.8183 -7.4209, 6.94 4.8812 -7.4497, 6.94 4.935 -7.4888, 6.94 4.9788 -7.5372, 6.94 5.0103 -7.5913, 6.94 5.0291 -7.646, 6.94 5.035 -7.7, 6.94 5.625 -10.1, 6.94 5.035 -10.1, 6.94 -3.425 -10.1, 6.9248 -3.425 -10.1765, 6.8814 -5.225 -10.2414, 6.8814 -3.425 -10.2414, 6.9248 -5.225 -10.1765, 6.8165 -5.225 -10.2848, 6.8165 -3.425 -10.2848, 6.6927 -6.06 -10.2848, 6.8824 -5.8103 -10.1, 6.9104 -5.5176 -10.1765, 6.9256 -5.5191 -10.1, 6.8108 -6.0959 -10.1, 6.8674 -5.8073 -10.1765, 6.7963 -6.0914 -10.1765, 6.5857 -6.6392 -10.1, 6.5723 -6.632 -10.1765, 6.6976 -6.3672 -10.1765, 6.2473 -7.1185 -10.1765, 6.4218 -6.8833 -10.1765, 6.259 -7.1282 -10.1, 6.6575 -6.3506 -10.2414, 6.7548 -6.0789 -10.2414, 5.7648 -7.4486 -10.2848, 6.3318 -6.8231 -10.2848, 6.3857 -6.8592 -10.2414, 6.2137 -7.091 -10.2414, 5.0408 -7.8826 -10.2848, 5.5983 -7.7068 -10.1765, 5.3542 -7.8707 -10.1, 5.347 -7.8573 -10.1765, 4.775 -7.9777 -10.2848, 4.5223 -8.1524 -10.1765, 4.8064 -8.0813 -10.1765, 4.5253 -8.1674 -10.1, 4.5012 -8.0463 -10.2848, 4.222 -8.0877 -10.2848, 4.2283 -8.1522 -10.2414, 3.94 -8.2098 -10.1765, 3.94 -8.1664 -10.2414, 4.5139 -8.1099 -10.2414, 4.2326 -8.1954 -10.1765, 3.94 -8.225 -10.1, 3.94 -8.1015 -10.2848, 5.296 -7.7619 -10.2848, 5.0822 -7.9826 -10.1765, 4.8109 -8.0958 -10.1, 5.088 -7.9967 -10.1, 5.8335 -7.5323 -10.1765, 5.6067 -7.7194 -10.1, 5.5381 -7.6168 -10.2848, 5.974 -7.259 -10.2848, 6.0506 -7.3356 -10.1765, 5.8432 -7.544 -10.1, 6.4769 -6.581 -10.2848, 6.5341 -6.6116 -10.2414, 6.0613 -7.3463 -10.1, 6.4344 -6.8917 -10.1, 6.5976 -6.3258 -10.2848, 6.7613 -5.7862 -10.2848, 4.2341 -8.2106 -10.1, 6.8672 -5.5133 -10.2414, 6.8027 -5.507 -10.2848, 6.8249 -5.7989 -10.2414, 6.7117 -6.373 -10.1, 6.1636 -7.0498 -10.2848, 6.0199 -7.3049 -10.2414, 5.806 -7.4987 -10.2414, 5.5742 -7.6707 -10.2414, 5.3266 -7.8191 -10.2414, 5.0656 -7.9425 -10.2414, 4.7939 -8.0398 -10.2414, -3.94 -8.2098 -10.1765, -3.94 -8.1664 -10.2414, -3.94 -8.225 -10.1, -3.94 -8.1015 -10.2848, -4.775 -7.9777 -10.2848, -4.5253 -8.1674 -10.1, -4.2326 -8.1954 -10.1765, -4.2341 -8.2106 -10.1, -4.8109 -8.0958 -10.1, -4.5223 -8.1524 -10.1765, -4.8064 -8.0813 -10.1765, -5.3542 -7.8707 -10.1, -5.347 -7.8573 -10.1765, -5.0822 -7.9826 -10.1765, -5.8335 -7.5323 -10.1765, -5.5983 -7.7068 -10.1765, -5.8432 -7.544 -10.1, -5.0656 -7.9425 -10.2414, -4.7939 -8.0398 -10.2414, -6.1636 -7.0498 -10.2848, -5.5381 -7.6168 -10.2848, -5.5742 -7.6707 -10.2414, -5.806 -7.4987 -10.2414, -6.5976 -6.3258 -10.2848, -6.4218 -6.8833 -10.1765, -6.5857 -6.6392 -10.1, -6.5723 -6.632 -10.1765, -6.6927 -6.06 -10.2848, -6.8674 -5.8073 -10.1765, -6.7963 -6.0914 -10.1765, -6.8824 -5.8103 -10.1, -6.7613 -5.7862 -10.2848, -6.8027 -5.507 -10.2848, -6.8672 -5.5133 -10.2414, -6.8249 -5.7989 -10.2414, -6.9104 -5.5176 -10.1765, -6.4769 -6.581 -10.2848, -6.6976 -6.3672 -10.1765, -6.8108 -6.0959 -10.1, -6.7117 -6.373 -10.1, -6.2473 -7.1185 -10.1765, -6.4344 -6.8917 -10.1, -6.3318 -6.8231 -10.2848, -5.974 -7.259 -10.2848, -6.0506 -7.3356 -10.1765, -6.259 -7.1282 -10.1, -5.296 -7.7619 -10.2848, -5.3266 -7.8191 -10.2414, -6.0613 -7.3463 -10.1, -5.6067 -7.7194 -10.1, -5.0408 -7.8826 -10.2848, -4.5012 -8.0463 -10.2848, -6.9256 -5.5191 -10.1, -4.2283 -8.1522 -10.2414, -4.222 -8.0877 -10.2848, -4.5139 -8.1099 -10.2414, -5.088 -7.9967 -10.1, -5.7648 -7.4486 -10.2848, -6.0199 -7.3049 -10.2414, -6.2137 -7.091 -10.2414, -6.3857 -6.8592 -10.2414, -6.5341 -6.6116 -10.2414, -6.6575 -6.3506 -10.2414, -6.7548 -6.0789 -10.2414, 6.8107 -3.2543 -10.1765, 6.7941 -3.2943 -10.2414, 6.7693 -3.3543 -10.2848, 6.8165 -3.2402 -10.1, 6.8707 -3.3709 -10.2414, 6.8707 -3.2943 -10.1765, 6.9107 -3.3543 -10.1765, 6.9248 -3.3485 -10.1, 6.8814 -3.2836 -10.1, 6.7941 -3.3709 -10.2848, 6.84 -3.325 -10.2414, 6.8107 -3.3957 -10.2848, 4.8109 8.4958 -10.1, 4.5253 8.5674 -10.1, 4.2341 8.6106 -10.1, 5.6067 8.1194 -10.1, 5.088 8.3967 -10.1, 5.3542 8.2707 -10.1, 6.259 7.5282 -10.1, 6.0613 7.7463 -10.1, 5.8432 7.944 -10.1, 6.7117 6.773 -10.1, 6.5857 7.0392 -10.1, 6.4344 7.2917 -10.1, 6.8108 6.4959 -10.1, 6.8824 6.2103 -10.1, 6.9256 5.9191 -10.1, 4.775 8.3777 -10.2848, 4.2326 8.5954 -10.1765, 4.5223 8.5524 -10.1765, 3.94 8.6098 -10.1765, 4.8064 8.4813 -10.1765, 5.347 8.2573 -10.1765, 5.0822 8.3826 -10.1765, 5.8335 7.9323 -10.1765, 5.5983 8.1068 -10.1765, 5.0656 8.3425 -10.2414, 4.7939 8.4398 -10.2414, 6.1636 7.4498 -10.2848, 5.5381 8.0168 -10.2848, 5.5742 8.0707 -10.2414, 5.806 7.8987 -10.2414, 6.5976 6.7258 -10.2848, 6.4218 7.2833 -10.1765, 6.5723 7.032 -10.1765, 6.6927 6.46 -10.2848, 6.8674 6.2073 -10.1765, 6.7963 6.4914 -10.1765, 6.7613 6.1862 -10.2848, 6.8027 5.907 -10.2848, 6.8672 5.9133 -10.2414, 6.9248 5.625 -10.1765, 6.8814 5.625 -10.2414, 6.8249 6.1989 -10.2414, 6.9104 5.9176 -10.1765, 6.8165 5.625 -10.2848, 6.4769 6.981 -10.2848, 6.6976 6.7672 -10.1765, 6.2473 7.5185 -10.1765, 6.3318 7.2231 -10.2848, 5.974 7.659 -10.2848, 6.0506 7.7356 -10.1765, 5.296 8.1619 -10.2848, 5.3266 8.2191 -10.2414, 5.0408 8.2826 -10.2848, 4.5012 8.4463 -10.2848, 4.2283 8.5522 -10.2414, 3.94 8.5664 -10.2414, 3.94 8.5015 -10.2848, 4.222 8.4877 -10.2848, 4.5139 8.5099 -10.2414, 5.7648 7.8486 -10.2848, 6.0199 7.7049 -10.2414, 6.2137 7.491 -10.2414, 6.3857 7.2592 -10.2414, 6.5341 7.0116 -10.2414, 6.6575 6.7506 -10.2414, 6.7548 6.4789 -10.2414, 6.8814 5.035 -10.2414, 6.8165 5.035 -10.2848, 6.9248 5.035 -10.1765, 6.8165 4.8643 -10.1707, 6.8814 4.9043 -10.1541, 6.8165 4.8502 -10.1, 6.8814 4.8936 -10.1, 6.9248 4.9643 -10.1293, 6.9248 4.9585 -10.1, 6.74 4.835 -10.1, 6.74 4.8502 -10.1765, 6.8814 4.9809 -10.2307, 6.8165 4.9043 -10.2307, 6.8165 4.9643 -10.2707, 6.74 4.9585 -10.2848, 6.74 4.8936 -10.2414, 6.9248 4.9809 -10.1541, 6.8814 4.935 -10.2, 6.9248 5.0057 -10.1707, 5.687 4.8415 -10.1494, 5.6591 4.8555 -10.1891, 5.7 4.835 -10.1, 5.5362 4.9169 -10.2609, 5.621 4.8745 -10.2197, 5.4962 4.9855 -10.2938, 5.4918 4.9391 -10.2755, 5.5794 4.8953 -10.2429, 4.6017 3.8486 -11.75, 4.2 3.785 -11.75, 4.4033 3.801 -11.75, 5.1193 4.1657 -11.75, 5.2517 4.3209 -11.75, 4.9641 4.0333 -11.75, 4.7902 3.9267 -11.75, 5.485 4.8896 -10.2518, 5.484 4.8817 -11.75, 5.4049 4.5969 -10.2703, 5.4364 4.6833 -11.75, 5.4513 4.7324 -10.2308, 5.484 5.2883 -11.75, 5.5 5.085 -11.75, 5.2517 5.8491 -11.75, 5.4364 5.4867 -11.75, 5.3583 5.6752 -11.75, 4.9641 6.1367 -11.75, 5.1193 6.0043 -11.75, 4.7902 6.2433 -11.75, 4.6017 6.3214 -11.75, 4.4033 6.369 -11.75, 4.2 6.385 -11.75, 5.4763 4.8383 -10.2342, 5.4653 4.7856 -10.2248, 5.3583 4.4948 -11.75, 5.3524 4.4834 -10.293, 5.473 4.689 -10.1969, 5.4848 2.005 -10.1765, 5.4414 2.005 -10.2414, 5.4911 4.6528 -10.1547, 5.5 2.005 -10.1, 5.5 4.635 -10.1, 5.3765 2.005 -10.2848, 5.3707 1.9757 -10.2848, 5.4307 1.9509 -10.2414, 5.4848 1.9285 -10.1, 5.4707 1.9343 -10.1765, 5.3541 1.8743 -10.2414, 5.4307 1.8743 -10.1765, 5.3707 1.8343 -10.1765, 5.3541 1.9509 -10.2848, 5.4 1.905 -10.2414, 5.3293 1.9343 -10.2848, 5.3 1.8202 -10.1765, 5.3 1.8636 -10.2414, 5.3765 1.8202 -10.1, 5.3 1.805 -10.1, 5.4414 1.8636 -10.1, 5.3 1.9285 -10.2848, 3.4 1.8636 -10.2414, 3.4 1.9285 -10.2848, 3.4 1.8202 -10.1765, 3.4 1.805 -10.1, 5.3 1.805 -7.75, 4.5 1.805 -9.0, 3.4 1.805 -9.0, 4.5 1.805 -7.75, 5.3 1.6672 -7.5599, 5.3 1.605 -7.55, 4.5 1.605 -7.55, 5.3 1.7671 -7.6331, 4.5 1.7464 -7.6086, 4.5 1.7898 -7.6735, 5.3 1.7231 -7.5887, 4.5 1.6815 -7.5652, 5.3 1.7951 -7.6878, 5.6447 1.9287 -7.55, 5.65 2.005 -7.55, 5.65 -3.025 -7.55, 5.6834 -3.0716 -7.55, 5.67 -3.0649 -7.55, 4.5 0.005 -7.55, 5.66 -3.0549 -7.55, 5.6534 -3.0416 -7.55, 5.65 -0.395 -7.55, 5.6447 -0.3187 -7.55, 5.67 4.675 -7.55, 5.6834 4.6816 -7.55, 5.65 4.635 -7.55, 5.66 4.665 -7.55, 5.6534 4.6516 -7.55, 5.7 4.685 -7.55, 5.6247 1.851 -7.55, 5.6251 -0.243 -7.55, 5.5917 -0.1704 -7.55, 5.5459 -0.1091 -7.55, 5.5912 1.78 -7.55, 5.5459 1.7191 -7.55, 5.3634 -0.0018 -7.55, 5.3 0.005 -7.55, 5.3634 1.6118 -7.55, 5.4906 -0.0597 -7.55, 5.4899 1.6693 -7.55, 5.4285 -0.0235 -7.55, 5.4272 1.6333 -7.55, 4.5 -0.195 -7.75, 4.5 0.005 -8.8, 4.5 1.6815 -8.8152, 4.5 1.605 -8.8, 4.5 -0.0715 -8.8152, 4.5 -0.1798 -7.6735, 4.5 1.7464 -8.8586, 4.5 1.7898 -8.9235, 4.5 -0.1364 -7.6086, 4.5 -0.0715 -7.5652, 4.5 -0.1364 -8.8586, 4.5 -0.1798 -8.9235, 4.5 -0.195 -9.0, 5.3 -0.195 -7.75, 3.4 -0.195 -10.1, 5.3 -0.195 -10.1, 3.4 -0.195 -9.0, 3.4 -0.3185 -10.2848, 5.3 -0.2102 -10.1765, 3.4 -0.2102 -10.1765, 3.4 -0.2536 -10.2414, 5.3 -0.2536 -10.2414, 5.3 -0.3185 -10.2848, 5.3293 -0.3243 -10.2848, 5.3541 -0.2643 -10.2414, 5.3765 -0.2102 -10.1, 5.3707 -0.2243 -10.1765, 5.4307 -0.3409 -10.2414, 5.4307 -0.2643 -10.1765, 5.4707 -0.3243 -10.1765, 5.3541 -0.3409 -10.2848, 5.4 -0.295 -10.2414, 5.3707 -0.3657 -10.2848, 5.4848 -0.395 -10.1765, 5.4414 -0.395 -10.2414, 5.4848 -0.3185 -10.1, 5.5 -0.395 -10.1, 5.4414 -0.2536 -10.1, 5.3765 -0.395 -10.2848, 5.5 -0.395 -7.7, 5.5615 -0.395 -7.579, 5.5926 -3.025 -7.5614, 5.5439 -3.025 -7.5939, 5.6034 -0.395 -7.5574, 5.5284 -0.395 -7.6124, 5.5114 -3.025 -7.6426, 5.5074 -0.395 -7.6534, 5.573 -3.1157 -7.5939, 5.5508 -3.0709 -7.5939, 5.5994 -3.0559 -7.5606, 5.5189 -3.0807 -7.6448, 5.5458 -3.1351 -7.6448, 5.6144 -3.0861 -7.5606, 5.6389 -3.1106 -7.5606, 5.6093 -3.152 -7.5939, 5.6443 -3.2061 -7.6448, 5.5899 -3.1792 -7.6448, 5.6541 -3.1742 -7.5939, 5.6691 -3.1256 -7.5606, 5.4211 -0.2258 -7.6773, 5.4109 -0.2288 -7.7328, 5.3821 -0.2034 -7.6838, 5.4407 -0.2532 -7.7241, 5.4554 -0.2573 -7.6702, 5.3 -0.1851 -7.6878, 5.3396 -0.1992 -7.7469, 5.3766 -0.2104 -7.7411, 5.3409 -0.1902 -7.6888, 5.472 -0.2394 -7.6214, 5.4825 -0.297 -7.6635, 5.5004 -0.3435 -7.658, 5.5214 -0.3368 -7.6138, 5.4657 -0.2833 -7.7155, 5.6 -0.3194 -7.5564, 5.5354 -0.2673 -7.5798, 5.5565 -0.3283 -7.578, 5.4959 -0.3551 -7.7027, 5.5777 -0.2484 -7.557, 5.4341 -0.2035 -7.6256, 5.345 -0.1622 -7.6319, 5.3549 -0.1168 -7.586, 5.3908 -0.1776 -7.6293, 5.4092 -0.1372 -7.5851, 5.4594 -0.17 -7.5836, 5.3 -0.0572 -7.5599, 5.3689 -0.0615 -7.5582, 5.4842 -0.3175 -7.7082, 5.5019 -0.2844 -7.6172, 5.3 -0.1571 -7.6331, 5.5023 -0.2138 -7.5817, 5.3 -0.1131 -7.5887, 5.5415 -0.1845 -7.5575, 5.493 -0.1305 -7.558, 5.4345 -0.0888 -7.5582, 3.4 1.7898 -8.9235, 3.4 1.605 -8.8, 3.4 -2.1002 -11.34, 3.4 0.005 -8.8, 3.4 -0.1798 -8.9235, 3.4 1.7464 -8.8586, 3.4 -0.0715 -8.8152, 3.4 -0.1364 -8.8586, 3.4 1.6815 -8.8152, 3.5407 3.9012 -11.34, 3.5875 3.9098 -11.34, 3.6343 3.9073 -11.34, 3.68 3.8935 -11.34, 3.5047 3.9874 -11.505, 3.4542 4.0215 -11.5261, 3.639 3.9129 -11.3869, 3.5359 3.9157 -11.4165, 3.5964 3.9347 -11.4309, 3.552 3.9588 -11.4718, 3.3414 -2.1002 -11.4814, 3.2765 -2.1002 -11.5248, 3.3848 -2.1002 -11.4165, 3.4184 -2.2157 -11.4165, 3.3933 -2.1604 -11.4165, 3.4082 -2.1566 -11.34, 3.3517 -2.1725 -11.4814, 3.2894 -2.1906 -11.5248, 3.3864 -2.3431 -11.5248, 3.327 -2.2738 -11.5248, 3.4293 -2.2944 -11.4814, 3.4579 -2.2619 -11.4165, 3.5668 -2.3129 -11.4165, 3.5087 -2.2951 -11.4165, 3.4903 -2.3344 -11.4814, 3.5684 -2.2976 -11.34, 3.6251 -2.2986 -11.34, 3.4309 -2.2069 -11.34, 3.3818 -2.239 -11.4814, 3.4677 -2.2502 -11.34, 3.5148 -2.281 -11.34, 3.7983 3.8486 -11.75, 3.9967 3.801 -11.75, 3.6098 3.9267 -11.75, 3.4359 4.0333 -11.75, 3.2808 4.1657 -11.75, 2.9636 4.6833 -11.75, 3.0417 4.4948 -11.75, 3.1483 4.3209 -11.75, 2.9011 5.0342 -11.4496, 2.9 5.085 -11.75, 2.9049 4.9711 -11.4951, 2.9131 4.9006 -11.5279, 2.916 4.8817 -11.75, 2.9014 5.1457 -11.34, 2.916 5.2883 -11.75, 2.9636 5.4867 -11.75, 3.2808 6.0043 -11.75, 3.1483 5.8491 -11.75, 3.0417 5.6752 -11.75, 3.9967 6.369 -11.75, 3.6098 6.2433 -11.75, 3.4359 6.1367 -11.75, 3.7983 6.3214 -11.75, 2.9002 5.0919 -11.3972, 3.4448 4.0456 -11.8265, 3.6167 3.9403 -11.8265, 3.999 3.816 -11.8265, 4.2 3.8002 -11.8265, 2.9781 4.688 -11.8265, 3.803 3.8631 -11.8265, 3.2915 4.1765 -11.8265, 3.0553 4.5017 -11.8265, 3.1606 4.3298 -11.8265, 3.4703 4.0807 -11.8914, 3.6659 4.0367 -11.9348, 3.6364 3.9789 -11.8914, 2.9152 5.085 -11.8265, 2.931 4.884 -11.8265, 3.0939 4.5214 -11.8914, 3.2482 4.3935 -11.9348, 3.1957 4.3553 -11.8914, 3.1517 5.6191 -11.9348, 3.081 5.4486 -11.9348, 3.0379 4.9009 -11.9348, 2.9739 4.8908 -11.8914, 2.9586 5.085 -11.8914, 3.4448 6.1244 -11.8265, 3.2915 5.9935 -11.8265, 3.0193 5.4686 -11.8914, 3.0939 5.6486 -11.8914, 3.8364 6.2039 -11.9348, 3.6167 6.2297 -11.8265, 3.6659 6.1333 -11.9348, 4.2 6.2615 -11.9348, 4.0159 6.247 -11.9348, 4.0058 6.3111 -11.8914, 3.8164 6.2657 -11.8914, 3.999 6.354 -11.8265, 4.2 6.3698 -11.8265, 4.2 6.3264 -11.8914, 3.3222 5.9628 -11.8914, 3.4703 6.0893 -11.8914, 3.3681 5.9169 -11.9348, 3.1606 5.8402 -11.8265, 3.1957 5.8147 -11.8914, 3.2482 5.7765 -11.9348, 3.0553 5.6683 -11.8265, 2.9781 5.482 -11.8265, 2.931 5.286 -11.8265, 2.9739 5.2792 -11.8914, 3.0235 5.085 -11.9348, 3.081 4.7214 -11.9348, 3.0193 4.7014 -11.8914, 3.3222 4.2072 -11.8914, 3.3681 4.2531 -11.9348, 3.5084 4.1331 -11.9348, 3.8364 3.9661 -11.9348, 3.8164 3.9043 -11.8914, 4.0058 3.8589 -11.8914, 4.2 3.8436 -11.8914, 4.2 3.9085 -11.9348, 4.0159 3.9229 -11.9348, 3.1517 4.5509 -11.9348, 3.0379 5.2691 -11.9348, 3.5084 6.0369 -11.9348, 3.6364 6.1911 -11.8914, 3.803 6.3069 -11.8265, 4.9552 6.1244 -11.8265, 4.7833 6.2297 -11.8265, 4.401 6.354 -11.8265, 5.4219 5.482 -11.8265, 4.597 6.3069 -11.8265, 5.1085 5.9935 -11.8265, 5.3448 5.6683 -11.8265, 5.2394 5.8402 -11.8265, 4.9297 6.0893 -11.8914, 4.7341 6.1333 -11.9348, 4.7636 6.1911 -11.8914, 5.4848 5.085 -11.8265, 5.4689 5.286 -11.8265, 5.3061 5.6486 -11.8914, 5.1519 5.7765 -11.9348, 5.2043 5.8147 -11.8914, 5.2483 4.5509 -11.9348, 5.319 4.7214 -11.9348, 5.362 5.2691 -11.9348, 5.4261 5.2792 -11.8914, 5.4414 5.085 -11.8914, 4.9552 4.0456 -11.8265, 5.1085 4.1765 -11.8265, 5.3807 4.7014 -11.8914, 5.3061 4.5214 -11.8914, 4.5636 3.9661 -11.9348, 4.7833 3.9403 -11.8265, 4.7341 4.0367 -11.9348, 4.3841 3.9229 -11.9348, 4.3942 3.8589 -11.8914, 4.5836 3.9043 -11.8914, 4.401 3.816 -11.8265, 5.0778 4.2072 -11.8914, 4.9297 4.0807 -11.8914, 5.0319 4.2531 -11.9348, 5.2394 4.3298 -11.8265, 5.2043 4.3553 -11.8914, 5.1519 4.3935 -11.9348, 5.3448 4.5017 -11.8265, 5.4219 4.688 -11.8265, 5.4689 4.884 -11.8265, 5.4261 4.8908 -11.8914, 5.3765 5.085 -11.9348, 5.319 5.4486 -11.9348, 5.3807 5.4686 -11.8914, 5.0778 5.9628 -11.8914, 5.0319 5.9169 -11.9348, 4.8915 6.0369 -11.9348, 4.5636 6.2039 -11.9348, 4.5836 6.2657 -11.8914, 4.3942 6.3111 -11.8914, 4.3841 6.247 -11.9348, 5.2483 5.6191 -11.9348, 5.362 4.9009 -11.9348, 4.8915 4.1331 -11.9348, 4.7636 3.9789 -11.8914, 4.597 3.8631 -11.8265, 2.8397 5.0103 -11.34, 2.7984 4.98 -11.34, 2.8712 5.0492 -11.34, 2.8925 5.0953 -11.34, 2.7524 4.9616 -11.34, 2.7016 4.955 -11.34, 2.859 4.8724 -11.5248, 2.8502 4.9993 -11.4165, 2.8274 4.9291 -11.4814, 2.7016 4.8964 -11.4814, 2.7829 4.8419 -11.5248, 2.7016 4.8315 -11.5248, 2.7557 4.9467 -11.4165, 2.8063 4.967 -11.4165, 2.7666 4.9047 -11.4814, 2.7016 4.9398 -11.4165, 0.9765 4.8315 -11.5248, 0.9765 4.955 -11.34, 0.9765 4.9398 -11.4165, 0.9765 4.8964 -11.4814, 0.7811 5.1018 -11.34, 0.7731 5.1531 -11.34, 0.802 5.0537 -11.34, 0.8345 5.0128 -11.34, 0.8759 4.9817 -11.34, 0.9243 4.9619 -11.34, 0.7782 5.2048 -11.34, 0.7966 5.2539 -11.34, 0.8261 5.2958 -11.34, 0.8662 5.3298 -11.34, 0.8934 4.8423 -11.5248, 0.7829 5.2606 -11.4165, 0.7832 5.3357 -11.4814, 0.8151 5.3064 -11.4165, 0.858 5.3426 -11.4165, 0.7144 5.151 -11.4814, 0.7211 5.2178 -11.4814, 0.7577 5.1522 -11.4165, 0.7891 5.0455 -11.4165, 0.752 5.0231 -11.4814, 0.725 5.0846 -11.4814, 0.6871 5.311 -11.5248, 0.6579 5.2325 -11.5248, 0.7938 4.9706 -11.4814, 0.8689 4.968 -11.4165, 0.8476 4.9303 -11.4814, 0.6495 5.1491 -11.5248, 0.6627 5.0663 -11.5248, 0.9098 4.905 -11.4814, 0.7486 4.924 -11.5248, 0.8157 4.8738 -11.5248, 0.9209 4.947 -11.4165, 0.6965 4.9896 -11.5248, 0.824 5.0016 -11.4165, 0.7665 5.0969 -11.4165, 0.7445 5.2808 -11.4814, 0.7353 5.3796 -11.5248, 0.7633 5.208 -11.4165, 0.7994 5.4336 -11.5248, 0.8345 5.379 -11.4814, -1.2474 5.8849 -11.5248, -1.347 6.0702 -11.5248, -0.8665 5.3481 -11.4165, -1.0563 5.4732 -11.34, -1.0462 5.4846 -11.4165, -1.5824 6.9113 -11.34, -1.5328 7.1338 -11.34, -1.5674 6.9091 -11.4165, -0.8748 5.3353 -11.34, -1.1718 5.6735 -11.4814, -0.9748 5.5659 -11.5248, -1.0176 5.5172 -11.4814, -1.6 6.6841 -11.34, -1.5848 6.684 -11.4165, -1.57 6.4587 -11.4165, -1.5379 6.2337 -11.34, -1.5233 6.2378 -11.4165, -1.4457 6.0259 -11.4165, -1.5182 7.1294 -11.4165, -1.4521 7.347 -11.34, -1.4383 7.3406 -11.4165, -1.4627 6.4735 -11.5248, -1.527 6.4646 -11.4814, -1.5414 6.6837 -11.4814, -1.1115 7.647 -11.5248, -1.0326 7.8771 -11.4165, -1.0425 7.8887 -11.34, -0.8595 8.0245 -11.34, -0.6082 8.0205 -11.5248, -0.4109 8.0933 -11.5248, -1.1603 7.6897 -11.4814, -1.0044 7.8443 -11.4814, 0.0047 8.1515 -11.5248, 0.2145 8.1359 -11.5248, -0.6349 8.0796 -11.4814, -0.4289 8.1556 -11.4814, 0.8681 8.019 -11.34, 0.8598 8.0062 -11.4165, 0.6619 8.1149 -11.4165, 0.0049 8.2164 -11.4814, 0.2239 8.2001 -11.4814, 1.3346 7.5297 -11.4165, 1.1996 7.7106 -11.4165, 1.3474 7.5379 -11.34, 1.0502 7.882 -11.34, 1.0402 7.8706 -11.4165, 1.4172 7.0894 -11.5248, 1.4617 6.8838 -11.5248, 1.1176 7.6399 -11.5248, 1.1668 7.6823 -11.4814, 1.2981 7.5063 -11.4814, 1.5259 6.893 -11.4814, 1.4795 7.1076 -11.4814, 1.6 6.6739 -11.34, 1.5848 6.6739 -11.4165, 1.5689 6.8991 -11.4165, 1.5205 6.2281 -11.4165, 1.5686 6.4487 -11.4165, 1.5351 6.2239 -11.34, 1.5414 6.6739 -11.4814, 1.4554 6.0104 -11.34, 1.4415 6.0167 -11.4165, 1.5256 6.4549 -11.4814, 1.4766 6.674 -11.5248, 1.0386 5.478 -11.4165, 1.0486 5.4665 -11.34, 1.3431 6.0616 -11.5248, 1.2423 5.877 -11.5248, 1.2969 5.842 -11.4814, 1.4021 6.0347 -11.4814, 1.1982 5.6378 -11.4165, 1.3334 5.8185 -11.4165, 1.2097 5.6278 -11.34, 1.1163 5.7086 -11.5248, 1.1654 5.6661 -11.4814, 0.9677 5.5598 -11.5248, 1.0102 5.5107 -11.4814, 1.5836 6.4466 -11.34, 1.4166 6.2587 -11.5248, 1.4425 7.3314 -11.4165, 1.5357 7.1241 -11.34, 1.5211 7.1198 -11.4165, 1.3462 5.8103 -11.34, 1.2434 7.4713 -11.5248, 1.403 7.3135 -11.4814, 0.9692 7.7889 -11.5248, 1.0118 7.8378 -11.4814, 1.4563 7.3377 -11.34, 1.5839 6.9013 -11.34, 0.4383 8.1528 -11.4814, 0.6438 8.0755 -11.4814, 0.4199 8.0906 -11.5248, 0.8011 7.9153 -11.5248, 0.6683 8.1287 -11.34, 0.4507 8.1944 -11.4165, 1.2111 7.7206 -11.34, 0.455 8.209 -11.34, 0.2302 8.243 -11.4165, -0.2052 8.1372 -11.5248, 0.005 8.2598 -11.4165, -0.2202 8.2444 -11.4165, 0.0051 8.275 -11.34, 0.2324 8.2581 -11.34, -0.441 8.1972 -11.4165, -0.2223 8.2595 -11.34, -0.7932 7.9204 -11.5248, -0.659 8.133 -11.34, -0.6528 8.1191 -11.4165, -0.8513 8.0117 -11.4165, -1.1929 7.7182 -11.4165, -0.4452 8.2119 -11.34, -1.3291 7.5381 -11.4165, -1.2044 7.7282 -11.34, -1.3989 7.3224 -11.4814, -1.2927 7.5145 -11.4814, -1.34 7.2951 -11.5248, -1.4603 6.8931 -11.5248, -1.5245 6.9027 -11.4814, -1.4767 7.117 -11.4814, -1.2383 7.4792 -11.5248, -1.3419 7.5465 -11.34, -1.4193 6.2677 -11.5248, -1.4816 6.2498 -11.4814, -1.5851 6.4567 -11.34, -1.4062 6.0436 -11.4814, -1.3388 5.827 -11.4165, -1.2047 5.6454 -11.4165, -1.3517 5.8189 -11.34, -1.4596 6.0196 -11.34, -0.8428 5.3844 -11.4814, -1.2163 5.6355 -11.34, -0.8073 5.4387 -11.5248, -1.1225 5.7157 -11.5248, -1.3022 5.8502 -11.4814, -1.4765 6.6834 -11.5248, -1.4145 7.0984 -11.5248, -0.9621 7.795 -11.5248, -0.828 7.9751 -11.4814, -0.2142 8.2015 -11.4814, 0.6167 8.0166 -11.5248, 0.8363 7.9698 -11.4814, 1.344 7.2866 -11.5248, 1.4614 6.4642 -11.5248, 1.4789 6.2404 -11.4814, -0.7898 5.1024 -11.34, -0.8114 5.0543 -11.34, -0.7811 5.1549 -11.34, -0.7861 5.2076 -11.34, -0.8041 5.2569 -11.34, -0.8343 5.3006 -11.34, -0.8441 5.0131 -11.34, -0.887 4.9814 -11.34, -0.9351 4.9619 -11.34, -0.988 4.955 -11.34, -0.743 5.3839 -11.5248, -0.879 4.9683 -11.4165, -0.9316 4.947 -11.4165, -0.988 4.9398 -11.4165, -0.7334 5.0863 -11.4814, -0.7659 5.1547 -11.4165, -0.7225 5.1533 -11.4814, -0.7582 4.9245 -11.5248, -0.8259 4.874 -11.5248, -0.7524 5.2846 -11.4814, -0.729 5.2208 -11.4814, -0.7908 5.2646 -11.4165, -0.6712 5.0678 -11.5248, -0.7055 4.9905 -11.5248, -0.7911 5.3403 -11.4814, -0.6657 5.2352 -11.5248, -0.6948 5.3145 -11.5248, -0.8233 5.3112 -11.4165, -0.775 5.0986 -11.4165, -0.8334 5.0023 -11.4165, -0.7609 5.0242 -11.4814, -0.9042 4.8423 -11.5248, -0.988 4.8315 -11.5248, -0.988 4.8964 -11.4814, -0.9206 4.9051 -11.4814, -0.8577 4.9306 -11.4814, -0.6577 5.1511 -11.5248, -0.7713 5.2112 -11.4165, -0.798 5.0467 -11.4165, -0.8033 4.9711 -11.4814, -2.7016 4.8964 -11.4814, -2.7016 4.9398 -11.4165, -2.7016 4.955 -11.34, -2.7016 4.8315 -11.5248, -2.859 4.8724 -11.5248, -2.9143 4.899 -11.5233, -2.8274 4.9291 -11.4814, -2.7829 4.8419 -11.5248, -2.7557 4.9467 -11.4165, -2.8063 4.967 -11.4165, -2.8502 4.9993 -11.4165, -2.7994 4.9807 -11.34, -2.7666 4.9047 -11.4814, -2.9008 5.0909 -11.3959, -2.8925 5.0953 -11.34, -2.8719 5.0502 -11.34, -2.902 5.0325 -11.4476, -2.9014 5.1457 -11.34, -2.7524 4.9616 -11.34, -2.8802 4.968 -11.4814, -2.9059 4.9695 -11.4926, -2.8397 5.0103 -11.34, -4.2 6.385 -11.75, -3.6098 6.2433 -11.75, -3.7983 6.3214 -11.75, -3.9967 6.369 -11.75, -3.1483 5.8491 -11.75, -3.4359 6.1367 -11.75, -3.2808 6.0043 -11.75, -2.916 5.2883 -11.75, -2.9636 5.4867 -11.75, -2.9 5.085 -11.75, -3.0417 5.6752 -11.75, -2.916 4.8817 -11.75, -2.9636 4.6833 -11.75, -3.2808 4.1657 -11.75, -3.1483 4.3209 -11.75, -3.4359 4.0333 -11.75, -3.5099 3.9832 -11.505, -3.4609 4.0156 -11.5293, -3.6098 3.9267 -11.75, -3.5562 3.9554 -11.4715, -3.5992 3.9323 -11.4307, -3.6405 3.9117 -11.3869, -3.7983 3.8486 -11.75, -3.68 3.8935 -11.34, -3.9967 3.801 -11.75, -4.2 3.785 -11.75, -3.0417 4.4948 -11.75, -3.4448 6.1244 -11.8265, -3.6167 6.2297 -11.8265, -3.999 6.354 -11.8265, -4.2 6.3698 -11.8265, -2.9781 5.482 -11.8265, -3.803 6.3069 -11.8265, -3.2915 5.9935 -11.8265, -3.0553 5.6683 -11.8265, -3.1606 5.8402 -11.8265, -3.4703 6.0893 -11.8914, -3.6659 6.1333 -11.9348, -3.6364 6.1911 -11.8914, -2.9152 5.085 -11.8265, -2.931 5.286 -11.8265, -3.0939 5.6486 -11.8914, -3.2482 5.7765 -11.9348, -3.1957 5.8147 -11.8914, -3.1517 4.5509 -11.9348, -3.081 4.7214 -11.9348, -3.0379 5.2691 -11.9348, -2.9739 5.2792 -11.8914, -2.9586 5.085 -11.8914, -3.4448 4.0456 -11.8265, -3.2915 4.1765 -11.8265, -3.0193 4.7014 -11.8914, -3.0939 4.5214 -11.8914, -3.8364 3.9661 -11.9348, -3.6167 3.9403 -11.8265, -3.6659 4.0367 -11.9348, -4.2 3.9085 -11.9348, -4.0159 3.9229 -11.9348, -4.0058 3.8589 -11.8914, -3.8164 3.9043 -11.8914, -3.999 3.816 -11.8265, -4.2 3.8002 -11.8265, -4.2 3.8436 -11.8914, -3.3222 4.2072 -11.8914, -3.4703 4.0807 -11.8914, -3.3681 4.2531 -11.9348, -3.1606 4.3298 -11.8265, -3.1957 4.3553 -11.8914, -3.2482 4.3935 -11.9348, -3.0553 4.5017 -11.8265, -2.9781 4.688 -11.8265, -2.931 4.884 -11.8265, -2.9739 4.8908 -11.8914, -3.0235 5.085 -11.9348, -3.081 5.4486 -11.9348, -3.0193 5.4686 -11.8914, -3.3222 5.9628 -11.8914, -3.3681 5.9169 -11.9348, -3.5084 6.0369 -11.9348, -3.8364 6.2039 -11.9348, -3.8164 6.2657 -11.8914, -4.0058 6.3111 -11.8914, -4.2 6.3264 -11.8914, -4.2 6.2615 -11.9348, -4.0159 6.247 -11.9348, -3.1517 5.6191 -11.9348, -3.0379 4.9009 -11.9348, -3.5084 4.1331 -11.9348, -3.6364 3.9789 -11.8914, -3.803 3.8631 -11.8265, -4.9552 4.0456 -11.8265, -4.7833 3.9403 -11.8265, -4.9641 4.0333 -11.75, -4.4033 3.801 -11.75, -4.401 3.816 -11.8265, -5.4219 4.688 -11.8265, -5.4364 4.6833 -11.75, -5.484 4.8817 -11.75, -4.7902 3.9267 -11.75, -4.597 3.8631 -11.8265, -5.1193 4.1657 -11.75, -5.1085 4.1765 -11.8265, -5.3583 4.4948 -11.75, -5.3448 4.5017 -11.8265, -5.2394 4.3298 -11.8265, -4.9297 4.0807 -11.8914, -4.7341 4.0367 -11.9348, -4.7636 3.9789 -11.8914, -5.4848 5.085 -11.8265, -5.4689 4.884 -11.8265, -5.5 5.085 -11.75, -5.3061 4.5214 -11.8914, -5.1519 4.3935 -11.9348, -5.2043 4.3553 -11.8914, -5.2483 5.6191 -11.9348, -5.319 5.4486 -11.9348, -5.362 4.9009 -11.9348, -5.4261 4.8908 -11.8914, -5.4414 5.085 -11.8914, -4.9552 6.1244 -11.8265, -5.1085 5.9935 -11.8265, -4.9641 6.1367 -11.75, -5.3807 5.4686 -11.8914, -5.3061 5.6486 -11.8914, -4.5636 6.2039 -11.9348, -4.7902 6.2433 -11.75, -4.7833 6.2297 -11.8265, -4.7341 6.1333 -11.9348, -4.3841 6.247 -11.9348, -4.3942 6.3111 -11.8914, -4.5836 6.2657 -11.8914, -4.401 6.354 -11.8265, -5.0778 5.9628 -11.8914, -4.9297 6.0893 -11.8914, -5.0319 5.9169 -11.9348, -4.4033 6.369 -11.75, -5.2394 5.8402 -11.8265, -5.1193 6.0043 -11.75, -5.2043 5.8147 -11.8914, -5.1519 5.7765 -11.9348, -4.6017 6.3214 -11.75, -5.2517 5.8491 -11.75, -5.3448 5.6683 -11.8265, -5.4364 5.4867 -11.75, -5.4219 5.482 -11.8265, -5.4689 5.286 -11.8265, -5.4261 5.2792 -11.8914, -5.3765 5.085 -11.9348, -5.319 4.7214 -11.9348, -5.3807 4.7014 -11.8914, -5.484 5.2883 -11.75, -5.3583 5.6752 -11.75, -5.0778 4.2072 -11.8914, -5.0319 4.2531 -11.9348, -5.2517 4.3209 -11.75, -4.8915 4.1331 -11.9348, -4.5636 3.9661 -11.9348, -4.5836 3.9043 -11.8914, -4.3942 3.8589 -11.8914, -4.6017 3.8486 -11.75, -4.3841 3.9229 -11.9348, -5.2483 4.5509 -11.9348, -5.362 5.2691 -11.9348, -4.8915 6.0369 -11.9348, -4.7636 6.1911 -11.8914, -4.597 6.3069 -11.8265, -3.5454 3.9026 -11.34, -3.5901 3.9099 -11.34, -3.636 3.907 -11.34, -3.5413 3.9165 -11.4146, -3.3414 -2.1002 -11.4814, -3.3848 -2.1002 -11.4165, -3.4 -2.1002 -11.34, -3.2765 -2.1002 -11.5248, -3.3933 -2.1604 -11.4165, -3.3517 -2.1725 -11.4814, -3.3818 -2.239 -11.4814, -3.2894 -2.1906 -11.5248, -3.3864 -2.3431 -11.5248, -3.4645 -2.4042 -11.5233, -3.4293 -2.2944 -11.4814, -3.4579 -2.2619 -11.4165, -3.4184 -2.2157 -11.4165, -3.4684 -2.2506 -11.34, -3.5087 -2.2951 -11.4165, -3.6306 -2.3071 -11.396, -3.6251 -2.2986 -11.34, -3.5699 -2.2979 -11.34, -3.5668 -2.3129 -11.4165, -3.5154 -2.2815 -11.34, -3.68 -2.2835 -11.34, -3.327 -2.2738 -11.5248, -3.4082 -2.1566 -11.34, -3.4318 -2.2081 -11.34, -3.5788 -2.334 -11.4476, -3.4903 -2.3344 -11.4814, -3.5239 -2.3655 -11.4926, -4.2 -2.175 -11.75, -3.7983 -2.2386 -11.75, -3.9967 -2.191 -11.75, -3.6098 -2.3167 -11.75, -3.4359 -2.4233 -11.75, -3.2808 -2.5558 -11.75, -2.9636 -3.0733 -11.75, -3.0417 -2.8848 -11.75, -3.1483 -2.7109 -11.75, -2.9011 -3.4242 -11.4496, -2.9 -3.475 -11.75, -2.9049 -3.3611 -11.4951, -2.9131 -3.2906 -11.5279, -2.916 -3.2716 -11.75, -2.9014 -3.5357 -11.34, -2.916 -3.6784 -11.75, -2.9636 -3.8767 -11.75, -3.2808 -4.3943 -11.75, -3.1483 -4.2391 -11.75, -3.0417 -4.0652 -11.75, -3.9967 -4.759 -11.75, -3.6098 -4.6333 -11.75, -3.4359 -4.5267 -11.75, -3.7983 -4.7114 -11.75, -4.2 -4.775 -11.75, -2.9002 -3.4819 -11.3972, -3.4448 -2.4356 -11.8265, -3.6167 -2.3303 -11.8265, -3.999 -2.206 -11.8265, -4.2 -2.1902 -11.8265, -2.9781 -3.078 -11.8265, -3.803 -2.2531 -11.8265, -3.2915 -2.5665 -11.8265, -3.0553 -2.8917 -11.8265, -3.1606 -2.7198 -11.8265, -3.4703 -2.4707 -11.8914, -3.6659 -2.4267 -11.9348, -3.6364 -2.3689 -11.8914, -2.9152 -3.475 -11.8265, -2.931 -3.274 -11.8265, -3.0939 -2.9114 -11.8914, -3.2482 -2.7834 -11.9348, -3.1957 -2.7453 -11.8914, -3.1517 -4.0091 -11.9348, -3.081 -3.8386 -11.9348, -3.0379 -3.2909 -11.9348, -2.9739 -3.2808 -11.8914, -2.9586 -3.475 -11.8914, -3.4448 -4.5144 -11.8265, -3.2915 -4.3835 -11.8265, -3.0193 -3.8586 -11.8914, -3.0939 -4.0386 -11.8914, -3.8364 -4.5939 -11.9348, -3.6167 -4.6197 -11.8265, -3.6659 -4.5233 -11.9348, -4.2 -4.6515 -11.9348, -4.0159 -4.637 -11.9348, -4.0058 -4.7011 -11.8914, -3.8164 -4.6557 -11.8914, -3.999 -4.744 -11.8265, -4.2 -4.7598 -11.8265, -4.2 -4.7164 -11.8914, -3.3222 -4.3528 -11.8914, -3.4703 -4.4793 -11.8914, -3.3681 -4.3069 -11.9348, -3.1606 -4.2302 -11.8265, -3.1957 -4.2047 -11.8914, -3.2482 -4.1665 -11.9348, -3.0553 -4.0583 -11.8265, -2.9781 -3.872 -11.8265, -2.931 -3.676 -11.8265, -2.9739 -3.6692 -11.8914, -3.0235 -3.475 -11.9348, -3.081 -3.1114 -11.9348, -3.0193 -3.0914 -11.8914, -3.3222 -2.5972 -11.8914, -3.3681 -2.6431 -11.9348, -3.5084 -2.5232 -11.9348, -3.8364 -2.3561 -11.9348, -3.8164 -2.2943 -11.8914, -4.0058 -2.2489 -11.8914, -4.2 -2.2336 -11.8914, -4.2 -2.2985 -11.9348, -4.0159 -2.3129 -11.9348, -3.1517 -2.9409 -11.9348, -3.0379 -3.6591 -11.9348, -3.5084 -4.4269 -11.9348, -3.6364 -4.5811 -11.8914, -3.803 -4.6969 -11.8265, -4.9552 -4.5144 -11.8265, -4.7833 -4.6197 -11.8265, -4.9641 -4.5267 -11.75, -4.4033 -4.759 -11.75, -4.401 -4.744 -11.8265, -5.4219 -3.872 -11.8265, -5.4364 -3.8767 -11.75, -5.484 -3.6784 -11.75, -4.7902 -4.6333 -11.75, -4.597 -4.6969 -11.8265, -5.1193 -4.3943 -11.75, -5.1085 -4.3835 -11.8265, -5.3583 -4.0652 -11.75, -5.3448 -4.0583 -11.8265, -5.2394 -4.2302 -11.8265, -4.9297 -4.4793 -11.8914, -4.7341 -4.5233 -11.9348, -4.7636 -4.5811 -11.8914, -5.4848 -3.475 -11.8265, -5.4689 -3.676 -11.8265, -5.5 -3.475 -11.75, -5.3061 -4.0386 -11.8914, -5.1519 -4.1665 -11.9348, -5.2043 -4.2047 -11.8914, -5.2483 -2.9409 -11.9348, -5.319 -3.1114 -11.9348, -5.362 -3.6591 -11.9348, -5.4261 -3.6692 -11.8914, -5.4414 -3.475 -11.8914, -4.9552 -2.4356 -11.8265, -5.1085 -2.5665 -11.8265, -4.9641 -2.4233 -11.75, -5.3807 -3.0914 -11.8914, -5.3061 -2.9114 -11.8914, -4.5636 -2.3561 -11.9348, -4.7902 -2.3167 -11.75, -4.7833 -2.3303 -11.8265, -4.7341 -2.4267 -11.9348, -4.3841 -2.3129 -11.9348, -4.3942 -2.2489 -11.8914, -4.5836 -2.2943 -11.8914, -4.401 -2.206 -11.8265, -5.0778 -2.5972 -11.8914, -4.9297 -2.4707 -11.8914, -5.0319 -2.6431 -11.9348, -4.4033 -2.191 -11.75, -5.2394 -2.7198 -11.8265, -5.1193 -2.5558 -11.75, -5.2043 -2.7453 -11.8914, -5.1519 -2.7834 -11.9348, -4.6017 -2.2386 -11.75, -5.2517 -2.7109 -11.75, -5.3448 -2.8917 -11.8265, -5.4364 -3.0733 -11.75, -5.4219 -3.078 -11.8265, -5.4689 -3.274 -11.8265, -5.4261 -3.2808 -11.8914, -5.3765 -3.475 -11.9348, -5.319 -3.8386 -11.9348, -5.3807 -3.8586 -11.8914, -5.484 -3.2716 -11.75, -5.3583 -2.8848 -11.75, -5.0778 -4.3528 -11.8914, -5.0319 -4.3069 -11.9348, -5.2517 -4.2391 -11.75, -4.8915 -4.4269 -11.9348, -4.5636 -4.5939 -11.9348, -4.5836 -4.6557 -11.8914, -4.3942 -4.7011 -11.8914, -4.6017 -4.7114 -11.75, -4.3841 -4.637 -11.9348, -5.2483 -4.0091 -11.9348, -5.362 -3.2909 -11.9348, -4.8915 -2.5232 -11.9348, -4.7636 -2.3689 -11.8914, -4.597 -2.2531 -11.8265, -2.8397 -3.4003 -11.34, -2.7984 -3.37 -11.34, -2.8712 -3.4392 -11.34, -2.8925 -3.4853 -11.34, -2.7524 -3.3516 -11.34, -2.7016 -3.345 -11.34, -2.8502 -3.3893 -11.4165, -2.859 -3.2624 -11.5248, -2.8274 -3.3191 -11.4814, -2.7016 -3.2864 -11.4814, -2.7829 -3.2319 -11.5248, -2.7016 -3.2215 -11.5248, -2.7557 -3.3367 -11.4165, -2.8063 -3.357 -11.4165, -2.7666 -3.2947 -11.4814, -2.7016 -3.3298 -11.4165, 2.7016 -3.2864 -11.4814, 2.7016 -3.3298 -11.4165, 2.7016 -3.345 -11.34, 2.7016 -3.2215 -11.5248, 2.859 -3.2624 -11.5248, 2.8274 -3.3191 -11.4814, 2.7829 -3.2319 -11.5248, 2.7557 -3.3367 -11.4165, 2.8063 -3.357 -11.4165, 2.8502 -3.3893 -11.4165, 2.7994 -3.3707 -11.34, 2.7666 -3.2947 -11.4814, 2.8925 -3.4853 -11.34, 2.8719 -3.4401 -11.34, 2.7524 -3.3516 -11.34, 2.8802 -3.3579 -11.4814, 2.8397 -3.4003 -11.34, 6.758 4.8098 -7.6163, 6.7668 4.7912 -7.594, 5.7 4.7911 -7.5939, 5.7 4.8236 -7.6426, 6.7751 4.7689 -7.5757, 6.7435 4.832 -7.67, 6.7498 4.8234 -7.6418, 5.7 4.7424 -7.5614, 5.7 4.835 -7.7, 6.74 4.835 -7.7, 6.7823 4.7431 -7.5617, 6.7873 4.7152 -7.5531, 6.8013 4.8411 -7.6705, 6.8022 4.8449 -7.7, 6.8728 4.7745 -7.5435, 6.8763 4.7325 -7.5274, 6.832 4.7255 -7.5484, 6.9103 4.7919 -7.51, 6.9121 4.7412 -7.4922, 6.9337 4.75 -7.4485, 6.8265 4.7615 -7.5626, 6.8197 4.7917 -7.5839, 6.8607 4.8578 -7.6317, 6.8644 4.8379 -7.5978, 6.8126 4.8152 -7.6104, 6.8062 4.8317 -7.6399, 6.9319 4.9704 -7.6426, 6.905 4.8982 -7.6133, 6.9042 4.9148 -7.6569, 6.8581 4.8737 -7.7, 6.9319 4.9467 -7.5878, 6.9301 4.9728 -7.7, 6.8582 4.8694 -7.6667, 6.9021 4.9181 -7.7, 6.8686 4.81 -7.5677, 6.9064 4.8716 -7.5726, 6.9083 4.8357 -7.5375, 6.932 4.9109 -7.5388, 6.9325 4.865 -7.4981, 6.9331 4.8107 -7.4675, 5.7 4.835 -8.9, 5.5831 4.7971 -7.7, 5.582 4.7963 -10.1, 5.6378 4.8251 -7.7, 5.6378 4.8251 -10.1, 5.5379 4.7519 -10.1, 5.5387 4.7531 -7.7, 5.5099 4.6972 -7.7, 5.5099 4.6972 -10.1, 5.5 4.635 -7.7, 5.6093 4.762 -7.5939, 5.6541 4.7842 -7.5939, 5.6691 4.7356 -7.5606, 5.6443 4.8161 -7.6448, 5.5899 4.7892 -7.6448, 5.6389 4.7206 -7.5606, 5.6144 4.6961 -7.5606, 5.573 4.7257 -7.5939, 5.5189 4.6907 -7.6448, 5.5458 4.7451 -7.6448, 5.5114 4.635 -7.6426, 5.5508 4.6809 -7.5939, 5.5994 4.6659 -7.5606, 5.5926 4.635 -7.5614, 5.5439 4.635 -7.5939, 5.5624 2.005 -7.5784, 5.529 2.005 -7.6115, 5.6034 2.005 -7.5574, 5.5074 2.005 -7.6534, 5.5 2.005 -7.7, 5.4825 1.907 -7.6635, 5.4554 1.8673 -7.6702, 5.466 1.8936 -7.715, 5.4115 1.8387 -7.7323, 5.4211 1.8358 -7.6773, 5.3821 1.8134 -7.6838, 5.4846 1.928 -7.7078, 5.5004 1.9535 -7.658, 5.4959 1.9652 -7.7027, 5.4415 1.8636 -7.7234, 5.345 1.7722 -7.6319, 5.3409 1.8002 -7.6888, 5.3549 1.7268 -7.586, 5.3689 1.6715 -7.5582, 5.3398 1.809 -7.7467, 5.3908 1.7876 -7.6293, 5.4341 1.8135 -7.6256, 5.4594 1.78 -7.5836, 5.4345 1.6988 -7.5582, 5.4092 1.7472 -7.5851, 5.5354 1.8773 -7.5798, 5.5023 1.8238 -7.5817, 5.472 1.8494 -7.6214, 5.5019 1.8944 -7.6172, 5.5214 1.9468 -7.6138, 5.5565 1.9383 -7.578, 5.6 1.9294 -7.5564, 5.3773 1.8204 -7.7404, 5.493 1.7405 -7.558, 5.5415 1.7945 -7.5575, 5.5777 1.8584 -7.557, 5.6294 4.8295 -10.14, 5.5043 4.7522 -10.1742, 5.5287 4.7503 -10.1342, 5.5013 4.693 -10.1422, 5.5463 4.8027 -10.1696, 5.5738 4.7983 -10.1334, 5.5981 4.8395 -10.1778, 5.5544 4.8556 -10.2116, 5.5033 4.8764 -10.2406, 5.5063 4.8136 -10.2063, -3.94 8.6098 -10.1765, -3.94 8.5664 -10.2414, -3.94 8.5015 -10.2848, -6.8108 6.4959 -10.1, -6.8824 6.2103 -10.1, -6.9256 5.9191 -10.1, -6.4344 7.2917 -10.1, -6.7117 6.773 -10.1, -6.5857 7.0392 -10.1, -5.8432 7.944 -10.1, -6.0613 7.7463 -10.1, -6.259 7.5282 -10.1, -5.088 8.3967 -10.1, -5.3542 8.2707 -10.1, -5.6067 8.1194 -10.1, -4.8109 8.4958 -10.1, -4.5253 8.5674 -10.1, -4.2341 8.6106 -10.1, -6.6927 6.46 -10.2848, -6.9104 5.9176 -10.1765, -6.8674 6.2073 -10.1765, -6.7963 6.4914 -10.1765, -6.5723 7.032 -10.1765, -6.6976 6.7672 -10.1765, -6.2473 7.5185 -10.1765, -6.4218 7.2833 -10.1765, -6.6575 6.7506 -10.2414, -6.7548 6.4789 -10.2414, -5.7648 7.8486 -10.2848, -6.3318 7.2231 -10.2848, -6.3857 7.2592 -10.2414, -6.2137 7.491 -10.2414, -5.0408 8.2826 -10.2848, -5.5983 8.1068 -10.1765, -5.347 8.2573 -10.1765, -4.775 8.3777 -10.2848, -4.5223 8.5524 -10.1765, -4.8064 8.4813 -10.1765, -4.5012 8.4463 -10.2848, -4.222 8.4877 -10.2848, -4.2283 8.5522 -10.2414, -4.5139 8.5099 -10.2414, -4.2326 8.5954 -10.1765, -5.296 8.1619 -10.2848, -5.0822 8.3826 -10.1765, -5.8335 7.9323 -10.1765, -5.5381 8.0168 -10.2848, -5.974 7.659 -10.2848, -6.0506 7.7356 -10.1765, -6.4769 6.981 -10.2848, -6.5341 7.0116 -10.2414, -6.5976 6.7258 -10.2848, -6.7613 6.1862 -10.2848, -6.8672 5.9133 -10.2414, -6.8027 5.907 -10.2848, -6.8249 6.1989 -10.2414, -6.1636 7.4498 -10.2848, -6.0199 7.7049 -10.2414, -5.806 7.8987 -10.2414, -5.5742 8.0707 -10.2414, -5.3266 8.2191 -10.2414, -5.0656 8.3425 -10.2414, -4.7939 8.4398 -10.2414, 0.8234 -4.9209 -11.4165, 0.6314 -4.8214 -11.4165, 0.8313 -4.9079 -11.34, 0.2158 -4.705 -11.4165, 0.2179 -4.6899 -11.34, 0.4317 -4.7343 -11.34, 0.4159 -4.7907 -11.4814, 0.2011 -4.8122 -11.5248, 0.2099 -4.748 -11.4814, 0.6374 -4.8075 -11.34, 0.4276 -4.749 -11.4165, 0.7672 -5.0134 -11.5248, 1.4071 -5.5459 -11.4165, 1.4206 -5.5389 -11.34, 1.5076 -5.7392 -11.34, 1.3071 -5.3523 -11.34, 1.1582 -5.1933 -11.4165, 1.1693 -5.1829 -11.34, 1.5963 -6.3842 -11.34, 1.5811 -6.1669 -11.4165, 1.5963 -6.1658 -11.34, 1.2593 -5.3861 -11.4814, 1.0791 -5.2672 -11.5248, 1.1265 -5.2229 -11.4814, 1.3071 -7.1977 -11.34, 1.4071 -7.0041 -11.4165, 1.4206 -7.0111 -11.34, 1.3913 -5.7806 -11.5248, 1.4524 -5.7588 -11.4814, 1.5092 -5.9614 -11.4814, 1.0097 -7.5161 -11.34, 1.1582 -7.3567 -11.4165, 1.1693 -7.3671 -11.34, 1.5378 -6.3802 -11.4814, 1.5092 -6.5886 -11.4814, 1.4731 -6.3757 -11.5248, 0.4276 -7.801 -11.4165, 0.4317 -7.8157 -11.34, 0.2179 -7.8601 -11.34, 1.2593 -7.1639 -11.4814, 1.311 -6.9543 -11.5248, 1.3686 -6.9841 -11.4814, 0.9728 -7.4707 -11.4814, 0.8009 -7.592 -11.4814, 0.9318 -7.4204 -11.5248, 0.6374 -7.7425 -11.34, 0.6314 -7.7286 -11.4165, 0.8234 -7.6291 -11.4165, 0.7672 -7.5366 -11.5248, 0.6141 -7.6888 -11.4814, 0.2011 -7.7378 -11.5248, 0.4159 -7.7593 -11.4814, 0.3984 -7.6968 -11.5248, 0.5883 -7.6293 -11.5248, 0.2099 -7.802 -11.4814, 0.2158 -7.845 -11.4165, 1.0791 -7.2828 -11.5248, 1.1265 -7.3271 -11.4814, 0.8313 -7.6421 -11.34, 1.0001 -7.5043 -11.4165, 1.2063 -7.1265 -11.5248, 1.4524 -6.7912 -11.4814, 1.4457 -6.5754 -11.5248, 1.3913 -6.7694 -11.5248, 1.4933 -6.8057 -11.4165, 1.5516 -6.5974 -11.4165, 1.5076 -6.8108 -11.34, 1.5378 -6.1698 -11.4814, 1.4457 -5.9746 -11.5248, 1.4731 -6.1743 -11.5248, 1.5516 -5.9526 -11.4165, 1.5665 -6.6005 -11.34, 1.2063 -5.4235 -11.5248, 1.3686 -5.5659 -11.4814, 1.311 -5.5957 -11.5248, 1.2947 -5.3611 -11.4165, 1.5665 -5.9495 -11.34, 0.8009 -4.958 -11.4814, 0.9728 -5.0793 -11.4814, 0.9318 -5.1296 -11.5248, 0.3984 -4.8532 -11.5248, 0.6141 -4.8612 -11.4814, 1.0001 -5.0457 -11.4165, 1.0097 -5.0339 -11.34, 0.5883 -4.9207 -11.5248, 1.4933 -5.7443 -11.4165, 1.5811 -6.3831 -11.4165, 1.2947 -7.1889 -11.4165, -2.9349 -2.4937 -7.72, -3.1021 -2.3471 -7.72, -2.75 -2.6172 -7.72, -2.5506 -2.7156 -7.72, -2.34 -2.7871 -7.72, -2.1219 -2.8305 -7.72, -3.2487 -2.1799 -7.72, -3.3722 -1.995 -7.72, -3.4706 -1.7956 -7.72, -3.5421 -1.585 -7.72, -3.5855 -1.3669 -7.72, -3.6 -1.145 -7.72, -3.3376 -1.975 -7.7893, -3.363 -1.9896 -7.76, -3.2402 -2.1734 -7.76, -2.1205 -2.8198 -7.76, -2.1167 -2.7908 -7.7893, -2.3296 -2.7484 -7.7893, -2.9284 -2.4852 -7.76, -2.7446 -2.608 -7.76, -2.9105 -2.462 -7.7893, -2.3372 -2.7767 -7.76, -2.5353 -2.6786 -7.7893, -3.5748 -1.3655 -7.76, -3.5317 -1.5822 -7.76, -3.5458 -1.3617 -7.7893, -3.56 -1.145 -7.7893, -3.5893 -1.145 -7.76, -3.4607 -1.7915 -7.76, -3.4336 -1.7803 -7.7893, -3.5034 -1.5746 -7.7893, -3.217 -2.1555 -7.7893, -3.0945 -2.3395 -7.76, -3.0738 -2.3188 -7.7893, -2.73 -2.5826 -7.7893, -2.5465 -2.7057 -7.76, -3.5893 2.755 -7.76, -3.6 2.755 -7.72, -3.56 2.755 -7.7893, -3.2487 3.7899 -7.72, -3.1021 3.9571 -7.72, -3.3722 3.605 -7.72, -3.4706 3.4056 -7.72, -3.5421 3.195 -7.72, -3.5855 2.9769 -7.72, -2.9349 4.1037 -7.72, -2.75 4.2272 -7.72, -2.5506 4.3256 -7.72, -2.34 4.3971 -7.72, -2.1219 4.4405 -7.72, -1.9 4.455 -7.72, -2.73 4.1926 -7.7893, -2.7446 4.218 -7.76, -2.9284 4.0952 -7.76, -3.5748 2.9755 -7.76, -3.5458 2.9717 -7.7893, -3.5034 3.1846 -7.7893, -3.2402 3.7834 -7.76, -3.363 3.5996 -7.76, -3.217 3.7655 -7.7893, -3.5317 3.1922 -7.76, -3.4336 3.3903 -7.7893, -2.1205 4.4298 -7.76, -2.3372 4.3867 -7.76, -2.1167 4.4008 -7.7893, -1.9 4.415 -7.7893, -1.9 4.4443 -7.76, -2.5465 4.3157 -7.76, -2.5353 4.2886 -7.7893, -2.3296 4.3584 -7.7893, -2.9105 4.072 -7.7893, -3.0738 3.9288 -7.7893, -3.0945 3.9495 -7.76, -3.3376 3.585 -7.7893, -3.4607 3.4015 -7.76, 1.9 4.4443 -7.76, 1.9 4.455 -7.72, 1.9 4.415 -7.7893, 2.9349 4.1037 -7.72, 3.1021 3.9571 -7.72, 2.75 4.2272 -7.72, 2.5506 4.3256 -7.72, 2.1219 4.4405 -7.72, 2.34 4.3971 -7.72, 3.2487 3.7899 -7.72, 3.3722 3.605 -7.72, 3.4706 3.4056 -7.72, 3.5421 3.195 -7.72, 3.5855 2.9769 -7.72, 3.6 2.755 -7.72, 3.3376 3.585 -7.7893, 3.363 3.5996 -7.76, 3.2402 3.7834 -7.76, 2.1205 4.4298 -7.76, 2.1167 4.4008 -7.7893, 2.3296 4.3584 -7.7893, 2.9284 4.0952 -7.76, 2.7446 4.218 -7.76, 2.9105 4.072 -7.7893, 2.3372 4.3867 -7.76, 2.5353 4.2886 -7.7893, 3.5748 2.9755 -7.76, 3.5317 3.1922 -7.76, 3.5458 2.9717 -7.7893, 3.56 2.755 -7.7893, 3.5893 2.755 -7.76, 3.4607 3.4015 -7.76, 3.4336 3.3903 -7.7893, 3.5034 3.1846 -7.7893, 2.73 4.1926 -7.7893, 3.217 3.7655 -7.7893, 3.0738 3.9288 -7.7893, 3.0945 3.9495 -7.76, 2.5465 4.3157 -7.76, 0.8069 -1.0285 -7.8, 0.9009 -1.0507 -7.8, 0.9479 -1.0416 -7.8, 1.012 -0.8803 -7.8, 0.9904 -0.8676 -7.8, 0.9656 -0.8609 -7.8, 0.853 -1.0532 -7.7996, 0.7713 -0.9906 -7.8, 1.0424 -0.9463 -7.7996, 0.941 -0.8566 -7.8, 0.9159 -0.8548 -7.8, 0.9919 -1.0227 -7.8, 1.0393 -0.9206 -7.8, 1.0292 -0.8986 -7.8, 1.0275 -0.991 -7.8, 0.8908 -0.8541 -7.8, 0.7581 -0.9404 -7.7996, 0.7633 -0.9151 -7.8, 0.8655 -0.8546 -7.8, 0.8409 -0.8583 -7.8, 0.7761 -0.8939 -7.8, 0.8171 -0.8657 -7.8, 0.7949 -0.8772 -7.8, 0.8849 2.537 -7.7996, 0.615 2.534 -7.7996, 0.8849 2.3631 -7.7996, 0.1314 7.2507 -5.9437, -0.0 7.2656 -5.9437, -0.0 7.2656 -6.0618, 0.1314 7.2507 -6.0618, 0.2562 7.2071 -5.9437, 0.2562 7.2071 -6.0618, 0.3682 7.1367 -5.9437, 0.4617 7.0432 -5.9437, 0.3682 7.1367 -6.0618, 0.4617 7.0432 -6.0618, 0.5321 6.9312 -5.9437, 0.5321 6.9312 -6.0618, 0.5757 6.8064 -5.9437, 0.5757 6.8064 -6.0618, -0.1314 7.2507 -6.0618, -0.2562 7.2071 -6.0618, -0.1314 7.2507 -5.9437, -0.2562 7.2071 -5.9437, -0.3682 7.1367 -6.0618, -0.3682 7.1367 -5.9437, -0.4617 7.0432 -6.0618, -0.5321 6.9312 -6.0618, -0.4617 7.0432 -5.9437, -0.5321 6.9312 -5.9437, -0.5757 6.8064 -6.0618, -0.5757 6.8064 -5.9437, 0.1314 -5.6993 -5.9437, 0.0 -5.6844 -5.9437, 0.0 -5.6844 -6.0618, 0.1314 -5.6993 -6.0618, 0.2562 -5.7429 -5.9437, 0.2562 -5.7429 -6.0618, 0.3682 -5.8133 -5.9437, 0.4617 -5.9068 -5.9437, 0.3682 -5.8133 -6.0618, 0.4617 -5.9068 -6.0618, 0.5321 -6.0188 -5.9437, 0.5321 -6.0188 -6.0618, 0.5757 -6.1436 -5.9437, 0.5757 -6.1436 -6.0618, -0.1314 -5.6993 -6.0618, -0.2562 -5.7429 -6.0618, -0.1314 -5.6993 -5.9437, -0.2562 -5.7429 -5.9437, -0.3682 -5.8133 -6.0618, -0.3682 -5.8133 -5.9437, -0.4617 -5.9068 -6.0618, -0.5321 -6.0188 -6.0618, -0.4617 -5.9068 -5.9437, -0.5321 -6.0188 -5.9437, -0.5757 -6.1436 -6.0618, -0.5757 -6.1436 -5.9437, -0.8489 8.625 -7.8391, -0.8812 8.625 -7.8373, -0.8484 8.625 -7.6333, -0.9359 8.6254 -7.8113, -0.9644 8.6254 -7.7336, -0.9351 8.6254 -7.6585, -0.8178 8.6254 -7.8391, -0.8178 8.6254 -7.6333, -0.88 8.625 -7.6348, -0.9103 8.625 -7.8287, -0.9091 8.625 -7.6425, -0.9573 8.625 -7.778, -0.9571 8.625 -7.6898, -1.121 8.625 -7.6804, -1.1484 8.625 -7.6804, -1.1343 8.6254 -7.6368, -1.164 8.625 -7.7234, -1.1796 8.6254 -7.7664, -1.1055 8.625 -7.7234, -1.0901 8.6254 -7.7664, -0.4263 8.625 -8.2048, -0.4028 8.6254 -8.215, -0.3961 8.625 -8.2254, -0.3963 8.625 -8.2516, -0.4036 8.6254 -8.2614, -0.4148 8.625 -8.2679, -0.3939 8.6254 -8.2392, -0.4291 8.6254 -8.27, -0.4492 8.625 -8.2661, -0.4654 8.6254 -8.2545, -0.476 8.625 -8.2373, -0.4534 8.625 -8.2009, -0.4797 8.625 -8.2176, -0.4797 8.6254 -8.1973, -1.1831 8.625 -8.2625, -1.2154 8.625 -8.2607, -1.1827 8.625 -8.0568, -1.2701 8.6254 -8.2347, -1.2986 8.6254 -8.157, -1.2694 8.6254 -8.0819, -1.152 8.6254 -8.2625, -1.152 8.6254 -8.0568, -1.2143 8.625 -8.0582, -1.2445 8.625 -8.2522, -1.2433 8.625 -8.0659, -1.2915 8.625 -8.2015, -1.2913 8.625 -8.1133, -1.4552 8.625 -8.1038, -1.4826 8.625 -8.1038, -1.4686 8.6254 -8.0602, -1.4983 8.625 -8.1468, -1.5139 8.6254 -8.1898, -1.4398 8.625 -8.1468, -1.4243 8.6254 -8.1898, 0.7917 8.625 -8.1713, 0.7646 8.625 -8.2543, 0.7648 8.625 -8.2075, 0.8349 8.6254 -8.1572, 0.7909 8.625 -8.2907, 0.8782 8.625 -8.1713, 0.8349 8.6254 -8.3053, 0.8782 8.625 -8.2912, 0.9051 8.625 -8.2075, 0.9051 8.625 -8.255, 0.9051 8.625 -8.255
            ]
        }
        coordIndex [
            0,1,2,-1,3,4,5,-1,6,7,8,-1,9,10,11,-1,12,13,14,-1,15,16,17,-1,18,19,20,-1,21,22,23,-1,24,18,25,-1,18,24,19,-1,25,26,27,-1,27,24,25,-1,28,29,26,-1,27,26,29,-1,21,20,22,-1,19,22,20,-1,12,14,23,-1,23,14,21,-1,17,13,15,-1,15,13,12,-1,7,16,8,-1,7,17,16,-1,6,9,11,-1,6,8,9,-1,10,0,2,-1,11,10,2,-1,4,3,1,-1,0,4,1,-1,30,31,32,-1,33,34,35,-1,36,37,38,-1,39,40,41,-1,42,43,44,-1,45,46,47,-1,48,49,50,-1,51,52,53,-1,54,48,55,-1,48,54,49,-1,55,56,57,-1,57,54,55,-1,58,59,56,-1,57,56,59,-1,51,50,52,-1,49,52,50,-1,42,44,53,-1,53,44,51,-1,47,43,45,-1,45,43,42,-1,37,46,38,-1,37,47,46,-1,36,39,41,-1,36,38,39,-1,40,30,32,-1,41,40,32,-1,34,33,31,-1,30,34,31,-1,60,61,62,-1,63,64,65,-1,66,67,68,-1,64,63,69,-1,63,66,68,-1,60,70,61,-1,71,72,73,-1,73,72,74,-1,75,76,62,-1,61,77,62,-1,78,77,61,-1,79,78,80,-1,81,76,82,-1,75,82,76,-1,83,65,81,-1,84,65,64,-1,84,76,65,-1,61,80,78,-1,75,62,77,-1,62,84,60,-1,70,80,61,-1,81,65,76,-1,63,83,66,-1,60,84,74,-1,76,84,62,-1,84,64,74,-1,72,70,60,-1,63,65,83,-1,68,69,63,-1,69,85,64,-1,74,72,60,-1,64,85,74,-1,73,74,85,-1,86,87,88,-1,89,90,91,-1,90,92,93,-1,86,88,92,-1,94,95,96,-1,97,90,98,-1,95,94,98,-1,91,99,100,-1,97,94,101,-1,91,102,99,-1,87,103,104,-1,102,93,105,-1,100,99,106,-1,107,100,108,-1,107,109,100,-1,106,108,100,-1,108,106,110,-1,111,89,109,-1,111,112,89,-1,100,109,89,-1,93,92,113,-1,105,93,113,-1,102,91,93,-1,89,91,100,-1,95,98,112,-1,86,92,97,-1,91,90,93,-1,90,97,92,-1,113,92,88,-1,89,112,98,-1,90,89,98,-1,86,101,103,-1,94,97,98,-1,103,87,86,-1,101,86,97,-1,114,115,116,-1,117,118,119,-1,120,121,122,-1,114,123,124,-1,125,126,127,-1,128,129,130,-1,131,119,118,-1,132,133,134,-1,135,136,137,-1,138,139,131,-1,119,131,139,-1,139,140,141,-1,136,142,143,-1,144,145,146,-1,139,124,123,-1,147,148,149,-1,150,151,152,-1,153,154,155,-1,156,115,157,-1,158,152,159,-1,160,158,161,-1,162,163,164,-1,143,165,136,-1,166,142,136,-1,165,167,136,-1,128,168,164,-1,168,128,135,-1,162,164,168,-1,169,170,171,-1,169,171,160,-1,170,172,171,-1,173,174,121,-1,169,160,161,-1,128,159,152,-1,158,159,161,-1,175,176,177,-1,178,179,180,-1,181,150,152,-1,178,182,183,-1,184,150,181,-1,183,153,155,-1,180,152,151,-1,155,154,185,-1,173,186,187,-1,188,189,190,-1,188,190,191,-1,153,183,182,-1,136,192,166,-1,193,136,194,-1,195,196,197,-1,157,198,199,-1,146,145,188,-1,180,182,178,-1,180,179,152,-1,152,200,128,-1,179,200,152,-1,200,129,128,-1,136,193,192,-1,194,201,193,-1,128,136,135,-1,159,128,164,-1,137,136,167,-1,198,194,199,-1,194,198,201,-1,199,156,157,-1,116,123,114,-1,156,116,115,-1,202,203,204,-1,205,188,206,-1,188,145,206,-1,205,195,197,-1,189,188,197,-1,197,188,205,-1,173,188,207,-1,191,207,188,-1,173,207,186,-1,208,173,209,-1,173,187,209,-1,210,173,211,-1,173,208,211,-1,175,177,212,-1,176,175,213,-1,210,213,214,-1,210,176,213,-1,215,173,214,-1,210,214,173,-1,173,216,174,-1,173,215,216,-1,217,218,219,-1,173,121,120,-1,220,221,222,-1,217,219,223,-1,224,225,226,-1,227,228,222,-1,229,224,230,-1,231,232,233,-1,234,232,231,-1,149,148,235,-1,236,237,238,-1,148,147,239,-1,240,202,204,-1,123,145,144,-1,125,241,242,-1,243,224,226,-1,244,245,243,-1,246,242,228,-1,247,248,245,-1,249,245,248,-1,238,120,250,-1,231,251,234,-1,252,253,236,-1,254,133,255,-1,139,138,140,-1,240,204,256,-1,257,258,259,-1,141,124,139,-1,260,261,262,-1,263,117,119,-1,264,225,224,-1,219,218,125,-1,265,266,267,-1,268,269,270,-1,257,259,219,-1,271,272,273,-1,132,269,268,-1,224,243,274,-1,122,275,120,-1,247,245,244,-1,276,274,250,-1,229,264,224,-1,264,277,278,-1,264,279,225,-1,280,276,120,-1,228,242,220,-1,281,282,283,-1,284,285,286,-1,287,277,288,-1,289,290,291,-1,292,125,218,-1,281,120,275,-1,228,220,222,-1,283,120,281,-1,291,286,283,-1,283,286,293,-1,293,286,294,-1,289,291,282,-1,295,293,294,-1,286,285,294,-1,296,297,298,-1,119,125,242,-1,241,125,127,-1,262,126,125,-1,299,241,300,-1,263,119,242,-1,301,302,303,-1,302,301,304,-1,296,305,306,-1,220,122,307,-1,302,304,308,-1,309,296,310,-1,275,298,281,-1,302,122,220,-1,310,311,309,-1,298,275,312,-1,298,312,313,-1,298,313,296,-1,296,309,314,-1,296,314,305,-1,315,316,297,-1,317,297,316,-1,318,317,316,-1,315,297,306,-1,318,319,317,-1,297,261,260,-1,298,297,260,-1,306,297,296,-1,300,320,299,-1,303,321,320,-1,300,241,127,-1,246,263,242,-1,321,299,320,-1,307,221,220,-1,308,275,302,-1,122,302,275,-1,302,321,303,-1,288,277,322,-1,277,323,322,-1,287,324,277,-1,265,325,326,-1,327,328,324,-1,295,329,330,-1,331,332,333,-1,334,120,335,-1,291,283,282,-1,120,283,335,-1,280,120,334,-1,336,280,334,-1,280,336,337,-1,280,337,338,-1,339,340,277,-1,280,338,341,-1,277,280,339,-1,280,341,339,-1,323,277,340,-1,218,326,292,-1,219,259,223,-1,255,133,342,-1,325,265,267,-1,125,292,262,-1,262,292,260,-1,343,270,240,-1,344,345,271,-1,254,259,133,-1,273,346,347,-1,348,349,350,-1,132,268,342,-1,203,351,352,-1,352,204,203,-1,123,202,139,-1,240,256,343,-1,240,270,269,-1,254,353,354,-1,132,342,133,-1,355,356,353,-1,357,354,356,-1,254,223,259,-1,356,354,353,-1,353,254,255,-1,344,358,345,-1,359,346,273,-1,272,271,345,-1,360,346,202,-1,361,362,273,-1,361,273,272,-1,363,364,365,-1,266,359,366,-1,273,367,368,-1,362,367,273,-1,359,273,368,-1,369,370,363,-1,359,368,366,-1,371,369,363,-1,265,359,266,-1,329,295,372,-1,373,333,332,-1,292,326,325,-1,372,295,260,-1,372,260,292,-1,373,371,333,-1,374,363,330,-1,295,324,293,-1,330,375,324,-1,376,330,363,-1,377,293,324,-1,363,365,378,-1,373,369,371,-1,379,363,380,-1,363,370,380,-1,363,379,364,-1,363,378,376,-1,381,376,382,-1,376,378,382,-1,376,381,350,-1,383,376,350,-1,203,202,346,-1,202,349,384,-1,384,360,202,-1,347,346,360,-1,385,377,324,-1,386,387,388,-1,328,389,324,-1,148,237,235,-1,239,389,148,-1,146,237,144,-1,237,233,235,-1,237,146,238,-1,390,391,392,-1,123,144,202,-1,240,139,202,-1,392,383,349,-1,384,349,348,-1,392,349,390,-1,349,383,350,-1,393,394,395,-1,295,330,324,-1,329,374,330,-1,324,375,327,-1,393,375,394,-1,394,396,395,-1,327,375,393,-1,396,397,395,-1,398,279,386,-1,148,389,399,-1,147,400,239,-1,401,398,402,-1,328,399,389,-1,277,324,278,-1,385,324,287,-1,264,278,279,-1,279,278,403,-1,403,386,279,-1,147,279,398,-1,387,386,403,-1,147,398,400,-1,398,401,400,-1,250,120,276,-1,231,245,249,-1,120,238,146,-1,404,231,249,-1,405,237,236,-1,251,231,404,-1,253,405,236,-1,231,237,405,-1,233,237,231,-1,250,274,245,-1,243,245,274,-1,406,407,408,-1,409,410,411,-1,412,413,414,-1,415,416,417,-1,418,419,415,-1,419,416,415,-1,420,421,418,-1,418,415,420,-1,422,423,424,-1,425,426,420,-1,420,426,421,-1,427,428,413,-1,429,430,431,-1,432,433,434,-1,435,436,433,-1,437,438,439,-1,438,432,440,-1,441,442,443,-1,444,437,445,-1,446,447,448,-1,441,449,450,-1,451,452,453,-1,454,455,430,-1,456,457,458,-1,451,459,452,-1,460,461,462,-1,463,464,465,-1,466,467,468,-1,469,470,471,-1,472,431,473,-1,474,475,476,-1,464,477,478,-1,472,473,466,-1,479,480,481,-1,482,483,484,-1,485,486,487,-1,484,488,489,-1,490,491,411,-1,492,493,494,-1,495,496,497,-1,494,495,492,-1,497,498,499,-1,497,500,498,-1,501,499,502,-1,499,503,504,-1,502,499,504,-1,505,506,507,-1,508,509,510,-1,511,512,513,-1,514,515,516,-1,517,518,463,-1,474,476,519,-1,495,520,496,-1,521,522,523,-1,524,474,525,-1,526,491,527,-1,429,431,472,-1,528,410,529,-1,530,528,529,-1,531,532,533,-1,516,455,514,-1,534,430,455,-1,535,516,515,-1,408,416,536,-1,537,538,539,-1,540,541,542,-1,543,544,545,-1,546,547,548,-1,549,550,492,-1,492,551,493,-1,551,552,493,-1,553,554,555,-1,556,557,505,-1,558,559,461,-1,560,440,432,-1,561,562,563,-1,564,565,566,-1,567,568,569,-1,459,568,567,-1,570,565,571,-1,572,435,570,-1,565,573,574,-1,453,575,573,-1,576,573,565,-1,576,565,577,-1,565,574,566,-1,565,564,416,-1,407,406,578,-1,416,564,536,-1,579,425,580,-1,581,424,582,-1,413,428,414,-1,580,425,583,-1,584,585,586,-1,587,588,544,-1,589,590,591,-1,592,535,589,-1,593,594,595,-1,458,457,596,-1,597,598,599,-1,600,583,601,-1,602,510,509,-1,499,501,497,-1,496,500,497,-1,494,520,495,-1,492,550,551,-1,603,550,604,-1,552,551,605,-1,606,607,608,-1,608,609,605,-1,605,609,610,-1,603,611,550,-1,612,613,614,-1,615,616,460,-1,617,513,512,-1,545,617,543,-1,617,545,513,-1,543,587,544,-1,587,591,588,-1,590,589,535,-1,588,591,590,-1,618,619,620,-1,621,622,595,-1,533,532,623,-1,624,625,626,-1,529,627,628,-1,454,430,429,-1,467,466,473,-1,468,521,523,-1,521,468,467,-1,522,519,523,-1,474,629,525,-1,522,629,519,-1,474,519,629,-1,630,478,477,-1,631,632,633,-1,490,411,410,-1,528,490,410,-1,628,530,529,-1,634,627,635,-1,634,628,627,-1,636,626,627,-1,635,627,626,-1,624,626,637,-1,626,636,637,-1,447,638,449,-1,454,639,455,-1,640,641,642,-1,643,644,645,-1,452,575,453,-1,441,444,646,-1,647,640,648,-1,574,573,575,-1,568,459,451,-1,569,563,649,-1,649,567,569,-1,647,650,640,-1,651,652,653,-1,563,562,649,-1,455,639,514,-1,643,654,644,-1,534,455,655,-1,656,534,657,-1,447,446,657,-1,441,450,442,-1,441,443,444,-1,445,646,444,-1,438,437,444,-1,438,440,439,-1,434,560,432,-1,432,435,433,-1,436,435,572,-1,572,570,571,-1,565,570,577,-1,579,658,425,-1,426,425,658,-1,600,659,583,-1,580,583,659,-1,660,601,661,-1,660,600,601,-1,662,541,618,-1,663,618,601,-1,661,601,618,-1,618,663,662,-1,664,665,666,-1,595,503,621,-1,618,667,668,-1,621,499,669,-1,670,618,671,-1,427,486,485,-1,592,585,584,-1,672,412,414,-1,422,672,423,-1,672,422,412,-1,423,582,424,-1,582,578,581,-1,673,408,407,-1,581,578,406,-1,674,416,673,-1,408,673,416,-1,417,416,674,-1,675,676,553,-1,677,611,678,-1,611,677,555,-1,679,680,681,-1,603,682,611,-1,460,683,615,-1,553,676,554,-1,684,553,555,-1,460,685,683,-1,678,611,682,-1,604,550,549,-1,551,680,679,-1,605,610,552,-1,681,686,679,-1,612,605,679,-1,608,607,609,-1,687,606,608,-1,614,605,612,-1,605,551,679,-1,688,689,690,-1,690,687,608,-1,689,691,690,-1,688,690,608,-1,684,687,690,-1,460,462,692,-1,692,685,460,-1,693,694,695,-1,696,687,697,-1,687,696,693,-1,698,699,684,-1,699,697,687,-1,677,512,700,-1,461,460,558,-1,684,699,687,-1,701,702,703,-1,556,704,557,-1,677,700,705,-1,706,707,708,-1,460,709,558,-1,710,711,712,-1,558,709,713,-1,714,505,715,-1,555,705,716,-1,703,702,700,-1,716,717,555,-1,555,717,684,-1,684,717,698,-1,693,696,694,-1,463,465,718,-1,704,556,719,-1,720,721,722,-1,711,710,723,-1,713,709,724,-1,505,557,715,-1,725,726,727,-1,702,701,728,-1,710,707,706,-1,705,729,716,-1,725,727,708,-1,729,725,716,-1,700,730,703,-1,702,731,721,-1,505,507,556,-1,732,704,719,-1,733,721,731,-1,732,721,734,-1,721,732,719,-1,720,734,721,-1,722,721,733,-1,731,702,728,-1,512,511,700,-1,730,700,511,-1,677,705,555,-1,725,729,726,-1,725,708,707,-1,709,710,712,-1,710,706,723,-1,712,724,709,-1,477,409,735,-1,409,411,735,-1,477,735,630,-1,736,737,738,-1,478,465,464,-1,736,739,737,-1,739,740,741,-1,524,518,517,-1,517,463,718,-1,524,525,518,-1,742,743,744,-1,745,746,475,-1,475,746,476,-1,479,747,748,-1,749,750,751,-1,752,740,739,-1,743,742,753,-1,743,754,739,-1,743,755,744,-1,754,743,753,-1,739,754,752,-1,741,737,739,-1,756,736,738,-1,484,483,488,-1,757,750,736,-1,757,736,756,-1,633,632,758,-1,751,759,749,-1,750,749,736,-1,747,470,748,-1,760,761,762,-1,759,751,745,-1,479,763,480,-1,479,764,765,-1,488,766,526,-1,693,767,482,-1,767,693,768,-1,479,481,747,-1,469,769,470,-1,748,470,769,-1,482,767,483,-1,746,733,476,-1,695,770,771,-1,772,770,773,-1,693,774,775,-1,760,776,751,-1,765,763,479,-1,760,762,776,-1,733,746,772,-1,761,777,764,-1,765,764,778,-1,779,764,777,-1,764,779,778,-1,777,761,760,-1,776,746,745,-1,776,745,751,-1,772,722,733,-1,722,772,773,-1,695,771,693,-1,773,770,695,-1,693,771,774,-1,693,775,768,-1,527,488,526,-1,489,488,527,-1,766,633,758,-1,411,491,526,-1,766,758,526,-1,428,780,781,-1,427,782,428,-1,664,598,665,-1,586,585,783,-1,784,783,785,-1,786,516,787,-1,486,788,789,-1,790,789,788,-1,485,782,427,-1,782,780,428,-1,781,597,599,-1,781,599,428,-1,598,664,599,-1,791,664,666,-1,792,547,791,-1,792,791,666,-1,547,546,791,-1,546,602,509,-1,602,546,548,-1,509,508,542,-1,793,540,542,-1,793,542,508,-1,619,541,540,-1,618,668,794,-1,619,618,541,-1,795,667,618,-1,620,795,618,-1,618,670,499,-1,618,794,671,-1,499,621,503,-1,499,670,669,-1,796,797,798,-1,799,800,801,-1,802,799,801,-1,594,593,785,-1,595,622,593,-1,803,537,539,-1,804,805,799,-1,783,784,586,-1,783,594,785,-1,804,806,805,-1,807,539,538,-1,805,806,808,-1,807,538,809,-1,584,810,516,-1,584,535,592,-1,811,809,812,-1,516,810,787,-1,813,811,814,-1,805,808,787,-1,790,815,789,-1,816,815,817,-1,804,799,802,-1,801,800,818,-1,800,537,818,-1,818,537,803,-1,811,812,814,-1,812,809,538,-1,803,539,796,-1,797,819,820,-1,797,820,798,-1,819,821,820,-1,796,798,803,-1,456,822,823,-1,562,561,823,-1,816,596,824,-1,455,825,826,-1,827,828,829,-1,830,532,643,-1,827,831,832,-1,561,644,823,-1,645,644,561,-1,532,833,643,-1,834,827,832,-1,562,823,822,-1,828,827,834,-1,822,456,458,-1,832,831,835,-1,457,824,596,-1,836,837,831,-1,838,831,839,-1,816,817,596,-1,840,831,838,-1,486,427,788,-1,815,790,817,-1,841,487,486,-1,786,487,841,-1,842,843,844,-1,845,651,786,-1,786,808,487,-1,846,829,651,-1,847,848,653,-1,849,831,837,-1,839,831,843,-1,842,850,843,-1,850,851,843,-1,839,843,851,-1,831,840,836,-1,849,835,831,-1,846,827,829,-1,651,829,652,-1,852,853,854,-1,854,848,847,-1,852,855,853,-1,847,852,854,-1,652,847,653,-1,856,857,825,-1,535,584,516,-1,651,845,846,-1,786,858,845,-1,808,786,787,-1,858,786,841,-1,857,859,825,-1,826,825,859,-1,860,861,862,-1,825,861,856,-1,861,863,862,-1,856,861,860,-1,864,531,533,-1,531,865,647,-1,866,867,868,-1,865,531,869,-1,449,650,450,-1,648,640,642,-1,625,448,447,-1,625,447,626,-1,869,531,864,-1,643,645,830,-1,532,830,623,-1,655,654,643,-1,866,870,867,-1,833,867,871,-1,867,833,868,-1,430,534,656,-1,655,826,654,-1,833,871,643,-1,826,655,455,-1,657,534,447,-1,441,626,447,-1,441,447,449,-1,647,865,650,-1,450,650,865,-1,640,650,872,-1,873,874,875,-1,876,877,878,-1,879,880,881,-1,882,883,884,-1,885,886,882,-1,887,883,882,-1,888,889,890,-1,890,891,892,-1,890,889,893,-1,894,895,896,-1,897,890,892,-1,893,891,890,-1,875,898,899,-1,873,900,901,-1,902,890,903,-1,890,897,903,-1,902,904,890,-1,880,879,905,-1,906,882,886,-1,887,882,906,-1,907,882,884,-1,882,908,885,-1,909,910,911,-1,912,913,880,-1,912,914,913,-1,915,916,914,-1,917,918,919,-1,920,921,922,-1,923,924,925,-1,926,922,921,-1,927,928,929,-1,930,929,928,-1,931,930,932,-1,933,934,935,-1,930,928,932,-1,936,937,938,-1,939,940,936,-1,941,942,943,-1,942,938,944,-1,941,945,946,-1,947,948,949,-1,950,951,952,-1,953,954,955,-1,956,910,957,-1,958,959,960,-1,958,956,959,-1,961,962,963,-1,961,964,960,-1,948,955,949,-1,962,954,965,-1,952,947,950,-1,950,947,949,-1,966,967,968,-1,969,970,971,-1,972,973,974,-1,975,976,977,-1,978,979,980,-1,981,982,983,-1,981,969,982,-1,984,985,983,-1,981,983,985,-1,986,987,988,-1,989,990,991,-1,992,993,979,-1,994,992,988,-1,995,996,997,-1,995,997,978,-1,998,999,1000,-1,1001,1002,996,-1,899,1003,1004,-1,1005,1006,900,-1,1007,977,976,-1,1008,1009,1010,-1,1011,1012,1013,-1,1008,1014,1015,-1,1004,1016,1017,-1,1007,976,896,-1,895,1007,896,-1,926,975,977,-1,951,973,952,-1,1018,1014,895,-1,895,894,1018,-1,1015,1014,1019,-1,1019,1014,1018,-1,1009,1008,1015,-1,1012,1011,1010,-1,1011,1008,1010,-1,1006,1005,1013,-1,1005,1011,1013,-1,901,900,1020,-1,1020,900,1006,-1,874,873,1021,-1,1021,873,901,-1,898,875,1022,-1,1022,875,874,-1,1003,899,1023,-1,1023,899,898,-1,1016,1004,1003,-1,1024,1000,1017,-1,1024,1017,1016,-1,973,972,991,-1,1000,999,1017,-1,970,999,1025,-1,998,1025,999,-1,970,1025,971,-1,1026,1001,990,-1,969,971,982,-1,984,987,986,-1,984,986,985,-1,987,994,988,-1,994,993,992,-1,993,980,979,-1,980,995,978,-1,996,1002,997,-1,1001,1026,1002,-1,990,989,1026,-1,991,972,989,-1,951,974,973,-1,1027,1028,1029,-1,1030,911,966,-1,948,953,955,-1,953,965,954,-1,965,963,962,-1,963,964,961,-1,964,958,960,-1,956,957,959,-1,910,909,957,-1,911,1030,909,-1,966,968,1030,-1,1031,967,931,-1,968,967,1031,-1,878,923,1032,-1,1031,931,932,-1,927,1033,933,-1,933,928,927,-1,934,933,1033,-1,939,936,935,-1,939,935,934,-1,937,936,940,-1,944,938,1034,-1,1034,938,937,-1,943,942,1035,-1,1035,942,944,-1,945,941,1036,-1,1036,941,943,-1,924,923,946,-1,924,946,945,-1,1032,923,925,-1,876,878,1032,-1,877,1029,1028,-1,1028,878,877,-1,919,1028,1027,-1,1037,917,919,-1,1037,919,1027,-1,917,915,918,-1,917,916,915,-1,913,881,880,-1,914,912,915,-1,912,880,1038,-1,1039,926,921,-1,1040,880,907,-1,1040,1038,880,-1,882,1041,908,-1,907,880,882,-1,1042,1043,882,-1,903,1041,1043,-1,882,1043,1041,-1,1044,890,921,-1,1043,902,903,-1,920,1044,921,-1,1044,1045,890,-1,1045,888,890,-1,921,1046,1039,-1,921,1047,1046,-1,975,926,1048,-1,1039,1048,926,-1,1047,1049,1050,-1,1051,1048,1052,-1,1053,1039,1046,-1,975,1048,1051,-1,1052,1048,1039,-1,1053,1046,1050,-1,1052,1039,1053,-1,1049,1047,921,-1,1050,1046,1047,-1,1054,976,975,-1,975,1051,1054,-1,1055,916,1056,-1,1055,914,916,-1,1057,1013,1012,-1,1006,1013,1058,-1,1057,1058,1013,-1,1020,1058,1059,-1,1058,1020,1006,-1,901,1059,1021,-1,901,1020,1059,-1,1060,874,1021,-1,1021,1059,1060,-1,1061,1022,1060,-1,874,1060,1022,-1,1023,898,1061,-1,1061,898,1022,-1,1023,1062,1003,-1,1062,1023,1061,-1,1062,1063,1016,-1,1016,1003,1062,-1,1063,1000,1024,-1,1016,1063,1024,-1,998,1000,1064,-1,1063,1064,1000,-1,1025,1064,1065,-1,1064,1025,998,-1,971,1025,1065,-1,1010,1066,1057,-1,1057,1012,1010,-1,1066,1009,1015,-1,1010,1009,1066,-1,1015,1019,1067,-1,1067,1066,1015,-1,1068,1067,1018,-1,1019,1018,1067,-1,894,896,1068,-1,894,1068,1018,-1,1068,896,1054,-1,896,976,1054,-1,982,1065,1069,-1,982,971,1065,-1,1070,1071,980,-1,1072,995,1071,-1,980,1071,995,-1,996,1072,1073,-1,1072,996,995,-1,1073,1074,1001,-1,1001,996,1073,-1,1075,990,1074,-1,1001,1074,990,-1,991,1075,1076,-1,1075,991,990,-1,973,991,1076,-1,1070,993,1077,-1,993,1070,980,-1,994,1078,1077,-1,1077,993,994,-1,1079,1078,987,-1,994,987,1078,-1,1079,984,1080,-1,984,1079,987,-1,983,1081,1080,-1,1080,984,983,-1,983,982,1081,-1,982,1069,1081,-1,1076,1082,952,-1,952,973,1076,-1,1083,1084,964,-1,1085,958,1084,-1,964,1084,958,-1,956,1085,1086,-1,1085,956,958,-1,1086,1087,910,-1,910,956,1086,-1,1088,911,1087,-1,910,1087,911,-1,966,1088,1089,-1,1088,966,911,-1,967,966,1089,-1,1083,963,1090,-1,963,1083,964,-1,965,1091,1090,-1,1090,963,965,-1,1092,1091,953,-1,965,953,1091,-1,1092,948,1093,-1,948,1092,953,-1,947,1094,1093,-1,1093,948,947,-1,947,952,1094,-1,952,1082,1094,-1,967,1089,1095,-1,1095,931,967,-1,1096,1034,937,-1,944,1034,1097,-1,1096,1097,1034,-1,1035,1097,1098,-1,1097,1035,944,-1,943,1098,1036,-1,943,1035,1098,-1,1099,945,1036,-1,1036,1098,1099,-1,1100,924,1099,-1,945,1099,924,-1,1032,925,1100,-1,1100,925,924,-1,1032,1101,876,-1,1101,1032,1100,-1,1101,1102,877,-1,877,876,1101,-1,1102,1027,1029,-1,877,1102,1029,-1,1037,1027,1103,-1,1102,1103,1027,-1,917,1103,1056,-1,1103,917,1037,-1,916,917,1056,-1,940,1104,1096,-1,1096,937,940,-1,1104,939,934,-1,940,939,1104,-1,934,1033,1105,-1,1105,1104,934,-1,1106,1105,927,-1,1033,927,1105,-1,929,930,1106,-1,929,1106,927,-1,1106,930,1095,-1,930,931,1095,-1,1097,1107,1098,-1,1098,1107,1108,-1,1109,1110,1096,-1,1096,1110,1097,-1,1109,1104,1111,-1,1104,1109,1096,-1,1105,1112,1111,-1,1111,1104,1105,-1,1113,1112,1106,-1,1105,1106,1112,-1,1095,1113,1106,-1,1107,1097,1110,-1,1098,1108,1099,-1,1099,1114,1100,-1,1114,1099,1108,-1,1115,1101,1100,-1,1100,1114,1115,-1,1102,1101,1116,-1,1115,1116,1101,-1,1102,1117,1103,-1,1117,1102,1116,-1,1118,1056,1103,-1,1103,1117,1118,-1,1118,1119,1056,-1,1120,1121,1122,-1,1123,1112,1113,-1,1124,1125,1123,-1,1126,1127,1128,-1,1123,1125,1129,-1,1126,1107,1110,-1,1130,1129,1125,-1,1131,1132,1133,-1,1114,1121,1115,-1,1133,661,618,-1,1133,618,1134,-1,1133,1134,1131,-1,1131,1134,1135,-1,1136,1137,1138,-1,1135,1119,1118,-1,1139,1140,1141,-1,1136,1116,1115,-1,1142,1128,1127,-1,1140,1120,1122,-1,1137,1121,1120,-1,1140,1122,1141,-1,1126,1128,1139,-1,1143,1130,1142,-1,1143,1142,1127,-1,1144,1145,1124,-1,1112,1129,1111,-1,416,419,1145,-1,1124,1145,419,-1,1138,660,661,-1,1135,1118,1131,-1,1133,1132,1138,-1,1117,1131,1118,-1,661,1133,1138,-1,1137,600,660,-1,1117,1132,1131,-1,1116,1132,1117,-1,660,1138,1137,-1,1120,659,600,-1,1116,1136,1132,-1,1138,1132,1136,-1,600,1137,1120,-1,1140,580,659,-1,1115,1121,1136,-1,1137,1136,1121,-1,659,1120,1140,-1,1139,579,580,-1,1114,1122,1121,-1,1108,1122,1114,-1,580,1140,1139,-1,1128,658,579,-1,1108,1141,1122,-1,1107,1141,1108,-1,579,1139,1128,-1,1142,426,658,-1,1107,1126,1141,-1,1139,1141,1126,-1,658,1128,1142,-1,1130,421,426,-1,1109,1127,1110,-1,1126,1110,1127,-1,426,1142,1130,-1,1125,418,421,-1,1111,1143,1109,-1,1127,1109,1143,-1,421,1130,1125,-1,419,418,1124,-1,1111,1129,1143,-1,1130,1143,1129,-1,418,1125,1124,-1,1124,1123,1144,-1,1113,1144,1123,-1,1129,1112,1123,-1,509,1146,1147,-1,791,546,1148,-1,1149,662,1150,-1,541,1151,542,-1,583,1152,1153,-1,601,1154,663,-1,425,420,1155,-1,1155,1152,425,-1,1156,420,415,-1,420,1156,1155,-1,417,1157,415,-1,1156,415,1157,-1,1152,583,425,-1,1154,601,1153,-1,1153,601,583,-1,663,1154,1150,-1,1150,662,663,-1,509,542,1146,-1,541,1149,1151,-1,1149,541,662,-1,1146,542,1151,-1,1148,1158,791,-1,1147,546,509,-1,546,1147,1148,-1,673,1159,1160,-1,417,674,1161,-1,1162,582,1163,-1,578,1164,407,-1,414,1165,1166,-1,672,1167,423,-1,428,599,1168,-1,1168,1165,428,-1,1169,599,664,-1,599,1169,1168,-1,791,1158,664,-1,1169,664,1158,-1,1165,414,428,-1,423,1163,582,-1,414,1166,672,-1,423,1167,1163,-1,1167,672,1166,-1,673,407,1159,-1,578,582,1162,-1,1159,407,1164,-1,1162,1164,578,-1,674,1160,1161,-1,674,673,1160,-1,1161,1157,417,-1,830,1170,1171,-1,533,623,1172,-1,1173,563,1174,-1,561,1175,645,-1,451,1176,1177,-1,568,1178,569,-1,453,573,1179,-1,1179,1176,453,-1,1180,573,576,-1,573,1180,1179,-1,577,1181,576,-1,1180,576,1181,-1,1176,451,453,-1,451,1177,568,-1,563,569,1174,-1,569,1178,1174,-1,1178,568,1177,-1,561,1173,1175,-1,1173,561,563,-1,623,830,1171,-1,1175,1170,645,-1,645,1170,830,-1,623,1171,1172,-1,533,1172,1182,-1,435,1183,1184,-1,577,570,1185,-1,1186,444,1187,-1,438,1188,432,-1,450,1189,1190,-1,442,1191,443,-1,865,869,1192,-1,1192,1189,865,-1,1193,869,864,-1,869,1193,1192,-1,533,1182,864,-1,1193,864,1182,-1,1189,450,865,-1,1191,442,1190,-1,1190,442,450,-1,1187,444,443,-1,1191,1187,443,-1,1183,435,432,-1,438,444,1186,-1,1183,432,1188,-1,1186,1188,438,-1,570,1184,1185,-1,570,435,1184,-1,1185,1181,577,-1,518,1194,1195,-1,464,463,1196,-1,1197,522,1198,-1,629,1199,525,-1,473,1200,1201,-1,467,1202,521,-1,431,430,1203,-1,1203,1200,431,-1,1204,430,656,-1,430,1204,1203,-1,657,1205,656,-1,1204,656,1205,-1,1200,473,431,-1,1202,467,1201,-1,1201,467,473,-1,1194,518,525,-1,521,1202,1198,-1,1198,522,521,-1,1195,1196,463,-1,629,1197,1199,-1,1197,629,522,-1,1194,525,1199,-1,463,518,1195,-1,1196,1206,464,-1,448,1207,1208,-1,657,446,1209,-1,1210,637,1211,-1,624,1212,625,-1,529,1213,1214,-1,627,1215,636,-1,410,409,1216,-1,1216,1213,410,-1,1217,409,477,-1,409,1217,1216,-1,464,1206,477,-1,1217,477,1206,-1,1213,529,410,-1,1214,627,529,-1,1205,657,1209,-1,1211,636,1215,-1,1215,627,1214,-1,624,637,1210,-1,1211,637,636,-1,1212,1207,625,-1,1210,1212,624,-1,448,1208,446,-1,625,1207,448,-1,446,1208,1209,-1,549,1218,1219,-1,603,604,1220,-1,1221,497,1222,-1,495,1223,492,-1,504,1224,1225,-1,502,1226,501,-1,503,595,1227,-1,1227,1224,503,-1,1228,595,594,-1,595,1228,1227,-1,783,1229,594,-1,1228,594,1229,-1,1224,504,503,-1,1225,502,504,-1,1221,495,497,-1,1222,501,1226,-1,1226,502,1225,-1,1222,497,501,-1,1218,492,1223,-1,1223,495,1221,-1,1219,604,549,-1,1218,549,492,-1,603,1220,1230,-1,1219,1220,604,-1,592,1231,1232,-1,783,585,1233,-1,1234,587,1235,-1,591,1236,589,-1,512,1237,1238,-1,617,1239,543,-1,677,678,1240,-1,1240,1237,677,-1,1241,678,682,-1,678,1241,1240,-1,603,1230,682,-1,1241,682,1230,-1,1238,1239,617,-1,512,1238,617,-1,512,677,1237,-1,543,1239,1235,-1,1235,587,543,-1,591,1234,1236,-1,1234,591,587,-1,1236,1231,589,-1,592,1232,585,-1,589,1231,592,-1,783,1233,1229,-1,585,1232,1233,-1,574,1242,1243,-1,564,566,1244,-1,1245,459,1246,-1,452,1247,575,-1,562,1248,1249,-1,649,1250,567,-1,822,458,1251,-1,1251,1248,822,-1,1252,458,596,-1,458,1252,1251,-1,817,1253,596,-1,1252,596,1253,-1,1248,562,822,-1,562,1249,649,-1,567,1250,1246,-1,1250,649,1249,-1,1247,452,1245,-1,452,459,1245,-1,1246,459,567,-1,575,1242,574,-1,575,1247,1242,-1,566,1243,1244,-1,566,574,1243,-1,1244,1254,564,-1,788,1255,1256,-1,817,790,1257,-1,1258,412,1259,-1,413,1260,427,-1,581,1261,1262,-1,424,1263,422,-1,406,408,1264,-1,1264,1261,406,-1,1265,408,536,-1,408,1265,1264,-1,564,1254,536,-1,1265,536,1254,-1,1261,581,406,-1,1263,424,1262,-1,1262,424,581,-1,1263,1259,422,-1,1257,1253,817,-1,1258,413,412,-1,1259,412,422,-1,1256,1257,790,-1,1260,1255,427,-1,1258,1260,413,-1,1256,790,788,-1,427,1255,788,-1,454,1266,1267,-1,514,639,1268,-1,1269,466,1270,-1,472,1271,429,-1,519,1272,1273,-1,523,1274,468,-1,476,733,1275,-1,1275,1272,476,-1,1276,733,731,-1,733,1276,1275,-1,728,1277,731,-1,1276,731,1277,-1,1274,523,1273,-1,472,466,1269,-1,519,1273,523,-1,519,476,1272,-1,468,1274,1270,-1,1270,466,468,-1,1266,429,1271,-1,1271,472,1269,-1,1267,639,454,-1,1266,454,429,-1,514,1268,1278,-1,1267,1268,639,-1,703,1279,1280,-1,728,701,1281,-1,1282,513,1283,-1,511,1284,730,-1,588,1285,1286,-1,544,1287,545,-1,590,535,1288,-1,1288,1285,590,-1,1289,535,515,-1,535,1289,1288,-1,514,1278,515,-1,1289,515,1278,-1,1285,588,590,-1,1287,544,1286,-1,1286,544,588,-1,1283,513,545,-1,1287,1283,545,-1,701,703,1280,-1,511,513,1282,-1,1279,703,730,-1,1279,730,1284,-1,1282,1284,511,-1,728,1281,1277,-1,1280,1281,701,-1,1134,618,499,-1,1119,1290,1291,-1,1135,1292,1290,-1,1134,1292,1135,-1,1119,1135,1290,-1,499,1292,1134,-1,1291,1054,1293,-1,1294,1291,1293,-1,1056,1119,1294,-1,1054,1051,1293,-1,1294,1119,1291,-1,1294,1055,1056,-1,1295,1296,1297,-1,1294,1293,1295,-1,1298,1299,1300,-1,1301,1302,1303,-1,1304,1299,1305,-1,1299,1304,1300,-1,1306,1304,1305,-1,1300,1302,1298,-1,1298,1302,1307,-1,1301,1303,1296,-1,1307,1302,1301,-1,1295,1297,1308,-1,1296,1303,1297,-1,1294,1295,1308,-1,1308,1055,1294,-1,1309,1308,1297,-1,1308,1309,1055,-1,1309,1297,1310,-1,1303,1310,1297,-1,1311,1303,1302,-1,1303,1311,1310,-1,1311,1302,1312,-1,1312,1302,1300,-1,1313,1314,1315,-1,1306,1312,1304,-1,1314,880,1315,-1,1300,1304,1312,-1,880,1314,882,-1,1316,1312,1306,-1,1316,1315,880,-1,880,1312,1316,-1,1317,1316,1306,-1,1317,1318,1316,-1,1305,1319,1320,-1,1321,1322,1323,-1,1322,1320,1323,-1,1306,1320,1322,-1,1322,1317,1306,-1,1306,1305,1320,-1,1318,1322,1324,-1,1318,1317,1322,-1,1314,1325,1326,-1,1314,1313,1325,-1,1327,1328,1329,-1,1330,1331,1328,-1,1328,1331,1329,-1,1332,1333,1328,-1,1328,1333,1330,-1,1334,1335,1328,-1,1328,1335,1332,-1,1336,1337,1328,-1,1328,1337,1334,-1,1338,1336,1328,-1,1339,1336,1338,-1,1340,1329,1331,-1,1340,1341,1329,-1,1329,1341,1342,-1,1343,1344,1345,-1,1344,1346,1318,-1,1346,1344,1347,-1,1344,1343,1347,-1,1324,1344,1318,-1,1348,1349,1318,-1,1346,1348,1318,-1,1349,1350,1318,-1,1351,1318,1352,-1,1350,1352,1318,-1,1318,1351,1316,-1,1351,1353,1316,-1,1316,1353,1354,-1,1355,1356,1357,-1,1340,1358,1341,-1,1359,1360,1361,-1,1355,1362,1361,-1,1360,1342,1363,-1,1364,1365,1366,-1,1342,1358,1363,-1,1340,1331,1367,-1,1367,1358,1340,-1,1342,1341,1358,-1,1368,1365,1364,-1,1369,1366,1360,-1,1370,1371,1372,-1,1373,1372,1371,-1,1374,1371,1370,-1,1368,1372,1373,-1,1365,1368,1373,-1,1360,1363,1369,-1,1366,1369,1364,-1,1359,1361,1362,-1,1360,1359,1342,-1,1355,1361,1356,-1,1375,1376,1377,-1,1378,1379,1361,-1,1366,1380,1381,-1,1356,1361,1379,-1,1382,1373,1371,-1,1383,1384,1385,-1,1386,1387,1388,-1,1389,1390,1391,-1,1374,1387,1392,-1,1386,1383,1392,-1,1386,1393,1384,-1,892,1384,1393,-1,1377,1389,1394,-1,1395,1373,1382,-1,1396,903,897,-1,1381,1378,1360,-1,1365,1395,1380,-1,1378,1376,1397,-1,1376,1398,1397,-1,1398,1375,1045,-1,1379,1378,1397,-1,1361,1360,1378,-1,1045,1375,888,-1,1376,1375,1398,-1,1377,1376,1381,-1,888,1375,1394,-1,1378,1381,1376,-1,1360,1366,1381,-1,1394,1375,1377,-1,1394,1391,889,-1,1377,1380,1389,-1,888,1394,889,-1,1381,1380,1377,-1,1366,1365,1380,-1,1391,1385,893,-1,1394,1389,1391,-1,1389,1395,1390,-1,889,1391,893,-1,1380,1395,1389,-1,1365,1373,1395,-1,1385,1391,1390,-1,1385,1384,891,-1,1382,1383,1390,-1,893,1385,891,-1,1382,1390,1395,-1,1374,1392,1371,-1,1396,897,1393,-1,1390,1383,1385,-1,1383,1386,1384,-1,891,1384,892,-1,1382,1371,1392,-1,1383,1382,1392,-1,1393,1388,1396,-1,1387,1386,1392,-1,1393,1386,1388,-1,892,1393,897,-1,1387,1399,1388,-1,1387,1374,1400,-1,1400,1399,1387,-1,1374,1401,1400,-1,1402,1388,1399,-1,1396,1402,1041,-1,1402,1396,1388,-1,1396,1041,903,-1,1403,1404,1405,-1,1406,1400,1407,-1,1408,1409,1410,-1,1401,1407,1400,-1,1411,1412,1413,-1,1414,1415,1416,-1,1417,1418,1419,-1,1420,1421,1422,-1,1423,1418,1424,-1,1417,1414,1424,-1,1417,1425,1415,-1,887,1415,1425,-1,1405,1420,1426,-1,1427,1412,1411,-1,1428,884,883,-1,1410,1406,1429,-1,1430,1427,1409,-1,1406,1404,1399,-1,1404,1402,1399,-1,1402,1403,1041,-1,1400,1406,1399,-1,1407,1429,1406,-1,1041,1403,908,-1,1404,1403,1402,-1,1405,1404,1410,-1,908,1403,1426,-1,1406,1410,1404,-1,1429,1408,1410,-1,1426,1403,1405,-1,1426,1422,885,-1,1405,1409,1420,-1,908,1426,885,-1,1410,1409,1405,-1,1408,1430,1409,-1,1422,1416,886,-1,1426,1420,1422,-1,1420,1427,1421,-1,885,1422,886,-1,1409,1427,1420,-1,1430,1412,1427,-1,1416,1422,1421,-1,1416,1415,906,-1,1411,1414,1421,-1,886,1416,906,-1,1411,1421,1427,-1,1423,1424,1413,-1,1428,883,1425,-1,1421,1414,1416,-1,1414,1417,1415,-1,906,1415,887,-1,1411,1413,1424,-1,1414,1411,1424,-1,1425,1419,1428,-1,1418,1417,1424,-1,1425,1417,1419,-1,887,1425,883,-1,1418,1431,1419,-1,1418,1423,1432,-1,1432,1431,1418,-1,1423,1433,1432,-1,1434,1419,1431,-1,1428,1434,907,-1,1434,1428,1419,-1,1428,907,884,-1,1435,1436,1437,-1,1438,1439,1440,-1,1438,1440,1441,-1,1433,1442,1432,-1,1443,1444,1445,-1,1437,918,915,-1,1446,1447,1038,-1,1448,1435,1449,-1,918,1437,1450,-1,1448,1449,1451,-1,1452,1443,1453,-1,1444,1435,1454,-1,919,918,1450,-1,1040,1446,1038,-1,1455,1438,1456,-1,1457,907,1434,-1,1431,1439,1434,-1,1439,1455,1457,-1,912,1454,915,-1,1450,1437,1436,-1,1437,915,1454,-1,1436,1435,1448,-1,1452,1449,1443,-1,1449,1452,1451,-1,1454,1435,1437,-1,1447,912,1038,-1,1449,1444,1443,-1,1435,1444,1449,-1,1444,1447,1445,-1,1453,1443,1456,-1,1444,1454,1447,-1,912,1447,1454,-1,1443,1445,1456,-1,1453,1456,1458,-1,1445,1446,1455,-1,1458,1456,1438,-1,1446,1445,1447,-1,907,1457,1040,-1,1442,1441,1440,-1,1445,1455,1456,-1,1455,1439,1438,-1,1458,1438,1441,-1,1446,1040,1457,-1,1455,1446,1457,-1,1440,1431,1432,-1,1434,1439,1457,-1,1431,1440,1439,-1,1432,1442,1440,-1,1459,1460,1461,-1,1462,1463,1448,-1,1462,1464,1463,-1,1448,1451,1462,-1,1465,1466,1467,-1,1468,1469,1470,-1,1471,1472,1473,-1,1474,1475,1476,-1,1477,1478,1479,-1,1480,1481,1482,-1,933,1483,928,-1,1484,1485,1486,-1,1487,1488,1489,-1,1487,1490,1480,-1,1488,1480,1482,-1,1491,932,928,-1,935,1492,933,-1,1470,1469,1484,-1,1490,1492,1493,-1,1494,1495,1477,-1,1496,1497,1498,-1,1494,938,942,-1,1473,1499,1500,-1,1475,1498,1501,-1,1502,1461,1503,-1,1465,1474,1504,-1,1463,1464,1503,-1,1464,1502,1503,-1,1450,1466,919,-1,1467,1436,1463,-1,1028,1466,1504,-1,1463,1436,1448,-1,1466,1450,1467,-1,1436,1467,1450,-1,1467,1503,1465,-1,919,1466,1028,-1,1463,1503,1467,-1,1460,1459,1505,-1,1504,1476,878,-1,1466,1465,1504,-1,1465,1461,1474,-1,1028,1504,878,-1,1503,1461,1465,-1,1502,1459,1461,-1,1476,1504,1474,-1,1476,1501,923,-1,1474,1460,1475,-1,878,1476,923,-1,1460,1474,1461,-1,1499,1505,1500,-1,1501,1476,1475,-1,1501,1497,946,-1,1499,1498,1475,-1,923,1501,946,-1,1475,1460,1499,-1,1505,1499,1460,-1,1497,1501,1498,-1,1497,1506,941,-1,1498,1473,1496,-1,946,1497,941,-1,1499,1473,1498,-1,1500,1471,1473,-1,1506,1494,942,-1,1497,1496,1506,-1,1496,1472,1495,-1,941,1506,942,-1,1473,1472,1496,-1,1471,1468,1472,-1,1506,1495,1494,-1,1496,1495,1506,-1,1495,1470,1477,-1,938,1494,1479,-1,1495,1472,1470,-1,1468,1470,1472,-1,1479,1493,936,-1,1494,1477,1479,-1,1477,1484,1478,-1,938,1479,936,-1,1470,1484,1477,-1,1469,1485,1484,-1,1493,1492,935,-1,1479,1478,1493,-1,1486,1490,1478,-1,936,1493,935,-1,1484,1486,1478,-1,1485,1481,1486,-1,1483,1492,1487,-1,1478,1490,1493,-1,1492,1490,1487,-1,933,1492,1483,-1,1486,1481,1480,-1,1490,1486,1480,-1,1483,1489,1491,-1,1488,1487,1480,-1,1491,928,1483,-1,1489,1483,1487,-1,1488,1507,1508,-1,1488,1508,1489,-1,1482,1507,1488,-1,1482,1509,1507,-1,1508,1510,1489,-1,1491,1510,1031,-1,1510,1491,1489,-1,1491,1031,932,-1,1511,1512,1513,-1,1514,1507,1515,-1,1516,1517,1518,-1,1509,1515,1507,-1,1513,1519,1511,-1,1520,1512,1521,-1,1522,960,959,-1,1523,1524,1525,-1,954,962,1526,-1,1527,1528,1529,-1,1530,955,954,-1,1531,1532,1533,-1,1532,1534,1535,-1,949,955,1536,-1,1531,1537,1532,-1,1537,1538,1534,-1,1539,951,950,-1,949,1540,950,-1,1529,1541,1542,-1,1535,1536,1530,-1,1543,1541,1533,-1,961,960,1544,-1,962,961,1545,-1,1546,1547,1523,-1,1528,1548,1516,-1,1549,1550,1525,-1,1551,1520,1552,-1,1553,1554,1514,-1,1549,1524,1030,-1,1555,1510,1508,-1,1555,1508,1514,-1,1510,1556,1031,-1,1507,1514,1508,-1,1515,1553,1514,-1,1556,1549,968,-1,1510,1555,1556,-1,1555,1554,1550,-1,1031,1556,968,-1,1514,1554,1555,-1,1553,1519,1554,-1,1549,1556,1550,-1,1555,1550,1556,-1,1550,1513,1525,-1,968,1549,1030,-1,1550,1554,1513,-1,1519,1513,1554,-1,1030,1524,909,-1,1525,1524,1549,-1,1525,1512,1523,-1,909,1524,1547,-1,1513,1512,1525,-1,1511,1521,1512,-1,909,1547,957,-1,1523,1547,1524,-1,1523,1520,1546,-1,957,1547,1557,-1,1512,1520,1523,-1,1521,1552,1520,-1,957,1557,959,-1,1546,1557,1547,-1,1546,1551,1558,-1,959,1557,1522,-1,1520,1551,1546,-1,1552,1518,1551,-1,1557,1558,1522,-1,1546,1558,1557,-1,1558,1517,1559,-1,960,1522,1544,-1,1558,1551,1517,-1,1518,1517,1551,-1,1522,1559,1544,-1,1558,1559,1522,-1,1559,1548,1560,-1,961,1544,1545,-1,1559,1517,1548,-1,1516,1548,1517,-1,1544,1560,1545,-1,1559,1560,1544,-1,1560,1527,1561,-1,962,1545,1526,-1,1560,1548,1527,-1,1528,1527,1548,-1,1545,1561,1526,-1,1560,1561,1545,-1,1561,1542,1562,-1,954,1526,1530,-1,1561,1527,1542,-1,1529,1542,1527,-1,1526,1562,1530,-1,1561,1562,1526,-1,1562,1543,1535,-1,955,1530,1536,-1,1562,1542,1543,-1,1541,1543,1542,-1,1536,1534,1540,-1,1562,1535,1530,-1,1536,1535,1534,-1,949,1536,1540,-1,1543,1533,1532,-1,1535,1543,1532,-1,1540,1538,1539,-1,1537,1534,1532,-1,1539,950,1540,-1,1538,1540,1534,-1,1563,1564,1537,-1,1537,1564,1538,-1,1531,1563,1537,-1,1531,1565,1563,-1,1538,1564,1566,-1,1539,1566,974,-1,1566,1539,1538,-1,1539,974,951,-1,1567,1568,1569,-1,1570,1563,1571,-1,1572,1573,1574,-1,1565,1571,1563,-1,1569,1575,1567,-1,1576,1568,1577,-1,1578,978,997,-1,1579,1580,1581,-1,988,992,1582,-1,1583,1584,1585,-1,1586,986,988,-1,1587,1588,1589,-1,1588,1590,1591,-1,985,986,1592,-1,1587,1593,1588,-1,1593,1594,1590,-1,1595,969,981,-1,985,1596,981,-1,1585,1597,1598,-1,1591,1592,1586,-1,1599,1597,1589,-1,979,978,1600,-1,992,979,1601,-1,1602,1603,1579,-1,1584,1604,1572,-1,1605,1606,1581,-1,1607,1576,1608,-1,1609,1610,1570,-1,1605,1580,989,-1,1611,1566,1564,-1,1611,1564,1570,-1,1566,1612,974,-1,1563,1570,1564,-1,1571,1609,1570,-1,1612,1605,972,-1,1566,1611,1612,-1,1611,1610,1606,-1,974,1612,972,-1,1570,1610,1611,-1,1609,1575,1610,-1,1605,1612,1606,-1,1611,1606,1612,-1,1606,1569,1581,-1,972,1605,989,-1,1606,1610,1569,-1,1575,1569,1610,-1,989,1580,1026,-1,1581,1580,1605,-1,1581,1568,1579,-1,1026,1580,1603,-1,1569,1568,1581,-1,1567,1577,1568,-1,1026,1603,1002,-1,1579,1603,1580,-1,1579,1576,1602,-1,1002,1603,1613,-1,1568,1576,1579,-1,1577,1608,1576,-1,1002,1613,997,-1,1602,1613,1603,-1,1602,1607,1614,-1,997,1613,1578,-1,1576,1607,1602,-1,1608,1574,1607,-1,1613,1614,1578,-1,1602,1614,1613,-1,1614,1573,1615,-1,978,1578,1600,-1,1614,1607,1573,-1,1574,1573,1607,-1,1578,1615,1600,-1,1614,1615,1578,-1,1615,1604,1616,-1,979,1600,1601,-1,1615,1573,1604,-1,1572,1604,1573,-1,1600,1616,1601,-1,1615,1616,1600,-1,1616,1583,1617,-1,992,1601,1582,-1,1616,1604,1583,-1,1584,1583,1604,-1,1601,1617,1582,-1,1616,1617,1601,-1,1617,1598,1618,-1,988,1582,1586,-1,1617,1583,1598,-1,1585,1598,1583,-1,1582,1618,1586,-1,1617,1618,1582,-1,1618,1599,1591,-1,986,1586,1592,-1,1618,1598,1599,-1,1597,1599,1598,-1,1592,1590,1596,-1,1618,1591,1586,-1,1592,1591,1590,-1,985,1592,1596,-1,1599,1589,1588,-1,1591,1599,1588,-1,1596,1594,1595,-1,1593,1590,1588,-1,1595,981,1596,-1,1594,1596,1590,-1,1619,1620,1593,-1,1593,1620,1594,-1,1587,1619,1593,-1,1587,1621,1619,-1,1594,1620,1622,-1,1595,1622,970,-1,1622,1595,1594,-1,1595,970,969,-1,1623,1624,1625,-1,1626,1627,1628,-1,1629,1630,1631,-1,1619,1629,1631,-1,1632,1633,1634,-1,1619,1621,1629,-1,1635,1636,1637,-1,1638,1639,1640,-1,1641,1642,1643,-1,1644,1645,1646,-1,1008,1647,1014,-1,1648,1649,1650,-1,1651,1652,1653,-1,1651,1654,1644,-1,1652,1644,1646,-1,1655,895,1014,-1,1011,1656,1008,-1,1632,1634,1648,-1,1654,1656,1657,-1,1658,1659,1641,-1,1660,1661,1662,-1,1658,900,873,-1,1637,1663,1664,-1,1639,1662,1665,-1,1666,1625,1667,-1,1628,1638,1668,-1,1631,1630,1667,-1,1630,1666,1667,-1,1622,1626,970,-1,1627,1620,1631,-1,999,1626,1668,-1,1631,1620,1619,-1,1626,1622,1627,-1,1620,1627,1622,-1,1627,1667,1628,-1,970,1626,999,-1,1631,1667,1627,-1,1624,1623,1669,-1,1668,1640,1017,-1,1626,1628,1668,-1,1628,1625,1638,-1,999,1668,1017,-1,1667,1625,1628,-1,1666,1623,1625,-1,1640,1668,1638,-1,1640,1665,1004,-1,1638,1624,1639,-1,1017,1640,1004,-1,1624,1638,1625,-1,1663,1669,1664,-1,1665,1640,1639,-1,1665,1661,899,-1,1663,1662,1639,-1,1004,1665,899,-1,1639,1624,1663,-1,1669,1663,1624,-1,1661,1665,1662,-1,1661,1670,875,-1,1662,1637,1660,-1,899,1661,875,-1,1663,1637,1662,-1,1664,1635,1637,-1,1670,1658,873,-1,1661,1660,1670,-1,1660,1636,1659,-1,875,1670,873,-1,1637,1636,1660,-1,1635,1633,1636,-1,1670,1659,1658,-1,1660,1659,1670,-1,1659,1632,1641,-1,900,1658,1643,-1,1659,1636,1632,-1,1633,1632,1636,-1,1643,1657,1005,-1,1658,1641,1643,-1,1641,1648,1642,-1,900,1643,1005,-1,1632,1648,1641,-1,1634,1649,1648,-1,1657,1656,1011,-1,1643,1642,1657,-1,1650,1654,1642,-1,1005,1657,1011,-1,1648,1650,1642,-1,1649,1645,1650,-1,1647,1656,1651,-1,1642,1654,1657,-1,1656,1654,1651,-1,1008,1656,1647,-1,1650,1645,1644,-1,1654,1650,1644,-1,1647,1653,1655,-1,1652,1651,1644,-1,1655,1014,1647,-1,1653,1647,1651,-1,1671,1672,1673,-1,1674,1675,1676,-1,1677,1678,1679,-1,1674,1680,1675,-1,1646,1681,1652,-1,1682,1673,1672,-1,977,1683,1684,-1,1685,1671,1686,-1,920,1673,1682,-1,1685,1686,1687,-1,1688,1679,1689,-1,1677,1671,1690,-1,1683,977,1007,-1,1682,1044,920,-1,1691,1680,1692,-1,1693,1692,1674,-1,1655,1691,895,-1,1653,1680,1655,-1,920,922,1673,-1,926,1690,922,-1,1673,922,1690,-1,1672,1671,1685,-1,1688,1686,1679,-1,1686,1688,1687,-1,1690,1671,1673,-1,1684,926,977,-1,1686,1677,1679,-1,1671,1677,1686,-1,1677,1684,1678,-1,1689,1679,1693,-1,1677,1690,1684,-1,926,1684,1690,-1,1679,1678,1693,-1,1689,1693,1694,-1,1678,1683,1692,-1,1694,1693,1674,-1,1683,1678,1684,-1,895,1691,1007,-1,1681,1676,1675,-1,1678,1692,1693,-1,1692,1680,1674,-1,1694,1674,1676,-1,1683,1007,1691,-1,1692,1683,1691,-1,1675,1653,1652,-1,1655,1680,1691,-1,1653,1675,1680,-1,1652,1681,1675,-1,1682,1045,1044,-1,1687,1379,1685,-1,1672,1397,1398,-1,1356,1379,1687,-1,1672,1685,1397,-1,1379,1397,1685,-1,1682,1398,1045,-1,1672,1398,1682,-1,1367,1330,1333,-1,1333,1332,1367,-1,1367,1331,1330,-1,1695,1367,1335,-1,1332,1335,1367,-1,1337,1695,1334,-1,1695,1335,1334,-1,1336,1695,1337,-1,1687,1696,1697,-1,1687,1698,1699,-1,1697,1698,1687,-1,1700,1357,1356,-1,1700,1356,1699,-1,1356,1687,1699,-1,1509,1701,1702,-1,1701,1509,1482,-1,1703,1509,1702,-1,1704,1519,1705,-1,1706,1553,1515,-1,1552,1707,1708,-1,1511,1709,1521,-1,1710,1711,1528,-1,1712,1516,1518,-1,1529,1713,1541,-1,1713,1529,1711,-1,1533,1541,1714,-1,1713,1714,1541,-1,1715,1531,1533,-1,1533,1714,1715,-1,1528,1516,1710,-1,1711,1529,1528,-1,1708,1712,1518,-1,1712,1710,1516,-1,1521,1707,1552,-1,1552,1708,1518,-1,1511,1704,1709,-1,1521,1709,1707,-1,1519,1553,1705,-1,1511,1519,1704,-1,1706,1515,1703,-1,1705,1553,1706,-1,1509,1703,1515,-1,1531,1716,1565,-1,1716,1531,1715,-1,1717,1565,1716,-1,1718,1575,1719,-1,1720,1609,1571,-1,1608,1721,1722,-1,1567,1723,1577,-1,1724,1725,1584,-1,1726,1572,1574,-1,1585,1727,1597,-1,1727,1585,1725,-1,1589,1597,1728,-1,1727,1728,1597,-1,1729,1587,1589,-1,1589,1728,1729,-1,1584,1572,1724,-1,1725,1585,1584,-1,1722,1726,1574,-1,1726,1724,1572,-1,1577,1721,1608,-1,1608,1722,1574,-1,1567,1718,1723,-1,1577,1723,1721,-1,1575,1609,1719,-1,1567,1575,1718,-1,1720,1571,1717,-1,1719,1609,1720,-1,1565,1717,1571,-1,1587,1729,1730,-1,1587,1730,1621,-1,1731,1621,1730,-1,1732,1666,1733,-1,1734,1630,1629,-1,1664,1735,1736,-1,1623,1737,1669,-1,1738,1739,1634,-1,1740,1633,1635,-1,1649,1739,1741,-1,1739,1649,1634,-1,1742,1645,1741,-1,1649,1741,1645,-1,1646,1645,1742,-1,1740,1738,1633,-1,1738,1634,1633,-1,1664,1736,1635,-1,1736,1740,1635,-1,1669,1737,1735,-1,1669,1735,1664,-1,1623,1666,1732,-1,1623,1732,1737,-1,1733,1630,1734,-1,1666,1630,1733,-1,1731,1629,1621,-1,1734,1629,1731,-1,1695,1688,1743,-1,1336,1744,1688,-1,1336,1688,1695,-1,1688,1745,1696,-1,1744,1745,1688,-1,1687,1688,1696,-1,1743,1688,1689,-1,1689,1694,1746,-1,1746,1743,1689,-1,1694,1676,1746,-1,1747,1746,1676,-1,1681,1742,1747,-1,1747,1676,1681,-1,1681,1646,1742,-1,1744,1336,1339,-1,1745,1748,1696,-1,1744,1748,1745,-1,1339,1748,1744,-1,1749,1357,1750,-1,1696,1748,1751,-1,1362,1355,1749,-1,1749,1355,1357,-1,1750,1752,1749,-1,1359,1362,1749,-1,1357,1700,1750,-1,1699,1698,1750,-1,1699,1750,1700,-1,1696,1750,1697,-1,1698,1697,1750,-1,1750,1696,1751,-1,1753,1754,1313,-1,1755,1756,1754,-1,1313,1757,1753,-1,1758,1759,1313,-1,1313,1759,1757,-1,1760,1761,1313,-1,1313,1761,1758,-1,1315,1760,1313,-1,1753,1762,1754,-1,1763,1760,1315,-1,1763,1315,1764,-1,1755,1754,1762,-1,1325,1313,1754,-1,1754,1329,1749,-1,1344,1323,1329,-1,1756,1345,1344,-1,1344,1754,1756,-1,1749,1043,1754,-1,1043,1749,902,-1,1749,1342,1359,-1,1321,1323,1344,-1,1754,1344,1329,-1,1749,1329,1342,-1,1324,1322,1321,-1,1321,1344,1324,-1,1326,1325,1754,-1,1042,1754,1043,-1,1042,1326,1754,-1,1326,882,1314,-1,882,1326,1042,-1,1765,1401,1766,-1,1767,1408,1768,-1,1769,1429,1407,-1,1347,1343,1770,-1,1412,1345,1756,-1,1771,1346,1347,-1,1347,1770,1771,-1,1345,1770,1343,-1,1345,1772,1770,-1,1430,1772,1412,-1,1772,1345,1412,-1,1762,1413,1755,-1,1767,1772,1430,-1,1762,1753,1423,-1,1423,1413,1762,-1,1413,1412,1756,-1,1755,1413,1756,-1,1429,1768,1408,-1,1430,1408,1767,-1,1769,1407,1765,-1,1768,1429,1769,-1,1401,1765,1407,-1,1352,1773,1351,-1,1350,1773,1352,-1,1773,1350,1771,-1,1771,1350,1349,-1,1346,1771,1348,-1,1771,1349,1348,-1,1757,1423,1753,-1,1423,1759,1433,-1,1759,1758,1433,-1,1757,1759,1423,-1,1761,1760,1433,-1,1761,1433,1758,-1,1774,1458,1441,-1,1775,1453,1774,-1,1458,1774,1453,-1,1452,1775,1776,-1,1775,1452,1453,-1,1451,1452,1776,-1,1774,1441,1777,-1,1773,1354,1353,-1,1777,1441,1442,-1,1354,1442,1764,-1,1773,1777,1354,-1,1773,1353,1351,-1,1442,1354,1777,-1,1433,1763,1442,-1,1442,1763,1764,-1,1760,1763,1433,-1,1778,1451,1776,-1,1779,1502,1780,-1,1781,1464,1462,-1,1500,1782,1783,-1,1459,1784,1505,-1,1785,1786,1469,-1,1787,1468,1471,-1,1485,1786,1788,-1,1786,1485,1469,-1,1701,1481,1788,-1,1485,1788,1481,-1,1482,1481,1701,-1,1787,1785,1468,-1,1785,1469,1468,-1,1500,1783,1471,-1,1783,1787,1471,-1,1505,1784,1782,-1,1505,1782,1500,-1,1459,1502,1779,-1,1459,1779,1784,-1,1780,1464,1781,-1,1502,1464,1780,-1,1778,1462,1451,-1,1781,1462,1778,-1,1751,1748,1339,-1,1339,1338,1751,-1,1316,1764,1315,-1,1316,1354,1764,-1,1751,1338,921,-1,1049,1299,1298,-1,1299,1049,1305,-1,1328,1319,1338,-1,1751,921,1789,-1,1049,1338,1305,-1,1319,1305,1338,-1,1750,1751,1789,-1,890,1789,921,-1,1049,921,1338,-1,1307,1301,1050,-1,1298,1307,1049,-1,1050,1049,1307,-1,1050,1301,1053,-1,1296,1053,1301,-1,1052,1296,1295,-1,1296,1052,1053,-1,1052,1295,1051,-1,1051,1295,1293,-1,1327,1319,1328,-1,1327,1320,1319,-1,1790,1750,1789,-1,1790,1752,1750,-1,1323,1320,1327,-1,1327,1329,1323,-1,1749,1790,904,-1,1790,1749,1752,-1,904,902,1749,-1,1789,904,1790,-1,904,1789,890,-1,1370,1766,1401,-1,1370,1401,1374,-1,1791,1792,1793,-1,1792,1791,1794,-1,1791,1795,1796,-1,1795,1791,1793,-1,1795,1797,1798,-1,1795,1798,1796,-1,1797,1799,1800,-1,1797,1800,1798,-1,1800,1799,1801,-1,1800,1801,1802,-1,1801,1803,1804,-1,1801,1804,1802,-1,1804,1805,1806,-1,1805,1804,1803,-1,1794,1805,1792,-1,1805,1794,1806,-1,1807,1808,1809,-1,1810,1811,1808,-1,1811,1812,1808,-1,1808,1813,1809,-1,1807,1810,1808,-1,1808,1814,1815,-1,1813,1808,1815,-1,1816,1817,1808,-1,1808,1817,1814,-1,1818,1808,1819,-1,1818,1816,1808,-1,1819,1808,1803,-1,1820,1803,1821,-1,1820,1819,1803,-1,1822,1805,1823,-1,1821,1803,1824,-1,1805,1825,1826,-1,1827,1828,1823,-1,1829,1827,1823,-1,1830,1831,1823,-1,1830,1823,1828,-1,1832,1833,1823,-1,1832,1823,1831,-1,1834,1835,1823,-1,1834,1823,1833,-1,1836,1837,1823,-1,1836,1823,1835,-1,1838,1805,1822,-1,1822,1823,1837,-1,1826,1839,1805,-1,1805,1838,1825,-1,1793,1839,1840,-1,1841,1795,1842,-1,1842,1843,1844,-1,1844,1845,1842,-1,1846,1847,1842,-1,1842,1847,1843,-1,1848,1842,1849,-1,1848,1846,1842,-1,1842,1850,1851,-1,1849,1842,1851,-1,1852,1853,1842,-1,1842,1853,1850,-1,1842,1795,1854,-1,1854,1852,1842,-1,1855,1856,1795,-1,1795,1856,1854,-1,1857,1855,1795,-1,1797,1795,1841,-1,1858,1841,1859,-1,1860,1799,1797,-1,1841,1861,1862,-1,1858,1861,1841,-1,1841,1863,1864,-1,1862,1863,1841,-1,1841,1865,1866,-1,1864,1865,1841,-1,1841,1867,1868,-1,1866,1867,1841,-1,1841,1869,1870,-1,1868,1869,1841,-1,1871,1872,1797,-1,1871,1797,1870,-1,1797,1873,1860,-1,1873,1797,1872,-1,1792,1839,1793,-1,1823,1805,1803,-1,1824,1803,1874,-1,1823,1803,1808,-1,1860,1874,1801,-1,1874,1803,1801,-1,1860,1801,1799,-1,1797,1841,1870,-1,1857,1795,1840,-1,1840,1795,1793,-1,1805,1839,1792,-1,1867,1875,1876,-1,1877,1878,1879,-1,1879,1880,1881,-1,1877,1882,1883,-1,1884,1885,1862,-1,1886,1880,1887,-1,1864,1888,1889,-1,1890,1891,1892,-1,1893,1894,1895,-1,1896,1897,1898,-1,1899,1900,1901,-1,1902,1903,1870,-1,1904,1905,1906,-1,1900,1907,1905,-1,1860,1908,1904,-1,1872,1909,1873,-1,1906,1907,1910,-1,1907,1906,1905,-1,1860,1873,1908,-1,1910,1911,1912,-1,1913,1871,1903,-1,1914,1869,1868,-1,1899,1915,1916,-1,1894,1916,1917,-1,1918,1919,1893,-1,1914,1868,1876,-1,1914,1902,1869,-1,1920,1896,1919,-1,1898,1921,1892,-1,1889,1922,1865,-1,1866,1922,1875,-1,1863,1885,1888,-1,1882,1891,1923,-1,1924,1925,1884,-1,1924,1926,1927,-1,1841,1928,1859,-1,1928,1926,1859,-1,1926,1928,1929,-1,1913,1872,1871,-1,1904,1908,1905,-1,1909,1908,1873,-1,1930,1911,1907,-1,1901,1900,1905,-1,1911,1910,1907,-1,1909,1901,1908,-1,1870,1903,1871,-1,1900,1930,1907,-1,1908,1901,1905,-1,1901,1915,1899,-1,1931,1930,1900,-1,1909,1913,1915,-1,1913,1909,1872,-1,1932,1931,1899,-1,1909,1915,1901,-1,1917,1916,1915,-1,1931,1900,1899,-1,1903,1917,1913,-1,1869,1902,1870,-1,1933,1932,1916,-1,1913,1917,1915,-1,1917,1895,1894,-1,1932,1899,1916,-1,1895,1903,1902,-1,1867,1876,1868,-1,1894,1934,1933,-1,1903,1895,1917,-1,1918,1893,1895,-1,1933,1916,1894,-1,1914,1918,1902,-1,1866,1875,1867,-1,1935,1934,1893,-1,1902,1918,1895,-1,1920,1919,1918,-1,1934,1894,1893,-1,1876,1920,1914,-1,1865,1922,1866,-1,1936,1935,1919,-1,1914,1920,1918,-1,1897,1896,1920,-1,1935,1893,1919,-1,1875,1897,1876,-1,1864,1889,1865,-1,1937,1936,1896,-1,1876,1897,1920,-1,1921,1898,1897,-1,1936,1919,1896,-1,1922,1921,1875,-1,1887,1879,1925,-1,1938,1937,1898,-1,1875,1921,1897,-1,1921,1890,1892,-1,1937,1896,1898,-1,1889,1890,1922,-1,1863,1888,1864,-1,1892,1939,1938,-1,1922,1890,1921,-1,1890,1923,1891,-1,1938,1898,1892,-1,1888,1923,1889,-1,1862,1885,1863,-1,1891,1940,1939,-1,1889,1923,1890,-1,1923,1883,1882,-1,1939,1892,1891,-1,1885,1883,1888,-1,1861,1884,1862,-1,1882,1941,1940,-1,1888,1883,1923,-1,1883,1878,1877,-1,1940,1891,1882,-1,1884,1878,1885,-1,1858,1924,1861,-1,1877,1881,1941,-1,1885,1878,1883,-1,1878,1925,1879,-1,1941,1882,1877,-1,1861,1924,1884,-1,1926,1858,1859,-1,1879,1887,1880,-1,1884,1925,1878,-1,1927,1887,1925,-1,1881,1877,1879,-1,1858,1926,1924,-1,1924,1927,1925,-1,1929,1942,1927,-1,1926,1929,1927,-1,1886,1887,1942,-1,1927,1942,1887,-1,1910,1943,1906,-1,1943,1910,1944,-1,1912,1944,1910,-1,1912,1945,1944,-1,1943,1946,1906,-1,1904,1946,1874,-1,1946,1904,1906,-1,1904,1874,1860,-1,1815,1947,1948,-1,1949,1950,1951,-1,1951,1952,1953,-1,1949,1954,1955,-1,1956,1957,1819,-1,1945,1952,1958,-1,1816,1959,1960,-1,1961,1962,1963,-1,1964,1965,1966,-1,1967,1968,1969,-1,1970,1971,1972,-1,1973,1974,1807,-1,1975,1976,1977,-1,1971,1978,1976,-1,1808,1979,1975,-1,1811,1980,1812,-1,1977,1978,1981,-1,1978,1977,1976,-1,1808,1812,1979,-1,1981,1982,1983,-1,1984,1810,1974,-1,1985,1809,1813,-1,1986,1987,1988,-1,1956,1988,1989,-1,1990,1965,1991,-1,1992,1991,1970,-1,1985,1813,1948,-1,1985,1973,1809,-1,1993,1994,1967,-1,1964,1995,1993,-1,1814,1996,1947,-1,1963,1969,1997,-1,1817,1960,1996,-1,1954,1962,1998,-1,1957,1959,1818,-1,1946,1824,1874,-1,1946,1986,1824,-1,1986,1946,1943,-1,1984,1811,1810,-1,1975,1979,1976,-1,1980,1979,1812,-1,1999,1982,1978,-1,1972,1971,1976,-1,1982,1981,1978,-1,1980,1972,1979,-1,1807,1974,1810,-1,1971,1999,1978,-1,1979,1972,1976,-1,1972,1992,1970,-1,2000,1999,1971,-1,1980,1984,1992,-1,1984,1980,1811,-1,2001,2000,1970,-1,1980,1992,1972,-1,1990,1991,1992,-1,2000,1971,1970,-1,1974,1990,1984,-1,1809,1973,1807,-1,2002,2001,1991,-1,1984,1990,1992,-1,1990,1966,1965,-1,2001,1970,1991,-1,1966,1974,1973,-1,1815,1948,1813,-1,1965,2003,2002,-1,1974,1966,1990,-1,1995,1964,1966,-1,2002,1991,1965,-1,1985,1995,1973,-1,1814,1947,1815,-1,2004,2003,1964,-1,1973,1995,1966,-1,1994,1993,1995,-1,2003,1965,1964,-1,1948,1994,1985,-1,1817,1996,1814,-1,2005,2004,1993,-1,1985,1994,1995,-1,1968,1967,1994,-1,2004,1964,1993,-1,1947,1968,1948,-1,1816,1960,1817,-1,2006,2005,1967,-1,1948,1968,1994,-1,1997,1969,1968,-1,2005,1993,1967,-1,1996,1997,1947,-1,1958,1951,1989,-1,2007,2006,1969,-1,1947,1997,1968,-1,1997,1961,1963,-1,2006,1967,1969,-1,1960,1961,1996,-1,1818,1959,1816,-1,1963,2008,2007,-1,1996,1961,1997,-1,1961,1998,1962,-1,2007,1969,1963,-1,1959,1998,1960,-1,1819,1957,1818,-1,1962,2009,2008,-1,1960,1998,1961,-1,1998,1955,1954,-1,2008,1963,1962,-1,1957,1955,1959,-1,1820,1956,1819,-1,1954,2010,2009,-1,1959,1955,1998,-1,1955,1950,1949,-1,2009,1962,1954,-1,1956,1950,1957,-1,1821,1988,1820,-1,1949,1953,2010,-1,1957,1950,1955,-1,1950,1989,1951,-1,2010,1954,1949,-1,1820,1988,1956,-1,1986,1821,1824,-1,1951,1958,1952,-1,1956,1989,1950,-1,1987,1958,1989,-1,1953,1949,1951,-1,1821,1986,1988,-1,1988,1987,1989,-1,1943,1944,1987,-1,1986,1943,1987,-1,1945,1958,1944,-1,1987,1944,1958,-1,1981,2011,2012,-1,1981,2012,1977,-1,1983,2011,1981,-1,1983,2013,2011,-1,2012,2014,1977,-1,1975,2014,1823,-1,2014,1975,1977,-1,1975,1823,1808,-1,1835,2015,2016,-1,2017,2018,2019,-1,2019,2020,2021,-1,2017,2022,2023,-1,2024,2025,1830,-1,2013,2020,2026,-1,1832,2027,2028,-1,2029,2030,2031,-1,2032,2033,2034,-1,2035,2036,2037,-1,2038,2039,2040,-1,2041,2042,1822,-1,2043,2044,2045,-1,2039,2046,2044,-1,1839,2047,2043,-1,1825,2048,1826,-1,2045,2046,2049,-1,2046,2045,2044,-1,1839,1826,2047,-1,2049,2050,173,-1,2051,1838,2042,-1,2052,1837,1836,-1,2038,2053,2054,-1,2055,2056,2035,-1,2054,2057,2033,-1,2016,2052,1836,-1,2052,2041,1837,-1,2032,2058,2055,-1,2037,2059,2031,-1,2028,2060,1833,-1,1834,2060,2015,-1,1829,1823,2014,-1,1831,2025,2027,-1,2061,2062,2063,-1,2022,2030,2064,-1,2062,2065,2024,-1,1829,2014,2063,-1,2063,2014,2012,-1,2051,1825,1838,-1,2043,2047,2044,-1,2048,2047,1826,-1,2066,2050,2046,-1,2040,2039,2044,-1,2050,2049,2046,-1,2048,2040,2047,-1,1822,2042,1838,-1,2039,2066,2046,-1,2047,2040,2044,-1,2040,2053,2038,-1,2067,2066,2039,-1,2048,2051,2053,-1,2051,2048,1825,-1,2068,2067,2038,-1,2048,2053,2040,-1,2057,2054,2053,-1,2067,2039,2038,-1,2042,2057,2051,-1,1837,2041,1822,-1,2069,2068,2054,-1,2051,2057,2053,-1,2057,2034,2033,-1,2068,2038,2054,-1,2034,2042,2041,-1,1835,2016,1836,-1,2033,2070,2069,-1,2042,2034,2057,-1,2058,2032,2034,-1,2069,2054,2033,-1,2052,2058,2041,-1,1834,2015,1835,-1,2071,2070,2032,-1,2041,2058,2034,-1,2056,2055,2058,-1,2070,2033,2032,-1,2016,2056,2052,-1,1833,2060,1834,-1,2072,2071,2055,-1,2052,2056,2058,-1,2036,2035,2056,-1,2071,2032,2055,-1,2015,2036,2016,-1,1832,2028,1833,-1,2073,2072,2035,-1,2016,2036,2056,-1,2059,2037,2036,-1,2072,2055,2035,-1,2060,2059,2015,-1,2026,2019,2065,-1,2074,2073,2037,-1,2015,2059,2036,-1,2059,2029,2031,-1,2073,2035,2037,-1,2028,2029,2060,-1,1831,2027,1832,-1,2031,2075,2074,-1,2060,2029,2059,-1,2029,2064,2030,-1,2074,2037,2031,-1,2027,2064,2028,-1,1830,2025,1831,-1,2030,2076,2075,-1,2028,2064,2029,-1,2064,2023,2022,-1,2075,2031,2030,-1,2025,2023,2027,-1,1828,2024,1830,-1,2022,2077,2076,-1,2027,2023,2064,-1,2023,2018,2017,-1,2076,2030,2022,-1,2024,2018,2025,-1,1827,2062,1828,-1,2017,2021,2077,-1,2025,2018,2023,-1,2018,2065,2019,-1,2077,2022,2017,-1,1828,2062,2024,-1,2063,1827,1829,-1,2019,2026,2020,-1,2024,2065,2018,-1,2061,2026,2065,-1,2021,2017,2019,-1,1827,2063,2062,-1,2062,2061,2065,-1,2012,2011,2061,-1,2063,2012,2061,-1,2013,2026,2011,-1,2061,2011,2026,-1,2049,2078,2045,-1,2078,2049,2079,-1,173,2079,2049,-1,173,120,2079,-1,2078,2080,2045,-1,2043,2080,1840,-1,2080,2043,2045,-1,2043,1840,1839,-1,1849,2081,2082,-1,2083,2084,2085,-1,2085,2086,2087,-1,2083,2088,2089,-1,2090,2091,1854,-1,120,2086,2092,-1,1853,2093,2094,-1,2095,2096,2097,-1,2098,2099,2100,-1,2101,2102,2103,-1,2104,2105,2106,-1,2107,2108,1847,-1,2109,2110,2111,-1,2105,2112,2110,-1,1842,2113,2109,-1,1844,2114,1845,-1,2111,2112,2115,-1,2112,2111,2110,-1,1842,1845,2113,-1,2115,2116,2117,-1,2118,1843,2108,-1,2119,1846,1848,-1,2104,2120,2121,-1,2099,2121,2122,-1,1851,2123,2081,-1,2119,2107,1846,-1,2124,2098,2125,-1,2082,2119,1848,-1,2126,2101,2124,-1,2123,1850,2094,-1,1857,2080,2127,-1,2093,1852,2091,-1,2097,2103,2128,-1,2129,2127,2130,-1,2088,2096,2131,-1,2132,2090,2129,-1,2127,2080,2078,-1,1840,2080,1857,-1,2118,1844,1843,-1,2109,2113,2110,-1,2114,2113,1845,-1,2133,2116,2112,-1,2106,2105,2110,-1,2116,2115,2112,-1,2114,2106,2113,-1,1847,2108,1843,-1,2105,2133,2112,-1,2113,2106,2110,-1,2106,2120,2104,-1,2134,2133,2105,-1,2114,2118,2120,-1,2118,2114,1844,-1,2135,2134,2104,-1,2114,2120,2106,-1,2122,2121,2120,-1,2134,2105,2104,-1,2108,2122,2118,-1,1846,2107,1847,-1,2136,2135,2121,-1,2118,2122,2120,-1,2122,2100,2099,-1,2135,2104,2121,-1,2100,2108,2107,-1,1849,2082,1848,-1,2099,2137,2136,-1,2108,2100,2122,-1,2125,2098,2100,-1,2136,2121,2099,-1,2119,2125,2107,-1,1851,2081,1849,-1,2138,2137,2098,-1,2107,2125,2100,-1,2126,2124,2125,-1,2137,2099,2098,-1,2082,2126,2119,-1,1850,2123,1851,-1,2139,2138,2124,-1,2119,2126,2125,-1,2102,2101,2126,-1,2138,2098,2124,-1,2081,2102,2082,-1,1853,2094,1850,-1,2140,2139,2101,-1,2082,2102,2126,-1,2128,2103,2102,-1,2139,2124,2101,-1,2123,2128,2081,-1,2092,2085,2132,-1,2141,2140,2103,-1,2081,2128,2102,-1,2128,2095,2097,-1,2140,2101,2103,-1,2094,2095,2123,-1,1852,2093,1853,-1,2097,2142,2141,-1,2123,2095,2128,-1,2095,2131,2096,-1,2141,2103,2097,-1,2093,2131,2094,-1,1854,2091,1852,-1,2096,2143,2142,-1,2094,2131,2095,-1,2131,2089,2088,-1,2142,2097,2096,-1,2091,2089,2093,-1,1856,2090,1854,-1,2088,2144,2143,-1,2093,2089,2131,-1,2089,2084,2083,-1,2143,2096,2088,-1,2090,2084,2091,-1,1855,2129,1856,-1,2083,2087,2144,-1,2091,2084,2089,-1,2084,2132,2085,-1,2144,2088,2083,-1,1856,2129,2090,-1,2127,1855,1857,-1,2085,2092,2086,-1,2090,2132,2084,-1,2130,2092,2132,-1,2087,2083,2085,-1,1855,2127,2129,-1,2129,2130,2132,-1,2078,2079,2130,-1,2127,2078,2130,-1,120,2092,2079,-1,2130,2079,2092,-1,2115,1942,1929,-1,2115,1929,2111,-1,2117,1942,2115,-1,2117,1886,1942,-1,1929,1928,2111,-1,2109,1928,1841,-1,1928,2109,2111,-1,2109,1841,1842,-1,2145,2117,2146,-1,2117,2145,1886,-1,2147,2148,2149,-1,2149,2148,2150,-1,2145,2147,2149,-1,2145,2146,2147,-1,2150,2148,2151,-1,2152,2151,2153,-1,2151,2152,2150,-1,2152,2153,2154,-1,2155,2156,2157,-1,2158,2159,2155,-1,2156,2155,2159,-1,2160,2161,2162,-1,2163,2164,2155,-1,2155,2157,2163,-1,2165,2164,2166,-1,2164,2165,2155,-1,2166,2167,2165,-1,2161,2165,2168,-1,2167,2168,2165,-1,2169,2161,2170,-1,2161,2168,2170,-1,2171,2161,2172,-1,2161,2169,2172,-1,2161,2171,2162,-1,2173,2174,2175,-1,2176,2177,2178,-1,2179,2180,2181,-1,2182,2183,2184,-1,2185,2186,2187,-1,2188,2189,2185,-1,2190,2188,2191,-1,2185,2189,2186,-1,2186,2192,2187,-1,2181,2193,2179,-1,2194,2188,2190,-1,2193,2195,2196,-1,2197,2179,2193,-1,2197,2193,2196,-1,2198,2199,2200,-1,2201,2202,2203,-1,2204,2205,2206,-1,2179,2207,2208,-1,2188,2194,2189,-1,2190,2191,2207,-1,2209,2210,2211,-1,2179,2190,2207,-1,2212,2181,2180,-1,2179,2208,2180,-1,2212,2213,2181,-1,2214,2215,2216,-1,2184,2217,2182,-1,2212,2217,2218,-1,2218,2213,2212,-1,2217,2184,2218,-1,2183,2174,2173,-1,2183,2182,2174,-1,2175,2219,2216,-1,2173,2175,2216,-1,2216,2219,2220,-1,2221,2173,2216,-1,2222,2216,2220,-1,2216,2223,2221,-1,2222,2224,2216,-1,2223,2216,2225,-1,2214,2216,2226,-1,2226,2216,2224,-1,2227,2216,2215,-1,2228,2229,2216,-1,2228,2216,2227,-1,2230,2231,2232,-1,2233,2229,2234,-1,2235,2236,2237,-1,2237,2238,2235,-1,2229,2232,2231,-1,2239,2240,2241,-1,2242,2243,2244,-1,2229,2245,2246,-1,2247,2248,2249,-1,2250,2251,2248,-1,2211,2252,2209,-1,2247,2210,2209,-1,2252,2253,2209,-1,2254,2210,2255,-1,2210,2247,2249,-1,2205,2256,2206,-1,2256,2257,2254,-1,2204,2258,2259,-1,2205,2257,2256,-1,2258,2204,2206,-1,2260,2261,2262,-1,2263,2256,2254,-1,2264,2255,2210,-1,2255,2263,2254,-1,2265,2266,2267,-1,2210,2249,2264,-1,2248,2247,2250,-1,2250,2268,2251,-1,2269,2270,2271,-1,2272,2251,2268,-1,2273,2272,2244,-1,2272,2273,2251,-1,2243,2242,2274,-1,2273,2244,2243,-1,2230,2232,2239,-1,2245,2229,2275,-1,2276,2240,2270,-1,2235,2238,2277,-1,2236,2271,2237,-1,2278,2279,2280,-1,2278,2281,2238,-1,2281,2278,2280,-1,2278,2282,2279,-1,2283,2279,2282,-1,2281,2277,2238,-1,2282,2284,2283,-1,2285,2286,2284,-1,2284,2282,2285,-1,2153,2285,2287,-1,2285,2153,2286,-1,2288,2153,2289,-1,2290,2154,2291,-1,2292,2262,2293,-1,2294,2262,2292,-1,2295,2294,2292,-1,2296,2297,2293,-1,2298,2293,2299,-1,2293,2297,2299,-1,2300,2293,2301,-1,2293,2298,2301,-1,2292,2293,2302,-1,2262,2303,2260,-1,2304,2262,2305,-1,2306,2307,2262,-1,2308,2309,2310,-1,2306,2262,2261,-1,2262,2294,2305,-1,2262,2304,2303,-1,2302,2293,2300,-1,2311,2312,2310,-1,2295,2313,2314,-1,2314,2294,2295,-1,2315,2313,2267,-1,2313,2315,2314,-1,2316,2317,2176,-1,2315,2267,2266,-1,2318,2319,2265,-1,2265,2319,2266,-1,2320,2319,2318,-1,2320,2288,2289,-1,2288,2320,2318,-1,2291,2153,2321,-1,2321,2153,2288,-1,2154,2322,2323,-1,2154,2153,2291,-1,2324,2325,2326,-1,2322,2154,2327,-1,2328,2329,2325,-1,2324,2326,2154,-1,2330,2328,2331,-1,2332,2176,2333,-1,2176,2332,2177,-1,2332,2333,2334,-1,2335,2333,2336,-1,2333,2335,2334,-1,2311,2337,2338,-1,2335,2336,2339,-1,2340,2341,2342,-1,2311,2343,2344,-1,2341,2340,2345,-1,2346,2347,2348,-1,2346,2202,2349,-1,2202,2346,2203,-1,2346,2349,2347,-1,2350,2351,2352,-1,2311,2202,2343,-1,2310,2309,2353,-1,2200,2354,2355,-1,2353,2311,2310,-1,2312,2311,2356,-1,2357,2358,2359,-1,2360,2361,2362,-1,2363,2364,2365,-1,2344,2337,2311,-1,2363,2366,2367,-1,2368,2369,2370,-1,2370,2363,2371,-1,2342,2372,2340,-1,2341,2373,2368,-1,2374,2375,2376,-1,2377,2372,2342,-1,2378,2379,2380,-1,2376,2380,2374,-1,2379,2378,2381,-1,2376,2378,2380,-1,2382,2378,2383,-1,2378,2382,2381,-1,2383,2384,2385,-1,2382,2383,2385,-1,2350,2352,2386,-1,2386,2352,2383,-1,2351,2387,2388,-1,2388,2352,2351,-1,2389,2390,2388,-1,2389,2388,2387,-1,2225,2391,2392,-1,2384,2383,2352,-1,2200,2355,2198,-1,2376,2377,2342,-1,2375,2377,2376,-1,2373,2341,2345,-1,2363,2370,2369,-1,2370,2341,2368,-1,2393,2394,2363,-1,2367,2371,2363,-1,2395,2396,2397,-1,2311,2338,2398,-1,2397,2399,2395,-1,2400,2401,2356,-1,2402,2403,2404,-1,2404,2403,2405,-1,2402,2404,2406,-1,2336,2402,2406,-1,2178,2316,2176,-1,2339,2336,2406,-1,2317,2407,2331,-1,2407,2317,2316,-1,2330,2408,2328,-1,2317,2331,2328,-1,2325,2324,2328,-1,2408,2329,2328,-1,2409,2324,2154,-1,2154,2323,2410,-1,2409,2154,2410,-1,2153,2411,2289,-1,2290,2327,2154,-1,2153,2412,2413,-1,2411,2153,2413,-1,2153,2414,2412,-1,2236,2269,2271,-1,2414,2153,2287,-1,2276,2241,2240,-1,2270,2240,2271,-1,2232,2229,2246,-1,2230,2239,2241,-1,2274,2242,2229,-1,2275,2229,2242,-1,2229,2415,2274,-1,2416,2234,2229,-1,2415,2229,2233,-1,2417,2418,2229,-1,2229,2418,2416,-1,2419,2229,2420,-1,2419,2417,2229,-1,2420,2229,2228,-1,2391,2421,2392,-1,2216,2391,2225,-1,2422,2423,2424,-1,2425,2426,2421,-1,2427,2428,2429,-1,2430,2422,2429,-1,2431,2432,2433,-1,2434,2432,2435,-1,2436,2198,2437,-1,2438,2437,2439,-1,2440,2355,2354,-1,2199,2198,2436,-1,2441,2442,2440,-1,2440,2354,2441,-1,2439,2437,2431,-1,2436,2437,2438,-1,2435,2432,2431,-1,2433,2439,2431,-1,2428,2434,2435,-1,2428,2430,2429,-1,2428,2427,2434,-1,2430,2423,2422,-1,2424,2423,2425,-1,2421,2426,2392,-1,2425,2423,2426,-1,2363,2365,2366,-1,2443,2311,2398,-1,2366,2358,2357,-1,2356,2311,2444,-1,2443,2444,2311,-1,2401,2400,2445,-1,2356,2444,2400,-1,2397,2396,2445,-1,2396,2401,2445,-1,2399,2446,2447,-1,2395,2399,2447,-1,2405,2446,2448,-1,2446,2405,2447,-1,2449,2404,2448,-1,2405,2448,2404,-1,2450,2404,2451,-1,2404,2449,2451,-1,2452,2404,2453,-1,2404,2450,2453,-1,2454,2404,2455,-1,2404,2452,2455,-1,2456,2404,2457,-1,2404,2454,2457,-1,2404,2456,2458,-1,2363,2404,2459,-1,2404,2458,2459,-1,2460,2363,2461,-1,2363,2459,2461,-1,2364,2363,2462,-1,2463,2363,2464,-1,2363,2460,2464,-1,2465,2363,2466,-1,2363,2463,2466,-1,2462,2363,2394,-1,2363,2465,2393,-1,2366,2365,2358,-1,2357,2359,2362,-1,2361,2360,2467,-1,2362,2359,2360,-1,2467,2468,2469,-1,2469,2361,2467,-1,2201,2468,2470,-1,2468,2201,2469,-1,2471,2202,2470,-1,2201,2470,2202,-1,2472,2202,2473,-1,2202,2471,2473,-1,2474,2202,2475,-1,2202,2472,2475,-1,2343,2202,2474,-1,2476,2477,2478,-1,2479,2480,2481,-1,2482,2481,2483,-1,2481,2482,2479,-1,2481,2484,2485,-1,2480,2484,2481,-1,2481,2486,2487,-1,2485,2486,2481,-1,2477,2476,2487,-1,2488,2489,2490,-1,2490,2478,2491,-1,2492,2488,2490,-1,2491,2493,2490,-1,2490,2493,2492,-1,2478,2490,2476,-1,2481,2487,2476,-1,2458,2494,2459,-1,2454,2495,2457,-1,2456,2496,2497,-1,2498,2452,2453,-1,2499,2455,2500,-1,2451,2449,2501,-1,2450,2502,2503,-1,2399,2504,2446,-1,2505,2506,2448,-1,2507,2445,2400,-1,2508,2397,2509,-1,2510,2443,2511,-1,2444,2510,2512,-1,2513,2511,2398,-1,2443,2398,2511,-1,2338,2514,2513,-1,2513,2398,2338,-1,2514,2337,2515,-1,2337,2514,2338,-1,2516,2515,2344,-1,2337,2344,2515,-1,2343,2517,2516,-1,2516,2344,2343,-1,2400,2444,2512,-1,2444,2443,2510,-1,2509,2445,2507,-1,2507,2400,2512,-1,2508,2399,2397,-1,2509,2397,2445,-1,2504,2505,2446,-1,2508,2504,2399,-1,2448,2506,2449,-1,2446,2505,2448,-1,2451,2501,2502,-1,2449,2506,2501,-1,2453,2450,2503,-1,2450,2451,2502,-1,2500,2452,2498,-1,2498,2453,2503,-1,2499,2454,2455,-1,2500,2455,2452,-1,2495,2496,2457,-1,2499,2495,2454,-1,2456,2497,2458,-1,2457,2496,2456,-1,2494,2458,2497,-1,2518,2519,2499,-1,2520,2497,2496,-1,2521,2522,2523,-1,2494,2497,2524,-1,2495,2525,2496,-1,2526,2527,2528,-1,2529,2502,2501,-1,2503,2530,2498,-1,2504,2531,2505,-1,2532,2533,2534,-1,2512,2535,2507,-1,2536,2537,2538,-1,2511,2539,2510,-1,2540,2541,2542,-1,2543,2515,2516,-1,2544,2545,2546,-1,2547,2548,2549,-1,2514,2550,2551,-1,2552,2553,2554,-1,2555,2548,2556,-1,2552,2557,2558,-1,2559,2560,2561,-1,2562,2563,2564,-1,2557,2565,2560,-1,2517,2563,2566,-1,2562,2559,2566,-1,2547,2567,2568,-1,2515,2543,2550,-1,2511,2513,2569,-1,2568,2570,2544,-1,2513,2514,2551,-1,2541,2571,2572,-1,2546,2573,2571,-1,2574,2575,2509,-1,2535,2574,2507,-1,2538,2576,2577,-1,2578,2576,2540,-1,2505,2531,2579,-1,2508,2509,2575,-1,2580,2532,2581,-1,2537,2582,2581,-1,2583,2502,2529,-1,2579,2506,2505,-1,2584,2585,2527,-1,2585,2534,2586,-1,2587,2521,2588,-1,2530,2589,2498,-1,2590,2522,2591,-1,2519,2525,2495,-1,2499,2500,2518,-1,2523,2592,2520,-1,2593,2522,2590,-1,2592,2524,2520,-1,2497,2520,2524,-1,2593,2523,2522,-1,2592,2523,2593,-1,2523,2525,2521,-1,2591,2522,2587,-1,2523,2520,2525,-1,2496,2525,2520,-1,2591,2587,2594,-1,2521,2587,2522,-1,2521,2519,2588,-1,2594,2587,2595,-1,2525,2519,2521,-1,2495,2499,2519,-1,2594,2595,2526,-1,2588,2595,2587,-1,2588,2518,2584,-1,2526,2595,2527,-1,2519,2518,2588,-1,2589,2500,2498,-1,2595,2584,2527,-1,2588,2584,2595,-1,2584,2589,2585,-1,2528,2527,2586,-1,2584,2518,2589,-1,2500,2589,2518,-1,2527,2585,2586,-1,2528,2586,2596,-1,2585,2530,2534,-1,2596,2586,2533,-1,2589,2530,2585,-1,2583,2503,2502,-1,2586,2534,2533,-1,2596,2533,2597,-1,2534,2583,2532,-1,2597,2533,2580,-1,2534,2530,2583,-1,2503,2583,2530,-1,2533,2532,2580,-1,2597,2580,2598,-1,2532,2529,2581,-1,2598,2580,2582,-1,2529,2532,2583,-1,2599,2501,2506,-1,2598,2582,2600,-1,2581,2582,2580,-1,2581,2599,2537,-1,2600,2582,2536,-1,2581,2529,2599,-1,2501,2599,2529,-1,2582,2537,2536,-1,2600,2536,2601,-1,2537,2579,2538,-1,2601,2536,2577,-1,2537,2599,2579,-1,2506,2579,2599,-1,2536,2538,2577,-1,2601,2577,2602,-1,2538,2531,2576,-1,2602,2577,2578,-1,2531,2538,2579,-1,2603,2504,2508,-1,2602,2578,2604,-1,2576,2578,2577,-1,2576,2603,2540,-1,2604,2578,2542,-1,2576,2531,2603,-1,2504,2603,2531,-1,2578,2540,2542,-1,2604,2542,2605,-1,2540,2575,2541,-1,2605,2542,2572,-1,2540,2603,2575,-1,2508,2575,2603,-1,2542,2541,2572,-1,2605,2572,2606,-1,2541,2574,2571,-1,2606,2572,2573,-1,2575,2574,2541,-1,2509,2507,2574,-1,2572,2571,2573,-1,2606,2573,2607,-1,2571,2535,2546,-1,2607,2573,2545,-1,2535,2571,2574,-1,2608,2512,2510,-1,2545,2570,2609,-1,2573,2546,2545,-1,2546,2608,2544,-1,2607,2545,2609,-1,2546,2535,2608,-1,2512,2608,2535,-1,2545,2544,2570,-1,2609,2570,2610,-1,2544,2539,2568,-1,2610,2570,2567,-1,2544,2608,2539,-1,2510,2539,2608,-1,2570,2568,2567,-1,2610,2567,2611,-1,2568,2569,2547,-1,2611,2567,2549,-1,2568,2539,2569,-1,2511,2569,2539,-1,2567,2547,2549,-1,2611,2549,2612,-1,2547,2551,2548,-1,2612,2549,2555,-1,2547,2569,2551,-1,2513,2551,2569,-1,2549,2548,2555,-1,2612,2555,2613,-1,2548,2550,2556,-1,2613,2555,2561,-1,2551,2550,2548,-1,2514,2515,2550,-1,2555,2556,2561,-1,2613,2561,2565,-1,2556,2543,2559,-1,2565,2561,2560,-1,2543,2556,2550,-1,2517,2566,2516,-1,2558,2560,2562,-1,2556,2559,2561,-1,2560,2559,2562,-1,2557,2560,2558,-1,2543,2516,2566,-1,2559,2543,2566,-1,2558,2564,2553,-1,2563,2562,2566,-1,2553,2552,2558,-1,2564,2558,2562,-1,2614,2615,80,-1,2616,2617,2618,-1,2619,2614,80,-1,2620,2617,2621,-1,2620,2622,2617,-1,2623,2624,2622,-1,2623,2622,2620,-1,2625,2626,2627,-1,2616,2618,2626,-1,2628,2625,2627,-1,2627,2626,2618,-1,2629,2630,2631,-1,2632,2621,2617,-1,2617,2616,2632,-1,2633,2634,2630,-1,80,70,2619,-1,2635,70,72,-1,72,2636,2635,-1,2635,2619,70,-1,2615,79,80,-1,2637,2638,2639,-1,2638,2640,2639,-1,72,71,2636,-1,2641,2642,2637,-1,2642,2638,2637,-1,2640,2615,2639,-1,2643,2642,2641,-1,2621,2644,2645,-1,79,2615,2640,-1,2646,2647,2648,-1,2649,2650,2651,-1,2652,2644,2621,-1,2653,2654,2655,-1,2656,2657,2658,-1,2659,2660,2661,-1,2662,2663,2664,-1,2665,2666,2667,-1,2647,2646,2668,-1,2669,2646,2648,-1,2670,2671,2672,-1,2673,2674,2675,-1,2676,2677,2678,-1,2674,2673,2679,-1,2649,2651,2680,-1,2681,2682,2683,-1,2649,2680,2684,-1,2683,2684,2685,-1,2680,2685,2684,-1,2682,2681,2686,-1,2683,2685,2681,-1,2686,2674,2679,-1,2679,2682,2686,-1,2675,2687,2688,-1,2675,2688,2673,-1,2687,2676,2688,-1,2677,2676,2689,-1,2676,2687,2689,-1,2690,2691,2692,-1,2678,2660,2676,-1,2669,2693,2694,-1,2668,2695,2696,-1,2667,2697,2670,-1,2666,2697,2667,-1,2694,2672,2671,-1,2671,2670,2697,-1,2669,2648,2693,-1,2694,2693,2672,-1,2698,2699,2700,-1,2701,2702,2703,-1,2704,2705,2656,-1,2668,2692,2695,-1,2668,2696,2647,-1,2678,2690,2692,-1,2695,2692,2691,-1,2678,2661,2660,-1,2661,2678,2692,-1,2629,2631,2706,-1,2661,2707,2659,-1,2657,2708,2629,-1,2709,2659,2707,-1,2710,2664,2709,-1,2709,2707,2710,-1,2711,2663,2662,-1,2662,2664,2710,-1,2711,2658,2706,-1,2711,2706,2663,-1,2712,2713,2705,-1,2714,2715,109,-1,2702,2716,2703,-1,2703,2717,2701,-1,2717,2718,2701,-1,111,2715,112,-1,111,109,2715,-1,112,2715,95,-1,2719,2720,2721,-1,2719,2722,2720,-1,95,2715,96,-1,2715,2723,96,-1,109,107,2714,-1,108,2702,2714,-1,2714,107,108,-1,2702,110,2716,-1,110,2702,108,-1,2724,2725,2726,-1,2727,2722,2728,-1,2719,2728,2722,-1,2728,2729,2727,-1,2730,2731,2720,-1,2729,2732,2727,-1,2730,2720,2733,-1,2720,2731,2721,-1,2734,2735,2733,-1,2730,2733,2735,-1,2736,2724,2737,-1,2738,2739,2740,-1,2741,110,2742,-1,2743,2700,2744,-1,2745,2746,2747,-1,2748,2749,2750,-1,2751,2752,2753,-1,2753,2752,2754,-1,2755,2756,2757,-1,2752,2751,2758,-1,2759,2760,2761,-1,110,2751,2742,-1,2716,2762,2763,-1,2716,110,2764,-1,2741,2764,110,-1,2716,2764,2762,-1,2712,2716,2765,-1,2763,2765,2716,-1,2766,2712,2767,-1,2712,2765,2767,-1,2712,2705,2704,-1,2712,2766,2713,-1,2656,2705,2657,-1,2748,2750,2754,-1,2768,79,2769,-1,2770,2771,2772,-1,2773,2699,2708,-1,2774,2746,2775,-1,2758,2751,110,-1,2759,2776,2760,-1,2777,110,2721,-1,2778,2759,2761,-1,2621,2779,2731,-1,2731,2780,2721,-1,2731,2781,2782,-1,2721,2761,2777,-1,110,2777,2758,-1,2754,2750,2753,-1,2783,2749,2748,-1,2725,2783,2726,-1,2783,2725,2749,-1,2726,2737,2724,-1,2737,2743,2736,-1,2744,2700,2773,-1,2736,2743,2744,-1,2708,2699,2739,-1,2776,2757,2756,-1,2784,2631,2630,-1,2632,2785,2621,-1,2786,2787,2788,-1,2621,2645,2779,-1,2731,2779,2781,-1,2731,2789,2790,-1,2782,2789,2731,-1,2778,2761,2721,-1,2790,2780,2731,-1,2721,2791,2778,-1,2721,2780,2792,-1,2721,2792,2791,-1,2776,2756,2760,-1,2793,2755,2757,-1,2775,2793,2774,-1,2793,2775,2755,-1,2774,2747,2746,-1,2747,2770,2745,-1,2772,2771,2794,-1,2745,2770,2772,-1,2795,2796,2740,-1,79,2797,2769,-1,2798,2640,2799,-1,2800,2801,2802,-1,2768,2803,2804,-1,2796,2795,2805,-1,2802,2806,2807,-1,2738,2708,2739,-1,2808,2809,2810,-1,2658,2629,2706,-1,2653,2698,2811,-1,2629,2658,2657,-1,2773,2708,2657,-1,2812,2634,2813,-1,2784,2630,2634,-1,2634,2633,2813,-1,2640,2634,2814,-1,2812,2814,2634,-1,2799,2640,2815,-1,2640,2814,2815,-1,2640,2798,79,-1,2797,79,2816,-1,79,2798,2816,-1,2632,2817,2818,-1,2632,79,2817,-1,2819,2653,2655,-1,2820,2821,2822,-1,2818,2820,2632,-1,2786,2823,2824,-1,2825,2810,2809,-1,2654,2653,2794,-1,2654,2771,2826,-1,2827,2826,2828,-1,2811,2698,2700,-1,2794,2653,2811,-1,2699,2773,2700,-1,2740,2796,2738,-1,2829,2805,2795,-1,2806,2829,2807,-1,2829,2806,2805,-1,2807,2800,2802,-1,2800,2804,2801,-1,2803,2768,2769,-1,2801,2804,2803,-1,79,2768,2817,-1,2830,2632,2831,-1,2819,2655,2808,-1,2621,2832,2652,-1,2830,2785,2632,-1,2833,2621,2834,-1,2621,2785,2834,-1,2621,2835,2832,-1,2621,2833,2835,-1,2836,2644,2827,-1,2644,2836,2645,-1,2828,2826,2771,-1,2836,2827,2828,-1,2654,2794,2771,-1,2808,2810,2819,-1,2837,2825,2809,-1,2823,2837,2824,-1,2837,2823,2825,-1,2824,2787,2786,-1,2787,2822,2788,-1,2821,2820,2818,-1,2788,2822,2821,-1,2632,2820,2831,-1,2838,2839,2591,-1,2840,2841,2842,-1,2843,2842,2841,-1,2844,2845,2846,-1,2847,2848,2849,-1,2850,2851,2840,-1,2850,2847,2849,-1,2852,2848,2847,-1,2841,2840,2851,-1,2851,2850,2849,-1,2843,2846,2845,-1,2843,2845,2842,-1,2590,2844,2846,-1,2591,2839,2590,-1,2844,2590,2839,-1,2594,2853,2838,-1,2591,2594,2838,-1,2853,2526,2854,-1,2526,2853,2594,-1,2855,2854,2528,-1,2526,2528,2854,-1,2855,2528,2596,-1,2856,2855,2596,-1,2856,2597,2857,-1,2597,2856,2596,-1,2858,2857,2598,-1,2597,2598,2857,-1,2600,2858,2598,-1,2859,2600,2601,-1,2600,2859,2858,-1,2602,2554,2601,-1,2859,2601,2554,-1,2557,2605,2565,-1,2602,2604,2552,-1,2609,2611,2612,-1,2607,2613,2606,-1,2607,2609,2612,-1,2609,2610,2611,-1,2565,2606,2613,-1,2613,2607,2612,-1,2557,2604,2605,-1,2565,2605,2606,-1,2602,2552,2554,-1,2557,2552,2604,-1,2371,2860,2370,-1,2357,2861,2366,-1,2367,2862,2863,-1,2864,2361,2469,-1,2865,2362,2866,-1,2203,2867,2868,-1,2203,2868,2201,-1,2346,2867,2203,-1,2869,2867,2870,-1,2870,2867,2346,-1,2201,2868,2871,-1,2869,2872,2873,-1,2874,2875,2876,-1,2869,2873,2876,-1,2877,2878,2733,-1,2875,2874,2734,-1,2879,2880,2732,-1,2881,2732,2880,-1,2882,2883,2880,-1,2880,2879,2882,-1,2884,2883,2882,-1,2727,2881,2885,-1,2883,2886,2887,-1,2884,2886,2883,-1,2888,2887,2491,-1,2883,2887,2888,-1,2888,2491,2478,-1,2889,2888,2478,-1,2477,2487,2890,-1,2477,2890,2889,-1,2477,2889,2478,-1,2881,2727,2732,-1,2885,2720,2722,-1,2727,2885,2722,-1,2720,2877,2733,-1,2877,2720,2885,-1,2878,2875,2734,-1,2878,2734,2733,-1,2872,2869,2870,-1,2875,2869,2876,-1,2864,2469,2871,-1,2469,2201,2871,-1,2866,2362,2361,-1,2866,2361,2864,-1,2865,2861,2357,-1,2865,2357,2362,-1,2366,2862,2367,-1,2861,2862,2366,-1,2371,2863,2860,-1,2367,2863,2371,-1,2891,2892,2865,-1,2863,2893,2894,-1,2895,2868,2867,-1,2894,2860,2863,-1,2861,2892,2896,-1,2866,2897,2891,-1,2871,2898,2899,-1,2900,2901,2902,-1,2903,2904,2869,-1,2905,2906,2907,-1,2908,2909,2910,-1,2911,2912,2913,-1,2914,2915,2880,-1,2916,2917,2910,-1,2918,2919,2920,-1,2914,2883,2921,-1,2922,2918,2920,-1,2923,2924,2925,-1,2918,2926,2919,-1,2919,2926,2925,-1,2927,2928,2929,-1,2930,2931,2927,-1,2930,2929,2890,-1,2932,2933,2934,-1,2890,2929,2889,-1,2915,2935,2881,-1,2936,2932,2937,-1,2917,2936,2908,-1,2883,2888,2921,-1,2885,2935,2938,-1,2878,2939,2940,-1,2913,2941,2942,-1,2912,2943,2944,-1,2875,2940,2903,-1,2943,2911,2945,-1,2878,2877,2939,-1,2946,2907,2947,-1,2895,2898,2868,-1,2899,2897,2864,-1,2946,2948,2900,-1,2949,2950,2951,-1,2902,2951,2952,-1,2893,2953,2954,-1,2896,2893,2862,-1,2955,2956,2957,-1,2955,2954,2953,-1,2894,2893,2954,-1,2863,2862,2893,-1,2957,2956,2950,-1,2953,2956,2955,-1,2953,2896,2952,-1,2950,2956,2951,-1,2893,2896,2953,-1,2862,2861,2896,-1,2956,2952,2951,-1,2953,2952,2956,-1,2952,2892,2902,-1,2949,2951,2901,-1,2896,2892,2952,-1,2861,2865,2892,-1,2949,2901,2958,-1,2902,2901,2951,-1,2902,2891,2900,-1,2958,2901,2948,-1,2892,2891,2902,-1,2865,2866,2891,-1,2958,2948,2959,-1,2900,2948,2901,-1,2900,2897,2946,-1,2959,2948,2947,-1,2891,2897,2900,-1,2866,2864,2897,-1,2947,2906,2960,-1,2948,2946,2947,-1,2946,2899,2907,-1,2959,2947,2960,-1,2897,2899,2946,-1,2864,2871,2899,-1,2960,2906,2961,-1,2961,2906,2962,-1,2905,2907,2898,-1,2947,2907,2906,-1,2899,2898,2907,-1,2871,2868,2898,-1,2961,2962,2963,-1,2963,2962,2943,-1,2905,2895,2944,-1,2906,2905,2962,-1,2895,2905,2898,-1,2904,2867,2869,-1,2963,2943,2945,-1,2905,2944,2962,-1,2912,2944,2904,-1,2962,2944,2943,-1,2944,2895,2904,-1,2867,2904,2895,-1,2945,2911,2964,-1,2964,2911,2942,-1,2912,2903,2913,-1,2943,2912,2911,-1,2904,2903,2912,-1,2869,2875,2903,-1,2964,2942,2965,-1,2965,2942,2966,-1,2913,2940,2941,-1,2911,2913,2942,-1,2903,2940,2913,-1,2875,2878,2940,-1,2965,2966,2967,-1,2941,2966,2942,-1,2941,2939,2916,-1,2967,2966,2910,-1,2940,2939,2941,-1,2938,2877,2885,-1,2967,2910,2909,-1,2941,2916,2966,-1,2917,2916,2938,-1,2966,2916,2910,-1,2916,2939,2938,-1,2877,2938,2939,-1,2909,2908,2968,-1,2968,2908,2937,-1,2936,2917,2935,-1,2910,2917,2908,-1,2938,2935,2917,-1,2885,2881,2935,-1,2968,2937,2969,-1,2969,2937,2934,-1,2936,2915,2932,-1,2908,2936,2937,-1,2935,2915,2936,-1,2881,2880,2915,-1,2969,2934,2970,-1,2970,2934,2971,-1,2932,2914,2933,-1,2937,2932,2934,-1,2915,2914,2932,-1,2880,2883,2914,-1,2970,2971,2972,-1,2933,2971,2934,-1,2933,2921,2973,-1,2972,2971,2922,-1,2914,2921,2933,-1,2888,2889,2974,-1,2972,2922,2920,-1,2933,2973,2971,-1,2973,2974,2928,-1,2971,2973,2922,-1,2973,2921,2974,-1,2888,2974,2921,-1,2926,2918,2927,-1,2973,2928,2922,-1,2918,2928,2927,-1,2922,2928,2918,-1,2974,2889,2929,-1,2928,2974,2929,-1,2926,2931,2923,-1,2930,2927,2929,-1,2923,2925,2926,-1,2931,2926,2927,-1,2975,2976,2977,-1,2978,2957,2950,-1,2978,2979,2980,-1,2981,2982,2983,-1,2984,2985,2986,-1,2984,2987,2988,-1,2989,2987,2990,-1,2980,2979,2986,-1,2950,2949,2991,-1,2989,2990,2982,-1,2983,2975,2977,-1,2959,2992,2958,-1,2992,2991,2949,-1,2960,2993,2959,-1,2976,2994,2995,-1,2960,2996,2993,-1,2997,2994,2998,-1,2961,2999,2996,-1,3000,3001,3002,-1,3003,3000,3004,-1,3005,3006,3007,-1,2963,2945,2999,-1,2964,3008,2945,-1,2967,3009,2965,-1,3008,2964,3009,-1,3010,2967,2909,-1,3011,2924,3012,-1,2919,2925,3013,-1,3014,3010,2909,-1,2920,3015,2972,-1,2970,3016,3017,-1,2920,2919,3015,-1,2997,2998,3002,-1,2969,2970,3017,-1,3013,3015,2919,-1,2925,3011,3013,-1,2968,2969,3014,-1,2924,3011,2925,-1,3018,3019,3020,-1,3007,3018,3021,-1,3016,2970,2972,-1,3016,2972,3015,-1,3014,2969,3017,-1,3014,2909,2968,-1,3009,2967,3010,-1,3009,2964,2965,-1,2999,2945,3008,-1,2999,2961,2963,-1,2996,2960,2961,-1,2992,2959,2993,-1,2992,2949,2958,-1,2978,2950,2991,-1,2978,2980,2957,-1,2984,2986,2979,-1,2984,2988,2985,-1,2987,2989,2988,-1,2983,2982,2990,-1,2983,2977,2981,-1,2994,2976,2975,-1,2994,2997,2995,-1,3000,3003,3001,-1,3000,3002,2998,-1,3004,3005,3003,-1,3006,3018,3007,-1,3004,3006,3005,-1,3021,3018,3020,-1,3020,3019,3012,-1,3011,3012,3019,-1,3022,3023,3024,-1,3025,3026,3027,-1,3025,3028,3029,-1,3030,3031,3032,-1,3033,3034,3035,-1,3033,3036,3037,-1,3038,3036,3039,-1,3029,3028,3035,-1,3027,3040,3041,-1,3038,3039,3031,-1,3032,3022,3024,-1,3042,3043,3044,-1,3043,3041,3040,-1,3045,3046,3042,-1,3023,3047,3048,-1,3045,3049,3046,-1,3050,3047,3051,-1,3052,3053,3049,-1,3054,3055,3056,-1,3057,3054,3058,-1,3059,3060,3061,-1,3062,3063,3053,-1,3064,3065,3063,-1,3066,3067,3068,-1,3065,3064,3067,-1,3069,3066,3070,-1,3071,3072,3073,-1,3074,3075,3076,-1,3077,3069,3070,-1,3078,3079,3080,-1,3081,3082,3083,-1,3078,3074,3079,-1,3050,3051,3056,-1,3084,3081,3083,-1,3076,3079,3074,-1,3075,3071,3076,-1,3085,3084,3077,-1,3072,3071,3075,-1,3086,3087,3088,-1,3061,3086,3089,-1,3082,3081,3080,-1,3082,3080,3079,-1,3077,3084,3083,-1,3077,3070,3085,-1,3067,3066,3069,-1,3067,3064,3068,-1,3053,3063,3065,-1,3053,3052,3062,-1,3049,3045,3052,-1,3043,3042,3046,-1,3043,3040,3044,-1,3025,3027,3041,-1,3025,3029,3026,-1,3033,3035,3028,-1,3033,3037,3034,-1,3036,3038,3037,-1,3032,3031,3039,-1,3032,3024,3030,-1,3047,3023,3022,-1,3047,3050,3048,-1,3054,3057,3055,-1,3054,3056,3051,-1,3058,3059,3057,-1,3060,3086,3061,-1,3058,3060,3059,-1,3089,3086,3088,-1,3088,3087,3073,-1,3071,3073,3087,-1,3090,3091,3092,-1,3093,3094,3095,-1,3093,3096,3097,-1,3098,3099,3100,-1,3101,3102,3103,-1,3101,3104,3105,-1,3106,3104,3107,-1,3097,3096,3103,-1,3095,3108,3109,-1,3106,3107,3099,-1,3100,3090,3092,-1,3110,3111,3112,-1,3111,3109,3108,-1,3113,3114,3110,-1,3091,3115,3116,-1,3113,3117,3114,-1,3118,3115,3119,-1,3120,3121,3117,-1,3122,3123,3124,-1,3125,3122,3126,-1,3127,3128,3129,-1,3130,3131,3121,-1,3132,3133,3131,-1,3134,3135,3136,-1,3133,3132,3135,-1,3137,3134,3138,-1,3139,3140,3141,-1,3142,3143,3144,-1,3145,3137,3138,-1,3146,3147,3148,-1,3149,3150,3151,-1,3146,3142,3147,-1,3118,3119,3124,-1,3152,3149,3151,-1,3144,3147,3142,-1,3143,3139,3144,-1,3153,3152,3145,-1,3140,3139,3143,-1,3154,3155,3156,-1,3129,3154,3157,-1,3150,3149,3148,-1,3150,3148,3147,-1,3145,3152,3151,-1,3145,3138,3153,-1,3135,3134,3137,-1,3135,3132,3136,-1,3121,3131,3133,-1,3121,3120,3130,-1,3117,3113,3120,-1,3111,3110,3114,-1,3111,3108,3112,-1,3093,3095,3109,-1,3093,3097,3094,-1,3101,3103,3096,-1,3101,3105,3102,-1,3104,3106,3105,-1,3100,3099,3107,-1,3100,3092,3098,-1,3115,3091,3090,-1,3115,3118,3116,-1,3122,3125,3123,-1,3122,3124,3119,-1,3126,3127,3125,-1,3128,3154,3129,-1,3126,3128,3127,-1,3157,3154,3156,-1,3156,3155,3141,-1,3139,3141,3155,-1,3158,3159,3160,-1,3161,3162,3163,-1,3161,3164,3165,-1,3166,3167,3168,-1,3169,3170,3171,-1,3169,3172,3173,-1,3174,3172,3175,-1,3165,3164,3171,-1,3163,3176,3177,-1,3174,3175,3167,-1,3168,3158,3160,-1,3178,3179,3180,-1,3179,3177,3176,-1,3181,3182,3178,-1,3159,3183,3184,-1,3181,3185,3182,-1,3186,3183,3187,-1,3188,3189,3185,-1,3190,3191,3192,-1,3193,3190,3194,-1,3195,3196,3197,-1,3198,3199,3189,-1,3200,3201,3199,-1,3202,3203,3204,-1,3201,3200,3203,-1,3205,3202,3206,-1,3207,3208,3209,-1,3210,3211,3212,-1,3213,3205,3206,-1,3214,3215,3216,-1,3217,3218,3219,-1,3214,3210,3215,-1,3186,3187,3192,-1,3220,3217,3219,-1,3212,3215,3210,-1,3211,3207,3212,-1,3221,3220,3213,-1,3208,3207,3211,-1,3222,3223,3224,-1,3197,3222,3225,-1,3218,3217,3216,-1,3218,3216,3215,-1,3213,3220,3219,-1,3213,3206,3221,-1,3203,3202,3205,-1,3203,3200,3204,-1,3189,3199,3201,-1,3189,3188,3198,-1,3185,3181,3188,-1,3179,3178,3182,-1,3179,3176,3180,-1,3161,3163,3177,-1,3161,3165,3162,-1,3169,3171,3164,-1,3169,3173,3170,-1,3172,3174,3173,-1,3168,3167,3175,-1,3168,3160,3166,-1,3183,3159,3158,-1,3183,3186,3184,-1,3190,3193,3191,-1,3190,3192,3187,-1,3194,3195,3193,-1,3196,3222,3197,-1,3194,3196,3195,-1,3225,3222,3224,-1,3224,3223,3209,-1,3207,3209,3223,-1,3133,3135,3226,-1,3133,3227,3121,-1,3227,3133,3226,-1,3228,3117,3121,-1,3121,3227,3228,-1,3114,3117,3229,-1,3228,3229,3117,-1,3114,3230,3111,-1,3230,3114,3229,-1,3231,3109,3111,-1,3111,3230,3231,-1,3093,3109,3232,-1,3231,3232,3109,-1,3233,3093,3232,-1,3234,3226,3135,-1,3235,3234,3137,-1,3135,3137,3234,-1,3235,3145,3236,-1,3145,3235,3137,-1,3151,3237,3236,-1,3236,3145,3151,-1,3238,3237,3150,-1,3151,3150,3237,-1,3238,3147,3239,-1,3147,3238,3150,-1,3144,3240,3239,-1,3239,3147,3144,-1,3144,3139,3240,-1,3119,3115,3241,-1,3119,3242,3122,-1,3242,3119,3241,-1,3243,3126,3122,-1,3122,3242,3243,-1,3128,3126,3244,-1,3243,3244,3126,-1,3128,3245,3154,-1,3245,3128,3244,-1,3246,3155,3154,-1,3154,3245,3246,-1,3139,3155,3247,-1,3246,3247,3155,-1,3240,3139,3247,-1,3248,3241,3115,-1,3249,3248,3090,-1,3115,3090,3248,-1,3249,3100,3250,-1,3100,3249,3090,-1,3107,3251,3250,-1,3250,3100,3107,-1,3252,3251,3104,-1,3107,3104,3251,-1,3252,3101,3253,-1,3101,3252,3104,-1,3096,3233,3253,-1,3253,3101,3096,-1,3096,3093,3233,-1,3243,3242,3231,-1,3253,3233,3248,-1,3253,3248,3249,-1,3232,3241,3233,-1,3250,3252,3249,-1,3251,3252,3250,-1,3252,3253,3249,-1,3241,3232,3242,-1,3248,3233,3241,-1,3243,3231,3230,-1,3242,3232,3231,-1,3230,3229,3244,-1,3244,3243,3230,-1,3229,3245,3244,-1,3246,3245,3228,-1,3229,3228,3245,-1,3227,3246,3228,-1,3247,3227,3226,-1,3227,3247,3246,-1,3234,3240,3226,-1,3247,3226,3240,-1,3238,3236,3237,-1,3235,3238,3239,-1,3239,3234,3235,-1,3238,3235,3236,-1,3234,3239,3240,-1,3254,3255,3256,-1,3257,3258,3259,-1,3257,3259,3260,-1,3261,3262,3258,-1,3263,3264,3260,-1,3265,3264,3263,-1,3264,3257,3260,-1,3262,3261,3255,-1,3259,3258,3262,-1,3254,3256,3266,-1,3255,3261,3256,-1,3266,3267,3268,-1,3268,3254,3266,-1,3267,3269,3268,-1,3270,3269,3271,-1,3267,3271,3269,-1,3272,3270,3271,-1,3273,3272,3274,-1,3272,3273,3270,-1,3275,3276,3274,-1,3273,3274,3276,-1,3277,3278,3279,-1,3280,3277,3281,-1,3281,3275,3280,-1,3277,3280,3278,-1,3275,3281,3276,-1,3282,3283,3284,-1,3285,3286,3287,-1,3285,3287,3288,-1,3289,3290,3286,-1,3291,3292,3288,-1,3293,3292,3291,-1,3292,3285,3288,-1,3290,3289,3283,-1,3287,3286,3290,-1,3282,3284,3294,-1,3283,3289,3284,-1,3294,3295,3296,-1,3296,3282,3294,-1,3295,3297,3296,-1,3298,3297,3299,-1,3295,3299,3297,-1,3300,3298,3299,-1,3301,3300,3302,-1,3300,3301,3298,-1,3303,3304,3302,-1,3301,3302,3304,-1,3305,3306,3307,-1,3308,3305,3309,-1,3309,3303,3308,-1,3305,3308,3306,-1,3303,3309,3304,-1,3310,3311,3312,-1,3313,3314,3315,-1,3313,3315,3316,-1,3317,3318,3314,-1,3319,3320,3316,-1,3321,3320,3319,-1,3320,3313,3316,-1,3318,3317,3311,-1,3315,3314,3318,-1,3310,3312,3322,-1,3311,3317,3312,-1,3322,3323,3324,-1,3324,3310,3322,-1,3323,3325,3324,-1,3326,3325,3327,-1,3323,3327,3325,-1,3328,3326,3327,-1,3329,3328,3330,-1,3328,3329,3326,-1,3331,3332,3330,-1,3329,3330,3332,-1,3333,3334,3335,-1,3336,3333,3337,-1,3337,3331,3336,-1,3333,3336,3334,-1,3331,3337,3332,-1,3201,3203,3274,-1,3201,3272,3189,-1,3272,3201,3274,-1,3271,3185,3189,-1,3189,3272,3271,-1,3182,3185,3267,-1,3271,3267,3185,-1,3182,3266,3179,-1,3266,3182,3267,-1,3256,3177,3179,-1,3179,3266,3256,-1,3161,3177,3261,-1,3256,3261,3177,-1,3258,3161,3261,-1,3275,3274,3203,-1,3280,3275,3205,-1,3203,3205,3275,-1,3280,3213,3278,-1,3213,3280,3205,-1,3219,3279,3278,-1,3278,3213,3219,-1,3277,3279,3218,-1,3219,3218,3279,-1,3277,3215,3281,-1,3215,3277,3218,-1,3212,3276,3281,-1,3281,3215,3212,-1,3212,3207,3276,-1,3187,3183,3262,-1,3187,3255,3190,-1,3255,3187,3262,-1,3254,3194,3190,-1,3190,3255,3254,-1,3196,3194,3268,-1,3254,3268,3194,-1,3196,3269,3222,-1,3269,3196,3268,-1,3270,3223,3222,-1,3222,3269,3270,-1,3207,3223,3273,-1,3270,3273,3223,-1,3276,3207,3273,-1,3259,3262,3183,-1,3260,3259,3158,-1,3183,3158,3259,-1,3260,3168,3263,-1,3168,3260,3158,-1,3175,3265,3263,-1,3263,3168,3175,-1,3264,3265,3172,-1,3175,3172,3265,-1,3264,3169,3257,-1,3169,3264,3172,-1,3164,3258,3257,-1,3257,3169,3164,-1,3164,3161,3258,-1,3065,3067,3302,-1,3065,3300,3053,-1,3300,3065,3302,-1,3299,3049,3053,-1,3053,3300,3299,-1,3046,3049,3295,-1,3299,3295,3049,-1,3046,3294,3043,-1,3294,3046,3295,-1,3284,3041,3043,-1,3043,3294,3284,-1,3025,3041,3289,-1,3284,3289,3041,-1,3286,3025,3289,-1,3303,3302,3067,-1,3308,3303,3069,-1,3067,3069,3303,-1,3308,3077,3306,-1,3077,3308,3069,-1,3083,3307,3306,-1,3306,3077,3083,-1,3305,3307,3082,-1,3083,3082,3307,-1,3305,3079,3309,-1,3079,3305,3082,-1,3076,3304,3309,-1,3309,3079,3076,-1,3076,3071,3304,-1,3051,3047,3290,-1,3051,3283,3054,-1,3283,3051,3290,-1,3282,3058,3054,-1,3054,3283,3282,-1,3060,3058,3296,-1,3282,3296,3058,-1,3060,3297,3086,-1,3297,3060,3296,-1,3298,3087,3086,-1,3086,3297,3298,-1,3071,3087,3301,-1,3298,3301,3087,-1,3304,3071,3301,-1,3287,3290,3047,-1,3288,3287,3022,-1,3047,3022,3287,-1,3288,3032,3291,-1,3032,3288,3022,-1,3039,3293,3291,-1,3291,3032,3039,-1,3292,3293,3036,-1,3039,3036,3293,-1,3292,3033,3285,-1,3033,3292,3036,-1,3028,3286,3285,-1,3285,3033,3028,-1,3028,3025,3286,-1,3008,3009,3330,-1,3008,3328,2999,-1,3328,3008,3330,-1,3327,2996,2999,-1,2999,3328,3327,-1,2993,2996,3323,-1,3327,3323,2996,-1,2993,3322,2992,-1,3322,2993,3323,-1,3312,2991,2992,-1,2992,3322,3312,-1,2978,2991,3317,-1,3312,3317,2991,-1,3314,2978,3317,-1,3331,3330,3009,-1,3336,3331,3010,-1,3009,3010,3331,-1,3336,3014,3334,-1,3014,3336,3010,-1,3017,3335,3334,-1,3334,3014,3017,-1,3333,3335,3016,-1,3017,3016,3335,-1,3333,3015,3337,-1,3015,3333,3016,-1,3013,3332,3337,-1,3337,3015,3013,-1,3013,3011,3332,-1,2998,2994,3318,-1,2998,3311,3000,-1,3311,2998,3318,-1,3310,3004,3000,-1,3000,3311,3310,-1,3006,3004,3324,-1,3310,3324,3004,-1,3006,3325,3018,-1,3325,3006,3324,-1,3326,3019,3018,-1,3018,3325,3326,-1,3011,3019,3329,-1,3326,3329,3019,-1,3332,3011,3329,-1,3315,3318,2994,-1,3316,3315,2975,-1,2994,2975,3315,-1,3316,2983,3319,-1,2983,3316,2975,-1,2990,3321,3319,-1,3319,2983,2990,-1,3320,3321,2987,-1,2990,2987,3321,-1,3320,2984,3313,-1,2984,3320,2987,-1,2979,3314,3313,-1,3313,2984,2979,-1,2979,2978,3314,-1,3338,3339,3340,-1,3341,3342,2930,-1,3343,3344,3345,-1,2930,2890,3341,-1,3346,3339,3347,-1,3348,3349,3338,-1,3350,3351,3352,-1,3353,3354,3355,-1,3356,3357,3358,-1,3359,3360,3361,-1,3362,2977,3363,-1,3364,3365,3366,-1,3367,3368,3369,-1,3370,3371,3363,-1,3372,2986,2985,-1,3367,3373,3374,-1,3375,3372,2985,-1,2955,2957,2980,-1,3372,3376,2986,-1,2986,3376,2980,-1,3377,3378,3379,-1,2894,2954,3377,-1,2894,3379,2860,-1,3380,3381,3382,-1,2860,3379,3383,-1,3368,3384,3385,-1,3386,3380,3387,-1,3371,3386,3362,-1,3373,3388,3374,-1,3389,3384,3390,-1,3391,3392,3393,-1,3366,3394,3395,-1,3365,3396,3397,-1,3398,3393,3356,-1,3396,3364,3002,-1,3391,3399,3392,-1,3400,3361,3401,-1,3343,3351,3344,-1,3352,3349,3402,-1,3400,3403,3353,-1,3020,3012,3404,-1,3355,3404,3405,-1,3342,3406,2931,-1,3347,3342,3407,-1,2923,3408,2924,-1,2923,2931,3406,-1,2930,3342,2931,-1,3341,3407,3342,-1,2924,3408,3012,-1,3406,3408,2923,-1,3406,3347,3405,-1,3012,3408,3404,-1,3342,3347,3406,-1,3407,3346,3347,-1,3408,3405,3404,-1,3406,3405,3408,-1,3405,3339,3355,-1,3020,3404,3354,-1,3347,3339,3405,-1,3346,3340,3339,-1,3020,3354,3021,-1,3355,3354,3404,-1,3355,3338,3353,-1,3021,3354,3403,-1,3339,3338,3355,-1,3340,3348,3338,-1,3021,3403,3007,-1,3353,3403,3354,-1,3353,3349,3400,-1,3007,3403,3401,-1,3338,3349,3353,-1,3348,3402,3349,-1,3401,3360,3005,-1,3403,3400,3401,-1,3400,3352,3361,-1,3007,3401,3005,-1,3349,3352,3400,-1,3402,3350,3352,-1,3005,3360,3003,-1,3003,3360,3409,-1,3359,3361,3351,-1,3401,3361,3360,-1,3352,3351,3361,-1,3350,3344,3351,-1,3003,3409,3001,-1,3001,3409,3396,-1,3359,3343,3397,-1,3360,3359,3409,-1,3343,3359,3351,-1,3357,3345,3358,-1,3001,3396,3002,-1,3359,3397,3409,-1,3365,3397,3357,-1,3409,3397,3396,-1,3397,3343,3357,-1,3345,3357,3343,-1,3002,3364,2997,-1,2997,3364,3395,-1,3365,3356,3366,-1,3396,3365,3364,-1,3357,3356,3365,-1,3358,3398,3356,-1,2997,3395,2995,-1,2995,3395,3410,-1,3366,3393,3394,-1,3364,3366,3395,-1,3356,3393,3366,-1,3398,3391,3393,-1,2995,3410,2976,-1,3394,3410,3395,-1,3394,3392,3370,-1,2976,3410,3363,-1,3393,3392,3394,-1,3390,3399,3389,-1,2976,3363,2977,-1,3394,3370,3410,-1,3371,3370,3390,-1,3410,3370,3363,-1,3370,3392,3390,-1,3399,3390,3392,-1,2977,3362,2981,-1,2981,3362,3387,-1,3386,3371,3384,-1,3363,3371,3362,-1,3390,3384,3371,-1,3389,3385,3384,-1,2981,3387,2982,-1,2982,3387,3382,-1,3386,3368,3380,-1,3362,3386,3387,-1,3384,3368,3386,-1,3385,3369,3368,-1,2982,3382,2989,-1,2989,3382,3411,-1,3380,3367,3381,-1,3387,3380,3382,-1,3368,3367,3380,-1,3369,3373,3367,-1,2989,3411,2988,-1,3381,3411,3382,-1,3381,3374,3412,-1,2988,3411,3375,-1,3367,3374,3381,-1,3388,3383,3413,-1,2988,3375,2985,-1,3381,3412,3411,-1,3412,3413,3378,-1,3411,3412,3375,-1,3412,3374,3413,-1,3388,3413,3374,-1,3376,3372,3377,-1,3412,3378,3375,-1,3372,3378,3377,-1,3375,3378,3372,-1,3413,3383,3379,-1,3378,3413,3379,-1,3376,2954,2955,-1,2894,3377,3379,-1,2955,2980,3376,-1,2954,3376,3377,-1,3388,2376,2342,-1,2860,3383,2341,-1,2383,3385,2386,-1,3369,2378,3373,-1,2389,3398,3358,-1,3399,2350,3389,-1,3414,3344,3415,-1,3345,3416,3417,-1,2483,3402,2482,-1,3350,3418,3419,-1,2479,3340,2480,-1,3340,2479,3348,-1,2484,2480,3346,-1,3340,3346,2480,-1,3407,2485,2484,-1,2484,3346,3407,-1,2485,3341,2486,-1,3341,2485,3407,-1,2487,2486,2890,-1,3341,2890,2486,-1,3348,2482,3402,-1,2482,3348,2479,-1,2483,3418,3350,-1,2483,3350,3402,-1,3419,3415,3344,-1,3419,3344,3350,-1,3414,3345,3344,-1,3414,3420,3345,-1,3420,3416,3345,-1,3345,3417,3358,-1,2390,3358,3417,-1,2390,2389,3358,-1,3391,3398,2387,-1,2389,2387,3398,-1,2351,2350,3399,-1,3391,2387,2351,-1,3399,3391,2351,-1,2386,3385,3389,-1,2386,3389,2350,-1,2383,2378,3369,-1,2383,3369,3385,-1,3373,2376,3388,-1,2378,2376,3373,-1,3383,2342,2341,-1,3388,2342,3383,-1,2860,2341,2370,-1,3421,3422,3423,-1,3424,3425,3426,-1,2390,3417,2388,-1,2388,3417,3421,-1,3416,3421,3417,-1,3422,3421,3416,-1,3427,3423,3422,-1,3425,3423,3428,-1,3427,3428,3423,-1,3426,3425,3429,-1,3425,3428,3429,-1,3424,3426,3430,-1,3431,3432,3433,-1,3430,3433,3432,-1,3431,3434,3435,-1,3436,3414,3415,-1,3437,3438,3439,-1,3437,3439,3436,-1,3440,3438,3441,-1,3439,3435,3436,-1,3435,3442,3431,-1,3420,3443,3422,-1,3428,3427,3443,-1,3422,3443,3427,-1,3414,3444,3420,-1,3414,3436,3434,-1,3445,3439,3440,-1,3415,3437,3436,-1,3436,3435,3434,-1,3440,3439,3438,-1,3422,3416,3420,-1,3434,3446,3444,-1,3444,3414,3434,-1,3443,3444,3446,-1,3435,3445,3442,-1,3446,3434,3431,-1,3445,3435,3439,-1,3428,3446,3429,-1,3443,3420,3444,-1,3428,3443,3446,-1,3431,3433,3446,-1,3432,3431,3442,-1,3429,3433,3426,-1,3433,3429,3446,-1,3433,3430,3426,-1,3447,3442,3448,-1,3432,3447,3449,-1,3447,3432,3442,-1,3430,3432,3449,-1,3430,3449,3450,-1,3442,3445,3448,-1,3445,3440,3451,-1,3451,3448,3445,-1,3451,3440,3452,-1,3440,3441,3452,-1,3453,3430,3450,-1,3453,3424,3430,-1,3454,3455,3456,-1,3457,3458,3459,-1,3456,3455,3460,-1,3459,3461,3457,-1,3462,3457,3461,-1,3459,3463,3455,-1,3458,3463,3459,-1,3455,3463,3460,-1,3454,3456,3464,-1,3465,3450,3454,-1,3454,3464,3465,-1,3465,3453,3450,-1,3466,3467,3468,-1,3469,3470,3471,-1,3472,3473,3456,-1,3474,3475,3476,-1,3477,3478,3475,-1,3473,3479,3464,-1,3479,3465,3464,-1,3474,3476,3480,-1,3481,3453,3465,-1,3482,3483,3484,-1,3460,3463,3484,-1,3473,3477,3479,-1,3484,3472,3460,-1,3482,3484,3463,-1,3458,3457,3485,-1,3458,3482,3463,-1,3462,3485,3457,-1,3468,3485,3462,-1,3470,3483,3471,-1,3486,3487,3467,-1,3486,3488,3489,-1,3488,3490,3489,-1,3488,3491,3492,-1,3493,3492,3491,-1,3494,3486,3466,-1,3458,3485,3482,-1,3467,3485,3468,-1,3483,3470,3484,-1,3495,3482,3485,-1,3470,3478,3472,-1,3456,3473,3464,-1,3460,3472,3456,-1,3470,3472,3484,-1,3479,3496,3481,-1,3478,3477,3473,-1,3481,3465,3479,-1,3467,3495,3485,-1,3489,3487,3486,-1,3497,3483,3495,-1,3495,3483,3482,-1,3487,3497,3495,-1,3478,3470,3469,-1,3497,3471,3483,-1,3475,3498,3477,-1,3477,3496,3479,-1,3472,3478,3473,-1,3478,3469,3475,-1,3498,3496,3477,-1,3466,3486,3467,-1,3488,3494,3491,-1,3497,3487,3499,-1,3467,3487,3495,-1,3487,3489,3499,-1,3471,3497,3500,-1,3497,3499,3500,-1,3469,3471,3501,-1,3471,3500,3501,-1,3475,3469,3476,-1,3501,3476,3469,-1,3474,3498,3475,-1,3488,3486,3494,-1,3492,3490,3488,-1,3490,3502,3489,-1,3489,3502,3499,-1,3502,3503,3499,-1,3503,3504,3500,-1,3503,3500,3499,-1,3504,3505,3501,-1,3504,3501,3500,-1,3505,3506,3476,-1,3505,3476,3501,-1,3476,3506,3480,-1,3507,3508,3466,-1,3468,3509,3507,-1,3507,3466,3468,-1,3462,3509,3468,-1,3462,3510,3509,-1,3466,3508,3494,-1,3494,3511,3491,-1,3511,3494,3508,-1,3511,3512,3491,-1,3491,3512,3493,-1,3480,1983,3513,-1,3506,1983,3480,-1,2013,3512,3514,-1,3505,3504,1983,-1,3505,1983,3506,-1,3503,3502,1983,-1,3503,1983,3504,-1,1983,3490,3492,-1,3502,3490,1983,-1,3493,3512,2013,-1,3493,2013,1983,-1,3515,3516,2013,-1,3515,2013,3514,-1,3516,3517,2013,-1,2013,3518,3519,-1,3517,3518,2013,-1,3520,3521,2013,-1,3519,3520,2013,-1,3521,3522,2013,-1,3521,3523,3522,-1,3493,1983,3492,-1,3480,3513,3524,-1,3525,3526,3527,-1,3525,3524,3528,-1,3528,3526,3525,-1,3524,3513,3528,-1,3529,3527,3526,-1,3530,3529,2352,-1,3529,3530,3527,-1,3530,2352,2388,-1,2385,3531,2382,-1,3532,3533,3534,-1,3532,3535,3536,-1,3528,3513,3534,-1,3535,3537,3536,-1,3538,3539,3540,-1,3541,3542,3543,-1,3544,3531,3545,-1,2377,2375,3546,-1,3547,3548,3549,-1,2340,3550,2345,-1,3551,3552,3553,-1,2373,2345,3554,-1,3555,3556,3557,-1,3558,2368,2373,-1,2368,3559,2369,-1,3560,3561,3562,-1,3560,3563,3564,-1,3561,3564,3565,-1,3558,3554,3563,-1,2369,3566,2363,-1,3567,2340,2372,-1,3556,3568,3569,-1,3553,3570,3568,-1,3551,3571,3572,-1,2377,3573,2372,-1,3574,2375,2374,-1,3571,3575,3576,-1,3548,3577,3578,-1,3575,3541,3579,-1,3542,3539,3580,-1,3578,3581,3544,-1,2384,3582,2385,-1,3564,3583,3565,-1,3533,3584,3526,-1,3536,3533,3532,-1,3529,3585,2352,-1,3529,3526,3584,-1,3526,3528,3533,-1,3534,3533,3528,-1,3585,3582,2384,-1,3529,3584,3585,-1,3584,3536,3586,-1,2352,3585,2384,-1,3536,3584,3533,-1,3537,3535,3587,-1,3585,3586,3582,-1,3584,3586,3585,-1,3586,3537,3545,-1,2385,3582,3531,-1,3536,3537,3586,-1,3540,3587,3538,-1,3582,3545,3531,-1,3586,3545,3582,-1,3545,3540,3544,-1,2382,3531,3581,-1,3545,3537,3540,-1,3587,3540,3537,-1,2382,3581,2381,-1,3544,3581,3531,-1,3544,3539,3578,-1,2381,3581,3577,-1,3540,3539,3544,-1,3538,3580,3539,-1,2381,3577,2379,-1,3578,3577,3581,-1,3578,3542,3548,-1,2379,3577,3547,-1,3539,3542,3578,-1,3580,3543,3542,-1,2379,3547,2380,-1,3548,3547,3577,-1,3549,3548,3541,-1,2380,3547,3588,-1,3542,3541,3548,-1,3543,3579,3541,-1,2380,3588,2374,-1,3549,3588,3547,-1,3589,3549,3575,-1,2374,3588,3574,-1,3541,3575,3549,-1,3579,3576,3575,-1,3588,3589,3574,-1,3549,3589,3588,-1,3589,3571,3590,-1,2375,3574,3546,-1,3575,3571,3589,-1,3576,3572,3571,-1,3574,3590,3546,-1,3589,3590,3574,-1,3590,3551,3591,-1,2377,3546,3573,-1,3571,3551,3590,-1,3572,3552,3551,-1,3546,3591,3573,-1,3590,3591,3546,-1,3591,3553,3592,-1,2372,3573,3567,-1,3551,3553,3591,-1,3552,3570,3553,-1,3573,3592,3567,-1,3591,3592,3573,-1,3592,3568,3593,-1,2340,3567,3550,-1,3553,3568,3592,-1,3570,3569,3568,-1,3567,3593,3550,-1,3592,3593,3567,-1,3593,3556,3594,-1,2345,3550,3554,-1,3568,3556,3593,-1,3569,3557,3556,-1,3550,3594,3554,-1,3593,3594,3550,-1,3594,3555,3563,-1,2373,3554,3558,-1,3556,3555,3594,-1,3557,3583,3555,-1,3559,3558,3560,-1,3594,3563,3554,-1,3558,3563,3560,-1,2368,3558,3559,-1,3555,3583,3564,-1,3563,3555,3564,-1,3559,3562,3566,-1,3561,3560,3564,-1,3566,2369,3559,-1,3562,3559,3560,-1,3561,3595,3596,-1,3595,3561,3565,-1,3596,3562,3561,-1,3565,3597,3595,-1,3562,3596,3598,-1,3566,3598,2404,-1,3598,3566,3562,-1,3566,2404,2363,-1,2339,3599,2335,-1,3600,3601,3602,-1,3600,3603,3604,-1,3595,3597,3602,-1,3603,3605,3604,-1,3606,3607,3608,-1,3609,3610,3611,-1,3612,3599,3613,-1,2407,2316,3614,-1,3615,3616,3617,-1,2330,3618,2408,-1,3619,3620,3621,-1,2329,2408,3622,-1,3623,3624,3625,-1,3626,2325,2329,-1,2325,3627,2326,-1,3628,2149,2150,-1,3628,3629,3630,-1,2149,3630,2145,-1,3626,3622,3629,-1,2326,2152,2154,-1,3631,2330,2331,-1,3624,3632,3633,-1,3621,3634,3632,-1,3619,3635,3636,-1,2407,3637,2331,-1,3638,2316,2178,-1,3635,3639,3640,-1,3616,3641,3642,-1,3639,3609,3643,-1,3610,3607,3644,-1,3642,3645,3612,-1,2406,3646,2339,-1,3630,3647,2145,-1,3601,3648,3596,-1,3604,3601,3600,-1,3598,3649,2404,-1,3598,3596,3648,-1,3596,3595,3601,-1,3602,3601,3595,-1,3649,3646,2406,-1,3598,3648,3649,-1,3648,3604,3650,-1,2404,3649,2406,-1,3604,3648,3601,-1,3605,3603,3651,-1,3649,3650,3646,-1,3648,3650,3649,-1,3650,3605,3613,-1,2339,3646,3599,-1,3604,3605,3650,-1,3608,3651,3606,-1,3646,3613,3599,-1,3650,3613,3646,-1,3613,3608,3612,-1,2335,3599,3645,-1,3613,3605,3608,-1,3651,3608,3605,-1,2335,3645,2334,-1,3612,3645,3599,-1,3612,3607,3642,-1,2334,3645,3641,-1,3608,3607,3612,-1,3606,3644,3607,-1,2334,3641,2332,-1,3642,3641,3645,-1,3642,3610,3616,-1,2332,3641,3615,-1,3607,3610,3642,-1,3644,3611,3610,-1,2332,3615,2177,-1,3616,3615,3641,-1,3617,3616,3609,-1,2177,3615,3652,-1,3610,3609,3616,-1,3611,3643,3609,-1,2177,3652,2178,-1,3617,3652,3615,-1,3653,3617,3639,-1,2178,3652,3638,-1,3609,3639,3617,-1,3643,3640,3639,-1,3652,3653,3638,-1,3617,3653,3652,-1,3653,3635,3654,-1,2316,3638,3614,-1,3639,3635,3653,-1,3640,3636,3635,-1,3638,3654,3614,-1,3653,3654,3638,-1,3654,3619,3655,-1,2407,3614,3637,-1,3635,3619,3654,-1,3636,3620,3619,-1,3614,3655,3637,-1,3654,3655,3614,-1,3655,3621,3656,-1,2331,3637,3631,-1,3619,3621,3655,-1,3620,3634,3621,-1,3637,3656,3631,-1,3655,3656,3637,-1,3656,3632,3657,-1,2330,3631,3618,-1,3621,3632,3656,-1,3634,3633,3632,-1,3631,3657,3618,-1,3656,3657,3631,-1,3657,3624,3658,-1,2408,3618,3622,-1,3632,3624,3657,-1,3633,3625,3624,-1,3618,3658,3622,-1,3657,3658,3618,-1,3658,3623,3629,-1,2329,3622,3626,-1,3624,3623,3658,-1,3625,3647,3623,-1,3627,3626,3628,-1,3658,3629,3622,-1,3626,3629,3628,-1,2325,3626,3627,-1,3623,3647,3630,-1,3629,3623,3630,-1,3627,2150,2152,-1,2149,3628,3630,-1,2152,2326,3627,-1,2150,3627,3628,-1,1911,3597,1912,-1,1932,3603,1931,-1,1930,3600,3602,-1,3644,1934,1935,-1,3651,1933,3606,-1,1937,1938,3640,-1,1936,3643,3611,-1,1941,3634,1940,-1,3620,3636,1939,-1,1941,1881,3633,-1,3633,3634,1941,-1,3625,1881,1880,-1,1881,3625,3633,-1,1886,3647,1880,-1,3625,1880,3647,-1,2145,3647,1886,-1,1939,1940,3620,-1,3634,3620,1940,-1,1938,3636,3640,-1,1939,3636,1938,-1,1936,1937,3643,-1,1937,3640,3643,-1,3644,1935,3611,-1,1935,1936,3611,-1,3606,1933,1934,-1,3606,1934,3644,-1,3651,3603,1932,-1,3651,1932,1933,-1,1931,3600,1930,-1,3603,3600,1931,-1,1911,3602,3597,-1,1930,3602,1911,-1,3597,1945,1912,-1,1945,3597,3565,-1,1982,3513,1983,-1,2001,3535,2000,-1,1999,3532,3534,-1,3580,2003,2004,-1,3587,2002,3538,-1,2006,2007,3576,-1,2005,3579,3543,-1,2010,3570,2009,-1,3552,3572,2008,-1,2010,1953,3569,-1,3569,3570,2010,-1,3557,1953,1952,-1,1953,3557,3569,-1,1945,3583,1952,-1,3557,1952,3583,-1,3565,3583,1945,-1,2008,2009,3552,-1,3570,3552,2009,-1,2007,3572,3576,-1,2008,3572,2007,-1,2005,2006,3579,-1,2006,3576,3579,-1,3580,2004,3543,-1,2004,2005,3543,-1,3538,2002,2003,-1,3538,2003,3580,-1,3587,3535,2001,-1,3587,2001,2002,-1,2000,3532,1999,-1,3535,3532,2000,-1,1982,3534,3513,-1,1999,3534,1982,-1,3659,3660,3425,-1,3425,3660,3423,-1,3423,3660,3661,-1,3423,3661,3421,-1,3421,3661,2388,-1,3659,3425,3424,-1,3659,3424,3662,-1,3663,3664,3665,-1,3527,3665,3525,-1,3525,3665,3666,-1,3524,3525,3666,-1,3667,3664,3662,-1,3668,3669,3670,-1,3659,3664,3669,-1,3668,3661,3660,-1,3660,3669,3668,-1,2388,3661,3668,-1,3662,3664,3659,-1,3665,3667,3666,-1,3670,2388,3668,-1,3659,3669,3660,-1,3669,3663,3670,-1,3667,3665,3664,-1,3664,3663,3669,-1,3527,3530,3663,-1,3665,3527,3663,-1,3530,2388,3670,-1,3663,3530,3670,-1,3496,3667,3662,-1,3424,3453,3481,-1,3524,3666,3474,-1,3498,3666,3667,-1,3498,3667,3496,-1,3524,3474,3480,-1,3474,3666,3498,-1,3481,3662,3424,-1,3496,3662,3481,-1,2050,188,173,-1,2068,3671,2067,-1,2066,3672,3673,-1,3674,2070,2071,-1,3675,2069,3676,-1,2073,2074,3677,-1,2072,3678,3679,-1,2077,3680,2076,-1,3681,3682,2075,-1,2077,2021,3683,-1,3683,3680,2077,-1,3684,2021,2020,-1,2021,3684,3683,-1,2013,3685,2020,-1,3684,2020,3685,-1,3522,3685,2013,-1,2075,2076,3681,-1,3680,3681,2076,-1,2074,3682,3677,-1,2075,3682,2074,-1,2072,2073,3678,-1,2073,3677,3678,-1,3674,2071,3679,-1,2071,2072,3679,-1,3676,2069,2070,-1,3676,2070,3674,-1,3675,3671,2068,-1,3675,2068,2069,-1,2067,3672,2066,-1,3671,3672,2067,-1,2050,3673,188,-1,2066,3673,2050,-1,2421,3686,2425,-1,3672,3687,3673,-1,3672,3671,3688,-1,3689,188,3673,-1,3671,3690,3688,-1,3676,3691,3692,-1,3693,3694,3679,-1,3695,3686,3696,-1,2432,2434,3697,-1,3698,3699,3700,-1,2439,3701,2438,-1,3702,3681,3703,-1,2436,2438,3704,-1,3705,3706,3684,-1,3707,2199,2436,-1,2199,3708,2200,-1,3709,3710,3711,-1,3709,3712,3713,-1,3710,3713,3522,-1,3707,3704,3712,-1,2200,3714,2354,-1,3715,2439,2433,-1,3706,3716,3683,-1,3703,3680,3716,-1,3702,3717,3682,-1,2432,3718,2433,-1,3719,2434,2427,-1,3717,3720,3677,-1,3699,3721,3722,-1,3720,3693,3678,-1,3694,3691,3674,-1,3722,3723,3695,-1,2391,3724,2421,-1,3713,3685,3522,-1,3687,3725,3726,-1,3688,3687,3672,-1,3727,3728,2216,-1,3727,3726,3725,-1,3726,3689,3687,-1,3673,3687,3689,-1,3728,3724,2391,-1,3727,3725,3728,-1,3725,3688,3729,-1,2216,3728,2391,-1,3688,3725,3687,-1,3690,3671,3675,-1,3728,3729,3724,-1,3725,3729,3728,-1,3729,3690,3696,-1,2421,3724,3686,-1,3688,3690,3729,-1,3692,3675,3676,-1,3724,3696,3686,-1,3729,3696,3724,-1,3696,3692,3695,-1,2425,3686,3723,-1,3696,3690,3692,-1,3675,3692,3690,-1,2425,3723,2424,-1,3695,3723,3686,-1,3695,3691,3722,-1,2424,3723,3721,-1,3692,3691,3695,-1,3676,3674,3691,-1,2424,3721,2422,-1,3722,3721,3723,-1,3722,3694,3699,-1,2422,3721,3698,-1,3691,3694,3722,-1,3674,3679,3694,-1,2422,3698,2429,-1,3699,3698,3721,-1,3700,3699,3693,-1,2429,3698,3730,-1,3694,3693,3699,-1,3679,3678,3693,-1,2429,3730,2427,-1,3700,3730,3698,-1,3731,3700,3720,-1,2427,3730,3719,-1,3693,3720,3700,-1,3678,3677,3720,-1,3730,3731,3719,-1,3700,3731,3730,-1,3731,3717,3732,-1,2434,3719,3697,-1,3720,3717,3731,-1,3677,3682,3717,-1,3719,3732,3697,-1,3731,3732,3719,-1,3732,3702,3733,-1,2432,3697,3718,-1,3717,3702,3732,-1,3682,3681,3702,-1,3697,3733,3718,-1,3732,3733,3697,-1,3733,3703,3734,-1,2433,3718,3715,-1,3702,3703,3733,-1,3681,3680,3703,-1,3718,3734,3715,-1,3733,3734,3718,-1,3734,3716,3735,-1,2439,3715,3701,-1,3703,3716,3734,-1,3680,3683,3716,-1,3715,3735,3701,-1,3734,3735,3715,-1,3735,3706,3736,-1,2438,3701,3704,-1,3716,3706,3735,-1,3683,3684,3706,-1,3701,3736,3704,-1,3735,3736,3701,-1,3736,3705,3712,-1,2436,3704,3707,-1,3706,3705,3736,-1,3684,3685,3705,-1,3708,3707,3709,-1,3736,3712,3704,-1,3707,3712,3709,-1,2199,3707,3708,-1,3705,3685,3713,-1,3712,3705,3713,-1,3708,3711,3714,-1,3710,3709,3713,-1,3714,2200,3708,-1,3711,3708,3709,-1,3711,3737,3738,-1,2441,3714,3738,-1,3711,3738,3714,-1,2354,3714,2441,-1,3710,3737,3711,-1,3739,3710,3522,-1,3710,3739,3737,-1,3739,3522,3523,-1,3740,3741,3742,-1,3742,3741,3743,-1,3743,3741,3744,-1,3743,3744,3745,-1,3745,3744,3523,-1,3740,3742,3746,-1,3740,3746,3747,-1,3748,3749,3750,-1,3737,3750,3738,-1,3738,3750,3751,-1,2441,3738,3751,-1,3752,3749,3747,-1,3753,3754,3755,-1,3740,3749,3754,-1,3753,3744,3741,-1,3741,3754,3753,-1,3523,3744,3753,-1,3747,3749,3740,-1,3750,3752,3751,-1,3755,3523,3753,-1,3740,3754,3741,-1,3754,3748,3755,-1,3752,3750,3749,-1,3749,3748,3754,-1,3737,3739,3748,-1,3750,3737,3748,-1,3739,3523,3755,-1,3748,3739,3755,-1,3756,3757,3747,-1,3746,3758,3756,-1,3752,3759,3751,-1,3760,3752,3747,-1,2441,3751,3761,-1,3759,3762,3751,-1,2442,2441,3761,-1,3751,3762,3761,-1,3759,3752,3763,-1,3763,3752,3760,-1,3756,3747,3746,-1,3760,3747,3757,-1,3764,2169,2170,-1,3765,3766,2168,-1,3767,3768,2162,-1,3769,2172,3770,-1,3762,3771,3772,-1,3773,3774,3775,-1,2355,2440,3776,-1,3761,3777,2442,-1,2437,3778,2431,-1,3779,3780,2198,-1,2435,3781,2428,-1,3781,2435,3782,-1,2430,2428,3783,-1,3781,3783,2428,-1,3784,2423,2430,-1,2430,3783,3784,-1,2423,3785,2426,-1,3785,2423,3784,-1,2392,2426,3786,-1,3785,3786,2426,-1,3782,2431,3778,-1,2431,3782,2435,-1,2437,2198,3780,-1,2437,3780,3778,-1,3779,2355,3776,-1,2198,2355,3779,-1,3777,2440,2442,-1,3776,2440,3777,-1,3772,3761,3762,-1,3777,3761,3772,-1,3771,3787,3772,-1,3787,3788,3772,-1,3772,3788,3774,-1,3773,3789,3774,-1,3788,3775,3774,-1,3773,3790,3789,-1,2160,3768,3789,-1,3789,3790,2160,-1,2162,3768,2160,-1,3769,2171,2172,-1,2171,3767,2162,-1,2171,3769,3767,-1,3770,2169,3764,-1,2172,2169,3770,-1,3766,2170,2168,-1,3764,2170,3766,-1,3765,2168,2167,-1,3791,3792,3793,-1,3794,3795,3792,-1,3794,3796,3795,-1,3794,3792,3791,-1,3775,3791,3793,-1,3775,3793,3773,-1,3797,3773,3793,-1,3790,3797,2161,-1,3797,3790,3773,-1,3790,2161,2160,-1,3793,3798,3797,-1,3793,3792,3799,-1,3795,3800,3801,-1,3801,3792,3795,-1,3802,3803,3804,-1,3805,3806,3807,-1,3808,3809,3804,-1,3804,3810,3808,-1,3810,3811,3808,-1,3806,3801,3803,-1,2161,3797,3798,-1,3801,3799,3792,-1,3812,3803,3800,-1,3805,3798,3799,-1,3799,3798,3793,-1,3799,3806,3805,-1,2161,3798,3805,-1,3800,3803,3801,-1,3804,3812,3810,-1,3807,2161,3805,-1,3801,3806,3799,-1,3806,3802,3807,-1,3812,3804,3803,-1,3803,3802,3806,-1,3809,3813,3802,-1,3804,3809,3802,-1,3813,2161,3807,-1,3802,3813,3807,-1,3809,3814,3815,-1,2165,3813,3815,-1,3809,3815,3813,-1,2161,3813,2165,-1,3808,3814,3809,-1,3816,3808,3811,-1,3808,3816,3814,-1,3816,3811,3817,-1,3818,3819,3811,-1,3817,3819,3820,-1,3818,3821,3819,-1,3817,3811,3819,-1,3822,3823,3824,-1,3825,3826,3827,-1,3828,3829,3826,-1,3830,3821,3818,-1,3821,3830,3827,-1,3825,3828,3826,-1,3830,3825,3827,-1,3822,3824,3829,-1,3828,3822,3829,-1,3831,3832,3510,-1,3833,3834,3835,-1,3824,3823,3836,-1,3837,3838,3833,-1,3835,3837,3833,-1,3839,3461,3833,-1,3833,3461,3834,-1,3462,3839,3840,-1,3462,3461,3839,-1,3841,3842,3843,-1,3844,3843,3845,-1,3844,3841,3843,-1,3846,3843,3842,-1,3846,3832,3843,-1,3846,3510,3832,-1,3510,3462,3840,-1,3847,3831,3848,-1,3849,3850,3851,-1,3848,3849,3847,-1,3850,3852,3851,-1,3853,3854,3855,-1,3852,3850,3856,-1,3840,3848,3831,-1,3831,3510,3840,-1,3857,3852,3856,-1,3849,3851,3847,-1,3858,3859,3857,-1,3857,3856,3858,-1,3859,3853,3855,-1,3853,3859,3858,-1,3855,3854,3823,-1,3854,3836,3823,-1,3860,3861,3821,-1,3862,3821,3863,-1,3864,3861,3860,-1,3865,3860,3836,-1,3861,3863,3821,-1,3821,3824,3860,-1,3826,3829,3824,-1,3821,3866,3867,-1,3866,3821,3862,-1,3867,3819,3821,-1,3821,3827,3824,-1,3824,3827,3826,-1,3860,3824,3836,-1,3868,3836,3869,-1,3864,3860,3870,-1,3836,3868,3865,-1,3860,3871,3870,-1,3871,3860,3872,-1,3872,3860,3873,-1,3874,3872,3875,-1,3873,3875,3872,-1,3872,3874,3876,-1,3877,2481,2476,-1,3874,3878,3879,-1,3880,3881,3882,-1,3875,3878,3874,-1,3880,3879,3881,-1,3878,3881,3879,-1,3877,3882,2481,-1,3880,3882,3877,-1,3881,3883,3882,-1,3881,3878,3884,-1,3875,3885,3886,-1,3886,3878,3875,-1,3887,3888,3889,-1,3890,3891,3892,-1,3893,3894,3889,-1,3889,3895,3893,-1,3895,3896,3893,-1,3891,3886,3888,-1,2481,3882,3883,-1,3886,3884,3878,-1,3897,3888,3885,-1,3890,3883,3884,-1,3884,3883,3881,-1,3884,3891,3890,-1,2481,3883,3890,-1,3885,3888,3886,-1,3889,3897,3895,-1,3892,2481,3890,-1,3886,3891,3884,-1,3891,3887,3892,-1,3897,3889,3888,-1,3888,3887,3891,-1,3894,3898,3887,-1,3889,3894,3887,-1,3898,2481,3892,-1,3887,3898,3892,-1,3418,2481,3898,-1,3896,3438,3893,-1,3894,3437,3415,-1,3441,3438,3896,-1,3438,3437,3893,-1,3437,3894,3893,-1,3894,3415,3419,-1,3894,3419,3898,-1,2481,3418,2483,-1,3898,3419,3418,-1,3441,3899,3452,-1,3441,3896,3899,-1,3900,3901,3902,-1,3833,3901,3903,-1,3900,3903,3901,-1,3839,3833,3903,-1,3904,3900,3902,-1,3905,3906,3904,-1,3904,3902,3905,-1,3905,3452,3906,-1,3452,3899,3906,-1,3907,3908,3909,-1,3451,3905,3910,-1,3911,3447,3448,-1,3905,3451,3452,-1,3912,3913,3914,-1,3915,3916,3914,-1,3450,3915,3454,-1,3914,3917,3915,-1,3918,3913,3835,-1,3913,3918,3917,-1,3833,3838,3909,-1,3447,3911,3916,-1,3459,3834,3461,-1,3910,3911,3448,-1,3908,3910,3902,-1,3901,3833,3909,-1,3905,3902,3910,-1,3451,3910,3448,-1,3901,3909,3908,-1,3902,3901,3908,-1,3908,3907,3911,-1,3838,3912,3909,-1,3911,3910,3908,-1,3916,3449,3447,-1,3838,3837,3912,-1,3837,3913,3912,-1,3907,3914,3916,-1,3909,3912,3907,-1,3911,3907,3916,-1,3917,3455,3454,-1,3917,3918,3455,-1,3907,3912,3914,-1,3914,3913,3917,-1,3837,3835,3913,-1,3916,3915,3449,-1,3450,3449,3915,-1,3918,3459,3455,-1,3454,3915,3917,-1,3459,3918,3834,-1,3835,3834,3918,-1,3919,3920,3921,-1,3922,3919,3923,-1,3873,3924,3925,-1,3926,3927,3921,-1,3923,3928,3929,-1,3926,3925,3927,-1,3930,3931,3906,-1,3923,3929,3932,-1,3903,3933,3840,-1,3934,3935,3931,-1,3899,3936,3930,-1,3931,3904,3906,-1,3906,3899,3930,-1,3933,3935,3937,-1,3904,3935,3900,-1,3928,3923,3938,-1,3933,3937,3848,-1,3903,3840,3839,-1,3921,3927,3939,-1,3922,3923,3932,-1,3940,3941,3939,-1,3942,3943,3938,-1,3944,3945,3940,-1,3944,3854,3945,-1,3946,3929,3930,-1,3930,3936,3946,-1,3942,3938,3941,-1,3946,3932,3929,-1,3947,3930,3929,-1,3938,3919,3941,-1,3920,3926,3921,-1,3922,3920,3919,-1,3919,3938,3923,-1,3927,3924,3948,-1,3941,3921,3939,-1,3924,3927,3925,-1,3931,3930,3947,-1,3937,3935,3934,-1,3949,3947,3928,-1,3947,3929,3928,-1,3947,3949,3934,-1,3943,3928,3938,-1,3949,3928,3943,-1,3940,3939,3950,-1,3950,3939,3948,-1,3919,3921,3941,-1,3942,3941,3940,-1,3948,3939,3927,-1,3904,3931,3935,-1,3933,3903,3900,-1,3949,3951,3934,-1,3931,3947,3934,-1,3934,3951,3937,-1,3943,3952,3949,-1,3949,3952,3951,-1,3942,3953,3943,-1,3943,3953,3952,-1,3940,3945,3942,-1,3953,3942,3945,-1,3944,3940,3950,-1,3933,3900,3935,-1,3840,3933,3848,-1,3848,3937,3849,-1,3937,3951,3849,-1,3849,3951,3850,-1,3850,3952,3856,-1,3850,3951,3952,-1,3856,3953,3858,-1,3856,3952,3953,-1,3858,3945,3853,-1,3858,3953,3945,-1,3945,3854,3853,-1,3868,3950,3948,-1,3944,3950,3869,-1,3868,3869,3950,-1,3944,3836,3854,-1,3836,3944,3869,-1,3948,3865,3868,-1,3924,3860,3865,-1,3865,3948,3924,-1,3924,3873,3860,-1,3925,3875,3873,-1,3920,3897,3885,-1,3925,3926,3885,-1,3946,3895,3932,-1,3897,3922,3932,-1,3936,3896,3895,-1,3895,3946,3936,-1,3899,3896,3936,-1,3920,3922,3897,-1,3895,3897,3932,-1,3885,3875,3925,-1,3920,3885,3926,-1,3820,3954,3955,-1,2476,3956,2165,-1,3817,3874,3879,-1,3816,3880,3814,-1,3957,3958,3876,-1,3955,3954,3959,-1,3957,3960,3961,-1,3876,3955,3957,-1,3961,3958,3957,-1,3959,3962,3955,-1,3874,3820,3876,-1,3955,3876,3820,-1,3879,3816,3817,-1,3874,3817,3820,-1,3880,3816,3879,-1,3880,3877,3814,-1,3877,2476,3815,-1,3815,3814,3877,-1,3815,2476,2165,-1,105,2165,3956,-1,2165,105,2155,-1,2476,2490,3956,-1,3871,3872,3876,-1,3861,3864,3960,-1,3870,3958,3961,-1,3957,3861,3960,-1,3870,3961,3864,-1,3960,3864,3961,-1,3871,3876,3958,-1,3870,3871,3958,-1,3863,3861,3957,-1,3863,3957,3955,-1,3954,3820,3819,-1,3955,3962,3862,-1,3959,3867,3866,-1,3863,3955,3862,-1,3959,3866,3962,-1,3862,3962,3866,-1,3954,3819,3867,-1,3959,3954,3867,-1,3963,2156,104,-1,2159,87,104,-1,104,2156,2159,-1,2158,88,2159,-1,87,2159,88,-1,113,2158,2155,-1,2158,113,88,-1,105,113,2155,-1,2156,3963,2157,-1,3964,3965,2157,-1,3964,2157,3963,-1,2157,3965,2163,-1,3965,3966,2163,-1,101,94,3967,-1,3968,3967,94,-1,94,2723,3968,-1,2723,94,96,-1,3969,3965,3964,-1,3964,3970,3971,-1,3969,3966,3965,-1,3970,104,103,-1,101,3970,103,-1,3967,3972,101,-1,3972,3970,101,-1,3970,3972,3971,-1,104,3970,3963,-1,3964,3971,3969,-1,3970,3964,3963,-1,99,3973,3974,-1,2721,106,3974,-1,99,3974,106,-1,110,106,2721,-1,102,3973,99,-1,3975,102,105,-1,102,3975,3973,-1,3975,105,3956,-1,3976,3977,3978,-1,3956,3977,3975,-1,3973,3979,3980,-1,2721,3974,2719,-1,3977,3979,3975,-1,3973,3980,3974,-1,2732,2729,3981,-1,3978,3977,3956,-1,3980,3979,3982,-1,3982,3981,2729,-1,3983,3976,3984,-1,3985,2884,3986,-1,2882,3986,2884,-1,3984,3986,3987,-1,3987,3986,2882,-1,2886,3988,3989,-1,3985,2886,2884,-1,2886,3989,2887,-1,3990,3976,3978,-1,3980,2719,3974,-1,3975,3979,3973,-1,3979,3991,3982,-1,2728,2719,3980,-1,3976,3991,3977,-1,3992,3984,3990,-1,3982,2728,3980,-1,3977,3991,3979,-1,3991,3983,3981,-1,2729,2728,3982,-1,3990,3984,3976,-1,3986,3992,3993,-1,3991,3981,3982,-1,3976,3983,3991,-1,3983,3987,2879,-1,3981,2879,2732,-1,3992,3986,3984,-1,3985,3993,3988,-1,3987,2882,2879,-1,3984,3987,3983,-1,3983,2879,3981,-1,3993,3985,3986,-1,2886,3985,3988,-1,3988,3993,2492,-1,3993,3992,2488,-1,2488,2492,3993,-1,3988,2493,3989,-1,2493,3988,2492,-1,3989,2493,2491,-1,3989,2491,2887,-1,3992,3990,2488,-1,3990,3978,2489,-1,2489,2488,3990,-1,2489,3978,2490,-1,3978,3956,2490,-1,2166,3765,2167,-1,2163,3966,3994,-1,2164,3994,3995,-1,2164,2163,3994,-1,3969,3996,3966,-1,3967,3996,3972,-1,3996,3971,3972,-1,2723,3997,3968,-1,3997,3996,3967,-1,3998,2723,2715,-1,2701,2718,3999,-1,2702,4000,4001,-1,4002,4003,4004,-1,4005,4006,2718,-1,4007,4008,4003,-1,4009,2181,2213,-1,4010,4011,2184,-1,4011,4012,2218,-1,2225,4013,2223,-1,2173,4014,4015,-1,4008,2193,2181,-1,4013,4016,2223,-1,2184,4011,2218,-1,2213,4012,4009,-1,4014,2173,2221,-1,4010,2183,4015,-1,3786,4013,2225,-1,2221,2223,4016,-1,2221,4016,4014,-1,2225,2392,3786,-1,4015,2183,2173,-1,4010,2184,2183,-1,2218,4012,2213,-1,4007,2193,4008,-1,2181,4009,4008,-1,4003,4002,4017,-1,4017,4007,4003,-1,4004,4006,4005,-1,4003,4006,4004,-1,3999,4000,2701,-1,2718,4006,3999,-1,2714,2702,4001,-1,2702,2701,4000,-1,2715,4001,3998,-1,4001,2715,2714,-1,3997,3967,3968,-1,3998,3997,2723,-1,3966,3996,3994,-1,3971,3996,3969,-1,3995,3765,2166,-1,2164,3995,2166,-1,4018,4019,3997,-1,3995,4020,4021,-1,4022,3999,4006,-1,4021,3765,3995,-1,3996,4019,4023,-1,3998,4024,4018,-1,4000,4025,4026,-1,4027,4028,4029,-1,4030,4031,4003,-1,4032,4033,4034,-1,4035,3070,4036,-1,4037,4038,4039,-1,4040,4041,4015,-1,4042,4043,4036,-1,4044,3074,3078,-1,4040,4014,4045,-1,4046,4044,3078,-1,4047,3072,3075,-1,4044,4048,3074,-1,3074,4048,3075,-1,4049,4050,4051,-1,4052,4053,4049,-1,4052,4051,3786,-1,4054,4055,4056,-1,3786,4051,4013,-1,4041,4057,4010,-1,4058,4054,4059,-1,4043,4058,4035,-1,4014,4016,4045,-1,4011,4057,4060,-1,4009,4061,4062,-1,4039,4063,4064,-1,4038,4065,4066,-1,4008,4062,4030,-1,4065,4037,3063,-1,4009,4012,4061,-1,4067,4034,4068,-1,4022,4025,3999,-1,4026,4024,4001,-1,4067,4069,4027,-1,3040,3027,4070,-1,4029,4070,4071,-1,4020,4072,4073,-1,4023,4020,3994,-1,4074,4075,3026,-1,4074,4073,4072,-1,4021,4020,4073,-1,3995,3994,4020,-1,3026,4075,3027,-1,4072,4075,4074,-1,4072,4023,4071,-1,3027,4075,4070,-1,4020,4023,4072,-1,3994,3996,4023,-1,4075,4071,4070,-1,4072,4071,4075,-1,4071,4019,4029,-1,3040,4070,4028,-1,4023,4019,4071,-1,3996,3997,4019,-1,3040,4028,3044,-1,4029,4028,4070,-1,4029,4018,4027,-1,3044,4028,4069,-1,4019,4018,4029,-1,3997,3998,4018,-1,3044,4069,3042,-1,4027,4069,4028,-1,4027,4024,4067,-1,3042,4069,4068,-1,4018,4024,4027,-1,3998,4001,4024,-1,4068,4033,3045,-1,4069,4067,4068,-1,4067,4026,4034,-1,3042,4068,3045,-1,4024,4026,4067,-1,4001,4000,4026,-1,3045,4033,3052,-1,3052,4033,4076,-1,4032,4034,4025,-1,4068,4034,4033,-1,4026,4025,4034,-1,4000,3999,4025,-1,3052,4076,3062,-1,3062,4076,4065,-1,4032,4022,4066,-1,4033,4032,4076,-1,4022,4032,4025,-1,4031,4006,4003,-1,3062,4065,3063,-1,4032,4066,4076,-1,4038,4066,4031,-1,4076,4066,4065,-1,4066,4022,4031,-1,4006,4031,4022,-1,3063,4037,3064,-1,3064,4037,4064,-1,4038,4030,4039,-1,4065,4038,4037,-1,4031,4030,4038,-1,4003,4008,4030,-1,3064,4064,3068,-1,3068,4064,4077,-1,4039,4062,4063,-1,4037,4039,4064,-1,4030,4062,4039,-1,4008,4009,4062,-1,3068,4077,3066,-1,4063,4077,4064,-1,4063,4061,4042,-1,3066,4077,4036,-1,4062,4061,4063,-1,4060,4012,4011,-1,3066,4036,3070,-1,4063,4042,4077,-1,4043,4042,4060,-1,4077,4042,4036,-1,4042,4061,4060,-1,4012,4060,4061,-1,3070,4035,3085,-1,3085,4035,4059,-1,4058,4043,4057,-1,4036,4043,4035,-1,4060,4057,4043,-1,4011,4010,4057,-1,3085,4059,3084,-1,3084,4059,4056,-1,4058,4041,4054,-1,4035,4058,4059,-1,4057,4041,4058,-1,4010,4015,4041,-1,3084,4056,3081,-1,3081,4056,4078,-1,4054,4040,4055,-1,4059,4054,4056,-1,4041,4040,4054,-1,4015,4014,4040,-1,3081,4078,3080,-1,4055,4078,4056,-1,4055,4045,4079,-1,3080,4078,4046,-1,4040,4045,4055,-1,4016,4013,4080,-1,3080,4046,3078,-1,4055,4079,4078,-1,4079,4080,4050,-1,4078,4079,4046,-1,4079,4045,4080,-1,4016,4080,4045,-1,4048,4044,4049,-1,4079,4050,4046,-1,4044,4050,4049,-1,4046,4050,4044,-1,4080,4013,4051,-1,4050,4080,4051,-1,4048,4053,4047,-1,4052,4049,4051,-1,4047,3075,4048,-1,4053,4048,4049,-1,4081,4082,3781,-1,3785,4083,4052,-1,4084,3779,3776,-1,4052,3786,3785,-1,3783,4082,4085,-1,3782,4086,4081,-1,3780,4087,4088,-1,4089,4090,4091,-1,4092,4093,3777,-1,4094,4095,4096,-1,4097,3024,4098,-1,4099,4100,4101,-1,4102,4103,3769,-1,4104,4105,4098,-1,4106,3035,3034,-1,4102,3770,4107,-1,4108,4106,3034,-1,4074,3026,3029,-1,4106,4109,3035,-1,3035,4109,3029,-1,4110,4111,4112,-1,4021,4073,4110,-1,4021,4112,3765,-1,4113,4114,4115,-1,3765,4112,3766,-1,4103,4116,3767,-1,4117,4113,4118,-1,4105,4117,4097,-1,3770,3764,4107,-1,3768,4116,4119,-1,3774,4120,4121,-1,4101,4122,4123,-1,4100,4124,4125,-1,3772,4121,4092,-1,4124,4099,3056,-1,3774,3789,4120,-1,4126,4096,4127,-1,4084,4087,3779,-1,4088,4086,3778,-1,4126,4128,4089,-1,3088,3073,4129,-1,4091,4129,4130,-1,4083,4131,4053,-1,4085,4083,3784,-1,4047,4132,3072,-1,4047,4053,4131,-1,4052,4083,4053,-1,3785,3784,4083,-1,3072,4132,3073,-1,4131,4132,4047,-1,4131,4085,4130,-1,3073,4132,4129,-1,4083,4085,4131,-1,3784,3783,4085,-1,4132,4130,4129,-1,4131,4130,4132,-1,4130,4082,4091,-1,3088,4129,4090,-1,4085,4082,4130,-1,3783,3781,4082,-1,3088,4090,3089,-1,4091,4090,4129,-1,4091,4081,4089,-1,3089,4090,4128,-1,4082,4081,4091,-1,3781,3782,4081,-1,3089,4128,3061,-1,4089,4128,4090,-1,4089,4086,4126,-1,3061,4128,4127,-1,4081,4086,4089,-1,3782,3778,4086,-1,4127,4095,3059,-1,4128,4126,4127,-1,4126,4088,4096,-1,3061,4127,3059,-1,4086,4088,4126,-1,3778,3780,4088,-1,3059,4095,3057,-1,3057,4095,4133,-1,4094,4096,4087,-1,4127,4096,4095,-1,4088,4087,4096,-1,3780,3779,4087,-1,3057,4133,3055,-1,3055,4133,4124,-1,4094,4084,4125,-1,4095,4094,4133,-1,4084,4094,4087,-1,4093,3776,3777,-1,3055,4124,3056,-1,4094,4125,4133,-1,4100,4125,4093,-1,4133,4125,4124,-1,4125,4084,4093,-1,3776,4093,4084,-1,3056,4099,3050,-1,3050,4099,4123,-1,4100,4092,4101,-1,4124,4100,4099,-1,4093,4092,4100,-1,3777,3772,4092,-1,3050,4123,3048,-1,3048,4123,4134,-1,4101,4121,4122,-1,4099,4101,4123,-1,4092,4121,4101,-1,3772,3774,4121,-1,3048,4134,3023,-1,4122,4134,4123,-1,4122,4120,4104,-1,3023,4134,4098,-1,4121,4120,4122,-1,4119,3789,3768,-1,3023,4098,3024,-1,4122,4104,4134,-1,4105,4104,4119,-1,4134,4104,4098,-1,4104,4120,4119,-1,3789,4119,4120,-1,3024,4097,3030,-1,3030,4097,4118,-1,4117,4105,4116,-1,4098,4105,4097,-1,4119,4116,4105,-1,3768,3767,4116,-1,3030,4118,3031,-1,3031,4118,4115,-1,4117,4103,4113,-1,4097,4117,4118,-1,4116,4103,4117,-1,3767,3769,4103,-1,3031,4115,3038,-1,3038,4115,4135,-1,4113,4102,4114,-1,4118,4113,4115,-1,4103,4102,4113,-1,3769,3770,4102,-1,3038,4135,3037,-1,4114,4135,4115,-1,4114,4107,4136,-1,3037,4135,4108,-1,4102,4107,4114,-1,3764,3766,4137,-1,3037,4108,3034,-1,4114,4136,4135,-1,4136,4137,4111,-1,4135,4136,4108,-1,4136,4107,4137,-1,3764,4137,4107,-1,4109,4106,4110,-1,4136,4111,4108,-1,4106,4111,4110,-1,4108,4111,4106,-1,4137,3766,4112,-1,4111,4137,4112,-1,4109,4073,4074,-1,4021,4110,4112,-1,4074,3029,4109,-1,4073,4109,4110,-1,4138,4139,2196,-1,4140,2196,2195,-1,2196,4140,4138,-1,2195,2193,4141,-1,4141,4140,2195,-1,4141,2193,4007,-1,2196,4139,2197,-1,4142,2179,2197,-1,2197,4139,4142,-1,4142,4143,2179,-1,2718,2717,4144,-1,4002,4145,4140,-1,4002,4140,4017,-1,4004,4145,4002,-1,4017,4141,4007,-1,4004,4146,4145,-1,4140,4141,4017,-1,4147,4148,4149,-1,4146,4150,4151,-1,4148,4147,4152,-1,4149,2703,2716,-1,2703,4149,4148,-1,4153,4150,4152,-1,4150,4143,4142,-1,4143,4150,4153,-1,4151,4142,4139,-1,4144,2717,4148,-1,4153,4152,4147,-1,4152,4146,4144,-1,2717,2703,4148,-1,4142,4151,4150,-1,4145,4139,4138,-1,4152,4144,4148,-1,4150,4146,4152,-1,4146,4005,4144,-1,4144,4005,2718,-1,4139,4145,4151,-1,4146,4004,4005,-1,4145,4146,4151,-1,4140,4145,4138,-1,4154,2716,2712,-1,4155,4153,4156,-1,4157,4147,4149,-1,4143,4153,4155,-1,4157,4156,4147,-1,4153,4147,4156,-1,4154,4149,2716,-1,4157,4149,4154,-1,4155,2190,2179,-1,4155,2179,4143,-1,4158,4159,2192,-1,4158,2186,4160,-1,2186,4158,2192,-1,2189,4161,4160,-1,4160,2186,2189,-1,2194,4162,2189,-1,4161,2189,4162,-1,4163,2194,2190,-1,2194,4163,4162,-1,4155,4163,2190,-1,2192,4159,2187,-1,2187,4164,4165,-1,4159,4164,2187,-1,4165,4166,2185,-1,2185,2187,4165,-1,2185,4166,2188,-1,4166,4167,2188,-1,2704,2656,4168,-1,4169,4170,4171,-1,4164,4169,4165,-1,4167,4166,4172,-1,4173,4174,4175,-1,4176,4177,4178,-1,4179,4180,2661,-1,4181,4182,4183,-1,4184,4185,2710,-1,4186,4157,4168,-1,4187,4188,2658,-1,4156,4189,4155,-1,4186,4156,4157,-1,2704,4168,4154,-1,2712,2704,4154,-1,4163,4155,4189,-1,4183,4189,4186,-1,2711,4190,4187,-1,4177,4191,4181,-1,4185,4190,2662,-1,4178,4173,4192,-1,4180,4184,2707,-1,4170,4193,4194,-1,4169,4195,4193,-1,4196,4194,2668,-1,4170,4196,4197,-1,4179,2661,2692,-1,4157,4154,4168,-1,2656,4188,4168,-1,4156,4186,4189,-1,4186,4188,4183,-1,4163,4189,4182,-1,4168,4188,4186,-1,2656,2658,4188,-1,4189,4183,4182,-1,4163,4182,4162,-1,4183,4187,4181,-1,4162,4182,4191,-1,4188,4187,4183,-1,2658,2711,4187,-1,4191,4176,4161,-1,4182,4181,4191,-1,4190,4177,4181,-1,4162,4191,4161,-1,4187,4190,4181,-1,2711,2662,4190,-1,4176,4192,4160,-1,4191,4177,4176,-1,4177,4185,4178,-1,4161,4176,4160,-1,4190,4185,4177,-1,2662,2710,4185,-1,4192,4175,4158,-1,4176,4178,4192,-1,4178,4184,4173,-1,4160,4192,4158,-1,4185,4184,4178,-1,2710,2707,4184,-1,4192,4173,4175,-1,4158,4175,4159,-1,4173,4180,4174,-1,4159,4175,4195,-1,4184,4180,4173,-1,2707,2661,4180,-1,4159,4195,4164,-1,4174,4195,4175,-1,4174,4179,4193,-1,4164,4195,4169,-1,4179,4174,4180,-1,2668,4194,2692,-1,4166,4165,4171,-1,4174,4193,4195,-1,4169,4193,4170,-1,4165,4169,4171,-1,4179,2692,4194,-1,4193,4179,4194,-1,4171,4197,4172,-1,4196,4170,4194,-1,4197,4171,4170,-1,4172,4166,4171,-1,4198,4199,2682,-1,4200,4201,4202,-1,4203,4204,4205,-1,4200,4206,4201,-1,4207,4208,4209,-1,2683,2682,4199,-1,4210,4211,4212,-1,4213,4214,4215,-1,4216,4217,4218,-1,4219,4220,4221,-1,2686,2681,4222,-1,4223,4224,4225,-1,4226,4227,2687,-1,4228,4229,4222,-1,2678,4230,4231,-1,4226,4232,4233,-1,4234,4235,4236,-1,4237,4238,4230,-1,4239,4240,4241,-1,4242,4243,4235,-1,4244,4245,2670,-1,4246,4247,4248,-1,4249,4244,4250,-1,4251,4252,4253,-1,4254,4255,4256,-1,4245,4249,4257,-1,4254,4258,4259,-1,4260,4261,4257,-1,4262,4263,4167,-1,2671,4264,4265,-1,4266,4264,4267,-1,4268,4269,4270,-1,2646,4196,2668,-1,4271,4265,4272,-1,4273,2669,4271,-1,4271,4274,4273,-1,4274,4272,4262,-1,4172,4197,4274,-1,4172,4262,4167,-1,4275,4255,4252,-1,4276,4264,2697,-1,4277,4278,4279,-1,4258,4280,4259,-1,4281,4248,4282,-1,4247,4283,4284,-1,4239,4285,4277,-1,2647,4283,4246,-1,4251,4253,4286,-1,4287,4288,4289,-1,2696,4290,4283,-1,4291,4236,4292,-1,4238,4287,4231,-1,4243,4242,4293,-1,4294,4292,4295,-1,4230,2677,4296,-1,4297,4298,4299,-1,4299,4300,4297,-1,4298,4301,4302,-1,2674,4303,2675,-1,4304,4305,4306,-1,4307,4224,4223,-1,4308,4305,4304,-1,4309,4310,4307,-1,4311,4312,4313,-1,4314,4315,4316,-1,2685,4313,4317,-1,4314,2651,2650,-1,4310,4309,4318,-1,4220,4319,4320,-1,4211,4203,4205,-1,4212,4214,4321,-1,4320,4199,4322,-1,4323,4324,4325,-1,4326,4215,4323,-1,4202,4209,4327,-1,4324,4202,4328,-1,4329,4208,2688,-1,4329,4327,4209,-1,4200,4202,4327,-1,4201,4328,4202,-1,2688,4208,2673,-1,4209,4208,4329,-1,4207,4209,4324,-1,2673,4208,4330,-1,4202,4324,4209,-1,4328,4325,4324,-1,4330,4198,2679,-1,4208,4207,4330,-1,4207,4323,4331,-1,2673,4330,2679,-1,4324,4323,4207,-1,4325,4326,4323,-1,4198,4330,4331,-1,4207,4331,4330,-1,4331,4215,4322,-1,2679,4198,2682,-1,4323,4215,4331,-1,4326,4213,4215,-1,4198,4322,4199,-1,4331,4322,4198,-1,4322,4214,4320,-1,2683,4199,4319,-1,4215,4214,4322,-1,4213,4321,4214,-1,4319,4219,2684,-1,4199,4320,4319,-1,4320,4212,4220,-1,2683,4319,2684,-1,4214,4212,4320,-1,4321,4210,4212,-1,2684,4219,2649,-1,4220,4219,4319,-1,4220,4211,4221,-1,2649,4219,4332,-1,4212,4211,4220,-1,4210,4203,4211,-1,2649,4332,2650,-1,4221,4332,4219,-1,4221,4205,4315,-1,2650,4332,4314,-1,4205,4221,4211,-1,4216,4204,4217,-1,4332,4315,4314,-1,4221,4315,4332,-1,4315,4216,4316,-1,2651,4314,4333,-1,4315,4205,4216,-1,4204,4216,4205,-1,2680,4333,4313,-1,4333,2680,2651,-1,4311,4316,4218,-1,4314,4316,4333,-1,4216,4218,4316,-1,4217,4318,4218,-1,4313,4333,4311,-1,4316,4311,4333,-1,4311,4309,4312,-1,2680,4313,2685,-1,4311,4218,4309,-1,4318,4309,4218,-1,2681,4317,4222,-1,4317,2681,2685,-1,4228,4312,4307,-1,4313,4312,4317,-1,4309,4307,4312,-1,4310,4224,4307,-1,4317,4228,4222,-1,4312,4228,4317,-1,4228,4223,4229,-1,2686,4222,4334,-1,4307,4223,4228,-1,4306,4225,4304,-1,2686,4334,2674,-1,2674,4334,4303,-1,4335,4229,4306,-1,4222,4229,4334,-1,4229,4223,4306,-1,4225,4306,4223,-1,4334,4335,4303,-1,4229,4335,4334,-1,4335,4305,4232,-1,2675,4303,4226,-1,4306,4305,4335,-1,4301,4308,4302,-1,4226,4303,4232,-1,4335,4232,4303,-1,4232,4301,4233,-1,2675,4226,2687,-1,4232,4305,4301,-1,4308,4301,4305,-1,2689,4227,4296,-1,4227,2689,2687,-1,4336,4233,4298,-1,4226,4233,4227,-1,4301,4298,4233,-1,4302,4299,4298,-1,4296,4227,4336,-1,4233,4336,4227,-1,4336,4297,4237,-1,2689,4296,2677,-1,4298,4297,4336,-1,4295,4300,4294,-1,2677,4230,2678,-1,4336,4237,4296,-1,4237,4295,4238,-1,4296,4237,4230,-1,4237,4297,4295,-1,4300,4295,4297,-1,2678,4231,2690,-1,4238,4231,4230,-1,4238,4292,4287,-1,2690,4231,4289,-1,4295,4292,4238,-1,4294,4291,4292,-1,2690,4289,2691,-1,4287,4289,4231,-1,4287,4236,4288,-1,2691,4289,4337,-1,4292,4236,4287,-1,4291,4234,4236,-1,4337,4290,2695,-1,4289,4288,4337,-1,4288,4235,4338,-1,2691,4337,2695,-1,4236,4235,4288,-1,4234,4242,4235,-1,2695,4290,2696,-1,4288,4338,4337,-1,4338,4243,4284,-1,4337,4338,4290,-1,4235,4243,4338,-1,4240,4293,4241,-1,2696,4283,2647,-1,4338,4284,4290,-1,4284,4240,4247,-1,4290,4284,4283,-1,4284,4243,4240,-1,4293,4240,4243,-1,2647,4246,2648,-1,4247,4246,4283,-1,4247,4239,4248,-1,2648,4246,4281,-1,4240,4239,4247,-1,4241,4285,4239,-1,4281,4339,2693,-1,4246,4248,4281,-1,4248,4277,4282,-1,2648,4281,2693,-1,4239,4277,4248,-1,4285,4278,4277,-1,4339,4244,2672,-1,4281,4282,4339,-1,4282,4279,4250,-1,2693,4339,2672,-1,4277,4279,4282,-1,4278,4286,4279,-1,2672,4244,2670,-1,4282,4250,4339,-1,4250,4253,4249,-1,4339,4250,4244,-1,4250,4279,4253,-1,4286,4253,4279,-1,2670,4245,2667,-1,4249,4245,4244,-1,4249,4252,4257,-1,2667,4245,4261,-1,4253,4252,4249,-1,4251,4275,4252,-1,2667,4261,2665,-1,4257,4261,4245,-1,4257,4255,4260,-1,2665,4261,4340,-1,4252,4255,4257,-1,4275,4256,4255,-1,4340,4276,2666,-1,4261,4260,4340,-1,4260,4254,4341,-1,2665,4340,2666,-1,4255,4254,4260,-1,4256,4258,4254,-1,2666,4276,2697,-1,4260,4341,4340,-1,4341,4259,4267,-1,4340,4341,4276,-1,4254,4259,4341,-1,4269,4280,4270,-1,2697,4264,2671,-1,4341,4267,4276,-1,4267,4269,4266,-1,4276,4267,4264,-1,4267,4259,4269,-1,4280,4269,4259,-1,2671,4265,2694,-1,4266,4265,4264,-1,4266,4268,4272,-1,2694,4265,4271,-1,4269,4268,4266,-1,4270,4263,4268,-1,4273,4196,2646,-1,4266,4272,4265,-1,4272,4274,4271,-1,2694,4271,2669,-1,4268,4263,4262,-1,4272,4268,4262,-1,4273,4197,4196,-1,4172,4274,4262,-1,4273,4274,4197,-1,2669,4273,2646,-1,2263,4206,2256,-1,2249,4325,2264,-1,2255,4328,4201,-1,4321,2251,2273,-1,4326,2248,4213,-1,2274,2415,4204,-1,2243,4203,4210,-1,2416,4310,2234,-1,4318,4217,2233,-1,4304,2417,2419,-1,4224,2418,4225,-1,2228,2227,4299,-1,2420,4302,4308,-1,2226,4291,2214,-1,4294,4300,2215,-1,4293,2222,2220,-1,4234,2224,4242,-1,2175,2174,4278,-1,2219,4285,4241,-1,4286,2174,2182,-1,2174,4286,4278,-1,2217,4251,2182,-1,4286,2182,4251,-1,2217,2212,4275,-1,4275,4251,2217,-1,4256,2212,2180,-1,2212,4256,4275,-1,2208,4258,2180,-1,4256,2180,4258,-1,2208,2207,4280,-1,4280,4258,2208,-1,4270,2207,2191,-1,2207,4270,4280,-1,2188,4263,2191,-1,4270,2191,4263,-1,4167,4263,2188,-1,2219,2175,4285,-1,2175,4278,4285,-1,4293,2220,4241,-1,2220,2219,4241,-1,4242,2224,2222,-1,4242,2222,4293,-1,4234,4291,2226,-1,4234,2226,2224,-1,2214,4294,2215,-1,4291,4294,2214,-1,2227,4300,4299,-1,2215,4300,2227,-1,2420,2228,4302,-1,2228,4299,4302,-1,4304,2419,4308,-1,2419,2420,4308,-1,4225,2418,2417,-1,4225,2417,4304,-1,4224,4310,2416,-1,4224,2416,2418,-1,2234,4318,2233,-1,4310,4318,2234,-1,2415,4217,4204,-1,2233,4217,2415,-1,2243,2274,4203,-1,2274,4204,4203,-1,4321,2273,4210,-1,2273,2243,4210,-1,4213,2248,2251,-1,4213,2251,4321,-1,4326,4325,2249,-1,4326,2249,2248,-1,2264,4328,2255,-1,4325,4328,2264,-1,2263,4201,4206,-1,2255,4201,2263,-1,4342,4343,2204,-1,4342,2259,4344,-1,2259,4342,2204,-1,2258,4345,4344,-1,4344,2259,2258,-1,2206,4346,2258,-1,4345,2258,4346,-1,4347,2206,2256,-1,2206,4347,4346,-1,4206,4347,2256,-1,2204,4343,2205,-1,2205,4348,4349,-1,4343,4348,2205,-1,4349,4350,2257,-1,2257,2205,4349,-1,2257,4350,2254,-1,4350,4351,2254,-1,2676,2660,4352,-1,4349,4348,4353,-1,4349,4353,4354,-1,4351,4350,4355,-1,4354,4350,4349,-1,4356,4357,4358,-1,4359,2631,4360,-1,4361,4362,4363,-1,4364,2663,4365,-1,4366,4327,4352,-1,4367,4368,2659,-1,4200,4369,4206,-1,4366,4200,4327,-1,4352,4329,2676,-1,2688,2676,4329,-1,4329,4352,4327,-1,4369,4366,4361,-1,2663,4364,2664,-1,4357,4370,4344,-1,2631,2784,4360,-1,2706,4365,2663,-1,4343,4371,4348,-1,4356,4372,4370,-1,4373,2634,4374,-1,4375,4376,4374,-1,4376,4377,4373,-1,4368,2660,2659,-1,4206,4369,4347,-1,2709,2664,4378,-1,4200,4366,4369,-1,4366,4368,4361,-1,4347,4369,4363,-1,4366,4352,4368,-1,2660,4368,4352,-1,4346,4363,4379,-1,4363,4346,4347,-1,4361,4367,4362,-1,4369,4361,4363,-1,4368,4367,4361,-1,2659,2709,4367,-1,4346,4379,4345,-1,4345,4379,4357,-1,4358,4362,4378,-1,4363,4362,4379,-1,4362,4367,4378,-1,2709,4378,4367,-1,4357,4379,4358,-1,4362,4358,4379,-1,4364,4356,4358,-1,4345,4357,4344,-1,4358,4378,4364,-1,2664,4364,4378,-1,4344,4370,4342,-1,4342,4370,4380,-1,4372,4356,4365,-1,4357,4356,4370,-1,4365,4356,4364,-1,4359,2706,2631,-1,4342,4380,4343,-1,4343,4380,4371,-1,4381,4372,4359,-1,4370,4372,4380,-1,4372,4365,4359,-1,2706,4359,4365,-1,4380,4381,4371,-1,4372,4381,4380,-1,4381,4360,4377,-1,4348,4371,4353,-1,4360,4381,4359,-1,2634,4373,2784,-1,4354,4355,4350,-1,4381,4377,4371,-1,4353,4377,4376,-1,4371,4377,4353,-1,4360,2784,4373,-1,4377,4360,4373,-1,4354,4375,4355,-1,4374,4376,4373,-1,4375,4354,4376,-1,4353,4376,4354,-1,4375,4382,4383,-1,4384,4351,4355,-1,2640,4385,2634,-1,2634,4385,4374,-1,4374,4382,4375,-1,4385,4382,4374,-1,4355,4383,4384,-1,4375,4383,4355,-1,4386,4387,4388,-1,2642,4389,2638,-1,4389,4385,2638,-1,4385,2640,2638,-1,4387,4386,2643,-1,4390,4388,4391,-1,4392,4393,4391,-1,4389,4394,4382,-1,4395,4396,4397,-1,4397,4392,4398,-1,4395,4399,4396,-1,4390,4391,4400,-1,4401,4398,4392,-1,4383,4390,4384,-1,4387,4402,4401,-1,4385,4389,4382,-1,4386,2642,2643,-1,4390,4383,4394,-1,4382,4394,4383,-1,4394,4386,4388,-1,4384,4390,4400,-1,4394,4389,4386,-1,2642,4386,4389,-1,4390,4394,4388,-1,4401,4402,4398,-1,4400,4391,4393,-1,4391,4388,4401,-1,4387,4401,4388,-1,4393,4392,4403,-1,4391,4401,4392,-1,4395,4397,4398,-1,4392,4397,4403,-1,2252,4403,4397,-1,2211,4393,2252,-1,4403,2252,4393,-1,4400,2211,2210,-1,2211,4400,4393,-1,4384,4400,2210,-1,2252,4397,2253,-1,4396,2209,2253,-1,2253,4397,4396,-1,4396,4399,2209,-1,4384,2210,2254,-1,4384,2254,4351,-1,2246,4404,2232,-1,2242,4405,2275,-1,2245,4406,4407,-1,4408,2272,2268,-1,4409,2244,4410,-1,2247,4411,4412,-1,2247,4412,2250,-1,2209,4411,2247,-1,4413,4411,4399,-1,4399,4411,2209,-1,2250,4412,4414,-1,4413,4395,4398,-1,4387,4415,4402,-1,4413,4398,4402,-1,4416,2641,2637,-1,4415,4387,2643,-1,4417,2619,2635,-1,2619,4417,4418,-1,4419,4417,2636,-1,2635,2636,4417,-1,73,4419,71,-1,4419,2636,71,-1,4420,4419,4421,-1,4419,73,4421,-1,4422,4419,4420,-1,4423,4422,4420,-1,2615,2614,4418,-1,4422,4424,4425,-1,4423,4424,4422,-1,4426,4422,4427,-1,4425,4427,4422,-1,4427,2303,4426,-1,4426,2303,2304,-1,4428,4426,2304,-1,2305,2294,4429,-1,2305,4429,4428,-1,2305,4428,2304,-1,2614,2619,4418,-1,2639,2615,4430,-1,4418,4430,2615,-1,4430,4416,2637,-1,2637,2639,4430,-1,4416,4415,2643,-1,4416,2643,2641,-1,4395,4413,4399,-1,4415,4413,4402,-1,4408,2268,4414,-1,2268,2250,4414,-1,4410,2244,2272,-1,4410,2272,4408,-1,4409,4405,2242,-1,4409,2242,2244,-1,2275,4406,2245,-1,4405,4406,2275,-1,2246,4407,4404,-1,2245,4407,2246,-1,4431,4432,4409,-1,4407,4433,4434,-1,4435,4412,4411,-1,4434,4404,4407,-1,4405,4432,4436,-1,4410,4437,4431,-1,4414,4438,4439,-1,4440,4441,4442,-1,4443,4444,4413,-1,4445,4446,4447,-1,4448,3160,4449,-1,4450,4451,4452,-1,4453,4454,4419,-1,4455,4456,4449,-1,4457,3171,3170,-1,4453,4422,4458,-1,4459,4457,3170,-1,4460,3162,3165,-1,4457,4461,3171,-1,3171,4461,3165,-1,4462,4463,4464,-1,4465,4466,4462,-1,4465,4464,4429,-1,4467,4468,4469,-1,4429,4464,4428,-1,4454,4470,4417,-1,4471,4467,4472,-1,4456,4471,4448,-1,4422,4426,4458,-1,4418,4470,4473,-1,4416,4474,4475,-1,4452,4476,4477,-1,4451,4478,4479,-1,4415,4475,4443,-1,4478,4450,3192,-1,4416,4430,4474,-1,4480,4447,4481,-1,4435,4438,4412,-1,4439,4437,4408,-1,4480,4482,4440,-1,3224,3209,4483,-1,4442,4483,4484,-1,4433,4485,4486,-1,4436,4433,4406,-1,4487,4488,3208,-1,4487,4486,4485,-1,4434,4433,4486,-1,4407,4406,4433,-1,3208,4488,3209,-1,4485,4488,4487,-1,4485,4436,4484,-1,3209,4488,4483,-1,4433,4436,4485,-1,4406,4405,4436,-1,4488,4484,4483,-1,4485,4484,4488,-1,4484,4432,4442,-1,3224,4483,4441,-1,4436,4432,4484,-1,4405,4409,4432,-1,3224,4441,3225,-1,4442,4441,4483,-1,4442,4431,4440,-1,3225,4441,4482,-1,4432,4431,4442,-1,4409,4410,4431,-1,3225,4482,3197,-1,4440,4482,4441,-1,4440,4437,4480,-1,3197,4482,4481,-1,4431,4437,4440,-1,4410,4408,4437,-1,4481,4446,3195,-1,4482,4480,4481,-1,4480,4439,4447,-1,3197,4481,3195,-1,4437,4439,4480,-1,4408,4414,4439,-1,3195,4446,3193,-1,3193,4446,4489,-1,4445,4447,4438,-1,4481,4447,4446,-1,4439,4438,4447,-1,4414,4412,4438,-1,3193,4489,3191,-1,3191,4489,4478,-1,4445,4435,4479,-1,4446,4445,4489,-1,4435,4445,4438,-1,4444,4411,4413,-1,3191,4478,3192,-1,4445,4479,4489,-1,4451,4479,4444,-1,4489,4479,4478,-1,4479,4435,4444,-1,4411,4444,4435,-1,3192,4450,3186,-1,3186,4450,4477,-1,4451,4443,4452,-1,4478,4451,4450,-1,4444,4443,4451,-1,4413,4415,4443,-1,3186,4477,3184,-1,3184,4477,4490,-1,4452,4475,4476,-1,4450,4452,4477,-1,4443,4475,4452,-1,4415,4416,4475,-1,3184,4490,3159,-1,4476,4490,4477,-1,4476,4474,4455,-1,3159,4490,4449,-1,4475,4474,4476,-1,4473,4430,4418,-1,3159,4449,3160,-1,4476,4455,4490,-1,4456,4455,4473,-1,4490,4455,4449,-1,4455,4474,4473,-1,4430,4473,4474,-1,3160,4448,3166,-1,3166,4448,4472,-1,4471,4456,4470,-1,4449,4456,4448,-1,4473,4470,4456,-1,4418,4417,4470,-1,3166,4472,3167,-1,3167,4472,4469,-1,4471,4454,4467,-1,4448,4471,4472,-1,4470,4454,4471,-1,4417,4419,4454,-1,3167,4469,3174,-1,3174,4469,4491,-1,4467,4453,4468,-1,4472,4467,4469,-1,4454,4453,4467,-1,4419,4422,4453,-1,3174,4491,3173,-1,4468,4491,4469,-1,4468,4458,4492,-1,3173,4491,4459,-1,4453,4458,4468,-1,4426,4428,4493,-1,3173,4459,3170,-1,4468,4492,4491,-1,4492,4493,4463,-1,4491,4492,4459,-1,4492,4458,4493,-1,4426,4493,4458,-1,4461,4457,4462,-1,4492,4463,4459,-1,4457,4463,4462,-1,4459,4463,4457,-1,4493,4428,4464,-1,4463,4493,4464,-1,4461,4466,4460,-1,4465,4462,4464,-1,4460,3165,4461,-1,4466,4461,4462,-1,4494,4495,4496,-1,4497,4498,4465,-1,4499,4500,4501,-1,4465,4429,4497,-1,4502,4495,4503,-1,4504,4505,4494,-1,4506,4507,4508,-1,4509,4510,4511,-1,4512,4513,4514,-1,4515,4516,4517,-1,4518,3206,4519,-1,4520,4521,4522,-1,4523,4524,4525,-1,4526,4527,4519,-1,4528,3210,3214,-1,4523,4529,4530,-1,4531,4528,3214,-1,4487,3208,3211,-1,4528,4532,3210,-1,3210,4532,3211,-1,4533,4534,4535,-1,4434,4486,4533,-1,4434,4535,4404,-1,4536,4537,4538,-1,4404,4535,4539,-1,4524,4540,4541,-1,4542,4536,4543,-1,4527,4542,4518,-1,4529,4544,4530,-1,4545,4540,4546,-1,4547,4548,4549,-1,4522,4550,4551,-1,4521,4552,4553,-1,4554,4549,4512,-1,4552,4520,3199,-1,4547,4555,4548,-1,4556,4517,4557,-1,4499,4507,4500,-1,4508,4505,4558,-1,4556,4559,4509,-1,3176,3163,4560,-1,4511,4560,4561,-1,4498,4562,4466,-1,4503,4498,4563,-1,4460,4564,3162,-1,4460,4466,4562,-1,4465,4498,4466,-1,4497,4563,4498,-1,3162,4564,3163,-1,4562,4564,4460,-1,4562,4503,4561,-1,3163,4564,4560,-1,4498,4503,4562,-1,4563,4502,4503,-1,4564,4561,4560,-1,4562,4561,4564,-1,4561,4495,4511,-1,3176,4560,4510,-1,4503,4495,4561,-1,4502,4496,4495,-1,3176,4510,3180,-1,4511,4510,4560,-1,4511,4494,4509,-1,3180,4510,4559,-1,4495,4494,4511,-1,4496,4504,4494,-1,3180,4559,3178,-1,4509,4559,4510,-1,4509,4505,4556,-1,3178,4559,4557,-1,4494,4505,4509,-1,4504,4558,4505,-1,4557,4516,3181,-1,4559,4556,4557,-1,4556,4508,4517,-1,3178,4557,3181,-1,4505,4508,4556,-1,4558,4506,4508,-1,3181,4516,3188,-1,3188,4516,4565,-1,4515,4517,4507,-1,4557,4517,4516,-1,4508,4507,4517,-1,4506,4500,4507,-1,3188,4565,3198,-1,3198,4565,4552,-1,4515,4499,4553,-1,4516,4515,4565,-1,4499,4515,4507,-1,4513,4501,4514,-1,3198,4552,3199,-1,4515,4553,4565,-1,4521,4553,4513,-1,4565,4553,4552,-1,4553,4499,4513,-1,4501,4513,4499,-1,3199,4520,3200,-1,3200,4520,4551,-1,4521,4512,4522,-1,4552,4521,4520,-1,4513,4512,4521,-1,4514,4554,4512,-1,3200,4551,3204,-1,3204,4551,4566,-1,4522,4549,4550,-1,4520,4522,4551,-1,4512,4549,4522,-1,4554,4547,4549,-1,3204,4566,3202,-1,4550,4566,4551,-1,4550,4548,4526,-1,3202,4566,4519,-1,4549,4548,4550,-1,4546,4555,4545,-1,3202,4519,3206,-1,4550,4526,4566,-1,4527,4526,4546,-1,4566,4526,4519,-1,4526,4548,4546,-1,4555,4546,4548,-1,3206,4518,3221,-1,3221,4518,4543,-1,4542,4527,4540,-1,4519,4527,4518,-1,4546,4540,4527,-1,4545,4541,4540,-1,3221,4543,3220,-1,3220,4543,4538,-1,4542,4524,4536,-1,4518,4542,4543,-1,4540,4524,4542,-1,4541,4525,4524,-1,3220,4538,3217,-1,3217,4538,4567,-1,4536,4523,4537,-1,4543,4536,4538,-1,4524,4523,4536,-1,4525,4529,4523,-1,3217,4567,3216,-1,4537,4567,4538,-1,4537,4530,4568,-1,3216,4567,4531,-1,4523,4530,4537,-1,4544,4539,4569,-1,3216,4531,3214,-1,4537,4568,4567,-1,4568,4569,4534,-1,4567,4568,4531,-1,4568,4530,4569,-1,4544,4569,4530,-1,4532,4528,4533,-1,4568,4534,4531,-1,4528,4534,4533,-1,4531,4534,4528,-1,4569,4539,4535,-1,4534,4569,4535,-1,4532,4486,4487,-1,4434,4533,4535,-1,4487,3211,4532,-1,4486,4532,4533,-1,2314,4429,2294,-1,2319,4502,2266,-1,2315,4563,4497,-1,4558,2289,2411,-1,4496,2320,4504,-1,2412,2414,4501,-1,2413,4500,4506,-1,2282,4547,2285,-1,4554,4514,2287,-1,4541,2238,2237,-1,4555,2278,4545,-1,2271,4525,2237,-1,4541,2237,4525,-1,2271,2240,4529,-1,4529,4525,2271,-1,4544,2240,2239,-1,2240,4544,4529,-1,2232,4539,2239,-1,4544,2239,4539,-1,4404,4539,2232,-1,2278,2238,4545,-1,4545,2238,4541,-1,4555,4547,2282,-1,4555,2282,2278,-1,2285,4554,2287,-1,4547,4554,2285,-1,2414,4514,4501,-1,2287,4514,2414,-1,2413,2412,4500,-1,2412,4501,4500,-1,4558,2411,4506,-1,2411,2413,4506,-1,4504,2320,2289,-1,4504,2289,4558,-1,4496,4502,2319,-1,4496,2319,2320,-1,2266,4563,2315,-1,4502,4563,2266,-1,2314,4497,4429,-1,2315,4497,2314,-1,2306,67,66,-1,4570,67,2261,-1,2306,2261,67,-1,4570,2260,4571,-1,2260,4570,2261,-1,2260,2303,4572,-1,4572,4571,2260,-1,4572,2303,4427,-1,66,83,2306,-1,83,81,2307,-1,2307,2306,83,-1,2307,81,2262,-1,81,82,2262,-1,4572,4425,4571,-1,4570,4573,67,-1,4424,4573,4571,-1,4573,4424,4423,-1,4571,4425,4424,-1,68,4573,69,-1,4573,68,67,-1,4572,4427,4425,-1,4573,4423,69,-1,4421,85,4420,-1,69,4420,85,-1,73,85,4421,-1,4423,4420,69,-1,4571,4573,4570,-1,77,4574,4575,-1,4576,82,75,-1,2632,4577,79,-1,79,4577,78,-1,78,4574,77,-1,4577,4574,78,-1,75,4575,4576,-1,77,4575,75,-1,4578,4579,4580,-1,2626,4581,2616,-1,4581,4577,2616,-1,4577,2632,2616,-1,4582,2628,4583,-1,4584,4585,4586,-1,4587,4585,4588,-1,4589,4590,4591,-1,4588,4592,4593,-1,4592,4589,4591,-1,4589,4594,4590,-1,2626,2625,4595,-1,4588,4593,4587,-1,2626,4595,4581,-1,4579,4574,4581,-1,4575,4578,4576,-1,4576,4578,4596,-1,4577,4581,4574,-1,4575,4579,4578,-1,4574,4579,4575,-1,4579,4595,4580,-1,4596,4578,4586,-1,4581,4595,4579,-1,4582,2625,2628,-1,4596,4586,4597,-1,4597,4586,4585,-1,4584,4580,4582,-1,4578,4580,4586,-1,4580,4595,4582,-1,2625,4582,4595,-1,4598,4592,4588,-1,4586,4580,4584,-1,4583,4599,4584,-1,4597,4585,4587,-1,4583,4584,4582,-1,4583,4600,4599,-1,4588,4600,4598,-1,4585,4584,4599,-1,4600,4588,4599,-1,4585,4599,4588,-1,4589,4592,4598,-1,4593,4592,4591,-1,4593,2299,4587,-1,2297,4597,4587,-1,4587,2299,2297,-1,4596,4597,2296,-1,2297,2296,4597,-1,4596,2293,4576,-1,2293,4596,2296,-1,4591,2299,4593,-1,4591,4590,2298,-1,2298,2299,4591,-1,2298,4590,2301,-1,4590,4594,2301,-1,4576,2293,2262,-1,4576,2262,82,-1,2302,4601,2292,-1,2301,4594,4602,-1,2300,4602,4603,-1,2300,2301,4602,-1,4589,4604,4594,-1,4600,4605,4604,-1,4604,4598,4600,-1,2627,4606,2628,-1,4605,4583,2628,-1,2622,2624,4607,-1,2617,4608,4609,-1,4610,4611,4612,-1,4613,4614,2624,-1,4615,4616,4611,-1,4617,2312,2356,-1,4618,4619,2396,-1,4619,4620,2401,-1,2402,4621,2403,-1,2447,4622,4623,-1,4616,2310,2312,-1,4621,4624,2403,-1,2396,4619,2401,-1,2356,4620,4617,-1,4622,2447,2405,-1,4618,2395,4623,-1,4625,4621,2402,-1,2405,2403,4624,-1,2405,4624,4622,-1,2402,2336,4625,-1,4623,2395,2447,-1,4618,2396,2395,-1,2401,4620,2356,-1,4615,2310,4616,-1,2312,4617,4616,-1,4611,4610,4626,-1,4626,4615,4611,-1,4612,4614,4613,-1,4611,4614,4612,-1,4607,4608,2622,-1,2624,4614,4607,-1,2618,2617,4609,-1,2617,2622,4608,-1,2627,4609,4606,-1,4609,2627,2618,-1,4605,4600,4583,-1,4606,4605,2628,-1,4602,4594,4604,-1,4598,4604,4589,-1,4603,4601,2302,-1,2300,4603,2302,-1,4627,4628,4605,-1,4603,4629,4630,-1,4631,4607,4614,-1,4630,4601,4603,-1,4604,4628,4632,-1,4606,4633,4627,-1,4608,4634,4635,-1,4636,4637,4638,-1,4639,4640,4611,-1,4641,4642,4643,-1,4644,3092,4645,-1,4646,4647,4648,-1,4649,4650,4623,-1,4651,4652,4645,-1,4653,3103,3102,-1,4649,4622,4654,-1,4655,4653,3102,-1,4656,3094,3097,-1,4653,4657,3103,-1,3103,4657,3097,-1,4658,4659,4660,-1,4661,4662,4658,-1,4661,4660,4625,-1,4663,4664,4665,-1,4625,4660,4621,-1,4650,4666,4618,-1,4667,4663,4668,-1,4652,4667,4644,-1,4622,4624,4654,-1,4619,4666,4669,-1,4617,4670,4671,-1,4648,4672,4673,-1,4647,4674,4675,-1,4616,4671,4639,-1,4674,4646,3124,-1,4617,4620,4670,-1,4676,4643,4677,-1,4631,4634,4607,-1,4635,4633,4609,-1,4676,4678,4636,-1,3156,3141,4679,-1,4638,4679,4680,-1,4629,4681,4682,-1,4632,4629,4602,-1,4683,4684,3140,-1,4683,4682,4681,-1,4630,4629,4682,-1,4603,4602,4629,-1,3140,4684,3141,-1,4681,4684,4683,-1,4681,4632,4680,-1,3141,4684,4679,-1,4629,4632,4681,-1,4602,4604,4632,-1,4684,4680,4679,-1,4681,4680,4684,-1,4680,4628,4638,-1,3156,4679,4637,-1,4632,4628,4680,-1,4604,4605,4628,-1,3156,4637,3157,-1,4638,4637,4679,-1,4638,4627,4636,-1,3157,4637,4678,-1,4628,4627,4638,-1,4605,4606,4627,-1,3157,4678,3129,-1,4636,4678,4637,-1,4636,4633,4676,-1,3129,4678,4677,-1,4627,4633,4636,-1,4606,4609,4633,-1,4677,4642,3127,-1,4678,4676,4677,-1,4676,4635,4643,-1,3129,4677,3127,-1,4633,4635,4676,-1,4609,4608,4635,-1,3127,4642,3125,-1,3125,4642,4685,-1,4641,4643,4634,-1,4677,4643,4642,-1,4635,4634,4643,-1,4608,4607,4634,-1,3125,4685,3123,-1,3123,4685,4674,-1,4641,4631,4675,-1,4642,4641,4685,-1,4631,4641,4634,-1,4640,4614,4611,-1,3123,4674,3124,-1,4641,4675,4685,-1,4647,4675,4640,-1,4685,4675,4674,-1,4675,4631,4640,-1,4614,4640,4631,-1,3124,4646,3118,-1,3118,4646,4673,-1,4647,4639,4648,-1,4674,4647,4646,-1,4640,4639,4647,-1,4611,4616,4639,-1,3118,4673,3116,-1,3116,4673,4686,-1,4648,4671,4672,-1,4646,4648,4673,-1,4639,4671,4648,-1,4616,4617,4671,-1,3116,4686,3091,-1,4672,4686,4673,-1,4672,4670,4651,-1,3091,4686,4645,-1,4671,4670,4672,-1,4669,4620,4619,-1,3091,4645,3092,-1,4672,4651,4686,-1,4652,4651,4669,-1,4686,4651,4645,-1,4651,4670,4669,-1,4620,4669,4670,-1,3092,4644,3098,-1,3098,4644,4668,-1,4667,4652,4666,-1,4645,4652,4644,-1,4669,4666,4652,-1,4619,4618,4666,-1,3098,4668,3099,-1,3099,4668,4665,-1,4667,4650,4663,-1,4644,4667,4668,-1,4666,4650,4667,-1,4618,4623,4650,-1,3099,4665,3106,-1,3106,4665,4687,-1,4663,4649,4664,-1,4668,4663,4665,-1,4650,4649,4663,-1,4623,4622,4649,-1,3106,4687,3105,-1,4664,4687,4665,-1,4664,4654,4688,-1,3105,4687,4655,-1,4649,4654,4664,-1,4624,4621,4689,-1,3105,4655,3102,-1,4664,4688,4687,-1,4688,4689,4659,-1,4687,4688,4655,-1,4688,4654,4689,-1,4624,4689,4654,-1,4657,4653,4658,-1,4688,4659,4655,-1,4653,4659,4658,-1,4655,4659,4653,-1,4689,4621,4660,-1,4659,4689,4660,-1,4657,4662,4656,-1,4661,4658,4660,-1,4656,3097,4657,-1,4662,4657,4658,-1,4690,4691,4692,-1,4693,4694,4661,-1,4695,4696,4697,-1,4661,4625,4693,-1,4698,4691,4699,-1,4700,4701,4690,-1,4702,4703,4704,-1,4705,4706,4707,-1,4708,4709,4710,-1,4711,4712,4713,-1,4714,3138,4715,-1,4716,4717,4718,-1,4719,4720,4721,-1,4722,4723,4715,-1,4724,3142,3146,-1,4719,4725,4726,-1,4727,4724,3146,-1,4683,3140,3143,-1,4724,4728,3142,-1,3142,4728,3143,-1,4729,4730,4731,-1,4630,4682,4729,-1,4630,4731,4601,-1,4732,4733,4734,-1,4601,4731,4735,-1,4720,4736,4737,-1,4738,4732,4739,-1,4723,4738,4714,-1,4725,4740,4726,-1,4741,4736,4742,-1,4743,4744,4745,-1,4718,4746,4747,-1,4717,4748,4749,-1,4750,4745,4708,-1,4748,4716,3131,-1,4743,4751,4744,-1,4752,4713,4753,-1,4695,4703,4696,-1,4704,4701,4754,-1,4752,4755,4705,-1,3108,3095,4756,-1,4707,4756,4757,-1,4694,4758,4662,-1,4699,4694,4759,-1,4656,4760,3094,-1,4656,4662,4758,-1,4661,4694,4662,-1,4693,4759,4694,-1,3094,4760,3095,-1,4758,4760,4656,-1,4758,4699,4757,-1,3095,4760,4756,-1,4694,4699,4758,-1,4759,4698,4699,-1,4760,4757,4756,-1,4758,4757,4760,-1,4757,4691,4707,-1,3108,4756,4706,-1,4699,4691,4757,-1,4698,4692,4691,-1,3108,4706,3112,-1,4707,4706,4756,-1,4707,4690,4705,-1,3112,4706,4755,-1,4691,4690,4707,-1,4692,4700,4690,-1,3112,4755,3110,-1,4705,4755,4706,-1,4705,4701,4752,-1,3110,4755,4753,-1,4690,4701,4705,-1,4700,4754,4701,-1,4753,4712,3113,-1,4755,4752,4753,-1,4752,4704,4713,-1,3110,4753,3113,-1,4701,4704,4752,-1,4754,4702,4704,-1,3113,4712,3120,-1,3120,4712,4761,-1,4711,4713,4703,-1,4753,4713,4712,-1,4704,4703,4713,-1,4702,4696,4703,-1,3120,4761,3130,-1,3130,4761,4748,-1,4711,4695,4749,-1,4712,4711,4761,-1,4695,4711,4703,-1,4709,4697,4710,-1,3130,4748,3131,-1,4711,4749,4761,-1,4717,4749,4709,-1,4761,4749,4748,-1,4749,4695,4709,-1,4697,4709,4695,-1,3131,4716,3132,-1,3132,4716,4747,-1,4717,4708,4718,-1,4748,4717,4716,-1,4709,4708,4717,-1,4710,4750,4708,-1,3132,4747,3136,-1,3136,4747,4762,-1,4718,4745,4746,-1,4716,4718,4747,-1,4708,4745,4718,-1,4750,4743,4745,-1,3136,4762,3134,-1,4746,4762,4747,-1,4746,4744,4722,-1,3134,4762,4715,-1,4745,4744,4746,-1,4742,4751,4741,-1,3134,4715,3138,-1,4746,4722,4762,-1,4723,4722,4742,-1,4762,4722,4715,-1,4722,4744,4742,-1,4751,4742,4744,-1,3138,4714,3153,-1,3153,4714,4739,-1,4738,4723,4736,-1,4715,4723,4714,-1,4742,4736,4723,-1,4741,4737,4736,-1,3153,4739,3152,-1,3152,4739,4734,-1,4738,4720,4732,-1,4714,4738,4739,-1,4736,4720,4738,-1,4737,4721,4720,-1,3152,4734,3149,-1,3149,4734,4763,-1,4732,4719,4733,-1,4739,4732,4734,-1,4720,4719,4732,-1,4721,4725,4719,-1,3149,4763,3148,-1,4733,4763,4734,-1,4733,4726,4764,-1,3148,4763,4727,-1,4719,4726,4733,-1,4740,4735,4765,-1,3148,4727,3146,-1,4733,4764,4763,-1,4764,4765,4730,-1,4763,4764,4727,-1,4764,4726,4765,-1,4740,4765,4726,-1,4728,4724,4729,-1,4764,4730,4727,-1,4724,4730,4729,-1,4727,4730,4724,-1,4765,4735,4731,-1,4730,4765,4731,-1,4728,4682,4683,-1,4630,4729,4731,-1,4683,3143,4728,-1,4682,4728,4729,-1,2333,4625,2336,-1,2328,4698,2317,-1,2176,4759,4693,-1,4754,2409,2410,-1,4692,2324,4700,-1,2322,2327,4697,-1,2323,4696,4702,-1,2321,4743,2291,-1,4750,4710,2290,-1,4737,2318,2265,-1,4751,2288,4741,-1,2267,4721,2265,-1,4737,2265,4721,-1,2267,2313,4725,-1,4725,4721,2267,-1,4740,2313,2295,-1,2313,4740,4725,-1,2292,4735,2295,-1,4740,2295,4735,-1,4601,4735,2292,-1,2288,2318,4741,-1,4741,2318,4737,-1,4751,4743,2321,-1,4751,2321,2288,-1,2291,4750,2290,-1,4743,4750,2291,-1,2327,4710,4697,-1,2290,4710,2327,-1,2323,2322,4696,-1,2322,4697,4696,-1,4754,2410,4702,-1,2410,2323,4702,-1,4700,2324,2409,-1,4700,2409,4754,-1,4692,4698,2328,-1,4692,2328,2324,-1,2317,4759,2176,-1,4698,4759,2317,-1,2333,4693,4625,-1,2176,4693,2333,-1,4766,4767,2309,-1,4768,2309,2308,-1,2309,4768,4766,-1,2308,2310,4769,-1,4769,4768,2308,-1,4769,2310,4615,-1,2309,4767,2353,-1,4770,2311,2353,-1,2353,4767,4770,-1,4770,4771,2311,-1,4610,4612,4772,-1,2624,2623,4773,-1,4768,4626,4610,-1,4626,4769,4615,-1,4769,4626,4768,-1,4774,4772,4612,-1,4610,4772,4768,-1,4775,4776,4777,-1,4774,4778,4779,-1,4776,4775,4780,-1,4777,2620,2621,-1,2620,4777,4776,-1,4781,4778,4780,-1,4778,4771,4770,-1,4771,4778,4781,-1,4779,4770,4767,-1,4773,2623,4776,-1,4781,4780,4775,-1,4780,4774,4773,-1,2623,2620,4776,-1,4770,4779,4778,-1,4772,4767,4766,-1,4780,4773,4776,-1,4778,4774,4780,-1,4774,4613,4773,-1,4773,4613,2624,-1,4767,4772,4779,-1,4774,4612,4613,-1,4772,4774,4779,-1,4768,4772,4766,-1,4775,4782,4783,-1,4784,4771,4781,-1,2731,4785,2621,-1,2621,4785,4777,-1,4777,4782,4775,-1,4785,4782,4777,-1,4781,4783,4784,-1,4775,4783,4781,-1,4786,2874,4787,-1,2735,4788,2730,-1,4788,4785,2730,-1,4785,2731,2730,-1,2874,4786,2734,-1,4789,4787,4790,-1,4791,4792,4790,-1,4788,4793,4782,-1,2872,4794,4795,-1,4795,4791,2873,-1,2872,2870,4794,-1,4789,4790,4796,-1,4797,2873,4791,-1,4783,4789,4784,-1,2874,2876,4797,-1,4785,4788,4782,-1,4786,2735,2734,-1,4789,4783,4793,-1,4782,4793,4783,-1,4793,4786,4787,-1,4784,4789,4796,-1,4793,4788,4786,-1,2735,4786,4788,-1,4789,4793,4787,-1,4797,2876,2873,-1,4796,4790,4792,-1,4790,4787,4797,-1,2874,4797,4787,-1,4792,4791,4798,-1,4790,4797,4791,-1,2872,4795,2873,-1,4791,4795,4798,-1,2347,4798,4795,-1,2349,4792,2347,-1,4798,2347,4792,-1,4796,2349,2202,-1,2349,4796,4792,-1,4784,4796,2202,-1,2347,4795,2348,-1,4794,2346,2348,-1,2348,4795,4794,-1,4794,2870,2346,-1,4771,2202,2311,-1,2202,4771,4784,-1,4799,4800,4801,-1,4802,4799,4801,-1,4801,4800,4803,-1,4804,4805,4802,-1,4802,4805,4799,-1,4801,4803,4806,-1,4804,4802,4807,-1,4804,4807,4808,-1,4806,4803,4809,-1,4810,3846,4806,-1,4806,4809,4810,-1,4810,3510,3846,-1,4811,4804,4812,-1,4813,4814,4815,-1,4816,4817,4814,-1,4818,3511,4817,-1,4815,4819,4813,-1,3511,3514,3512,-1,4810,4809,4815,-1,4819,4803,4820,-1,4819,4815,4809,-1,4821,4822,4823,-1,3510,4810,3509,-1,4800,4823,4820,-1,4799,4823,4800,-1,4799,4805,4824,-1,4824,4823,4799,-1,4825,4826,4827,-1,4804,4811,4805,-1,4828,4811,4812,-1,3519,3518,4829,-1,4822,4820,4823,-1,4830,3521,3520,-1,4831,4832,4827,-1,4804,4808,4812,-1,3519,4829,4825,-1,4831,4828,4832,-1,4805,4811,4824,-1,4828,4831,4811,-1,4814,4813,4816,-1,4831,4821,4824,-1,4833,4819,4820,-1,4803,4819,4809,-1,4800,4820,4803,-1,4833,4820,4822,-1,4814,3509,4815,-1,4833,4813,4819,-1,3509,4810,4815,-1,4811,4831,4824,-1,4827,4832,4830,-1,4833,4822,4834,-1,4824,4821,4823,-1,4821,4827,4826,-1,4813,4833,4835,-1,4826,4834,4822,-1,4817,3508,4814,-1,4834,4835,4833,-1,4814,3507,3509,-1,4813,4835,4816,-1,3508,3507,4814,-1,4831,4827,4821,-1,4825,4830,3520,-1,4829,4836,4834,-1,4821,4826,4822,-1,4834,4826,4829,-1,4836,4837,4835,-1,4835,4834,4836,-1,4837,4838,4816,-1,4816,4835,4837,-1,4818,4817,4838,-1,4816,4838,4817,-1,3511,3508,4817,-1,4830,4825,4827,-1,3520,3519,4825,-1,3518,3517,4836,-1,4826,4825,4829,-1,3518,4836,4829,-1,3517,3516,4837,-1,3517,4837,4836,-1,3516,3515,4838,-1,3516,4838,4837,-1,3515,3514,4818,-1,3515,4818,4838,-1,3511,4818,3514,-1,4830,3523,3521,-1,4828,3742,3743,-1,4832,3743,3745,-1,4812,4808,3746,-1,3746,3742,4812,-1,4828,3743,4832,-1,4812,3742,4828,-1,4830,3745,3523,-1,4832,3745,4830,-1,4839,4808,4807,-1,4839,3746,4808,-1,4839,3758,3746,-1,4840,4841,4842,-1,4843,4839,4842,-1,4842,4841,4843,-1,4842,4839,4807,-1,3758,4839,4843,-1,4844,4841,4840,-1,4845,4844,4840,-1,4845,4846,4847,-1,4847,4844,4845,-1,4847,4846,3796,-1,4846,4848,3796,-1,4849,4850,4851,-1,4842,4802,4852,-1,4853,4845,4840,-1,4802,4842,4807,-1,4854,4855,4856,-1,4857,4858,4856,-1,4848,4857,4859,-1,4856,4860,4857,-1,4861,4855,3844,-1,4855,4861,4860,-1,3846,3842,4851,-1,4845,4853,4858,-1,4862,3845,3843,-1,4852,4853,4840,-1,4850,4852,4801,-1,4806,3846,4851,-1,4802,4801,4852,-1,4842,4852,4840,-1,4806,4851,4850,-1,4801,4806,4850,-1,4850,4849,4853,-1,3842,4854,4851,-1,4853,4852,4850,-1,4858,4846,4845,-1,3842,3841,4854,-1,3841,4855,4854,-1,4849,4856,4858,-1,4851,4854,4849,-1,4853,4849,4858,-1,4860,4863,4859,-1,4860,4861,4863,-1,4849,4854,4856,-1,4856,4855,4860,-1,3841,3844,4855,-1,4858,4857,4846,-1,4848,4846,4857,-1,4861,4862,4863,-1,4859,4857,4860,-1,4862,4861,3845,-1,3844,3845,4861,-1,4863,4864,4865,-1,4866,4864,4862,-1,4863,4862,4864,-1,4866,3843,3832,-1,3843,4866,4862,-1,4865,4859,4863,-1,4867,4848,4859,-1,4859,4865,4867,-1,4867,4868,4848,-1,4869,4870,4871,-1,4872,4873,4874,-1,4869,4875,4876,-1,4875,4877,4876,-1,4878,4871,4870,-1,4868,4867,4877,-1,4879,3830,4880,-1,4873,4872,4878,-1,3828,3825,4881,-1,4882,3855,3822,-1,3818,4883,4880,-1,4879,3825,3830,-1,3830,3818,4880,-1,4884,4885,4886,-1,4882,4881,4887,-1,4888,4881,4879,-1,3859,4887,3857,-1,3822,3855,3823,-1,4889,4890,4891,-1,4878,4870,4873,-1,4892,4893,4894,-1,4893,4869,4876,-1,4866,4895,4894,-1,4866,3832,4895,-1,4896,4874,4880,-1,4880,4883,4896,-1,4885,4873,4891,-1,4896,4872,4874,-1,4884,4880,4874,-1,4891,4870,4892,-1,4874,4873,4885,-1,4871,4875,4869,-1,4891,4873,4870,-1,4876,4867,4865,-1,4892,4869,4893,-1,4867,4876,4877,-1,4879,4880,4884,-1,4887,3859,4882,-1,4885,4891,4890,-1,4884,4874,4885,-1,4888,4884,4886,-1,4889,4894,4895,-1,4886,4885,4890,-1,4892,4889,4891,-1,4864,4893,4865,-1,4870,4869,4892,-1,4889,4892,4894,-1,4865,4893,4876,-1,3825,4879,4881,-1,3822,3828,4881,-1,4886,4897,4888,-1,4879,4884,4888,-1,4888,4897,4887,-1,4890,4898,4886,-1,4886,4898,4897,-1,4899,4890,4889,-1,4898,4890,4899,-1,4894,4893,4864,-1,4889,4895,4899,-1,4866,4894,4864,-1,3822,4881,4882,-1,3855,4882,3859,-1,3857,4897,3852,-1,4881,4888,4887,-1,3857,4887,4897,-1,3852,4898,3851,-1,3852,4897,4898,-1,3851,4899,3847,-1,3851,4898,4899,-1,4895,3831,3847,-1,3847,4899,4895,-1,4895,3832,3831,-1,4871,3800,4875,-1,3795,4877,3800,-1,4875,3800,4877,-1,4868,4877,3795,-1,3812,3800,4871,-1,4878,4872,3812,-1,4878,3812,4871,-1,3810,4872,4896,-1,4872,3810,3812,-1,3811,3810,4883,-1,4896,4883,3810,-1,3811,4883,3818,-1,3795,3796,4848,-1,4848,4868,3795,-1,3757,3756,4900,-1,4901,4902,4903,-1,3796,4903,4847,-1,4904,4905,4902,-1,3760,4906,4907,-1,4906,4900,4905,-1,4843,3756,3758,-1,4906,3757,4900,-1,3757,4906,3760,-1,4908,3763,4907,-1,3763,3760,4907,-1,3771,3762,3759,-1,3771,3759,4908,-1,3759,3763,4908,-1,4907,4906,4904,-1,3775,4901,3791,-1,3771,4908,3787,-1,3787,4908,4909,-1,3788,3787,4909,-1,4904,4901,4909,-1,4908,4907,4909,-1,4900,4843,4841,-1,4906,4905,4904,-1,4843,4900,3756,-1,4901,3775,3788,-1,4907,4904,4909,-1,3788,4909,4901,-1,4905,4841,4844,-1,4901,4904,4902,-1,4841,4905,4900,-1,4902,4905,4844,-1,4847,4902,4844,-1,3794,3791,4903,-1,4903,3791,4901,-1,3796,3794,4903,-1,4847,4903,4902,-1,4910,3689,3726,-1,3689,4910,146,-1,3726,4911,4910,-1,146,188,3689,-1,4911,3726,3727,-1,4912,3727,2216,-1,3727,4912,4911,-1,4912,2216,2229,-1,2116,2146,2117,-1,2135,4913,2134,-1,2133,4914,4915,-1,4916,2137,2138,-1,4917,2136,4918,-1,2140,2141,4919,-1,2139,4920,4921,-1,2144,4922,2143,-1,4923,4924,2142,-1,2144,2087,4925,-1,4925,4922,2144,-1,4926,2087,2086,-1,2087,4926,4925,-1,120,4927,2086,-1,4926,2086,4927,-1,146,4927,120,-1,2142,2143,4923,-1,4922,4923,2143,-1,2141,4924,4919,-1,2142,4924,2141,-1,2139,2140,4920,-1,2140,4919,4920,-1,4916,2138,4921,-1,2138,2139,4921,-1,4918,2136,2137,-1,4918,2137,4916,-1,4917,4913,2135,-1,4917,2135,2136,-1,2134,4914,2133,-1,4913,4914,2134,-1,2116,4915,2146,-1,2133,4915,2116,-1,2284,4928,2283,-1,4914,4929,4915,-1,4914,4913,4930,-1,2147,2146,4915,-1,4913,4931,4930,-1,4918,4932,4933,-1,4934,4935,4921,-1,4936,4928,4937,-1,2236,2235,4938,-1,4939,4940,4941,-1,2270,4942,2276,-1,4943,4923,4944,-1,2241,2276,4945,-1,4946,4947,4926,-1,4948,2230,2241,-1,2230,4949,2231,-1,4950,4910,4911,-1,4950,4951,4952,-1,4910,4952,146,-1,4948,4945,4951,-1,2231,4912,2229,-1,4953,2270,2269,-1,4947,4954,4925,-1,4944,4922,4954,-1,4943,4955,4924,-1,2236,4956,2269,-1,4957,2235,2277,-1,4955,4958,4919,-1,4940,4959,4960,-1,4958,4934,4920,-1,4935,4932,4916,-1,4960,4961,4936,-1,2286,4962,2284,-1,4952,4927,146,-1,4929,4963,2148,-1,4930,4929,4914,-1,2151,4964,2153,-1,2151,2148,4963,-1,2148,2147,4929,-1,4915,4929,2147,-1,4964,4962,2286,-1,2151,4963,4964,-1,4963,4930,4965,-1,2153,4964,2286,-1,4930,4963,4929,-1,4931,4913,4917,-1,4964,4965,4962,-1,4963,4965,4964,-1,4965,4931,4937,-1,2284,4962,4928,-1,4930,4931,4965,-1,4933,4917,4918,-1,4962,4937,4928,-1,4965,4937,4962,-1,4937,4933,4936,-1,2283,4928,4961,-1,4937,4931,4933,-1,4917,4933,4931,-1,2283,4961,2279,-1,4936,4961,4928,-1,4936,4932,4960,-1,2279,4961,4959,-1,4933,4932,4936,-1,4918,4916,4932,-1,2279,4959,2280,-1,4960,4959,4961,-1,4960,4935,4940,-1,2280,4959,4939,-1,4932,4935,4960,-1,4916,4921,4935,-1,2280,4939,2281,-1,4940,4939,4959,-1,4941,4940,4934,-1,2281,4939,4966,-1,4935,4934,4940,-1,4921,4920,4934,-1,2281,4966,2277,-1,4941,4966,4939,-1,4967,4941,4958,-1,2277,4966,4957,-1,4934,4958,4941,-1,4920,4919,4958,-1,4966,4967,4957,-1,4941,4967,4966,-1,4967,4955,4968,-1,2235,4957,4938,-1,4958,4955,4967,-1,4919,4924,4955,-1,4957,4968,4938,-1,4967,4968,4957,-1,4968,4943,4969,-1,2236,4938,4956,-1,4955,4943,4968,-1,4924,4923,4943,-1,4938,4969,4956,-1,4968,4969,4938,-1,4969,4944,4970,-1,2269,4956,4953,-1,4943,4944,4969,-1,4923,4922,4944,-1,4956,4970,4953,-1,4969,4970,4956,-1,4970,4954,4971,-1,2270,4953,4942,-1,4944,4954,4970,-1,4922,4925,4954,-1,4953,4971,4942,-1,4970,4971,4953,-1,4971,4947,4972,-1,2276,4942,4945,-1,4954,4947,4971,-1,4925,4926,4947,-1,4942,4972,4945,-1,4971,4972,4942,-1,4972,4946,4951,-1,2241,4945,4948,-1,4947,4946,4972,-1,4926,4927,4946,-1,4949,4948,4950,-1,4972,4951,4945,-1,4948,4951,4950,-1,2230,4948,4949,-1,4946,4927,4952,-1,4951,4946,4952,-1,4949,4911,4912,-1,4910,4950,4952,-1,4912,2231,4949,-1,4911,4949,4950,-1,4973,4974,4975,-1,4976,4977,4978,-1,4979,4980,4981,-1,2517,4977,2563,-1,4982,4983,4978,-1,2857,4984,2856,-1,4985,4986,4987,-1,4988,4989,4990,-1,4991,4992,4993,-1,4994,4995,4996,-1,4997,4998,4999,-1,5000,5001,5002,-1,5003,5004,5005,-1,5006,5007,5008,-1,5009,5010,5011,-1,5012,5013,5014,-1,5015,5016,5017,-1,5018,5019,5020,-1,2846,2593,2590,-1,5021,5016,5022,-1,2846,2843,5023,-1,5024,5025,5026,-1,5027,2524,2592,-1,2843,2841,5025,-1,2494,2524,5028,-1,5027,5024,5028,-1,5015,5029,5030,-1,5010,5009,5019,-1,5003,5031,5032,-1,5030,5033,5012,-1,5031,5018,5020,-1,5007,5034,5035,-1,5014,5036,5034,-1,5037,5038,5039,-1,4998,5037,4999,-1,5002,5040,5041,-1,5042,5040,5006,-1,4993,4992,5043,-1,5044,5039,5038,-1,5045,4994,5046,-1,5001,5047,5046,-1,5048,4986,4985,-1,5043,5049,4993,-1,5050,5051,4984,-1,5051,4996,5052,-1,5053,4979,5054,-1,4989,5055,4990,-1,2554,4980,2859,-1,4974,4983,4982,-1,4975,5056,4973,-1,4981,2564,4976,-1,2553,4980,2554,-1,2564,2563,4976,-1,4977,4976,2563,-1,2553,4981,4980,-1,2564,4981,2553,-1,4981,4983,4979,-1,2859,4980,5053,-1,4981,4976,4983,-1,4978,4983,4976,-1,2859,5053,2858,-1,4979,5053,4980,-1,4979,4974,5054,-1,2858,5053,5057,-1,4983,4974,4979,-1,4982,4975,4974,-1,2858,5057,2857,-1,5054,5057,5053,-1,5054,4973,5050,-1,2857,5057,4984,-1,4974,4973,5054,-1,5055,5056,4990,-1,5057,5050,4984,-1,5054,5050,5057,-1,5050,5055,5051,-1,2856,4984,5052,-1,5050,4973,5055,-1,5056,5055,4973,-1,4984,5051,5052,-1,2856,5052,2855,-1,5051,4989,4996,-1,2855,5052,4995,-1,5055,4989,5051,-1,5048,4988,4986,-1,5052,4996,4995,-1,2855,4995,2854,-1,4996,5048,4994,-1,2854,4995,5045,-1,4996,4989,5048,-1,4988,5048,4989,-1,4995,4994,5045,-1,2854,5045,2853,-1,4994,4985,5046,-1,2853,5045,5047,-1,4985,4994,5048,-1,5058,4987,5049,-1,2853,5047,2838,-1,5046,5047,5045,-1,5046,5058,5001,-1,2838,5047,5000,-1,5046,4985,5058,-1,4987,5058,4985,-1,5047,5001,5000,-1,2838,5000,2839,-1,5001,5043,5002,-1,2839,5000,5041,-1,5001,5058,5043,-1,5049,5043,5058,-1,5000,5002,5041,-1,2839,5041,2844,-1,5002,4992,5040,-1,2844,5041,5042,-1,4992,5002,5043,-1,5059,4991,5044,-1,2844,5042,2845,-1,5040,5042,5041,-1,5040,5059,5006,-1,2845,5042,5008,-1,5040,4992,5059,-1,4991,5059,4992,-1,5042,5006,5008,-1,2845,5008,2842,-1,5006,5038,5007,-1,2842,5008,5035,-1,5006,5059,5038,-1,5044,5038,5059,-1,5008,5007,5035,-1,2842,5035,2840,-1,5007,5037,5034,-1,2840,5035,5036,-1,5038,5037,5007,-1,5039,4999,5037,-1,5035,5034,5036,-1,2840,5036,2850,-1,5034,4998,5014,-1,2850,5036,5013,-1,4998,5034,5037,-1,5060,4997,5005,-1,5013,5033,2847,-1,5036,5014,5013,-1,5014,5060,5012,-1,2850,5013,2847,-1,5014,4998,5060,-1,4997,5060,4998,-1,5013,5012,5033,-1,2847,5033,2852,-1,5012,5004,5030,-1,2852,5033,5029,-1,5012,5060,5004,-1,5005,5004,5060,-1,5033,5030,5029,-1,2852,5029,2848,-1,5030,5032,5015,-1,2848,5029,5017,-1,5030,5004,5032,-1,5003,5032,5004,-1,5029,5015,5017,-1,2848,5017,2849,-1,5015,5020,5016,-1,2849,5017,5021,-1,5015,5032,5020,-1,5031,5020,5032,-1,5017,5016,5021,-1,2849,5021,2851,-1,5016,5019,5022,-1,2851,5021,5026,-1,5020,5019,5016,-1,5018,5010,5019,-1,5021,5022,5026,-1,2851,5026,2841,-1,5022,5009,5024,-1,2841,5026,5025,-1,5009,5022,5019,-1,2494,5028,5011,-1,5023,5025,5027,-1,5022,5024,5026,-1,5025,5024,5027,-1,2843,5025,5023,-1,5009,5011,5028,-1,5024,5009,5028,-1,5023,2592,2593,-1,2524,5027,5028,-1,2593,2846,5023,-1,2592,5023,5027,-1,2474,2517,2343,-1,2473,4982,2472,-1,2475,4978,4977,-1,4990,2470,2468,-1,4975,2471,5056,-1,2360,2359,4987,-1,2467,4986,4988,-1,2364,4991,2365,-1,4993,5049,2358,-1,4999,2394,2393,-1,5044,2462,5039,-1,5005,2466,5003,-1,2465,5005,4997,-1,5031,5003,2463,-1,2466,2463,5003,-1,2464,5018,5031,-1,5031,2463,2464,-1,5018,2460,5010,-1,2460,5018,2464,-1,5011,5010,2461,-1,2460,2461,5010,-1,2459,2494,5011,-1,5011,2461,2459,-1,2393,2465,4997,-1,2465,2466,5005,-1,5039,2394,4999,-1,4999,2393,4997,-1,5044,2364,2462,-1,5039,2462,2394,-1,4991,4993,2365,-1,5044,4991,2364,-1,2358,5049,2359,-1,2365,4993,2358,-1,2360,4987,4986,-1,2359,5049,4987,-1,2468,2467,4988,-1,2467,2360,4986,-1,5056,2470,4990,-1,4990,2468,4988,-1,4975,2473,2471,-1,5056,2471,2470,-1,4982,4978,2472,-1,4975,4982,2473,-1,2475,4977,2474,-1,2472,4978,2475,-1,2517,2474,4977,-1,1310,879,881,-1,1055,1309,913,-1,880,905,1312,-1,1312,905,1311,-1,905,879,1311,-1,1310,881,1309,-1,1311,879,1310,-1,1055,913,914,-1,1309,881,913,-1,1059,5061,5062,-1,5061,1059,1058,-1,1058,5063,5061,-1,1058,1057,5063,-1,5064,5063,1057,-1,1066,5065,5064,-1,5064,1057,1066,-1,5066,5065,1067,-1,1066,1067,5065,-1,5066,1068,1291,-1,1068,5066,1067,-1,1291,1068,1054,-1,5062,1060,1059,-1,1060,5067,1061,-1,5067,1060,5062,-1,5068,1062,1061,-1,1061,5067,5068,-1,1063,1062,5069,-1,5068,5069,1062,-1,1063,5070,1064,-1,5070,1063,5069,-1,5071,1065,1064,-1,1064,5070,5071,-1,5071,5072,1065,-1,5073,5074,5075,-1,5076,5066,1291,-1,5077,5078,5076,-1,5079,5080,5081,-1,5076,5078,5082,-1,5079,5061,5063,-1,5083,5082,5078,-1,5084,5085,5086,-1,5067,5074,5068,-1,5086,606,687,-1,5086,687,5087,-1,5086,5087,5084,-1,5084,5087,5088,-1,5089,5090,5091,-1,5088,5072,5071,-1,5089,5069,5068,-1,5073,5075,5092,-1,5090,5074,5073,-1,5093,5092,5075,-1,5094,5079,5081,-1,5093,5094,5092,-1,5077,1290,1292,-1,5081,5080,5095,-1,5096,5095,5080,-1,5096,5083,5095,-1,5066,5082,5065,-1,499,498,1292,-1,5077,1292,498,-1,5091,607,606,-1,5088,5071,5084,-1,5086,5085,5091,-1,5070,5084,5071,-1,606,5086,5091,-1,5090,609,607,-1,5070,5085,5084,-1,5069,5085,5070,-1,607,5091,5090,-1,5073,610,609,-1,5069,5089,5085,-1,5091,5085,5089,-1,609,5090,5073,-1,5092,552,610,-1,5068,5074,5089,-1,5090,5089,5074,-1,610,5073,5092,-1,5094,493,552,-1,5067,5075,5074,-1,5062,5075,5067,-1,552,5092,5094,-1,5081,494,493,-1,5062,5093,5075,-1,5061,5093,5062,-1,493,5094,5081,-1,5095,520,494,-1,5061,5079,5093,-1,5094,5093,5079,-1,494,5081,5095,-1,5083,496,520,-1,5064,5080,5063,-1,5079,5063,5080,-1,520,5095,5083,-1,5078,500,496,-1,5065,5096,5064,-1,5080,5064,5096,-1,496,5083,5078,-1,498,500,5077,-1,5065,5082,5096,-1,5083,5096,5082,-1,500,5078,5077,-1,5077,5076,1290,-1,1291,1290,5076,-1,5082,5066,5076,-1,5087,687,693,-1,5072,5097,5098,-1,5088,5099,5097,-1,5087,5099,5088,-1,5072,5088,5097,-1,693,5099,5087,-1,5072,1069,1065,-1,5072,5098,1069,-1,1070,5100,5101,-1,5100,1070,1077,-1,1077,5102,5100,-1,1077,1078,5102,-1,5103,5102,1078,-1,1079,5104,5103,-1,5103,1078,1079,-1,5105,5104,1080,-1,1079,1080,5104,-1,5105,1081,5098,-1,1081,5105,1080,-1,5098,1081,1069,-1,5101,1071,1070,-1,1071,5106,1072,-1,5106,1071,5101,-1,5107,1073,1072,-1,1072,5106,5107,-1,1074,1073,5108,-1,5107,5108,1073,-1,1074,5109,1075,-1,5109,1074,5108,-1,5110,1076,1075,-1,1075,5109,5110,-1,5110,5111,1076,-1,5112,5113,5114,-1,5115,5105,5098,-1,5116,5117,5115,-1,5118,5119,5120,-1,5115,5117,5121,-1,5118,5100,5102,-1,5122,5121,5117,-1,5123,5124,5125,-1,5106,5113,5107,-1,5125,635,626,-1,5125,626,5126,-1,5125,5126,5123,-1,5123,5126,5127,-1,5128,5129,5130,-1,5127,5111,5110,-1,5128,5108,5107,-1,5131,5112,5114,-1,5129,5113,5112,-1,5132,5118,5120,-1,5133,5132,5131,-1,5134,5135,5122,-1,5131,5114,5133,-1,5119,5134,5120,-1,5121,5104,5105,-1,5135,5134,5119,-1,5099,482,5116,-1,5097,5099,5116,-1,693,482,5099,-1,5130,634,635,-1,5127,5110,5123,-1,5125,5124,5130,-1,5109,5123,5110,-1,635,5125,5130,-1,5129,628,634,-1,5109,5124,5123,-1,5108,5124,5109,-1,634,5130,5129,-1,5112,530,628,-1,5108,5128,5124,-1,5130,5124,5128,-1,628,5129,5112,-1,5131,528,530,-1,5107,5113,5128,-1,5129,5128,5113,-1,530,5112,5131,-1,5132,490,528,-1,5106,5114,5113,-1,5101,5114,5106,-1,528,5131,5132,-1,5120,491,490,-1,5101,5133,5114,-1,5100,5133,5101,-1,490,5132,5120,-1,5134,527,491,-1,5100,5118,5133,-1,5132,5133,5118,-1,491,5120,5134,-1,5122,489,527,-1,5103,5119,5102,-1,5118,5102,5119,-1,527,5134,5122,-1,5117,484,489,-1,5104,5135,5103,-1,5119,5103,5135,-1,489,5122,5117,-1,482,484,5116,-1,5104,5121,5135,-1,5122,5135,5121,-1,484,5117,5116,-1,5116,5115,5097,-1,5098,5097,5115,-1,5121,5105,5115,-1,5126,626,441,-1,5111,5136,5137,-1,5127,5138,5136,-1,5126,5138,5127,-1,5111,5127,5136,-1,441,5138,5126,-1,1082,1076,5111,-1,5111,5137,1082,-1,1083,1090,5139,-1,1083,5139,5140,-1,1090,5141,5139,-1,1091,1092,5142,-1,1091,5142,5141,-1,5143,5144,1093,-1,5144,5142,1092,-1,1092,1093,5144,-1,1091,5141,1090,-1,5143,1094,5137,-1,1094,5143,1093,-1,5137,1094,1082,-1,1083,5140,1084,-1,1084,5145,1085,-1,5145,1084,5140,-1,5146,1086,1085,-1,1085,5145,5146,-1,1087,1086,5147,-1,5146,5147,1086,-1,1087,5148,1088,-1,5148,1087,5147,-1,5149,1089,1088,-1,1088,5148,5149,-1,5149,5150,1089,-1,5151,5152,5153,-1,5154,5143,5137,-1,5155,5156,5154,-1,5157,5158,5159,-1,5154,5156,5160,-1,5157,5139,5141,-1,5161,5160,5156,-1,5162,5163,5164,-1,5145,5152,5146,-1,5164,571,565,-1,5164,565,5165,-1,5164,5165,5162,-1,5162,5165,5166,-1,5167,5168,5169,-1,5166,5150,5149,-1,5167,5147,5146,-1,5159,5158,5170,-1,5171,5151,5153,-1,5168,5152,5151,-1,5157,5159,5172,-1,5173,5172,5171,-1,5171,5153,5173,-1,5138,5155,5136,-1,5170,5174,5161,-1,646,5155,5138,-1,5143,5160,5144,-1,5174,5170,5158,-1,5138,441,646,-1,5169,572,571,-1,5166,5149,5162,-1,5164,5163,5169,-1,5148,5162,5149,-1,571,5164,5169,-1,5168,436,572,-1,5148,5163,5162,-1,5147,5163,5148,-1,572,5169,5168,-1,5151,433,436,-1,5147,5167,5163,-1,5169,5163,5167,-1,436,5168,5151,-1,5171,434,433,-1,5146,5152,5167,-1,5168,5167,5152,-1,433,5151,5171,-1,5172,560,434,-1,5145,5153,5152,-1,5140,5153,5145,-1,434,5171,5172,-1,5159,440,560,-1,5140,5173,5153,-1,5139,5173,5140,-1,560,5172,5159,-1,5170,439,440,-1,5139,5157,5173,-1,5172,5173,5157,-1,440,5159,5170,-1,5161,437,439,-1,5142,5158,5141,-1,5157,5141,5158,-1,439,5170,5161,-1,5156,445,437,-1,5144,5174,5142,-1,5158,5142,5174,-1,437,5161,5156,-1,646,445,5155,-1,5144,5160,5174,-1,5161,5174,5160,-1,445,5156,5155,-1,5155,5154,5136,-1,5137,5136,5154,-1,5160,5143,5154,-1,5165,565,416,-1,5150,1144,1113,-1,5166,1145,1144,-1,5165,1145,5166,-1,5150,5166,1144,-1,416,1145,5165,-1,1113,1089,5150,-1,1113,1095,1089,-1,5175,5176,5177,-1,5178,5179,5180,-1,5176,5175,5181,-1,5175,5177,5182,-1,5183,5184,5185,-1,5185,5177,5186,-1,5187,5184,5183,-1,5178,5180,5188,-1,5185,5189,5183,-1,5180,5187,5188,-1,5189,5185,5186,-1,5187,5180,5184,-1,5185,5190,5182,-1,5177,5185,5182,-1,5190,5191,5182,-1,5192,5193,5194,-1,5191,5190,5193,-1,5195,5196,5197,-1,5196,5195,5192,-1,5193,5192,5191,-1,5194,5196,5192,-1,5198,5199,5200,-1,5201,5202,5203,-1,5201,5204,5205,-1,5204,5201,5203,-1,5206,5207,5205,-1,5205,5204,5206,-1,5208,5207,5209,-1,5206,5209,5207,-1,5208,5210,5211,-1,5210,5208,5209,-1,5212,5213,5211,-1,5211,5210,5212,-1,35,5213,5214,-1,5212,5214,5213,-1,33,35,5214,-1,5215,5203,5202,-1,5216,5215,5217,-1,5202,5217,5215,-1,5216,5218,5219,-1,5218,5216,5217,-1,5220,5221,5219,-1,5219,5218,5220,-1,5222,5221,5223,-1,5220,5223,5221,-1,5222,5224,5225,-1,5224,5222,5223,-1,5226,58,5225,-1,5225,5224,5226,-1,5226,59,58,-1,5221,41,5219,-1,5212,5210,5206,-1,5210,5209,5206,-1,5204,5214,5212,-1,5212,5206,5204,-1,5214,5203,33,-1,5203,5214,5204,-1,5216,32,31,-1,5203,5215,33,-1,37,36,5222,-1,43,56,44,-1,5225,58,47,-1,48,51,55,-1,44,55,51,-1,50,51,48,-1,43,58,56,-1,44,56,55,-1,58,43,47,-1,37,5222,5225,-1,47,37,5225,-1,36,41,5221,-1,5222,36,5221,-1,5219,32,5216,-1,5219,41,32,-1,33,5215,31,-1,5215,5216,31,-1,5227,5228,5229,-1,5227,5230,5231,-1,5230,5227,5229,-1,5232,5233,5231,-1,5231,5230,5232,-1,5234,5233,5235,-1,5232,5235,5233,-1,5234,5236,5237,-1,5236,5234,5235,-1,5238,5239,5237,-1,5237,5236,5238,-1,5,5239,5240,-1,5238,5240,5239,-1,3,5,5240,-1,5241,5229,5228,-1,5242,5241,5243,-1,5228,5243,5241,-1,5242,5244,5245,-1,5244,5242,5243,-1,5246,5247,5245,-1,5245,5244,5246,-1,5248,5247,5249,-1,5246,5249,5247,-1,5248,5250,5251,-1,5250,5248,5249,-1,5252,28,5251,-1,5251,5250,5252,-1,5252,29,28,-1,5247,11,5245,-1,5238,5236,5232,-1,5236,5235,5232,-1,5230,5240,5238,-1,5238,5232,5230,-1,5240,5229,3,-1,5229,5240,5230,-1,5242,2,1,-1,5229,5241,3,-1,7,6,5248,-1,13,26,14,-1,5251,28,17,-1,18,21,25,-1,14,25,21,-1,20,21,18,-1,13,28,26,-1,14,26,25,-1,28,13,17,-1,7,5248,5251,-1,17,7,5251,-1,6,11,5247,-1,5248,6,5247,-1,5245,2,5242,-1,5245,11,2,-1,3,5241,1,-1,5241,5242,1,-1,5253,5254,5255,-1,5256,5257,5258,-1,5259,5253,5260,-1,5255,5260,5253,-1,5255,5254,5261,-1,5262,5261,5254,-1,5263,5262,5256,-1,5262,5263,5261,-1,5257,5256,5264,-1,5263,5256,5258,-1,5258,5257,5265,-1,5266,5267,5268,-1,5266,5269,5267,-1,5270,5269,5271,-1,5271,5272,5270,-1,5269,5266,5271,-1,5273,5274,5275,-1,5276,5277,5278,-1,5275,5279,5273,-1,5280,5276,5278,-1,5279,5280,5281,-1,5280,5279,5276,-1,5273,5279,5281,-1,5282,5283,5273,-1,5282,5273,5281,-1,5284,5283,5285,-1,5283,5284,5273,-1,5284,5285,5286,-1,5287,5288,5289,-1,5290,5291,5292,-1,5293,5287,5294,-1,5289,5294,5287,-1,5289,5288,5295,-1,5296,5295,5288,-1,5297,5296,5290,-1,5296,5297,5295,-1,5291,5290,5298,-1,5297,5290,5292,-1,5292,5291,5299,-1,5300,5301,5302,-1,5300,5303,5301,-1,5304,5303,5305,-1,5305,5306,5304,-1,5303,5300,5305,-1,5307,5308,5309,-1,5310,5311,5308,-1,5308,5307,5310,-1,5312,5311,5310,-1,5312,5313,5311,-1,5314,5315,5316,-1,5313,5312,5315,-1,5315,5314,5313,-1,
        ]
    }
}
Shape{
    appearance Appearance {
        material  Material 	{
            diffuseColor 0.615686274509804 0.2 0.1568627450980392
            specularColor 0.7529411764705882 0.7529411764705882 0.7529411764705882
            ambientIntensity 0.2
            transparency 0
            shininess 0.5
        }
    }
    geometry IndexedFaceSet {
        ccw TRUE
        solid FALSE
        coord DEF co Coordinate {
            point [
                0.1171 7.3905 -5.85, 0.2304 7.3624 -5.85, 0.1265 7.4038 -5.7573, 0.7279 7.1113 -5.6073, 0.7059 7.284 -5.5647, 0.6426 7.2293 -5.6073, 0.3646 7.3186 -5.7573, 0.2492 7.3715 -5.7573, 0.3383 7.3162 -5.85, 0.4595 7.4862 -5.5647, 0.3453 7.6401 -5.55, 0.3141 7.5528 -5.5647, 0.4963 7.2797 -5.6737, 0.3856 7.3557 -5.6737, 0.4692 7.2468 -5.7573, 0.1594 7.5936 -5.5647, 0.1451 7.5112 -5.6073, 0.2859 7.4741 -5.6073, -0.0 7.7 -5.55, 0.0 7.6073 -5.5647, 0.0 7.4147 -5.7573, -0.0 7.4 -5.85, 0.0 7.5237 -5.6073, 0.5923 7.186 -5.6737, 0.5384 7.331 -5.6073, 0.5914 7.3957 -5.5647, 0.5052 7.5669 -5.55, 0.5499 7.1642 -5.7696, 0.525 7.175 -5.85, 0.8698 6.9787 -5.5685, 0.9382 6.9283 -5.5548, 0.9563 7.0439 -5.55, 0.6033 7.1391 -5.7071, 0.6663 7.1065 -5.6586, 0.7996 7.1543 -5.5647, 0.7761 7.3445 -5.55, 0.6502 7.4674 -5.55, 0.8012 7.0255 -5.5905, 0.8792 7.202 -5.55, 1.0053 6.875 -5.55, 0.1752 7.6849 -5.55, 0.7329 7.0685 -5.6201, 0.2635 7.4116 -5.6737, 0.4373 7.2532 -5.85, 0.4183 7.4134 -5.6073, 0.1337 7.4458 -5.6737, 0.0 7.4573 -5.6737, -0.3698 7.3156 -5.7573, -0.3911 7.3525 -5.6737, -0.5029 7.2743 -5.6737, -0.3698 6.0344 -5.7573, -0.3911 5.9975 -5.6737, -0.2676 5.9399 -5.6737, -0.5125 7.5627 -5.55, -0.3189 7.5511 -5.5647, -0.3506 7.6382 -5.55, -0.178 7.6844 -5.55, -0.1619 7.5931 -5.5647, -1.025 6.675 -5.55, -0.9181 6.8369 -5.5647, -1.0094 6.853 -5.55, -0.8074 7.1411 -5.5647, -0.7142 7.2743 -5.5647, -0.8877 7.1875 -5.55, -0.5993 7.1778 -5.6737, -0.4755 7.2416 -5.7573, -0.8877 6.1625 -5.55, -0.8761 6.3561 -5.5647, -0.9632 6.3244 -5.55, -0.6775 7.0661 -5.6737, -0.7351 6.9426 -5.6737, -0.6406 7.0448 -5.7573, -0.8074 6.2089 -5.5647, -0.7704 6.5392 -5.6737, -0.7397 6.675 -5.7573, -0.7823 6.675 -5.6737, -0.1619 5.7569 -5.5647, -0.178 5.6656 -5.55, 0.0 5.65 -5.55, -0.5993 6.1722 -5.6737, -0.6406 6.3052 -5.7573, -0.6775 6.2839 -5.6737, -0.1284 5.9465 -5.7573, -0.253 5.9799 -5.7573, -0.1358 5.9046 -5.6737, -0.0 5.9353 -5.7573, 0.0 5.95 -5.85, -0.1261 5.9611 -5.85, -0.4755 6.1084 -5.7573, -0.5029 6.0757 -5.6737, -0.3621 6.047 -5.85, -0.4658 6.1194 -5.85, -0.1474 5.8392 -5.6073, -0.0 5.7427 -5.5647, -0.0 5.8263 -5.6073, -0.2903 5.8775 -5.6073, -0.5125 5.7873 -5.55, -0.4661 5.8676 -5.5647, -0.5993 5.9608 -5.5647, -0.2476 5.9936 -5.85, -0.3506 5.7118 -5.55, -0.5666 6.1995 -5.7573, -0.7351 6.4074 -5.6737, -0.6951 6.422 -5.7573, -0.7142 6.0757 -5.5647, -0.7852 6.0161 -5.55, -0.6589 5.8898 -5.55, -0.7284 6.5466 -5.7573, -0.7284 6.8035 -5.7573, -0.7704 6.8108 -5.6737, -1.0094 6.497 -5.55, -0.9181 6.5131 -5.5647, -0.9323 6.675 -5.5647, -0.8761 6.9939 -5.5647, -0.6951 6.928 -5.7573, -0.5666 7.1505 -5.7573, -0.9632 7.0256 -5.55, -0.253 7.3701 -5.7573, -0.2676 7.4101 -5.6737, -0.5993 7.3892 -5.5647, -0.7852 7.3339 -5.55, -0.1358 7.4454 -5.6737, -0.1284 7.4035 -5.7573, -0.4661 7.4824 -5.5647, -0.2903 7.4725 -5.6073, -0.6589 7.4602 -5.55, -0.1474 7.5108 -5.6073, -0.1261 7.3889 -5.85, -0.2483 7.3561 -5.85, -0.4243 7.41 -5.6073, -0.5455 7.3251 -5.6073, -0.3628 7.3026 -5.85, -0.4663 7.2301 -5.85, -0.6501 7.2205 -5.6073, -0.735 7.0993 -5.6073, -0.5555 7.1408 -5.85, -0.7975 6.9653 -5.6073, -0.6279 7.0375 -5.85, -0.8358 6.8224 -5.6073, -0.6813 6.9228 -5.85, -0.8487 6.675 -5.6073, -0.714 6.8006 -5.85, -0.725 6.6746 -5.85, -0.8358 6.5276 -5.6073, -0.7975 6.3847 -5.6073, -0.7139 6.5487 -5.85, -0.6811 6.4268 -5.85, -0.735 6.2507 -5.6073, -0.6501 6.1295 -5.6073, -0.6279 6.3125 -5.85, -0.5553 6.2089 -5.85, -0.5455 6.0249 -5.6073, -0.4243 5.94 -5.6073, -0.3189 5.7989 -5.5647, -0.0 5.8927 -5.6737, 0.1265 -7.0038 -5.7573, 0.1171 -6.9905 -5.85, 0.0 -7.0147 -5.7573, -0.0 -7.3 -5.55, 0.1752 -7.2849 -5.55, 0.1594 -7.1936 -5.5647, 0.1337 -7.0458 -5.6737, 0.2492 -6.9715 -5.7573, 0.0 -7.0573 -5.6737, -0.0 -7.0 -5.85, 0.3646 -6.9186 -5.7573, 0.2635 -7.0116 -5.6737, 0.4183 -7.0134 -5.6073, 0.3856 -6.9557 -5.6737, 0.2859 -7.0741 -5.6073, 0.3453 -7.2401 -5.55, 0.4595 -7.0862 -5.5647, 0.3141 -7.1528 -5.5647, 0.5384 -6.931 -5.6073, 0.4963 -6.8797 -5.6737, 0.4373 -6.8532 -5.85, 0.4692 -6.8468 -5.7573, 0.6034 -6.7387 -5.7076, 0.5923 -6.786 -5.6737, 0.6664 -6.7061 -5.6592, 0.55 -6.764 -5.7698, 0.8011 -6.6255 -5.5907, 0.7329 -6.668 -5.6209, 0.7279 -6.7113 -5.6073, 0.7059 -6.884 -5.5647, 0.7996 -6.7543 -5.5647, 0.9381 -6.5284 -5.5548, 0.8698 -6.5784 -5.569, 0.9563 -6.6439 -5.55, 1.0053 -6.475 -5.55, 0.8792 -6.802 -5.55, 0.6426 -6.8293 -5.6073, 0.1451 -7.1112 -5.6073, 0.5914 -6.9957 -5.5647, 0.5052 -7.1669 -5.55, 0.525 -6.775 -5.85, 0.7761 -6.9445 -5.55, 0.6502 -7.0674 -5.55, 0.3389 -6.9159 -5.85, 0.2311 -6.9622 -5.85, 0.0 -7.2073 -5.5647, 0.0 -7.1237 -5.6073, -0.4661 -7.0824 -5.5647, -0.3189 -7.1511 -5.5647, -0.2903 -7.0725 -5.6073, -0.2476 -6.9564 -5.85, -0.3698 -6.9156 -5.7573, -0.253 -6.9701 -5.7573, -0.6279 -6.6375 -5.85, -0.6811 -6.5232 -5.85, -0.6951 -6.528 -5.7573, -0.1261 -6.9889 -5.85, -0.1284 -7.0035 -5.7573, -0.4755 -6.8416 -5.7573, -0.4658 -6.8306 -5.85, -0.5666 -6.7505 -5.7573, -0.5993 -6.9892 -5.5647, -0.5455 -6.9251 -5.6073, -0.7142 -6.8743 -5.5647, -0.8074 -6.7411 -5.5647, -0.735 -6.6993 -5.6073, -0.8761 -6.5939 -5.5647, -0.7284 -6.4034 -5.7573, -0.7139 -6.4013 -5.85, -0.9181 -6.1131 -5.5647, -0.9323 -6.275 -5.5647, -0.8487 -6.275 -5.6073, -0.5555 -5.8092 -5.85, -0.5666 -5.7995 -5.7573, -0.6279 -5.9125 -5.85, -0.8074 -5.8089 -5.5647, -0.735 -5.8507 -5.6073, -0.7142 -5.6757 -5.5647, -0.6951 -6.022 -5.7573, -0.7284 -6.1466 -5.7573, -0.714 -6.1494 -5.85, -0.4663 -5.7199 -5.85, -0.3698 -5.6344 -5.7573, -0.4755 -5.7084 -5.7573, -0.4661 -5.4676 -5.5647, -0.4243 -5.54 -5.6073, -0.3189 -5.3989 -5.5647, 0.0 -5.25 -5.55, -0.178 -5.2656 -5.55, -0.1619 -5.3569 -5.5647, -0.1358 -5.5046 -5.6737, -0.253 -5.5799 -5.7573, -0.1284 -5.5465 -5.7573, -0.2676 -5.5399 -5.6737, -0.0 -5.5353 -5.7573, -0.0 -5.4927 -5.6737, -0.1261 -5.5611 -5.85, 0.0 -5.55 -5.85, -0.2903 -5.4775 -5.6073, -0.3911 -5.5975 -5.6737, -0.5455 -5.6249 -5.6073, -0.5029 -5.6757 -5.6737, -0.5993 -5.5608 -5.5647, -0.6501 -5.7295 -5.6073, -0.1474 -5.4392 -5.6073, -0.6406 -5.9052 -5.7573, -0.8761 -5.9561 -5.5647, -0.8358 -6.1276 -5.6073, -0.7975 -5.9847 -5.6073, -0.7397 -6.275 -5.7573, -0.725 -6.2754 -5.85, -0.9181 -6.4369 -5.5647, -0.7975 -6.5653 -5.6073, -0.8358 -6.4224 -5.6073, -0.6501 -6.8205 -5.6073, -0.4243 -7.01 -5.6073, -0.3621 -6.903 -5.85, -0.1619 -7.1931 -5.5647, -0.1474 -7.1108 -5.6073, -0.1358 -7.0454 -5.6737, -0.178 -7.2844 -5.55, -0.2676 -7.0101 -5.6737, -0.3506 -7.2382 -5.55, -0.3911 -6.9525 -5.6737, -0.5125 -7.1627 -5.55, -0.5029 -6.8743 -5.6737, -0.6589 -7.0602 -5.55, -0.5553 -6.7411 -5.85, -0.5993 -6.7778 -5.6737, -0.7852 -6.9339 -5.55, -0.6406 -6.6448 -5.7573, -0.6775 -6.6661 -5.6737, -0.8877 -6.7875 -5.55, -0.7351 -6.5426 -5.6737, -0.9632 -6.6256 -5.55, -0.7704 -6.4108 -5.6737, -1.0094 -6.453 -5.55, -0.7823 -6.275 -5.6737, -1.025 -6.275 -5.55, -0.7704 -6.1392 -5.6737, -1.0094 -6.097 -5.55, -0.6813 -6.0272 -5.85, -0.7351 -6.0074 -5.6737, -0.9632 -5.9244 -5.55, -0.6775 -5.8839 -5.6737, -0.8877 -5.7625 -5.55, -0.5993 -5.7722 -5.6737, -0.7852 -5.6161 -5.55, -0.6589 -5.4898 -5.55, -0.3628 -5.6474 -5.85, -0.5125 -5.3873 -5.55, -0.2483 -5.5939 -5.85, -0.3506 -5.3118 -5.55, -0.0 -5.4263 -5.6073, -0.0 -5.3427 -5.5647, -0.7559 -5.0698 -5.6737, -0.5977 -4.9371 -5.7573, -0.7786 -5.0337 -5.7573, -1.3196 -5.8767 -5.6246, -1.2808 -5.6556 -5.6737, -1.3581 -5.8241 -5.6853, -0.5191 -5.113 -5.5647, -0.6762 -5.1969 -5.5647, -0.6272 -5.2755 -5.55, -0.201 -4.8087 -5.85, -0.2045 -4.824 -5.7573, 0.0 -4.795 -5.85, -0.3518 -5.0519 -5.5647, -0.1777 -5.0148 -5.5647, -0.1893 -4.932 -5.6073, -0.4051 -4.8668 -5.7573, -0.3983 -4.8496 -5.85, -0.5803 -4.976 -5.6737, -0.375 -4.9715 -5.6073, -0.1648 -5.1066 -5.55, -0.0 -5.0023 -5.5647, -0.0 -4.9187 -5.6073, -0.7207 -5.126 -5.6073, 0.0 -5.095 -5.55, -0.874 -5.2378 -5.6073, -0.9168 -5.1871 -5.6737, -0.7606 -5.3729 -5.55, -0.8201 -5.3018 -5.5647, -1.0597 -5.3257 -5.6737, -1.0102 -5.37 -5.6073, -0.3933 -4.9077 -5.6737, -0.1986 -4.8662 -5.6737, -0.9479 -5.4258 -5.5647, -1.0572 -5.5664 -5.5647, -0.9803 -5.6183 -5.55, -1.1818 -5.4829 -5.6737, -1.1267 -5.5199 -5.6073, -1.2172 -5.4592 -5.7573, -1.2211 -5.6845 -5.6073, -1.393 -5.775 -5.85, -1.3839 -5.788 -5.7624, -1.3192 -5.6371 -5.7573, -1.2723 -5.9393 -5.5824, -1.2119 -5.8863 -5.5647, -1.2192 -6.0065 -5.558, -1.1629 -6.075 -5.55, -1.1236 -5.9146 -5.55, -1.0624 -5.7615 -5.55, -1.1458 -5.7209 -5.5647, -0.8791 -5.4879 -5.55, -1.3122 -5.5904 -5.85, -1.207 -5.4185 -5.85, -1.0914 -5.2973 -5.7573, -1.0795 -5.2626 -5.85, -0.9442 -5.1545 -5.7573, -0.932 -5.1253 -5.85, -0.4815 -5.1977 -5.55, -0.7672 -5.0094 -5.85, -0.5532 -5.0366 -5.6073, -0.3263 -5.141 -5.55, -0.5882 -4.9169 -5.85, -0.0 -4.8097 -5.7573, -0.0 -4.8523 -5.6737, -0.1648 5.5066 -5.55, -0.0 5.4023 -5.5647, 0.0 5.495 -5.55, -1.1458 6.1209 -5.5647, -1.2211 6.0845 -5.6073, -1.1267 5.9199 -5.6073, -0.5532 5.4366 -5.6073, -0.6762 5.5969 -5.5647, -0.7207 5.526 -5.6073, -0.326 5.5409 -5.55, -0.4811 5.5975 -5.55, -0.3518 5.4519 -5.5647, -0.5191 5.513 -5.5647, -0.1777 5.4148 -5.5647, -0.7786 5.4337 -5.7573, -0.7672 5.4094 -5.85, -0.5977 5.3371 -5.7573, -0.0 5.2097 -5.7573, -0.0 5.2523 -5.6737, -0.1986 5.2662 -5.6737, -0.3933 5.3077 -5.6737, -0.2045 5.224 -5.7573, -0.5882 5.3169 -5.85, -0.4051 5.2668 -5.7573, 0.0 5.195 -5.85, -0.9442 5.5545 -5.7573, -0.932 5.5253 -5.85, -0.8201 5.7018 -5.5647, -0.874 5.6378 -5.6073, -0.9479 5.8258 -5.5647, -1.0102 5.77 -5.6073, -1.0914 5.6973 -5.7573, -1.0795 5.6626 -5.85, -0.375 5.3715 -5.6073, -1.0572 5.9664 -5.5647, -1.207 5.8185 -5.85, -1.2172 5.8592 -5.7573, -1.2722 6.3391 -5.5828, -1.2119 6.2863 -5.5647, -1.3579 6.2242 -5.6857, -1.2808 6.0556 -5.6737, -1.3194 6.2767 -5.6252, -1.2193 6.4064 -5.558, -1.1236 6.3146 -5.55, -1.1629 6.475 -5.55, -1.3192 6.0371 -5.7573, -0.201 5.2087 -5.85, -1.3122 5.9904 -5.85, -1.393 6.175 -5.85, -1.3838 6.188 -5.7627, -1.0623 6.1612 -5.55, -1.1818 5.8829 -5.6737, -0.9801 6.0179 -5.55, -1.0597 5.7257 -5.6737, -0.8787 5.8875 -5.55, -0.9168 5.5871 -5.6737, -0.7602 5.7725 -5.55, -0.7559 5.4698 -5.6737, -0.5803 5.376 -5.6737, -0.6267 5.6752 -5.55, -0.3983 5.2496 -5.85, -0.1893 5.332 -5.6073, -0.0 5.3187 -5.6073, -1.9503 -6.7425 -5.85, -2.0954 -6.7173 -5.85, -2.565 -7.925 -5.85, -4.9163 -4.6113 -5.85, -5.114 -4.3932 -5.85, -6.64 -3.85 -5.85, -5.795 2.89 -5.85, -6.64 4.25 -5.85, -3.2969 6.5847 -5.85, -2.565 8.325 -5.85, -3.4131 6.4941 -5.85, 1.8041 7.1606 -5.85, 2.565 8.325 -5.85, 1.1931 7.5507 -5.85, 5.7806 3.1841 -5.85, 5.795 2.89 -5.85, 6.64 4.25 -5.85, -1.0548 7.7131 -5.85, -1.1931 7.5507 -5.85, -0.7159 7.9703 -5.85, -0.8947 7.8539 -5.85, -2.095 7.1174 -5.85, -1.9499 7.1426 -5.85, -1.804 7.1606 -5.85, -2.3806 7.0459 -5.85, -2.2387 7.0852 -5.85, -2.6579 6.9467 -5.85, -2.5205 6.9997 -5.85, -2.924 6.8208 -5.85, -2.7925 6.887 -5.85, -3.1766 6.6695 -5.85, -3.0521 6.7483 -5.85, -3.6313 6.2963 -5.85, -3.5245 6.398 -5.85, -4.9163 5.0113 -5.85, -5.2894 4.5567 -5.85, -5.114 4.7932 -5.85, -5.5667 4.038 -5.85, -5.4407 4.3042 -5.85, -5.7374 3.4753 -5.85, -5.6658 3.7609 -5.85, -5.7806 3.1841 -5.85, -5.795 -2.49 -5.85, -5.7374 -3.0753 -5.85, -5.7806 -2.7841 -5.85, -5.5667 -3.6381 -5.85, -5.6658 -3.3609 -5.85, -5.2894 -4.1567 -5.85, -5.4407 -3.9042 -5.85, -3.6313 -5.8963 -5.85, -3.4132 -6.0941 -5.85, -3.5245 -5.998 -5.85, -3.1768 -6.2694 -5.85, -3.2972 -6.1845 -5.85, -2.9243 -6.4207 -5.85, -3.0524 -6.3481 -5.85, -2.6582 -6.5466 -5.85, -2.7928 -6.4869 -5.85, -2.381 -6.6458 -5.85, -2.5208 -6.5996 -5.85, -2.239 -6.6851 -5.85, -1.6573 -6.7714 -5.85, -1.1931 -7.1507 -5.85, -1.3066 -6.9701 -5.85, -1.8041 -6.7606 -5.85, -1.51 -6.7754 -5.85, -1.393 -6.775 -5.85, 0.1067 -7.7511 -5.85, 2.565 -7.925 -5.85, 0.5223 -7.6598 -5.85, 0.3178 -7.7205 -5.85, -0.8947 -7.4539 -5.85, -1.0548 -7.3131 -5.85, -0.5223 -7.6598 -5.85, -0.7159 -7.5703 -5.85, -0.1067 -7.7511 -5.85, -0.3178 -7.7205 -5.85, 1.0548 -7.3131 -5.85, 0.8947 -7.4539 -5.85, 0.7159 -7.5703 -5.85, 1.1931 -7.1507 -5.85, 1.6572 -6.7711 -5.85, 1.3066 -6.9701 -5.85, 1.51 -6.7754 -5.85, 1.393 -6.775 -5.85, 3.4131 -6.0941 -5.85, 3.2969 -6.1847 -5.85, 1.804 -6.7606 -5.85, 2.095 -6.7174 -5.85, 1.9499 -6.7426 -5.85, 2.3806 -6.6459 -5.85, 2.2387 -6.6852 -5.85, 2.6579 -6.5467 -5.85, 2.5205 -6.5997 -5.85, 2.924 -6.4208 -5.85, 2.7925 -6.487 -5.85, 3.1766 -6.2695 -5.85, 3.0521 -6.3483 -5.85, 3.6313 -5.8963 -5.85, 3.5245 -5.998 -5.85, 6.64 -3.85 -5.85, 5.114 -4.3932 -5.85, 4.9163 -4.6113 -5.85, 5.4407 -3.9042 -5.85, 5.2894 -4.1567 -5.85, 5.6658 -3.3609 -5.85, 5.5667 -3.6381 -5.85, 5.7806 -2.7841 -5.85, 5.7374 -3.0753 -5.85, 5.795 -2.49 -5.85, 5.114 4.7932 -5.85, 4.9163 5.0113 -5.85, 5.6658 3.7609 -5.85, 5.7374 3.4753 -5.85, 5.4407 4.3042 -5.85, 5.5667 4.038 -5.85, 5.2894 4.5567 -5.85, 3.6313 6.2963 -5.85, 3.5245 6.398 -5.85, 3.2972 6.5845 -5.85, 3.4132 6.4941 -5.85, 3.0524 6.7481 -5.85, 3.1768 6.6694 -5.85, 2.7928 6.8869 -5.85, 2.9243 6.8207 -5.85, 2.5208 6.9996 -5.85, 2.6582 6.9466 -5.85, 2.239 7.0851 -5.85, 2.381 7.0458 -5.85, 1.9503 7.1425 -5.85, 2.0954 7.1173 -5.85, 1.3066 7.3701 -5.85, 1.6573 7.1714 -5.85, 1.51 7.1754 -5.85, 1.393 7.175 -5.85, -0.1067 8.1511 -5.85, 0.8947 7.8539 -5.85, 1.0548 7.7131 -5.85, 0.5223 8.0598 -5.85, 0.7159 7.9703 -5.85, 0.1067 8.1511 -5.85, 0.3178 8.1205 -5.85, -0.5223 8.0598 -5.85, -0.3178 8.1205 -5.85, -1.3066 7.3701 -5.85, -1.6572 7.1711 -5.85, -1.51 7.1754 -5.85, -1.393 7.175 -5.85, 1.3122 5.9904 -5.85, 1.6308 6.1711 -5.85, 1.51 6.1752 -5.85, 1.0795 -5.2626 -5.85, 1.207 -5.4185 -5.85, 1.4 -4.555 -5.85, 1.3122 -5.5904 -5.85, 1.6309 -5.7713 -5.85, 1.7512 -5.7604 -5.85, 1.6603 -4.4956 -5.85, 1.8706 -5.7422 -5.85, 1.9888 -5.7169 -5.85, 1.5335 -4.54 -5.85, 2.6878 -3.2164 -5.85, 1.985 -4.0885 -5.85, 2.9242 -5.1892 -5.85, 2.175 -3.345 -5.85, 2.1065 -3.3667 -5.85, 2.0 -3.5434 -5.85, 1.8691 -4.3291 -5.85, 1.7741 -4.4241 -5.85, 2.3309 -5.5987 -5.85, 4.2092 -3.9042 -5.85, 3.3632 -2.8051 -5.85, 3.1552 -2.9691 -5.85, 4.5969 3.7578 -5.85, 4.0361 3.2815 -5.85, 4.6828 3.5506 -5.85, 4.084 3.0202 -5.85, 4.7824 3.1139 -5.85, 4.7448 3.335 -5.85, 2.9242 5.5892 -5.85, 2.9224 4.703 -5.85, 3.1497 4.5656 -5.85, 3.957 3.5351 -5.85, 2.1652 4.939 -5.85, 2.2191 6.0451 -5.85, 1.9 4.955 -5.85, 2.4265 4.8911 -5.85, 2.7433 5.7494 -5.85, 2.646 5.8211 -5.85, 1.751 6.1604 -5.85, 1.9884 6.1169 -5.85, 1.8703 6.1423 -5.85, 1.393 6.175 -5.85, 2.3306 5.9989 -5.85, 2.1048 6.0845 -5.85, 2.5445 5.8867 -5.85, 2.4394 5.9459 -5.85, 2.6801 4.812 -5.85, 2.8361 5.6721 -5.85, 3.3589 4.4017 -5.85, 3.7106 4.0047 -5.85, 4.2092 4.3042 -5.85, 3.5467 4.2139 -5.85, 4.795 2.89 -5.85, 4.1 2.755 -5.85, 1.207 5.8185 -5.85, 0.7672 -5.0094 -5.85, 0.5882 -4.9169 -5.85, 1.0795 5.6626 -5.85, 2.929 -3.1068 -5.85, 0.932 -5.1254 -5.85, 3.55 -2.6174 -5.85, 4.3587 -3.737 -5.85, 2.1051 -5.6844 -5.85, 2.2193 -5.645 -5.85, 1.51 -5.7752 -5.85, 1.393 -5.775 -5.85, 2.4396 -5.5459 -5.85, 2.5448 -5.4865 -5.85, 0.3983 -4.8496 -5.85, 0.201 -4.8087 -5.85, 2.6463 -5.4209 -5.85, 1.9406 -4.2153 -5.85, 0.5882 5.3169 -5.85, 0.3983 5.2496 -5.85, -1.4 -4.555 -5.85, -4.1 -1.1623 -5.85, -4.795 -2.49 -5.85, -4.0841 -1.4266 -5.85, -2.4394 -5.5459 -5.85, -1.8691 -4.3291 -5.85, -2.5445 -5.4867 -5.85, 0.201 5.2087 -5.85, -1.9 4.955 -5.85, -1.5335 -4.54 -5.85, -1.9406 -4.2153 -5.85, -2.646 -5.4211 -5.85, -4.2092 -3.9042 -5.85, -2.929 -3.1068 -5.85, -3.1552 -2.9691 -5.85, -4.0365 -1.6871 -5.85, -2.6878 -3.2164 -5.85, -1.985 -4.0885 -5.85, -2.4353 -3.2961 -5.85, -2.9242 -5.1892 -5.85, -2.175 -3.345 -5.85, -2.0 -3.955 -5.85, -2.3306 -5.5989 -5.85, -1.7741 -4.4241 -5.85, -2.1048 -5.6845 -5.85, -1.9884 -5.7169 -5.85, -1.6603 -4.4956 -5.85, -1.751 -5.7604 -5.85, -1.6308 -5.7711 -5.85, -1.51 -5.7752 -5.85, -2.8361 -5.2721 -5.85, -2.7433 -5.3494 -5.85, -2.0129 -3.4727 -5.85, -2.05 -3.4111 -5.85, -2.0 -3.5434 -5.85, -2.1065 -3.3667 -5.85, -3.55 -2.6174 -5.85, -4.4885 -3.5541 -5.85, -4.3587 -3.737 -5.85, -3.8495 -2.1817 -5.85, -4.7448 -2.935 -5.85, -3.7129 -2.4086 -5.85, -4.6828 -3.1506 -5.85, -3.9579 -1.9401 -5.85, -4.7824 -2.7139 -5.85, -4.1 2.755 -5.85, -4.795 2.89 -5.85, -4.5969 3.7578 -5.85, -4.6828 3.5506 -5.85, -4.0361 3.2815 -5.85, -4.2092 4.3042 -5.85, -4.3587 4.137 -5.85, -3.848 3.7774 -5.85, -3.957 3.5351 -5.85, -4.4885 3.9541 -5.85, -3.7106 4.0047 -5.85, -3.5467 4.2139 -5.85, -3.3589 4.4017 -5.85, -2.9242 5.5892 -5.85, -2.4265 4.8911 -5.85, -2.6463 5.8209 -5.85, -2.7435 5.7493 -5.85, -3.1497 4.5656 -5.85, -2.9224 4.703 -5.85, -2.5448 5.8865 -5.85, -2.1652 4.939 -5.85, -2.4396 5.9459 -5.85, -2.3309 5.9987 -5.85, -2.2193 6.045 -5.85, -2.1051 6.0844 -5.85, -1.9888 6.1169 -5.85, -1.8706 6.1422 -5.85, -1.7512 6.1604 -5.85, -1.6309 6.1713 -5.85, -1.51 6.1752 -5.85, 0.7672 5.4094 -5.85, 0.932 5.5254 -5.85, 3.8495 -2.1817 -5.85, 4.795 -2.49 -5.85, 3.9579 -1.9401 -5.85, 4.4885 3.9541 -5.85, 4.3587 4.137 -5.85, 3.848 3.7774 -5.85, -2.8361 5.6721 -5.85, -2.6801 4.812 -5.85, -4.7448 3.335 -5.85, -4.084 3.0202 -5.85, -4.7824 3.1139 -5.85, -4.5969 -3.3578 -5.85, -3.3632 -2.8051 -5.85, -1.8703 -5.7423 -5.85, -2.2191 -5.6451 -5.85, 2.7435 -5.3493 -5.85, 2.8361 -5.2721 -5.85, 2.0 -3.955 -5.85, 2.4353 -3.2961 -5.85, 2.0129 -3.4727 -5.85, 2.05 -3.4111 -5.85, 4.5969 -3.3578 -5.85, 3.7129 -2.4086 -5.85, 4.4885 -3.5541 -5.85, 4.6828 -3.1506 -5.85, 4.7448 -2.935 -5.85, 4.7824 -2.7139 -5.85, 4.0841 -1.4266 -5.85, 4.0365 -1.6871 -5.85, 4.1 -1.1623 -5.85, 0.723 7.9496 -5.7573, 0.5279 8.0419 -5.7573, -0.9225 7.5518 -5.5647, -0.9831 7.6094 -5.6073, -1.1097 7.4548 -5.6073, -1.164 7.493 -5.6737, -1.0547 7.2041 -5.55, -1.1375 7.2459 -5.5647, -1.209 7.0726 -5.5647, -1.0413 7.4068 -5.5647, -1.2122 7.2834 -5.6073, -1.2192 6.9435 -5.558, -1.1629 6.875 -5.55, -1.1209 7.0437 -5.55, -0.9023 7.8295 -5.7573, -0.723 7.9496 -5.7573, -0.7837 7.6778 -5.5647, -0.8352 7.7437 -5.6073, -0.0999 8.0277 -5.6073, -0.2975 7.9983 -5.6073, -0.0937 7.9443 -5.5647, -0.6692 7.8548 -5.6073, -0.4585 7.8622 -5.5647, -0.4887 7.9403 -5.6073, -0.1079 8.1363 -5.7573, 0.1079 8.1363 -5.7573, -0.5279 8.0419 -5.7573, -0.3214 8.1046 -5.7573, 0.9831 7.6094 -5.6073, 0.8352 7.7437 -5.6073, 0.9225 7.5518 -5.5647, 0.2975 7.9983 -5.6073, 0.4585 7.8622 -5.5647, 0.4887 7.9403 -5.6073, 1.3096 7.3323 -5.7573, 1.0621 7.6844 -5.7573, 1.1989 7.5175 -5.7573, -1.0621 7.6844 -5.7573, -1.1989 7.5175 -5.7573, 1.2122 7.2834 -5.6073, 1.2722 7.0109 -5.5828, 1.3194 7.0733 -5.6252, 1.209 7.0726 -5.5647, 1.2193 6.9436 -5.558, 1.3579 7.1258 -5.6857, 1.2716 7.3132 -5.6737, 1.1209 7.0437 -5.55, 1.1629 6.875 -5.55, 1.3838 7.162 -5.7627, 1.0413 7.4068 -5.5647, 1.1097 7.4548 -5.6073, 1.1375 7.2459 -5.5647, 0.9023 7.8295 -5.7573, 0.6279 7.782 -5.5647, 0.6692 7.8548 -5.6073, 0.7837 7.6778 -5.5647, 0.3214 8.1046 -5.7573, 0.0999 8.0277 -5.6073, 0.2792 7.9167 -5.5647, 0.0937 7.9443 -5.5647, -0.2792 7.9167 -5.5647, -0.6279 7.782 -5.5647, -1.3839 7.162 -5.7624, -1.3581 7.1259 -5.6853, -1.2716 7.3132 -5.6737, -1.3096 7.3323 -5.7573, 1.164 7.493 -5.6737, 1.0545 7.2044 -5.55, 1.0312 7.6551 -5.6737, 0.9653 7.3537 -5.55, 0.8761 7.7959 -5.6737, 0.8551 7.4881 -5.55, 0.7264 7.6049 -5.55, 0.7019 7.9125 -5.6737, 0.5126 8.0022 -5.6737, 0.5819 7.7015 -5.55, 0.3121 8.0631 -5.6737, 0.4248 7.7758 -5.55, 0.2586 7.8263 -5.55, 0.1048 8.0939 -5.6737, 0.0868 7.8518 -5.55, -0.1048 8.0939 -5.6737, -0.3121 8.0631 -5.6737, -0.0869 7.8518 -5.55, -0.2589 7.8262 -5.55, -0.5126 8.0022 -5.6737, -0.7019 7.9125 -5.6737, -0.4253 7.7757 -5.55, -0.8761 7.7959 -5.6737, -0.5824 7.7012 -5.55, -0.7269 7.6045 -5.55, -1.0312 7.6551 -5.6737, -0.8555 7.4877 -5.55, -0.9656 7.3532 -5.55, -1.3196 7.0733 -5.6246, -1.2723 7.0107 -5.5824, 0.5977 5.3371 -5.7573, 0.7786 5.4337 -5.7573, 0.2045 5.224 -5.7573, 0.1986 5.2662 -5.6737, 1.2172 5.8592 -5.7573, 1.0914 5.6973 -5.7573, 0.7207 5.526 -5.6073, 0.5191 5.513 -5.5647, 0.5532 5.4366 -5.6073, 0.874 5.6378 -5.6073, 0.6762 5.5969 -5.5647, 1.1267 5.9199 -5.6073, 1.0572 5.9664 -5.5647, 0.9479 5.8258 -5.5647, 1.2808 6.0556 -5.6737, 1.3839 6.188 -5.7624, 1.3581 6.2241 -5.6853, 1.0102 5.77 -5.6073, 1.3192 6.0371 -5.7573, 1.1458 6.1209 -5.5647, 1.2211 6.0845 -5.6073, 0.8201 5.7018 -5.5647, 1.2119 6.2863 -5.5647, 1.0624 6.1615 -5.55, 0.9442 5.5545 -5.7573, 1.1236 6.3146 -5.55, 1.2192 6.4065 -5.558, 1.1629 6.475 -5.55, 0.3518 5.4519 -5.5647, 0.375 5.3715 -5.6073, 0.1893 5.332 -5.6073, 0.1777 5.4148 -5.5647, 0.4051 5.2668 -5.7573, 0.3933 5.3077 -5.6737, 0.1648 5.5066 -5.55, 0.3263 5.541 -5.55, 0.5803 5.376 -5.6737, 0.4815 5.5977 -5.55, 0.7559 5.4698 -5.6737, 0.6272 5.6755 -5.55, 0.9168 5.5871 -5.6737, 0.7606 5.7729 -5.55, 1.0597 5.7257 -5.6737, 0.9803 6.0183 -5.55, 1.1818 5.8829 -5.6737, 0.8791 5.8879 -5.55, 1.3196 6.2767 -5.6246, 1.2723 6.3393 -5.5824, -1.51 7.1603 -5.7573, -1.51 6.9677 -5.5647, -1.51 7.0513 -5.6073, -1.51 7.1177 -5.6737, -1.51 6.875 -5.55, 1.51 7.0513 -5.6073, 1.51 6.875 -5.55, 1.51 6.9677 -5.5647, 1.51 7.1603 -5.7573, 1.51 7.1177 -5.6737, 0.8792 6.148 -5.55, 4.8672 -3.4879 -5.55, 5.04 -3.99 -5.55, 5.1762 -3.7628 -5.55, -4.7425 4.1137 -5.55, -5.04 4.39 -5.55, -4.8672 3.8879 -5.55, -4.8821 4.6029 -5.55, 1.0228 6.742 -5.55, 1.0228 6.608 -5.55, 0.7761 6.0055 -5.55, 0.6502 5.8827 -5.55, 3.4192 6.0842 -5.55, 3.2229 6.2621 -5.55, 3.1363 5.8013 -5.55, 0.9563 6.3061 -5.55, 2.944 5.9732 -5.55, 3.01 6.42 -5.55, 5.0373 3.4018 -5.55, 5.3787 3.6738 -5.55, 4.9659 3.6496 -5.55, 5.482 3.1546 -5.55, 5.095 2.89 -5.55, 5.495 2.89 -5.55, 5.0806 3.1475 -5.55, 5.4431 3.4167 -5.55, 5.2895 3.9232 -5.55, 0.5052 5.7831 -5.55, 0.3453 5.7099 -5.55, 0.6502 -5.4827 -5.55, 0.6267 -5.2752 -5.55, 0.5052 -5.3831 -5.55, 4.8821 -4.2029 -5.55, 4.7425 -3.7137 -5.55, 4.5932 -3.924 -5.55, 1.0228 -6.208 -5.55, 1.1629 -6.075 -5.55, 1.0053 -6.075 -5.55, 5.2895 -3.5232 -5.55, 4.7042 -4.3992 -5.55, 4.4213 -4.1163 -5.55, 1.0228 -6.342 -5.55, 0.7602 -5.3725 -5.55, 0.7761 -5.6055 -5.55, 0.8787 -5.4875 -5.55, 2.7337 -5.7225 -5.55, 2.7828 -6.1562 -5.55, 3.01 -6.02 -5.55, 1.0623 -5.7612 -5.55, 0.9563 -5.9061 -5.55, 1.1236 -5.9146 -5.55, 0.8792 -5.748 -5.55, 0.9801 -5.6179 -5.55, 0.1752 5.6651 -5.55, -1.1629 -6.475 -5.55, 0.8555 -7.0876 -5.55, 0.9656 -6.9532 -5.55, 0.7269 -7.2045 -5.55, 0.5824 -7.3012 -5.55, 0.4253 -7.3757 -5.55, 0.087 -7.4518 -5.55, 0.259 -7.4263 -5.55, -0.2586 -7.4263 -5.55, -0.0868 -7.4518 -5.55, -1.0546 -6.8044 -5.55, -0.8551 -7.0881 -5.55, -0.7263 -7.2049 -5.55, -1.1209 -6.6437 -5.55, -1.51 -6.075 -5.55, -1.51 -6.475 -5.55, -0.9653 -6.9537 -5.55, -0.5819 -7.3015 -5.55, -0.4248 -7.3759 -5.55, -4.7425 -3.7137 -5.55, -4.8672 -3.4879 -5.55, -5.04 -3.99 -5.55, -3.1363 -5.4013 -5.55, -3.2229 -5.8621 -5.55, -2.944 -5.5732 -5.55, -5.1762 -3.7628 -5.55, -5.2895 -3.5232 -5.55, -3.4192 -5.6842 -5.55, -4.7042 -4.3992 -5.55, -4.4213 -4.1163 -5.55, -4.5932 -3.924 -5.55, -2.7337 -5.7225 -5.55, -2.7828 -6.1562 -5.55, -2.5079 -5.8472 -5.55, -3.01 -6.02 -5.55, -2.5432 -6.2695 -5.55, -5.0373 -3.0018 -5.55, -5.3787 -3.2738 -5.55, -4.9659 -3.2496 -5.55, -5.495 -2.49 -5.55, -5.482 -2.7546 -5.55, -5.095 -2.49 -5.55, -5.0806 -2.7475 -5.55, -5.4431 -3.0167 -5.55, -1.7675 6.4606 -5.55, -2.0367 6.8231 -5.55, -2.0218 6.4173 -5.55, -4.5932 4.324 -5.55, -5.1762 4.1628 -5.55, -4.4213 4.5163 -5.55, -4.7042 4.7992 -5.55, -2.2938 6.7587 -5.55, -2.2696 6.3459 -5.55, -2.7828 6.5562 -5.55, -3.01 6.42 -5.55, -2.7337 6.1225 -5.55, 1.0053 6.475 -5.55, -2.0218 -6.0173 -5.55, -2.2938 -6.3587 -5.55, -2.0367 -6.4231 -5.55, 1.7675 -6.0606 -5.55, 2.0367 -6.4231 -5.55, 2.0218 -6.0173 -5.55, 0.326 -5.1409 -5.55, 0.1648 -5.1066 -5.55, 0.1752 -5.2651 -5.55, 0.3453 -5.3099 -5.55, 0.4811 -5.1975 -5.55, 5.1762 4.1628 -5.55, 4.8672 3.8879 -5.55, 2.7337 6.1225 -5.55, 2.7828 6.5562 -5.55, 2.5432 6.6695 -5.55, 2.5079 6.2472 -5.55, 1.0547 -6.8041 -5.55, -5.3787 3.6738 -5.55, -5.4431 3.4167 -5.55, -5.0373 3.4018 -5.55, -5.095 2.89 -5.55, -5.495 2.89 -5.55, -2.2696 -5.9459 -5.55, -1.7746 -6.462 -5.55, -1.7675 -6.0606 -5.55, 1.1209 -6.6437 -5.55, 1.1629 -6.475 -5.55, 2.2938 -6.3587 -5.55, 2.2696 -5.9459 -5.55, 1.7675 6.4606 -5.55, 2.0367 6.8231 -5.55, 1.7746 6.862 -5.55, 2.0218 6.4173 -5.55, 2.2696 6.3459 -5.55, 2.2938 6.7587 -5.55, 1.51 6.475 -5.55, 5.04 4.39 -5.55, 4.7425 4.1137 -5.55, 5.0373 -3.0018 -5.55, 5.3787 -3.2738 -5.55, 5.4431 -3.0167 -5.55, 4.7042 4.7992 -5.55, 4.4213 4.5163 -5.55, 4.5932 4.324 -5.55, -3.1363 5.8013 -5.55, -3.2229 6.2621 -5.55, -3.4192 6.0842 -5.55, -2.5079 6.2472 -5.55, -2.5432 6.6695 -5.55, -1.7746 6.862 -5.55, -1.51 6.475 -5.55, -2.944 5.9732 -5.55, -5.2895 3.9232 -5.55, -4.9659 3.6496 -5.55, -5.482 3.1546 -5.55, -5.0806 3.1475 -5.55, -4.8821 -4.2029 -5.55, 3.1363 -5.4013 -5.55, 3.2229 -5.8621 -5.55, 3.4192 -5.6842 -5.55, 2.5079 -5.8472 -5.55, 2.5432 -6.2695 -5.55, 1.7746 -6.462 -5.55, 1.51 -6.075 -5.55, 1.51 -6.475 -5.55, 2.944 -5.5732 -5.55, 4.9659 -3.2496 -5.55, 5.482 -2.7546 -5.55, 5.0806 -2.7475 -5.55, 5.495 -2.49 -5.55, 5.095 -2.49 -5.55, 4.8821 4.6029 -5.55, -1.51 6.3823 -5.5647, -1.51 6.1897 -5.7573, -1.51 6.2323 -5.6737, -1.51 6.2987 -5.6073, 1.51 6.2987 -5.6073, 1.51 6.2323 -5.6737, 1.51 6.1897 -5.7573, 1.51 6.3823 -5.5647, -2.9647 5.6297 -5.6737, -2.7927 5.7835 -5.6737, -2.8341 5.8354 -5.6073, -2.4314 6.0883 -5.6073, -2.239 6.2584 -5.5647, -2.4677 6.1637 -5.5647, -1.9583 6.1392 -5.7573, -1.7571 6.3684 -5.5647, -2.2114 6.1795 -5.6073, -2.1895 6.1169 -5.6737, -1.9826 6.2454 -5.6073, -2.7661 5.7502 -5.7573, -2.0012 6.327 -5.5647, -3.0117 5.6767 -5.6073, -2.8862 5.9007 -5.5647, -3.0708 5.7358 -5.5647, -2.9346 5.5996 -5.7573, -2.6844 6.044 -5.5647, -2.1754 6.0766 -5.7573, -2.3841 5.9902 -5.7573, -2.5819 5.8809 -5.7573, -2.6399 5.9731 -5.6073, -2.4026 6.0285 -5.6737, -1.7356 6.177 -5.7573, -1.7403 6.2194 -5.6737, -1.7478 6.2853 -5.6073, -1.9678 6.1807 -5.6737, -2.6045 5.917 -5.6737, -4.2497 4.3447 -5.6737, -4.2967 4.3917 -5.6073, -4.3558 4.4508 -5.5647, -4.2196 4.3146 -5.7573, -4.5931 4.0198 -5.6073, -4.7083 3.8114 -5.6073, -4.6485 3.7826 -5.6737, -4.947 3.3812 -5.5647, -4.8654 3.3626 -5.6073, -4.8784 3.619 -5.5647, -4.664 4.0644 -5.5647, -4.7837 3.8477 -5.5647, -4.5009 3.9619 -5.7573, -4.537 3.9845 -5.6737, -4.6102 3.7641 -5.7573, -4.3702 4.1461 -5.7573, -4.4035 4.1727 -5.6737, -4.5207 4.2662 -5.5647, -4.6966 3.5554 -5.7573, -4.7995 3.5914 -5.6073, -4.7369 3.5695 -5.6737, -4.4554 4.2141 -5.6073, -4.8097 2.89 -5.7573, -4.8394 3.1203 -5.6737, -4.8523 2.89 -5.6737, -4.9053 3.1278 -5.6073, -4.9884 3.1371 -5.5647, -4.9187 2.89 -5.6073, -5.0023 2.89 -5.5647, -4.797 3.1156 -5.7573, -4.7592 3.3383 -5.7573, -4.8007 3.3478 -5.6737, -4.8523 -2.49 -5.6737, -4.9187 -2.49 -5.6073, -5.0023 -2.49 -5.5647, -4.8097 -2.49 -5.7573, -4.2497 -3.9447 -5.6737, -4.4035 -3.7727 -5.6737, -4.4554 -3.8141 -5.6073, -4.7083 -3.4114 -5.6073, -4.6485 -3.3826 -5.6737, -4.7995 -3.1914 -5.6073, -4.6966 -3.1554 -5.7573, -4.6102 -3.3641 -5.7573, -4.9884 -2.7371 -5.5647, -4.7369 -3.1695 -5.6737, -4.8654 -2.9626 -5.6073, -4.3702 -3.7461 -5.7573, -4.2196 -3.9146 -5.7573, -4.947 -2.9812 -5.5647, -4.8784 -3.219 -5.5647, -4.2967 -3.9917 -5.6073, -4.5207 -3.8662 -5.5647, -4.3558 -4.0508 -5.5647, -4.664 -3.6644 -5.5647, -4.5931 -3.6199 -5.6073, -4.7837 -3.4477 -5.5647, -4.9053 -2.7278 -5.6073, -4.8007 -2.9478 -5.6737, -4.797 -2.7156 -5.7573, -4.8394 -2.7203 -5.6737, -4.7592 -2.9383 -5.7573, -4.5009 -3.5619 -5.7573, -4.537 -3.5845 -5.6737, -2.9647 -5.2297 -5.6737, -3.0117 -5.2767 -5.6073, -3.0708 -5.3358 -5.5647, -2.9346 -5.1996 -5.7573, -1.51 -5.8323 -5.6737, -1.7403 -5.8194 -5.6737, -1.7478 -5.8853 -5.6073, -2.2114 -5.7795 -5.6073, -2.4677 -5.7637 -5.5647, -2.239 -5.8584 -5.5647, -2.5819 -5.4809 -5.7573, -2.8862 -5.5007 -5.5647, -2.4314 -5.6883 -5.6073, -2.4026 -5.6285 -5.6737, -2.6399 -5.5731 -5.6073, -1.7356 -5.777 -5.7573, -2.6844 -5.644 -5.5647, -1.51 -5.8987 -5.6073, -1.7571 -5.9684 -5.5647, -1.51 -5.9823 -5.5647, -1.51 -5.7897 -5.7573, -2.0012 -5.927 -5.5647, -1.9826 -5.8454 -5.6073, -2.3841 -5.5902 -5.7573, -2.6045 -5.517 -5.6737, -2.8341 -5.4354 -5.6073, -2.1754 -5.6766 -5.7573, -1.9583 -5.7392 -5.7573, -2.1895 -5.7169 -5.6737, -2.7661 -5.3502 -5.7573, -2.7927 -5.3835 -5.6737, -1.9678 -5.7807 -5.6737, 1.51 -5.8323 -5.6737, 1.3196 -5.8767 -5.6246, 1.51 -5.8987 -5.6073, 1.51 -5.9823 -5.5647, 1.2723 -5.9393 -5.5824, 1.2192 -6.0065 -5.558, 1.3581 -5.8241 -5.6853, 1.51 -5.7897 -5.7573, 1.3839 -5.788 -5.7624, 2.7661 -5.3502 -5.7573, 2.1895 -5.7169 -5.6737, 1.9826 -5.8454 -5.6073, 2.2114 -5.7795 -5.6073, 2.5819 -5.4809 -5.7573, 3.0708 -5.3358 -5.5647, 3.0117 -5.2767 -5.6073, 2.8862 -5.5007 -5.5647, 2.9647 -5.2297 -5.6737, 2.9346 -5.1996 -5.7573, 2.7927 -5.3835 -5.6737, 2.8341 -5.4354 -5.6073, 2.6844 -5.644 -5.5647, 2.4677 -5.7637 -5.5647, 2.6399 -5.5731 -5.6073, 2.1754 -5.6766 -5.7573, 1.9583 -5.7392 -5.7573, 2.3841 -5.5902 -5.7573, 2.4314 -5.6883 -5.6073, 2.239 -5.8584 -5.5647, 1.7356 -5.777 -5.7573, 1.7403 -5.8194 -5.6737, 1.9678 -5.7807 -5.6737, 1.7478 -5.8853 -5.6073, 2.4026 -5.6285 -5.6737, 2.0012 -5.927 -5.5647, 1.7571 -5.9684 -5.5647, 2.6045 -5.517 -5.6737, 4.2497 -3.9447 -5.6737, 4.2967 -3.9917 -5.6073, 4.3558 -4.0508 -5.5647, 4.2196 -3.9146 -5.7573, 4.8523 -2.49 -5.6737, 4.8394 -2.7203 -5.6737, 4.9053 -2.7278 -5.6073, 4.7995 -3.1914 -5.6073, 4.7369 -3.1695 -5.6737, 4.7083 -3.4114 -5.6073, 4.6102 -3.3641 -5.7573, 4.6966 -3.1554 -5.7573, 4.5207 -3.8662 -5.5647, 4.6485 -3.3826 -5.6737, 4.5931 -3.6199 -5.6073, 4.797 -2.7156 -5.7573, 4.8097 -2.49 -5.7573, 4.664 -3.6644 -5.5647, 4.7837 -3.4477 -5.5647, 4.9187 -2.49 -5.6073, 4.9884 -2.7371 -5.5647, 5.0023 -2.49 -5.5647, 4.947 -2.9812 -5.5647, 4.8654 -2.9626 -5.6073, 4.8784 -3.219 -5.5647, 4.3702 -3.7461 -5.7573, 4.537 -3.5845 -5.6737, 4.4554 -3.8141 -5.6073, 4.4035 -3.7727 -5.6737, 4.5009 -3.5619 -5.7573, 4.7592 -2.9383 -5.7573, 4.8007 -2.9478 -5.6737, 4.8523 2.89 -5.6737, 4.9187 2.89 -5.6073, 5.0023 2.89 -5.5647, 4.8097 2.89 -5.7573, 4.2497 4.3447 -5.6737, 4.4035 4.1727 -5.6737, 4.4554 4.2141 -5.6073, 4.7083 3.8114 -5.6073, 4.6485 3.7826 -5.6737, 4.7995 3.5914 -5.6073, 4.6966 3.5554 -5.7573, 4.6102 3.7641 -5.7573, 4.9884 3.1371 -5.5647, 4.7369 3.5695 -5.6737, 4.8654 3.3626 -5.6073, 4.3702 4.1461 -5.7573, 4.2196 4.3146 -5.7573, 4.947 3.3812 -5.5647, 4.8784 3.619 -5.5647, 4.2967 4.3917 -5.6073, 4.5207 4.2662 -5.5647, 4.3558 4.4508 -5.5647, 4.664 4.0644 -5.5647, 4.5931 4.0198 -5.6073, 4.7837 3.8477 -5.5647, 4.7592 3.3383 -5.7573, 4.9053 3.1278 -5.6073, 4.8007 3.3478 -5.6737, 4.797 3.1156 -5.7573, 4.5009 3.9619 -5.7573, 4.537 3.9845 -5.6737, 4.8394 3.1203 -5.6737, 2.9647 5.6297 -5.6737, 3.0117 5.6767 -5.6073, 3.0708 5.7358 -5.5647, 2.9346 5.5996 -5.7573, 1.7403 6.2194 -5.6737, 1.7478 6.2853 -5.6073, 2.2114 6.1795 -5.6073, 2.4677 6.1637 -5.5647, 2.239 6.2584 -5.5647, 2.5819 5.8809 -5.7573, 2.8862 5.9007 -5.5647, 2.4314 6.0883 -5.6073, 2.4026 6.0285 -5.6737, 2.6399 5.9731 -5.6073, 1.7356 6.177 -5.7573, 2.6844 6.044 -5.5647, 1.7571 6.3684 -5.5647, 2.1754 6.0766 -5.7573, 1.9583 6.1392 -5.7573, 2.3841 5.9902 -5.7573, 2.0012 6.327 -5.5647, 1.9826 6.2454 -5.6073, 2.7661 5.7502 -5.7573, 2.7927 5.7835 -5.6737, 2.1895 6.1169 -5.6737, 2.6045 5.917 -5.6737, 2.8341 5.8354 -5.6073, 1.9678 6.1807 -5.6737, 0.5977 -4.9371 -5.7573, 0.4051 -4.8668 -5.7573, 0.3933 -4.9077 -5.6737, 0.1777 -5.0148 -5.5647, 0.8201 -5.3018 -5.5647, 0.5191 -5.113 -5.5647, 0.3518 -5.0519 -5.5647, 1.1458 -5.7209 -5.5647, 1.2119 -5.8863 -5.5647, 1.2211 -5.6845 -5.6073, 0.7786 -5.0337 -5.7573, 0.7559 -5.0698 -5.6737, 0.9442 -5.1545 -5.7573, 1.0914 -5.2973 -5.7573, 1.2172 -5.4592 -5.7573, 0.9168 -5.1871 -5.6737, 0.9479 -5.4258 -5.5647, 1.0572 -5.5664 -5.5647, 1.1267 -5.5199 -5.6073, 1.2808 -5.6556 -5.6737, 1.1818 -5.4829 -5.6737, 1.0597 -5.3257 -5.6737, 1.3192 -5.6371 -5.7573, 0.6762 -5.1969 -5.5647, 0.874 -5.2378 -5.6073, 0.2045 -4.824 -5.7573, 0.1986 -4.8662 -5.6737, 0.5803 -4.976 -5.6737, 0.1893 -4.932 -5.6073, 0.375 -4.9715 -5.6073, 0.5532 -5.0366 -5.6073, 0.7207 -5.126 -5.6073, 1.0102 -5.37 -5.6073, -0.4585 -7.4622 -5.5647, -1.1375 -6.8459 -5.5647, -0.5126 -7.6022 -5.6737, -0.723 -7.5496 -5.7573, -0.5279 -7.6419 -5.7573, -1.0621 -7.2844 -5.7573, -1.1989 -7.1175 -5.7573, -0.9023 -7.4295 -5.7573, -0.8761 -7.3959 -5.6737, -1.0312 -7.2551 -5.6737, -0.2792 -7.5167 -5.5647, -1.3096 -6.9323 -5.7573, -0.0937 -7.5443 -5.5647, 0.0937 -7.5443 -5.5647, -0.1079 -7.7363 -5.7573, -0.1048 -7.6939 -5.6737, -0.3214 -7.7046 -5.7573, 0.5279 -7.6419 -5.7573, 0.5126 -7.6022 -5.6737, 0.3214 -7.7046 -5.7573, 0.2792 -7.5167 -5.5647, 0.9225 -7.1518 -5.5647, 1.0413 -7.0068 -5.5647, 0.6279 -7.382 -5.5647, 0.7837 -7.2778 -5.5647, 1.2723 -6.6107 -5.5824, 1.2122 -6.8834 -5.6073, 1.3196 -6.6733 -5.6246, 1.209 -6.6726 -5.5647, 1.3839 -6.762 -5.7624, 1.3096 -6.9323 -5.7573, 1.2716 -6.9132 -5.6737, 1.164 -7.093 -5.6737, 1.1989 -7.1175 -5.7573, 1.2192 -6.5435 -5.558, 1.0621 -7.2844 -5.7573, 1.0312 -7.2551 -5.6737, 0.9023 -7.4295 -5.7573, 1.1097 -7.0548 -5.6073, 0.4585 -7.4622 -5.5647, 0.8761 -7.3959 -5.6737, 0.723 -7.5496 -5.7573, 0.1079 -7.7363 -5.7573, 0.1048 -7.6939 -5.6737, 0.3121 -7.6631 -5.6737, -0.3121 -7.6631 -5.6737, -0.7837 -7.2778 -5.5647, -0.7019 -7.5125 -5.6737, -0.9225 -7.1518 -5.5647, -0.8352 -7.3437 -5.6073, -1.0413 -7.0068 -5.5647, -1.2122 -6.8834 -5.6073, -1.209 -6.6726 -5.5647, -1.2722 -6.6109 -5.5828, -1.2193 -6.5436 -5.558, 1.1375 -6.8459 -5.5647, 1.3581 -6.7259 -5.6853, 0.9831 -7.2094 -5.6073, 0.8352 -7.3437 -5.6073, 0.6692 -7.4548 -5.6073, 0.7019 -7.5125 -5.6737, 0.4887 -7.5403 -5.6073, 0.2975 -7.5983 -5.6073, 0.0999 -7.6277 -5.6073, -0.0999 -7.6277 -5.6073, -0.2975 -7.5983 -5.6073, -0.4887 -7.5403 -5.6073, -0.6279 -7.382 -5.5647, -0.6692 -7.4548 -5.6073, -0.9831 -7.2094 -5.6073, -1.164 -7.093 -5.6737, -1.1097 -7.0548 -5.6073, -1.2716 -6.9132 -5.6737, -1.3194 -6.6733 -5.6252, -1.3838 -6.762 -5.7627, -1.3579 -6.7258 -5.6857, 1.51 -6.5677 -5.5647, 1.51 -6.6513 -5.6073, 1.51 -6.7177 -5.6737, 1.51 -6.7603 -5.7573, -1.51 -6.6513 -5.6073, -1.51 -6.7177 -5.6737, -1.51 -6.5677 -5.5647, -1.51 -6.7603 -5.7573, 2.8972 -6.3702 -5.6737, 3.1449 -6.2218 -5.6737, 3.108 -6.1666 -5.6073, 2.8265 -6.238 -5.5647, 3.0615 -6.097 -5.5647, 2.6524 -6.5331 -5.7573, 2.9173 -6.4078 -5.7573, 3.3768 -6.0497 -5.6737, 3.3347 -5.9984 -5.6073, 3.2817 -5.9338 -5.5647, 3.4847 -5.7497 -5.5647, 3.1686 -6.2572 -5.7573, 3.4039 -6.0827 -5.7573, 2.5787 -6.3551 -5.5647, 3.5439 -5.8089 -5.6073, 3.5908 -5.8558 -5.6737, 3.6209 -5.8859 -5.7573, 2.6361 -6.4937 -5.6737, 2.3766 -6.6318 -5.7573, 2.0711 -6.5961 -5.6073, 1.7984 -6.7035 -5.6737, 2.0841 -6.6612 -5.6737, 2.8659 -6.3117 -5.6073, 1.7919 -6.6375 -5.6073, 2.0548 -6.5141 -5.5647, 1.7837 -6.5543 -5.5647, 2.3207 -6.4474 -5.5647, 2.6107 -6.4324 -5.6073, 2.3642 -6.591 -5.6737, 2.0924 -6.703 -5.7573, 1.8026 -6.7459 -5.7573, 2.345 -6.5275 -5.6073, 4.7697 -4.4647 -5.5647, 4.8289 -4.5239 -5.6073, 4.8758 -4.5708 -5.6737, 4.9059 -4.6009 -5.7573, 5.6518 -3.3566 -5.7573, 5.723 -3.0724 -5.7573, 5.6812 -3.0641 -5.6737, 5.5877 -2.49 -5.5647, 5.5743 -2.7637 -5.5647, 5.3751 -3.5587 -5.5647, 5.7235 -2.7784 -5.6737, 5.7659 -2.7826 -5.7573, 5.1866 -4.088 -5.6073, 5.0697 -4.3569 -5.6737, 5.2418 -4.1249 -5.6737, 5.5531 -3.6324 -5.7573, 5.5137 -3.6161 -5.6737, 5.4278 -3.8973 -5.7573, 5.3902 -3.8772 -5.6737, 5.2772 -4.1485 -5.7573, 5.0184 -4.3147 -5.6073, 5.117 -4.0415 -5.5647, 4.9538 -4.2617 -5.5647, 5.258 -3.8065 -5.5647, 5.4524 -3.5907 -5.6073, 5.1027 -4.3839 -5.7573, 5.611 -3.3442 -5.6737, 5.4674 -3.3007 -5.5647, 5.6575 -2.7719 -5.6073, 5.6713 -2.49 -5.6073, 5.5341 -3.0348 -5.5647, 5.7377 -2.49 -5.6737, 5.7803 -2.49 -5.7573, 5.6161 -3.0511 -5.6073, 5.5475 -3.325 -5.6073, 5.3317 -3.8459 -5.6073, 5.6713 2.89 -5.6073, 5.5877 2.89 -5.5647, 5.7377 2.89 -5.6737, 5.7803 2.89 -5.7573, 5.4278 4.2973 -5.7573, 5.2772 4.5485 -5.7573, 5.2418 4.5249 -5.6737, 5.0697 4.7569 -5.6737, 5.1027 4.7839 -5.7573, 5.3751 3.9587 -5.5647, 4.9538 4.6617 -5.5647, 4.7697 4.8647 -5.5647, 5.6161 3.4511 -5.6073, 5.7235 3.1784 -5.6737, 5.6812 3.4641 -5.6737, 5.6518 3.7566 -5.7573, 5.5531 4.0324 -5.7573, 5.5137 4.0161 -5.6737, 5.611 3.7442 -5.6737, 5.723 3.4724 -5.7573, 5.6575 3.1719 -5.6073, 5.5341 3.4348 -5.5647, 5.5743 3.1637 -5.5647, 5.4674 3.7007 -5.5647, 5.4524 3.9907 -5.6073, 5.7659 3.1826 -5.7573, 5.3902 4.2772 -5.6737, 5.258 4.2065 -5.5647, 5.0184 4.7147 -5.6073, 4.8289 4.9239 -5.6073, 5.117 4.4415 -5.5647, 4.8758 4.9708 -5.6737, 4.9059 5.0009 -5.7573, 5.1866 4.488 -5.6073, 5.3317 4.2459 -5.6073, 5.5475 3.725 -5.6073, 3.5439 6.2089 -5.6073, 3.4847 6.1497 -5.5647, 3.5908 6.2558 -5.6737, 3.6209 6.2859 -5.7573, 2.0548 6.9141 -5.5647, 2.3207 6.8474 -5.5647, 1.7837 6.9543 -5.5647, 2.5787 6.7551 -5.5647, 1.7984 7.1035 -5.6737, 1.7919 7.0375 -5.6073, 2.0841 7.0612 -5.6737, 2.8972 6.7702 -5.6737, 2.6361 6.8937 -5.6737, 2.6107 6.8324 -5.6073, 2.9173 6.8078 -5.7573, 3.1686 6.6572 -5.7573, 3.4039 6.4827 -5.7573, 3.3347 6.3984 -5.6073, 3.0615 6.497 -5.5647, 3.2817 6.3338 -5.5647, 3.108 6.5666 -5.6073, 2.8265 6.638 -5.5647, 3.1449 6.6218 -5.6737, 3.3768 6.4497 -5.6737, 2.6524 6.9331 -5.7573, 2.3642 6.991 -5.6737, 2.345 6.9275 -5.6073, 2.0711 6.9961 -5.6073, 2.3766 7.0318 -5.7573, 2.0924 7.103 -5.7573, 1.8026 7.1459 -5.7573, 2.8659 6.7117 -5.6073, -2.0548 -6.5141 -5.5647, -2.3207 -6.4474 -5.5647, -1.7837 -6.5543 -5.5647, -2.5787 -6.3551 -5.5647, -1.7984 -6.7035 -5.6737, -1.7919 -6.6375 -5.6073, -2.0841 -6.6612 -5.6737, -2.8972 -6.3702 -5.6737, -2.6361 -6.4937 -5.6737, -2.6107 -6.4324 -5.6073, -2.9173 -6.4078 -5.7573, -3.1686 -6.2572 -5.7573, -3.4039 -6.0827 -5.7573, -3.3347 -5.9984 -5.6073, -3.0615 -6.097 -5.5647, -3.2817 -5.9338 -5.5647, -3.4847 -5.7497 -5.5647, -3.5439 -5.8089 -5.6073, -3.108 -6.1666 -5.6073, -2.8265 -6.238 -5.5647, -3.6209 -5.8859 -5.7573, -3.1449 -6.2218 -5.6737, -3.3768 -6.0497 -5.6737, -2.6524 -6.5331 -5.7573, -2.3642 -6.591 -5.6737, -2.345 -6.5275 -5.6073, -2.0711 -6.5961 -5.6073, -2.3766 -6.6318 -5.7573, -2.0924 -6.703 -5.7573, -1.8026 -6.7459 -5.7573, -2.8659 -6.3117 -5.6073, -3.5908 -5.8558 -5.6737, -4.8289 -4.5239 -5.6073, -4.8758 -4.5708 -5.6737, -4.7697 -4.4647 -5.5647, -4.9059 -4.6009 -5.7573, -5.4278 -3.8973 -5.7573, -5.2772 -4.1485 -5.7573, -5.2418 -4.1249 -5.6737, -4.9538 -4.2617 -5.5647, -5.3751 -3.5587 -5.5647, -5.0697 -4.3569 -5.6737, -5.1027 -4.3839 -5.7573, -5.6161 -3.0511 -5.6073, -5.7235 -2.7784 -5.6737, -5.6812 -3.0641 -5.6737, -5.5531 -3.6324 -5.7573, -5.5137 -3.6161 -5.6737, -5.6518 -3.3566 -5.7573, -5.611 -3.3442 -5.6737, -5.723 -3.0724 -5.7573, -5.6575 -2.7719 -5.6073, -5.5341 -3.0348 -5.5647, -5.5743 -2.7637 -5.5647, -5.5877 -2.49 -5.5647, -5.6713 -2.49 -5.6073, -5.4674 -3.3007 -5.5647, -5.4524 -3.5907 -5.6073, -5.7659 -2.7826 -5.7573, -5.3902 -3.8772 -5.6737, -5.258 -3.8065 -5.5647, -5.0184 -4.3147 -5.6073, -5.117 -4.0415 -5.5647, -5.1866 -4.088 -5.6073, -5.3317 -3.8459 -5.6073, -5.5475 -3.325 -5.6073, -5.7377 -2.49 -5.6737, -5.7803 -2.49 -5.7573, -5.6713 2.89 -5.6073, -5.5877 2.89 -5.5647, -5.7377 2.89 -5.6737, -5.7803 2.89 -5.7573, -5.2772 4.5485 -5.7573, -5.6812 3.4641 -5.6737, -5.6518 3.7566 -5.7573, -5.723 3.4724 -5.7573, -5.1866 4.488 -5.6073, -5.258 4.2065 -5.5647, -5.117 4.4415 -5.5647, -4.9538 4.6617 -5.5647, -5.0184 4.7147 -5.6073, -4.7697 4.8647 -5.5647, -4.8289 4.9239 -5.6073, -5.4278 4.2973 -5.7573, -5.3902 4.2772 -5.6737, -5.1027 4.7839 -5.7573, -5.2418 4.5249 -5.6737, -5.0697 4.7569 -5.6737, -5.5137 4.0161 -5.6737, -5.4524 3.9907 -5.6073, -5.5531 4.0324 -5.7573, -5.611 3.7442 -5.6737, -5.3751 3.9587 -5.5647, -5.4674 3.7007 -5.5647, -5.6575 3.1719 -5.6073, -5.7235 3.1784 -5.6737, -5.5341 3.4348 -5.5647, -5.7659 3.1826 -5.7573, -5.5743 3.1637 -5.5647, -5.6161 3.4511 -5.6073, -5.5475 3.725 -5.6073, -5.3317 4.2459 -5.6073, -4.8758 4.9708 -5.6737, -4.9059 5.0009 -5.7573, -3.5439 6.2089 -5.6073, -3.5908 6.2558 -5.6737, -3.4847 6.1497 -5.5647, -3.6209 6.2859 -5.7573, -3.0615 6.497 -5.5647, -2.8265 6.638 -5.5647, -3.2817 6.3338 -5.5647, -2.5787 6.7551 -5.5647, -3.3768 6.4497 -5.6737, -3.3347 6.3984 -5.6073, -3.1449 6.6218 -5.6737, -2.3642 6.991 -5.6737, -2.6361 6.8937 -5.6737, -2.6107 6.8324 -5.6073, -2.3766 7.0318 -5.7573, -2.0924 7.103 -5.7573, -1.8026 7.1459 -5.7573, -1.7919 7.0375 -5.6073, -2.0548 6.9141 -5.5647, -1.7837 6.9543 -5.5647, -2.0711 6.9961 -5.6073, -2.3207 6.8474 -5.5647, -2.0841 7.0612 -5.6737, -1.7984 7.1035 -5.6737, -2.6524 6.9331 -5.7573, -2.8972 6.7702 -5.6737, -2.8659 6.7117 -5.6073, -3.108 6.5666 -5.6073, -2.9173 6.8078 -5.7573, -3.1686 6.6572 -5.7573, -3.4039 6.4827 -5.7573, -2.345 6.9275 -5.6073, 0.5923 -5.764 -5.6737, 0.4692 -5.7032 -5.7573, 0.5499 -5.7858 -5.7696, 0.6033 -5.8109 -5.7071, 0.1265 -5.5462 -5.7573, 0.2304 -5.5876 -5.85, 0.1171 -5.5595 -5.85, 0.4183 -5.5366 -5.6073, 0.2859 -5.4759 -5.6073, 0.2635 -5.5384 -5.6737, 0.4373 -5.6968 -5.85, 0.525 -5.775 -5.85, 0.4595 -5.4638 -5.5647, 0.3141 -5.3972 -5.5647, 0.5914 -5.5543 -5.5647, 0.7059 -5.666 -5.5647, 0.3856 -5.5943 -5.6737, 0.5384 -5.619 -5.6073, 0.7996 -5.7957 -5.5647, 0.8698 -5.9713 -5.5685, 0.9382 -6.0217 -5.5548, 0.2492 -5.5785 -5.7573, 0.3383 -5.6338 -5.85, 0.1451 -5.4388 -5.6073, 0.1594 -5.3564 -5.5647, 0.1337 -5.5042 -5.6737, 0.3646 -5.6314 -5.7573, 0.6663 -5.8435 -5.6586, 0.6426 -5.7207 -5.6073, 0.4963 -5.6703 -5.6737, 0.7329 -5.8815 -5.6201, 0.7279 -5.8387 -5.6073, 0.8012 -5.9245 -5.5905, -0.721 -6.3508 -5.9437, -0.721 -6.1992 -5.9437, -0.6895 -6.0509 -5.9437, -0.6279 -5.9125 -5.9437, -0.5388 -5.7899 -5.9437, -0.4261 -5.6885 -5.9437, -0.2949 -5.6127 -5.9437, -0.1507 -5.5658 -5.9437, 0.0 -5.55 -5.9437, -0.6895 -6.4991 -5.9437, -0.6279 -6.6375 -5.9437, -0.5388 -6.7601 -5.9437, -0.4261 -6.8615 -5.9437, -0.2949 -6.9373 -5.9437, -0.1507 -6.9842 -5.9437, 0.0 -7.0 -5.9437, 0.7224 -6.3359 -5.85, 0.7224 -6.2135 -5.85, 0.721 -6.1992 -5.9437, 0.7017 -6.0928 -5.85, 0.721 -6.3508 -5.9437, 0.7019 -6.4567 -5.85, 0.6895 -6.4991 -5.9437, 0.6612 -6.5723 -5.85, 0.6017 -6.6794 -5.85, 0.6279 -6.6375 -5.9437, 0.5388 -6.7601 -5.9437, 0.4261 -6.8615 -5.9437, 0.2949 -6.9373 -5.9437, 0.1507 -6.9842 -5.9437, 0.6895 -6.0509 -5.9437, 0.661 -5.9773 -5.85, 0.6279 -5.9125 -5.9437, 0.5388 -5.7899 -5.9437, 0.6017 -5.8706 -5.85, 0.4261 -5.6885 -5.9437, 0.2949 -5.6127 -5.9437, 0.1507 -5.5658 -5.9437, 0.737 -6.3375 -5.7573, 0.716 -6.4606 -5.7573, 0.7573 -6.4713 -5.6737, 0.737 -6.2125 -5.7573, 0.6746 -5.9715 -5.7573, 0.716 -6.0894 -5.7573, 0.6139 -5.8623 -5.7573, 0.7134 -5.954 -5.6737, 0.929 -6.3537 -5.5647, 0.929 -6.1963 -5.5647, 0.8456 -6.2033 -5.6073, 0.7134 -6.596 -5.6737, 0.6746 -6.5785 -5.7573, 0.6139 -6.6877 -5.7573, 0.7795 -6.2089 -5.6737, 0.8456 -6.3467 -5.6073, 0.8215 -6.062 -5.6073, 0.7573 -6.0787 -5.6737, 0.9025 -6.041 -5.5647, 0.7795 -6.3411 -5.6737, 0.8215 -6.488 -5.6073, 0.9025 -6.509 -5.5647, 0.0 -6.8656 -5.9437, -0.1314 -6.8507 -5.9437, 0.3682 -6.7367 -5.9437, 0.4617 -6.6432 -5.9437, 0.5321 -6.5312 -5.9437, 0.1314 -6.8507 -5.9437, 0.2562 -6.8071 -5.9437, -0.2562 -6.8071 -5.9437, 0.5757 -6.4064 -5.9437, 0.5757 -6.1436 -5.9437, 0.5321 -6.0188 -5.9437, -0.3682 -6.7367 -5.9437, -0.4617 -6.6432 -5.9437, -0.5321 -6.5312 -5.9437, 0.4617 -5.9068 -5.9437, 0.3682 -5.8133 -5.9437, -0.5757 -6.4064 -5.9437, -0.5906 -6.275 -5.9437, -0.5757 -6.1436 -5.9437, 0.2562 -5.7429 -5.9437, -0.4617 -5.9068 -5.9437, -0.3682 -5.8133 -5.9437, 0.0 -5.6844 -5.9437, -0.2562 -5.7429 -5.9437, -0.1314 -5.6993 -5.9437, -0.5321 -6.0188 -5.9437, 0.1314 -5.6993 -5.9437, 0.5906 -6.275 -5.9437, 0.4963 6.0703 -5.6737, 0.6426 6.1207 -5.6073, 0.5923 6.164 -5.6737, 0.3646 6.0314 -5.7573, 0.4692 6.1032 -5.7573, 0.4373 6.0968 -5.85, 0.3141 5.7972 -5.5647, 0.1594 5.7564 -5.5647, 0.5384 6.019 -5.6073, 0.5914 5.9543 -5.5647, 0.7059 6.066 -5.5647, 0.8011 6.3245 -5.5907, 0.7279 6.2387 -5.6073, 0.7996 6.1957 -5.5647, 0.7329 6.282 -5.6209, 0.9381 6.4216 -5.5548, 0.8698 6.3716 -5.569, 0.8698 6.3394 -5.5647, 0.4595 5.8638 -5.5647, 0.2492 5.9785 -5.7573, 0.3856 5.9943 -5.6737, 0.1337 5.9042 -5.6737, 0.2635 5.9384 -5.6737, 0.1265 5.9462 -5.7573, 0.525 6.175 -5.85, 0.6663 6.2439 -5.6592, 0.1451 5.8388 -5.6073, 0.2859 5.8759 -5.6073, 0.1171 5.9595 -5.85, 0.2311 5.9878 -5.85, 0.4183 5.9366 -5.6073, 0.3389 6.0341 -5.85, 0.55 6.186 -5.7698, 0.6034 6.2112 -5.7076, 0.7795 6.6089 -5.6737, 0.7795 6.7411 -5.6737, 0.737 6.6125 -5.7573, 0.929 6.5963 -5.5647, 0.9025 6.441 -5.5647, 0.8215 6.888 -5.6073, 0.9025 6.909 -5.5647, 0.929 6.7537 -5.5647, 0.737 6.7375 -5.7573, 0.7224 6.6141 -5.85, 0.7134 6.996 -5.6737, 0.7573 6.8713 -5.6737, 0.6746 6.9785 -5.7573, 0.716 6.8606 -5.7573, 0.6139 7.0877 -5.7573, 0.7017 6.8572 -5.85, 0.661 6.9727 -5.85, 0.7573 6.4787 -5.6737, 0.716 6.4894 -5.7573, 0.8215 6.462 -5.6073, 0.7134 6.354 -5.6737, 0.6017 7.0794 -5.85, 0.6746 6.3715 -5.7573, 0.6139 6.2623 -5.7573, 0.6017 6.2706 -5.85, 0.6612 6.3777 -5.85, 0.8456 6.6033 -5.6073, 0.7019 6.4933 -5.85, 0.8456 6.7467 -5.6073, 0.7224 6.7365 -5.85, 0.1507 7.3842 -5.9437, 0.2949 7.3373 -5.9437, -0.0 7.4 -5.9437, 0.4261 7.2615 -5.9437, 0.5388 7.1601 -5.9437, 0.6895 6.8991 -5.9437, 0.6279 7.0375 -5.9437, 0.721 6.7508 -5.9437, 0.6279 6.3125 -5.9437, 0.6895 6.4509 -5.9437, 0.721 6.5992 -5.9437, 0.4261 6.0885 -5.9437, 0.5388 6.1899 -5.9437, 0.2949 6.0127 -5.9437, 0.1507 5.9658 -5.9437, -0.0 5.95 -5.9437, -0.1507 7.3842 -5.9437, -0.5388 7.1601 -5.9437, -0.4261 7.2615 -5.9437, -0.2949 7.3373 -5.9437, -0.721 6.7508 -5.9437, -0.6895 6.8991 -5.9437, -0.6279 7.0375 -5.9437, -0.6279 6.3125 -5.9437, -0.6895 6.4509 -5.9437, -0.721 6.5992 -5.9437, -0.4261 6.0885 -5.9437, -0.5388 6.1899 -5.9437, -0.2949 6.0127 -5.9437, -0.1507 5.9658 -5.9437, -0.3682 6.2133 -5.9437, -0.4617 6.3068 -5.9437, -0.5757 6.8064 -5.9437, -0.5321 6.9312 -5.9437, -0.5906 6.675 -5.9437, -0.5757 6.5436 -5.9437, -0.4617 7.0432 -5.9437, -0.5321 6.4188 -5.9437, -0.3682 7.1367 -5.9437, -0.0 7.2656 -5.9437, -0.2562 6.1429 -5.9437, -0.0 6.0844 -5.9437, 0.4617 6.3068 -5.9437, 0.3682 7.1367 -5.9437, 0.5757 6.5436 -5.9437, 0.5906 6.675 -5.9437, 0.2562 7.2071 -5.9437, 0.5321 6.4188 -5.9437, 0.2562 6.1429 -5.9437, 0.3682 6.2133 -5.9437, 0.1314 7.2507 -5.9437, 0.1314 6.0993 -5.9437, -0.1314 6.0993 -5.9437, -0.1314 7.2507 -5.9437, -0.2562 7.2071 -5.9437, 0.5757 6.8064 -5.9437, 0.4617 7.0432 -5.9437, 0.5321 6.9312 -5.9437, 0.5321 6.9312 -5.9437
            ]
        }
        coordIndex [
            0,1,2,-1,3,4,5,-1,6,7,8,-1,9,10,11,-1,1,7,2,-1,12,13,14,-1,15,16,17,-1,18,19,15,-1,0,20,21,-1,22,16,19,-1,12,23,24,-1,9,25,26,-1,23,12,27,-1,27,14,28,-1,29,30,31,-1,32,33,23,-1,4,34,35,-1,5,33,3,-1,25,4,36,-1,34,3,37,-1,31,34,29,-1,38,34,31,-1,31,30,39,-1,37,29,34,-1,38,35,34,-1,18,15,40,-1,33,41,3,-1,37,3,41,-1,34,4,3,-1,35,36,4,-1,6,13,42,-1,5,23,33,-1,25,24,5,-1,27,32,23,-1,4,25,5,-1,36,26,25,-1,43,14,6,-1,5,24,23,-1,24,9,44,-1,44,13,12,-1,28,14,43,-1,27,12,14,-1,25,9,24,-1,26,10,9,-1,45,7,42,-1,24,44,12,-1,17,44,11,-1,42,13,17,-1,43,6,8,-1,14,13,6,-1,9,11,44,-1,10,40,11,-1,16,45,42,-1,44,17,13,-1,16,42,17,-1,2,7,45,-1,8,7,1,-1,6,42,7,-1,11,40,15,-1,17,11,15,-1,45,22,46,-1,19,16,15,-1,2,46,20,-1,22,45,16,-1,20,0,2,-1,46,2,45,-1,47,48,49,-1,50,51,52,-1,53,54,55,-1,19,18,56,-1,56,55,57,-1,56,57,19,-1,58,59,60,-1,61,62,63,-1,64,65,49,-1,66,67,68,-1,69,70,71,-1,66,72,67,-1,73,74,75,-1,76,77,78,-1,79,80,81,-1,82,83,84,-1,85,86,87,-1,88,89,51,-1,90,91,50,-1,92,93,94,-1,92,95,76,-1,93,76,78,-1,96,97,98,-1,99,83,82,-1,97,96,100,-1,101,79,89,-1,102,81,103,-1,104,72,105,-1,104,105,106,-1,73,102,107,-1,108,109,75,-1,110,111,112,-1,113,60,59,-1,70,109,114,-1,115,64,69,-1,61,116,113,-1,117,118,48,-1,119,120,62,-1,121,118,122,-1,54,53,123,-1,124,118,121,-1,120,119,125,-1,20,122,21,-1,121,46,126,-1,22,57,126,-1,19,57,22,-1,117,127,122,-1,22,126,46,-1,124,126,54,-1,46,121,20,-1,21,122,127,-1,20,121,122,-1,126,57,54,-1,55,54,57,-1,128,127,117,-1,126,124,121,-1,129,124,123,-1,122,118,117,-1,48,118,129,-1,128,117,47,-1,54,123,124,-1,53,125,123,-1,49,48,130,-1,124,129,118,-1,130,129,119,-1,47,65,131,-1,128,47,131,-1,117,48,47,-1,129,123,119,-1,125,119,123,-1,132,131,65,-1,129,130,48,-1,133,130,62,-1,47,49,65,-1,49,133,64,-1,132,65,115,-1,119,62,130,-1,120,63,62,-1,64,134,69,-1,130,133,49,-1,134,133,61,-1,115,71,135,-1,132,115,135,-1,65,64,115,-1,62,61,133,-1,63,116,61,-1,70,69,136,-1,133,134,64,-1,136,134,113,-1,71,114,137,-1,135,71,137,-1,115,69,71,-1,61,113,134,-1,116,60,113,-1,70,114,71,-1,134,136,69,-1,110,112,58,-1,138,109,70,-1,139,114,108,-1,114,139,137,-1,136,59,138,-1,59,136,113,-1,108,114,109,-1,136,138,70,-1,140,138,112,-1,140,75,109,-1,141,108,74,-1,108,141,139,-1,138,59,112,-1,58,112,59,-1,74,107,142,-1,138,140,109,-1,143,140,111,-1,143,73,75,-1,141,74,142,-1,108,75,74,-1,112,111,140,-1,110,68,111,-1,102,73,144,-1,140,143,75,-1,144,143,67,-1,107,103,145,-1,142,107,145,-1,74,73,107,-1,143,111,67,-1,68,67,111,-1,146,145,103,-1,143,144,73,-1,147,144,72,-1,107,102,103,-1,102,147,81,-1,146,103,80,-1,67,72,144,-1,66,105,72,-1,81,148,79,-1,144,147,102,-1,96,98,106,-1,80,101,149,-1,146,80,149,-1,103,81,80,-1,147,104,148,-1,72,104,147,-1,150,149,101,-1,147,148,81,-1,151,148,98,-1,80,79,101,-1,79,151,89,-1,150,101,88,-1,148,104,98,-1,106,98,104,-1,89,152,51,-1,148,151,79,-1,152,151,97,-1,88,50,91,-1,150,88,91,-1,101,89,88,-1,98,97,151,-1,153,100,77,-1,84,83,52,-1,151,152,89,-1,95,152,153,-1,88,51,50,-1,51,95,52,-1,90,50,83,-1,152,97,153,-1,100,153,97,-1,92,84,52,-1,152,95,51,-1,92,52,95,-1,85,87,82,-1,90,83,99,-1,50,52,83,-1,153,77,76,-1,95,153,76,-1,84,94,154,-1,93,92,76,-1,82,154,85,-1,94,84,92,-1,82,84,154,-1,99,82,87,-1,155,156,157,-1,158,159,160,-1,155,161,162,-1,163,155,157,-1,164,157,156,-1,165,162,166,-1,167,168,169,-1,170,171,172,-1,173,174,167,-1,175,165,176,-1,177,178,179,-1,178,177,180,-1,181,182,183,-1,184,185,183,-1,186,187,188,-1,181,185,187,-1,188,189,186,-1,190,188,185,-1,182,179,183,-1,191,183,179,-1,166,192,169,-1,193,171,194,-1,175,176,195,-1,187,185,188,-1,179,178,191,-1,185,196,190,-1,184,183,191,-1,181,183,185,-1,195,176,180,-1,184,191,193,-1,174,178,180,-1,184,197,196,-1,191,173,193,-1,196,185,184,-1,176,174,180,-1,198,165,175,-1,191,178,173,-1,174,173,178,-1,168,174,176,-1,193,194,197,-1,173,167,171,-1,197,184,193,-1,165,168,176,-1,199,162,198,-1,172,160,159,-1,168,167,174,-1,168,166,169,-1,194,171,170,-1,172,167,169,-1,173,171,193,-1,198,162,165,-1,199,156,155,-1,160,200,158,-1,165,166,168,-1,161,192,166,-1,170,172,159,-1,169,192,160,-1,167,172,171,-1,199,155,162,-1,162,161,166,-1,163,201,161,-1,155,163,161,-1,201,200,192,-1,161,201,192,-1,192,200,160,-1,169,160,172,-1,202,203,204,-1,205,206,207,-1,208,209,210,-1,207,211,205,-1,211,212,164,-1,213,214,215,-1,216,217,218,-1,219,220,221,-1,222,209,223,-1,224,225,226,-1,227,228,229,-1,230,231,232,-1,233,234,235,-1,236,237,238,-1,228,227,238,-1,239,240,241,-1,242,243,244,-1,245,246,247,-1,248,237,246,-1,249,250,247,-1,251,249,247,-1,252,249,251,-1,253,240,254,-1,255,256,240,-1,239,257,255,-1,257,232,258,-1,253,248,259,-1,228,260,229,-1,261,224,262,-1,263,230,261,-1,223,264,222,-1,265,234,264,-1,266,221,267,-1,225,266,268,-1,218,269,219,-1,223,265,264,-1,216,202,270,-1,206,271,213,-1,211,207,212,-1,203,272,273,-1,200,201,272,-1,157,274,163,-1,158,200,275,-1,272,201,273,-1,157,212,274,-1,212,157,164,-1,201,163,273,-1,274,273,163,-1,212,276,274,-1,272,277,275,-1,273,204,203,-1,275,200,272,-1,207,276,212,-1,271,206,205,-1,273,274,204,-1,276,204,274,-1,207,278,276,-1,272,203,277,-1,202,204,270,-1,279,277,203,-1,206,278,207,-1,214,213,271,-1,204,276,270,-1,278,270,276,-1,206,280,278,-1,203,202,279,-1,216,270,217,-1,281,279,202,-1,213,280,206,-1,282,215,214,-1,270,278,217,-1,280,217,278,-1,283,280,213,-1,216,284,281,-1,217,269,218,-1,281,202,216,-1,215,283,213,-1,208,285,282,-1,217,280,269,-1,283,269,280,-1,215,286,283,-1,216,218,284,-1,269,220,219,-1,287,284,218,-1,215,285,286,-1,285,215,282,-1,269,283,220,-1,286,220,283,-1,288,286,285,-1,219,287,218,-1,221,220,267,-1,289,287,219,-1,285,210,288,-1,210,285,208,-1,220,286,267,-1,288,267,286,-1,290,288,210,-1,219,221,289,-1,266,267,268,-1,291,289,221,-1,210,222,290,-1,222,210,209,-1,267,288,268,-1,290,268,288,-1,292,290,222,-1,221,266,291,-1,225,268,226,-1,293,291,266,-1,264,292,222,-1,235,234,265,-1,268,290,226,-1,292,226,290,-1,264,294,292,-1,266,225,293,-1,224,226,262,-1,295,293,225,-1,234,294,264,-1,296,233,235,-1,226,292,262,-1,294,262,292,-1,234,297,294,-1,225,224,295,-1,262,263,261,-1,298,295,224,-1,233,297,234,-1,229,260,296,-1,262,294,263,-1,297,263,294,-1,299,297,233,-1,261,298,224,-1,263,231,230,-1,300,298,261,-1,233,260,299,-1,260,233,296,-1,263,297,231,-1,299,231,297,-1,301,299,260,-1,302,300,230,-1,231,258,232,-1,300,261,230,-1,228,301,260,-1,236,238,227,-1,231,299,258,-1,301,258,299,-1,228,256,301,-1,230,232,302,-1,258,255,257,-1,303,302,232,-1,238,256,228,-1,304,237,236,-1,258,301,255,-1,256,255,301,-1,254,256,238,-1,305,303,257,-1,255,240,239,-1,303,232,257,-1,237,254,238,-1,306,246,304,-1,244,241,253,-1,254,240,256,-1,254,248,253,-1,257,239,305,-1,240,253,241,-1,307,305,239,-1,304,246,237,-1,247,306,251,-1,241,244,243,-1,237,248,254,-1,245,259,248,-1,243,307,241,-1,259,244,253,-1,307,239,241,-1,306,247,246,-1,246,245,248,-1,250,308,245,-1,247,250,245,-1,308,309,259,-1,245,308,259,-1,259,309,244,-1,242,244,309,-1,310,311,312,-1,313,314,315,-1,316,317,318,-1,319,320,321,-1,322,323,324,-1,325,319,326,-1,325,311,327,-1,328,316,322,-1,323,329,330,-1,330,331,323,-1,327,310,332,-1,329,333,330,-1,334,310,335,-1,336,317,337,-1,335,338,339,-1,340,328,341,-1,342,343,344,-1,345,346,338,-1,345,347,314,-1,345,314,348,-1,349,350,351,-1,352,348,313,-1,353,352,354,-1,348,352,353,-1,355,356,354,-1,353,354,356,-1,357,358,356,-1,337,359,336,-1,353,356,358,-1,358,357,343,-1,358,348,353,-1,344,343,357,-1,314,351,315,-1,314,313,348,-1,358,346,348,-1,347,360,351,-1,349,351,360,-1,315,351,350,-1,343,346,358,-1,359,342,344,-1,361,347,362,-1,346,345,348,-1,339,346,343,-1,314,347,351,-1,345,338,362,-1,360,347,361,-1,339,343,342,-1,336,318,317,-1,363,362,364,-1,339,338,346,-1,334,339,342,-1,345,362,347,-1,338,335,364,-1,361,362,363,-1,342,337,334,-1,337,342,359,-1,365,364,312,-1,334,335,339,-1,332,334,337,-1,338,364,362,-1,335,310,312,-1,363,364,365,-1,317,332,337,-1,366,316,318,-1,367,312,311,-1,332,310,334,-1,332,317,368,-1,335,312,364,-1,310,327,311,-1,365,312,367,-1,316,368,317,-1,369,322,366,-1,327,368,340,-1,368,327,332,-1,368,328,340,-1,325,370,311,-1,327,340,325,-1,367,311,370,-1,366,322,316,-1,323,369,329,-1,371,321,320,-1,316,328,368,-1,328,324,341,-1,320,325,340,-1,341,320,340,-1,370,325,326,-1,369,323,322,-1,322,324,328,-1,331,372,324,-1,323,331,324,-1,372,371,341,-1,324,372,341,-1,371,320,341,-1,319,325,320,-1,373,374,375,-1,376,377,378,-1,379,380,381,-1,382,383,384,-1,379,385,380,-1,386,373,382,-1,387,388,389,-1,390,391,392,-1,392,393,394,-1,389,395,396,-1,397,390,394,-1,398,399,387,-1,381,400,401,-1,402,403,401,-1,398,404,405,-1,385,379,406,-1,378,403,407,-1,408,404,409,-1,410,377,411,-1,412,413,414,-1,411,415,410,-1,416,417,415,-1,413,412,418,-1,394,419,397,-1,418,420,409,-1,420,418,421,-1,420,408,409,-1,410,414,377,-1,416,411,376,-1,415,411,416,-1,412,422,418,-1,418,422,421,-1,376,407,423,-1,377,414,413,-1,424,413,409,-1,378,377,424,-1,416,376,423,-1,411,377,376,-1,418,409,413,-1,405,404,408,-1,407,402,425,-1,413,424,377,-1,426,424,404,-1,426,403,378,-1,423,407,425,-1,376,378,407,-1,409,404,424,-1,399,398,405,-1,427,425,402,-1,424,426,378,-1,428,426,398,-1,407,403,402,-1,403,428,401,-1,427,402,400,-1,404,398,426,-1,388,387,399,-1,400,380,429,-1,426,428,403,-1,428,387,430,-1,430,381,401,-1,427,400,429,-1,402,401,400,-1,398,387,428,-1,395,389,388,-1,381,380,400,-1,428,430,401,-1,431,430,389,-1,431,379,381,-1,432,380,385,-1,380,432,429,-1,387,389,430,-1,433,396,395,-1,385,406,384,-1,430,431,381,-1,396,393,431,-1,393,406,379,-1,383,385,384,-1,385,383,432,-1,389,396,431,-1,433,419,396,-1,392,434,406,-1,431,393,379,-1,392,406,393,-1,386,384,434,-1,384,406,434,-1,382,384,386,-1,396,419,394,-1,393,396,394,-1,434,391,435,-1,390,392,394,-1,386,435,374,-1,391,434,392,-1,374,373,386,-1,435,386,434,-1,436,437,438,-1,439,440,441,-1,442,443,441,-1,444,445,446,-1,447,448,449,-1,450,451,452,-1,453,445,454,-1,455,445,456,-1,457,458,445,-1,445,458,459,-1,460,461,445,-1,445,461,457,-1,462,463,445,-1,445,463,460,-1,464,465,445,-1,445,465,462,-1,466,467,445,-1,445,467,464,-1,445,444,466,-1,445,468,469,-1,446,445,469,-1,443,468,445,-1,443,470,468,-1,471,472,443,-1,443,472,470,-1,473,474,443,-1,443,474,471,-1,475,476,443,-1,443,476,473,-1,443,442,477,-1,443,477,475,-1,478,442,441,-1,479,480,441,-1,441,480,478,-1,481,482,441,-1,441,482,479,-1,483,484,441,-1,441,484,481,-1,441,440,483,-1,441,485,439,-1,438,485,441,-1,486,487,438,-1,438,487,485,-1,488,489,438,-1,438,489,486,-1,490,491,438,-1,438,491,488,-1,492,493,438,-1,438,493,490,-1,494,495,438,-1,438,495,492,-1,438,437,496,-1,438,496,494,-1,497,498,499,-1,436,438,500,-1,501,499,502,-1,501,497,499,-1,503,438,504,-1,504,505,506,-1,438,498,500,-1,497,500,498,-1,507,508,438,-1,438,508,498,-1,509,510,438,-1,438,510,507,-1,511,512,438,-1,438,512,509,-1,438,503,511,-1,504,513,514,-1,504,506,503,-1,504,514,515,-1,504,515,505,-1,516,517,518,-1,513,504,516,-1,519,518,517,-1,520,518,519,-1,521,522,504,-1,504,523,516,-1,523,517,516,-1,524,525,504,-1,504,525,523,-1,526,527,504,-1,504,527,524,-1,528,529,504,-1,504,529,526,-1,530,531,504,-1,504,531,528,-1,532,533,504,-1,504,533,530,-1,504,522,532,-1,504,534,535,-1,521,504,535,-1,504,536,534,-1,537,538,536,-1,536,538,534,-1,539,540,536,-1,536,540,537,-1,541,542,536,-1,536,542,539,-1,543,544,536,-1,536,544,541,-1,536,545,543,-1,536,452,545,-1,546,452,547,-1,452,451,545,-1,548,549,452,-1,452,549,450,-1,550,551,452,-1,452,551,548,-1,452,546,552,-1,452,552,550,-1,547,452,553,-1,554,553,448,-1,452,448,553,-1,555,556,448,-1,448,556,554,-1,557,558,448,-1,448,558,555,-1,559,560,448,-1,448,560,557,-1,561,562,448,-1,448,562,559,-1,563,564,448,-1,448,564,561,-1,565,566,448,-1,448,566,563,-1,449,567,568,-1,448,447,565,-1,569,567,570,-1,568,567,569,-1,571,448,445,-1,568,447,449,-1,572,573,448,-1,448,573,449,-1,574,575,448,-1,448,575,572,-1,576,577,448,-1,448,577,574,-1,448,571,576,-1,578,579,445,-1,445,579,571,-1,580,581,582,-1,581,454,459,-1,445,455,578,-1,454,445,459,-1,445,453,456,-1,581,580,454,-1,583,580,582,-1,584,585,586,-1,587,588,589,-1,590,591,592,-1,593,594,595,-1,588,590,596,-1,597,598,599,-1,600,601,602,-1,603,604,605,-1,606,607,608,-1,609,610,611,-1,612,613,614,-1,614,610,612,-1,615,616,617,-1,618,610,609,-1,619,620,621,-1,622,623,624,-1,585,584,625,-1,621,626,627,-1,628,584,586,-1,621,625,584,-1,629,620,619,-1,630,621,620,-1,622,631,619,-1,631,632,619,-1,622,633,634,-1,622,634,623,-1,617,635,615,-1,615,633,616,-1,636,637,638,-1,615,634,633,-1,639,612,640,-1,612,639,613,-1,584,641,621,-1,614,611,610,-1,642,589,643,-1,621,641,644,-1,599,606,645,-1,642,646,589,-1,647,606,648,-1,647,607,606,-1,593,649,604,-1,604,649,650,-1,592,594,593,-1,593,595,649,-1,590,592,596,-1,592,593,596,-1,589,588,596,-1,651,590,652,-1,590,651,591,-1,603,605,653,-1,604,650,605,-1,653,654,603,-1,589,646,587,-1,655,589,656,-1,657,603,654,-1,589,321,656,-1,598,658,599,-1,621,659,660,-1,367,661,365,-1,662,663,664,-1,665,666,667,-1,397,621,668,-1,397,669,621,-1,661,670,361,-1,669,397,419,-1,671,672,666,-1,673,674,675,-1,663,676,664,-1,677,678,679,-1,673,680,674,-1,681,679,682,-1,667,666,672,-1,683,684,666,-1,685,686,687,-1,670,687,688,-1,689,360,688,-1,360,689,690,-1,671,691,692,-1,690,349,360,-1,671,678,680,-1,693,694,695,-1,682,679,678,-1,681,695,696,-1,697,698,699,-1,674,680,677,-1,700,701,702,-1,701,703,702,-1,700,704,663,-1,676,663,704,-1,705,701,700,-1,705,700,663,-1,678,677,680,-1,695,681,682,-1,706,707,662,-1,433,669,419,-1,708,709,710,-1,711,712,713,-1,433,395,669,-1,713,712,714,-1,714,712,715,-1,711,716,717,-1,711,718,719,-1,718,711,717,-1,720,721,722,-1,723,724,719,-1,399,405,669,-1,399,669,388,-1,720,725,721,-1,726,725,720,-1,727,726,728,-1,727,725,726,-1,726,669,729,-1,729,728,726,-1,730,669,731,-1,729,669,730,-1,732,731,669,-1,405,408,669,-1,420,733,669,-1,669,733,732,-1,420,734,733,-1,420,669,408,-1,421,735,420,-1,734,420,735,-1,736,621,737,-1,738,739,740,-1,741,742,618,-1,741,618,609,-1,637,743,742,-1,618,742,743,-1,637,636,743,-1,615,635,637,-1,638,637,635,-1,621,630,626,-1,622,624,631,-1,619,632,629,-1,627,625,621,-1,621,644,737,-1,736,659,621,-1,660,668,621,-1,395,388,669,-1,744,745,720,-1,720,722,744,-1,719,724,745,-1,744,719,745,-1,713,716,711,-1,723,719,718,-1,708,714,715,-1,708,710,714,-1,710,746,747,-1,746,710,709,-1,707,747,748,-1,747,746,748,-1,707,706,747,-1,663,662,707,-1,672,671,692,-1,697,702,749,-1,703,749,702,-1,698,697,749,-1,673,750,697,-1,697,699,673,-1,694,696,695,-1,750,673,675,-1,691,671,680,-1,661,319,321,-1,661,363,365,-1,321,589,661,-1,661,326,319,-1,670,688,360,-1,687,686,751,-1,684,683,752,-1,661,370,326,-1,683,666,665,-1,687,684,685,-1,685,684,752,-1,687,751,688,-1,670,360,361,-1,661,361,363,-1,367,370,661,-1,655,643,589,-1,658,657,753,-1,657,658,603,-1,658,754,599,-1,754,658,753,-1,600,602,755,-1,756,755,598,-1,757,602,758,-1,758,602,601,-1,600,755,756,-1,599,645,597,-1,597,756,598,-1,759,760,647,-1,606,608,645,-1,648,761,647,-1,761,759,647,-1,760,762,763,-1,759,762,760,-1,763,764,738,-1,738,760,763,-1,764,739,738,-1,765,766,739,-1,739,766,740,-1,739,767,765,-1,640,767,639,-1,739,639,767,-1,768,575,769,-1,770,771,772,-1,772,771,773,-1,774,775,776,-1,775,777,778,-1,779,780,781,-1,781,776,779,-1,782,783,456,-1,784,785,771,-1,786,787,788,-1,789,790,791,-1,571,792,793,-1,578,794,795,-1,796,797,798,-1,799,800,801,-1,570,567,802,-1,803,804,449,-1,805,454,806,-1,804,567,449,-1,807,808,809,-1,808,810,811,-1,812,813,809,-1,811,814,815,-1,804,802,567,-1,802,816,570,-1,817,818,796,-1,819,807,818,-1,768,820,572,-1,573,820,803,-1,821,822,801,-1,823,797,822,-1,824,576,793,-1,824,769,577,-1,799,825,826,-1,786,827,825,-1,579,795,792,-1,794,455,783,-1,791,828,787,-1,805,782,453,-1,829,789,785,-1,830,831,832,-1,832,778,772,-1,830,833,583,-1,830,832,833,-1,571,793,576,-1,810,808,807,-1,814,810,819,-1,811,810,814,-1,812,802,813,-1,816,802,812,-1,834,818,807,-1,807,809,813,-1,804,834,813,-1,819,817,835,-1,814,819,835,-1,810,807,819,-1,802,804,813,-1,573,803,449,-1,818,836,796,-1,813,834,807,-1,836,834,803,-1,817,798,837,-1,835,817,837,-1,819,818,817,-1,804,803,834,-1,572,820,573,-1,796,838,797,-1,834,836,818,-1,838,836,820,-1,798,823,839,-1,837,798,839,-1,817,796,798,-1,803,820,836,-1,575,768,572,-1,839,823,840,-1,836,838,796,-1,838,768,841,-1,798,797,823,-1,797,841,822,-1,840,823,821,-1,820,768,838,-1,574,769,575,-1,822,842,801,-1,838,841,797,-1,842,841,769,-1,821,800,843,-1,840,821,843,-1,823,822,821,-1,768,769,841,-1,574,577,769,-1,799,801,844,-1,841,842,822,-1,844,842,824,-1,800,826,845,-1,843,800,845,-1,821,801,800,-1,769,824,842,-1,577,576,824,-1,846,845,826,-1,842,844,801,-1,847,844,793,-1,800,799,826,-1,799,847,825,-1,846,826,827,-1,793,844,824,-1,579,792,571,-1,846,827,848,-1,844,847,799,-1,849,847,792,-1,826,825,827,-1,825,849,786,-1,848,827,788,-1,793,792,847,-1,578,795,579,-1,788,827,786,-1,847,849,825,-1,795,850,849,-1,850,787,786,-1,851,788,828,-1,788,851,848,-1,792,795,849,-1,455,794,578,-1,828,790,852,-1,849,850,786,-1,853,850,794,-1,791,787,853,-1,851,828,852,-1,788,787,828,-1,795,794,850,-1,456,783,455,-1,791,854,789,-1,850,853,787,-1,783,854,853,-1,790,829,855,-1,852,790,855,-1,828,791,790,-1,794,783,853,-1,453,782,456,-1,789,829,790,-1,853,854,791,-1,782,856,854,-1,856,785,789,-1,857,829,784,-1,829,857,855,-1,783,782,854,-1,454,805,453,-1,784,770,858,-1,854,856,789,-1,859,856,805,-1,771,785,859,-1,857,784,858,-1,829,785,784,-1,782,805,856,-1,454,580,806,-1,775,778,776,-1,856,859,785,-1,806,773,859,-1,770,777,860,-1,858,770,860,-1,784,771,770,-1,805,806,859,-1,833,580,583,-1,859,773,771,-1,773,833,832,-1,777,775,861,-1,860,777,861,-1,770,772,777,-1,773,806,833,-1,580,833,806,-1,862,832,831,-1,772,773,832,-1,777,772,778,-1,861,775,774,-1,832,862,778,-1,862,863,778,-1,863,776,778,-1,779,776,863,-1,774,776,781,-1,864,736,865,-1,866,867,391,-1,868,869,641,-1,390,397,668,-1,668,660,866,-1,668,866,390,-1,870,871,872,-1,870,873,874,-1,875,876,877,-1,878,879,880,-1,877,881,875,-1,628,879,882,-1,882,879,878,-1,883,876,884,-1,885,873,881,-1,881,877,885,-1,886,887,883,-1,869,888,644,-1,889,886,890,-1,890,891,889,-1,872,892,893,-1,865,737,888,-1,894,893,895,-1,896,659,864,-1,867,894,435,-1,866,660,896,-1,374,895,375,-1,374,435,894,-1,390,866,391,-1,659,896,660,-1,895,374,894,-1,391,867,435,-1,896,897,867,-1,897,893,894,-1,898,895,892,-1,895,898,375,-1,866,896,867,-1,736,864,659,-1,892,871,899,-1,867,897,894,-1,900,897,864,-1,872,893,900,-1,898,892,899,-1,895,893,892,-1,896,864,897,-1,737,865,736,-1,871,874,901,-1,897,900,893,-1,902,900,865,-1,902,870,872,-1,899,871,901,-1,892,872,871,-1,864,865,900,-1,644,888,737,-1,903,901,874,-1,900,902,872,-1,904,902,888,-1,871,870,874,-1,870,904,873,-1,903,874,885,-1,865,888,902,-1,641,869,644,-1,885,877,905,-1,902,904,870,-1,906,904,869,-1,906,881,873,-1,903,885,905,-1,874,873,885,-1,888,869,904,-1,641,584,868,-1,883,887,907,-1,904,906,873,-1,868,908,906,-1,908,875,881,-1,909,877,876,-1,877,909,905,-1,869,868,906,-1,882,584,628,-1,910,884,878,-1,906,908,881,-1,908,882,878,-1,878,884,875,-1,907,876,883,-1,876,907,909,-1,908,868,882,-1,584,882,868,-1,910,878,880,-1,875,908,878,-1,876,875,884,-1,884,886,883,-1,910,911,884,-1,911,886,884,-1,890,886,911,-1,887,886,889,-1,830,582,912,-1,779,863,913,-1,914,862,915,-1,916,780,779,-1,779,913,916,-1,863,914,913,-1,862,831,915,-1,863,862,914,-1,830,912,831,-1,915,831,912,-1,582,830,583,-1,917,809,808,-1,918,919,811,-1,816,920,569,-1,920,812,921,-1,920,816,812,-1,816,569,570,-1,812,809,921,-1,917,808,919,-1,921,809,917,-1,918,811,815,-1,919,808,811,-1,860,125,858,-1,909,907,922,-1,923,924,925,-1,926,927,928,-1,860,861,120,-1,53,855,857,-1,857,858,125,-1,68,416,423,-1,26,36,843,-1,929,927,926,-1,423,425,66,-1,851,852,56,-1,55,56,852,-1,851,18,848,-1,18,851,56,-1,35,840,36,-1,930,931,815,-1,835,837,38,-1,814,39,815,-1,10,26,845,-1,35,837,839,-1,861,774,63,-1,909,932,905,-1,932,933,905,-1,934,935,936,-1,922,907,887,-1,937,922,887,-1,938,935,939,-1,940,941,942,-1,937,887,889,-1,943,944,945,-1,946,944,943,-1,947,940,946,-1,946,943,947,-1,948,942,941,-1,947,941,940,-1,949,950,901,-1,951,952,953,-1,954,955,956,-1,957,958,959,-1,925,960,923,-1,954,924,955,-1,923,955,924,-1,961,956,962,-1,954,956,961,-1,957,963,958,-1,951,964,952,-1,951,965,964,-1,964,965,966,-1,967,968,969,-1,970,971,972,-1,966,973,974,-1,975,78,898,-1,973,971,970,-1,77,382,373,-1,336,303,318,-1,432,383,96,-1,293,976,291,-1,196,977,978,-1,979,197,980,-1,196,979,977,-1,981,194,170,-1,981,980,194,-1,982,159,158,-1,159,983,170,-1,984,275,277,-1,275,985,158,-1,289,986,287,-1,281,987,988,-1,989,289,291,-1,355,990,991,-1,987,284,992,-1,287,986,992,-1,993,279,281,-1,781,780,60,-1,994,277,279,-1,995,996,997,-1,998,999,1000,-1,1001,996,1002,-1,998,1003,999,-1,1004,1005,1006,-1,1007,1008,1009,-1,1010,1007,1000,-1,432,106,429,-1,1008,1011,1009,-1,1012,1013,1014,-1,318,303,305,-1,1015,1016,1017,-1,1018,1017,1016,-1,1019,1012,1018,-1,1018,1016,1019,-1,375,78,373,-1,1019,1013,1012,-1,1020,1021,1022,-1,427,429,105,-1,417,416,110,-1,926,1023,929,-1,927,1024,928,-1,1023,1025,1026,-1,1026,929,1023,-1,60,780,58,-1,1027,1028,1022,-1,429,106,105,-1,1029,1030,1031,-1,105,66,425,-1,417,110,58,-1,68,423,66,-1,40,846,848,-1,774,781,116,-1,55,855,53,-1,55,852,855,-1,53,857,125,-1,125,860,120,-1,120,861,63,-1,63,774,116,-1,116,781,60,-1,100,96,383,-1,1027,1022,1021,-1,106,432,96,-1,937,889,1032,-1,329,369,243,-1,984,985,275,-1,1033,1034,1035,-1,898,78,375,-1,1036,1037,1038,-1,1039,1040,1041,-1,1041,1042,1039,-1,1043,1042,953,-1,1044,1045,948,-1,936,935,938,-1,1046,938,939,-1,1047,1048,1049,-1,1032,891,931,-1,1032,889,891,-1,891,918,815,-1,815,931,891,-1,930,815,39,-1,39,814,31,-1,31,835,38,-1,31,814,835,-1,38,837,35,-1,839,840,35,-1,840,843,36,-1,845,846,10,-1,843,845,26,-1,848,18,40,-1,846,40,10,-1,975,899,950,-1,190,978,1050,-1,1051,1052,1053,-1,1054,1055,1015,-1,300,357,298,-1,999,1010,1000,-1,1007,1010,1008,-1,1034,1033,1056,-1,990,1057,991,-1,1057,1058,1035,-1,976,355,991,-1,976,989,291,-1,989,986,289,-1,287,992,284,-1,284,987,281,-1,988,993,281,-1,993,994,279,-1,994,984,277,-1,158,985,982,-1,159,982,983,-1,170,983,981,-1,1059,188,1050,-1,194,980,197,-1,197,979,196,-1,196,978,190,-1,190,1050,188,-1,188,1059,189,-1,963,189,1060,-1,1059,1060,189,-1,958,972,959,-1,1037,1061,1038,-1,974,973,970,-1,953,952,1043,-1,1061,1062,1038,-1,903,933,949,-1,949,901,903,-1,933,903,905,-1,898,899,975,-1,1063,1064,1065,-1,1066,1067,1068,-1,1063,1065,1069,-1,1047,1046,939,-1,1064,1066,1068,-1,909,922,932,-1,1046,1047,1049,-1,1045,1070,1071,-1,1072,1073,1074,-1,242,1040,333,-1,1075,1076,1077,-1,329,243,242,-1,901,950,899,-1,369,307,243,-1,1040,242,1041,-1,305,366,318,-1,373,78,77,-1,329,242,333,-1,100,383,382,-1,382,77,100,-1,1078,1079,1080,-1,366,305,307,-1,1081,1082,1029,-1,1028,1082,1081,-1,1021,1020,1083,-1,1083,1084,916,-1,427,105,425,-1,1084,780,916,-1,68,110,416,-1,780,1084,417,-1,58,780,417,-1,1084,1083,1020,-1,1082,1028,1027,-1,1031,1081,1029,-1,1030,1079,1085,-1,1085,1031,1030,-1,1085,1079,1078,-1,1080,1025,1078,-1,1086,1051,1087,-1,1080,1026,1025,-1,1087,928,1086,-1,1086,928,1024,-1,1053,1087,1051,-1,1052,1088,1089,-1,1089,1053,1052,-1,1088,1055,1054,-1,1089,1088,1054,-1,336,359,302,-1,1015,1017,1054,-1,996,1014,1002,-1,1002,1014,1013,-1,996,1001,997,-1,1090,1006,995,-1,995,997,1090,-1,1090,1004,1006,-1,1003,1005,1004,-1,998,1005,1003,-1,300,302,344,-1,302,359,344,-1,1056,1009,1011,-1,356,295,298,-1,1056,1011,1034,-1,1058,1057,990,-1,1033,1035,1058,-1,355,293,295,-1,357,300,344,-1,293,355,976,-1,356,298,357,-1,295,356,355,-1,336,302,303,-1,366,307,369,-1,1091,1092,1093,-1,1039,1042,1043,-1,1094,1095,968,-1,1062,1095,1094,-1,1037,1036,1096,-1,1096,1097,1098,-1,965,973,966,-1,1097,1060,1098,-1,1095,1062,1061,-1,1096,1036,1097,-1,1060,958,963,-1,971,959,972,-1,1060,1097,958,-1,967,1094,968,-1,969,1092,1099,-1,1099,967,969,-1,1099,1092,1091,-1,1091,1093,962,-1,960,1073,1100,-1,1093,961,962,-1,1100,923,960,-1,1072,1100,1073,-1,1074,1101,1102,-1,1102,1072,1074,-1,1101,1103,1104,-1,1102,1101,1104,-1,1103,945,1104,-1,945,944,1104,-1,1045,942,948,-1,1045,1044,1070,-1,1105,1077,1071,-1,1071,1070,1105,-1,1105,1075,1077,-1,1075,934,1076,-1,934,936,1076,-1,1067,1049,1048,-1,1067,1048,1068,-1,1066,1064,1063,-1,891,1069,918,-1,1065,918,1069,-1,415,1084,1106,-1,1107,412,1108,-1,1109,414,410,-1,735,421,422,-1,422,1107,735,-1,1107,422,412,-1,412,414,1108,-1,1109,410,1106,-1,1108,414,1109,-1,1084,415,417,-1,1106,410,415,-1,1110,910,1111,-1,586,1112,879,-1,890,1113,1069,-1,890,911,1113,-1,911,1110,1113,-1,890,1069,891,-1,910,880,1111,-1,911,910,1110,-1,879,1112,880,-1,1111,880,1112,-1,586,879,628,-1,1114,1115,1116,-1,1117,1118,1119,-1,1120,730,731,-1,1084,1020,1121,-1,1122,1123,1124,-1,722,1125,744,-1,1122,1126,1118,-1,1127,1128,1129,-1,721,1125,722,-1,1127,1116,1128,-1,1115,1114,1130,-1,1078,1129,1085,-1,1125,1130,744,-1,719,744,1130,-1,1125,1115,1130,-1,1116,1131,1128,-1,1132,728,729,-1,727,1133,1134,-1,1119,1131,1135,-1,1117,1136,1122,-1,1132,1133,728,-1,1108,1137,1107,-1,1138,1120,1137,-1,1120,1132,730,-1,1139,1124,1140,-1,1137,734,1107,-1,734,1137,733,-1,1107,734,735,-1,725,1134,721,-1,725,727,1134,-1,1125,721,1134,-1,1141,1115,1125,-1,1129,1128,1085,-1,1114,1116,1127,-1,1131,1116,1135,-1,1031,1085,1128,-1,1134,1141,1125,-1,728,1133,727,-1,1116,1115,1135,-1,1141,1135,1115,-1,1136,1141,1134,-1,1128,1131,1031,-1,1119,1135,1117,-1,1081,1031,1131,-1,1136,1134,1133,-1,730,1132,729,-1,1135,1141,1117,-1,1136,1117,1141,-1,1123,1136,1133,-1,1119,1028,1081,-1,1117,1122,1118,-1,1081,1131,1119,-1,1123,1133,1132,-1,1120,731,732,-1,1121,1126,1124,-1,1123,1122,1136,-1,1123,1140,1124,-1,1119,1118,1028,-1,1126,1122,1124,-1,1022,1028,1118,-1,1120,1140,1132,-1,732,733,1137,-1,1126,1121,1020,-1,1132,1140,1123,-1,1138,1139,1140,-1,1126,1020,1022,-1,1139,1121,1124,-1,1022,1118,1126,-1,732,1137,1120,-1,1120,1138,1140,-1,1108,1109,1138,-1,1137,1108,1138,-1,1109,1106,1139,-1,1138,1109,1139,-1,1139,1106,1121,-1,1084,1121,1106,-1,1142,1127,1143,-1,1144,1143,1129,-1,1127,1129,1143,-1,1078,1025,1144,-1,1144,1129,1078,-1,1127,1142,1114,-1,1114,1145,1130,-1,1145,1114,1142,-1,1145,711,1130,-1,1130,711,719,-1,1146,1147,1148,-1,1149,1150,1151,-1,1147,1152,1153,-1,1154,1155,1156,-1,1157,1145,1142,-1,712,1145,1157,-1,1157,1158,1154,-1,1023,1159,1025,-1,712,711,1145,-1,1160,709,1156,-1,1147,1161,1162,-1,1146,1155,1163,-1,1151,1161,1153,-1,1164,1165,1166,-1,1167,1168,1169,-1,1170,1169,1168,-1,1089,1054,1170,-1,1167,1166,1165,-1,707,1171,1164,-1,1164,1171,1165,-1,1167,1149,1168,-1,1171,707,748,-1,746,1172,748,-1,709,708,1156,-1,1172,1171,748,-1,1173,1165,1171,-1,1170,1168,1089,-1,1166,1167,1169,-1,1149,1167,1150,-1,1053,1089,1168,-1,1172,1173,1171,-1,709,1160,746,-1,1167,1165,1150,-1,1173,1150,1165,-1,1162,1173,1172,-1,1168,1149,1053,-1,1151,1150,1161,-1,1087,1053,1149,-1,1172,1160,1162,-1,1160,1172,746,-1,1150,1173,1161,-1,1162,1161,1173,-1,1148,1162,1160,-1,1151,928,1087,-1,1161,1147,1153,-1,1087,1149,1151,-1,1156,1148,1160,-1,715,1154,708,-1,1159,1152,1146,-1,1148,1147,1162,-1,1148,1155,1146,-1,1151,1153,928,-1,1152,1147,1146,-1,926,928,1153,-1,708,1154,1156,-1,715,712,1157,-1,1152,1159,1023,-1,1156,1155,1148,-1,1158,1163,1155,-1,1152,1023,926,-1,1163,1159,1146,-1,926,1153,1152,-1,715,1157,1154,-1,1154,1158,1155,-1,1142,1143,1158,-1,1157,1142,1158,-1,1143,1144,1163,-1,1158,1143,1163,-1,1163,1144,1159,-1,1025,1159,1144,-1,1174,1169,1175,-1,1176,1175,1170,-1,1169,1170,1175,-1,1054,1017,1176,-1,1176,1170,1054,-1,1169,1174,1166,-1,1166,1177,1164,-1,1177,1166,1174,-1,1177,663,1164,-1,1164,663,707,-1,1178,1179,1180,-1,1181,1182,1183,-1,1184,1185,749,-1,1017,1018,1186,-1,1183,1187,1188,-1,1189,1190,673,-1,1183,1191,1192,-1,1193,1194,1195,-1,1189,1179,1190,-1,1193,1180,1194,-1,1179,1178,1190,-1,1005,1195,1006,-1,1196,1194,1180,-1,699,1189,673,-1,1197,1198,1196,-1,1199,1188,1200,-1,1177,1174,1201,-1,1198,1181,1192,-1,1201,1202,1203,-1,1200,1184,1203,-1,663,1177,705,-1,705,1177,1201,-1,698,1204,699,-1,749,703,1184,-1,1204,1189,699,-1,1205,1179,1189,-1,1195,1194,1006,-1,1178,1180,1193,-1,1196,1180,1197,-1,995,1006,1194,-1,1204,1205,1189,-1,749,1185,698,-1,1180,1179,1197,-1,1205,1197,1179,-1,1182,1205,1204,-1,1194,1196,995,-1,1198,1197,1181,-1,996,995,1196,-1,1204,1185,1182,-1,1185,1204,698,-1,1197,1205,1181,-1,1182,1181,1205,-1,1187,1182,1185,-1,1198,1014,996,-1,1181,1183,1192,-1,996,1196,1198,-1,1184,1187,1185,-1,701,1203,703,-1,1186,1191,1188,-1,1187,1183,1182,-1,1187,1200,1188,-1,1198,1192,1014,-1,1191,1183,1188,-1,1012,1014,1192,-1,703,1203,1184,-1,701,705,1201,-1,1191,1186,1018,-1,1184,1200,1187,-1,1202,1199,1200,-1,1191,1018,1012,-1,1199,1186,1188,-1,1012,1192,1191,-1,701,1201,1203,-1,1203,1202,1200,-1,1174,1175,1202,-1,1201,1174,1202,-1,1175,1176,1199,-1,1202,1175,1199,-1,1199,1176,1186,-1,1017,1186,1176,-1,1206,1193,1207,-1,1208,1207,1195,-1,1193,1195,1207,-1,1005,998,1208,-1,1208,1195,1005,-1,1193,1206,1178,-1,1178,1209,1190,-1,1209,1178,1206,-1,1209,680,1190,-1,1190,680,673,-1,1210,1211,1212,-1,1213,1214,1215,-1,1216,665,667,-1,998,1000,1217,-1,1218,1219,1220,-1,688,1221,689,-1,1218,1222,1214,-1,1223,1224,1225,-1,751,1221,688,-1,1223,1212,1224,-1,1211,1210,1226,-1,990,1225,1058,-1,1221,1226,689,-1,690,689,1226,-1,1221,1211,1226,-1,1212,1227,1224,-1,1215,1227,1228,-1,752,683,1229,-1,1230,1231,1220,-1,1232,1233,685,-1,1213,1234,1218,-1,1229,1232,752,-1,1209,1206,1235,-1,1216,1235,1236,-1,1216,1229,665,-1,1209,691,680,-1,692,691,1235,-1,1235,691,1209,-1,686,1233,751,-1,686,685,1233,-1,1221,751,1233,-1,1237,1211,1221,-1,1225,1224,1058,-1,1210,1212,1223,-1,1227,1212,1228,-1,1033,1058,1224,-1,1233,1237,1221,-1,752,1232,685,-1,1212,1211,1228,-1,1237,1228,1211,-1,1234,1237,1233,-1,1224,1227,1033,-1,1215,1228,1213,-1,1056,1033,1227,-1,1234,1233,1232,-1,665,1229,683,-1,1228,1237,1213,-1,1234,1213,1237,-1,1219,1234,1232,-1,1215,1009,1056,-1,1213,1218,1214,-1,1056,1227,1215,-1,1219,1232,1229,-1,1216,667,672,-1,1217,1222,1220,-1,1219,1218,1234,-1,1219,1230,1220,-1,1215,1214,1009,-1,1222,1218,1220,-1,1007,1009,1214,-1,1216,1230,1229,-1,672,692,1235,-1,1222,1217,1000,-1,1229,1230,1219,-1,1236,1231,1230,-1,1222,1000,1007,-1,1231,1217,1220,-1,1007,1214,1222,-1,672,1235,1216,-1,1216,1236,1230,-1,1206,1207,1236,-1,1235,1206,1236,-1,1207,1208,1231,-1,1236,1207,1231,-1,1231,1208,1217,-1,998,1217,1208,-1,1238,1239,1240,-1,1241,1240,1242,-1,1239,1242,1240,-1,1243,1097,1241,-1,1241,1242,1243,-1,958,1097,1243,-1,1238,1244,1239,-1,1244,1245,1246,-1,1245,1244,1238,-1,1245,651,1246,-1,1246,651,652,-1,352,313,1223,-1,354,352,1225,-1,1223,1225,352,-1,990,355,354,-1,354,1225,990,-1,1210,315,1226,-1,313,315,1210,-1,313,1210,1223,-1,690,1226,350,-1,315,350,1226,-1,690,350,349,-1,1247,753,657,-1,1248,1249,1250,-1,657,1251,1247,-1,754,753,1247,-1,1252,1253,1254,-1,1255,1256,1257,-1,1099,1091,1252,-1,1258,1254,1253,-1,1256,754,1247,-1,599,754,1256,-1,1259,1254,1258,-1,653,1251,654,-1,1260,1259,1261,-1,605,650,1262,-1,649,595,1263,-1,1251,653,1264,-1,605,1262,1264,-1,1260,1265,1266,-1,1238,1267,1245,-1,1268,1263,1267,-1,591,1267,592,-1,1249,1269,1270,-1,649,1263,1262,-1,1245,1267,591,-1,1265,1271,1250,-1,591,651,1245,-1,1266,1250,1272,-1,1273,1097,1036,-1,1247,1257,1256,-1,654,1251,657,-1,1253,1255,1258,-1,1257,1258,1255,-1,1247,1274,1257,-1,1252,1254,1099,-1,1259,1258,1261,-1,967,1099,1254,-1,1251,1274,1247,-1,605,1264,653,-1,1258,1257,1261,-1,1274,1261,1257,-1,1271,1274,1251,-1,1254,1259,967,-1,1260,1261,1265,-1,1094,967,1259,-1,1271,1251,1264,-1,649,1262,650,-1,1261,1274,1265,-1,1271,1265,1274,-1,1248,1271,1264,-1,1260,1062,1094,-1,1265,1250,1266,-1,1094,1259,1260,-1,1248,1264,1262,-1,1263,595,594,-1,1273,1272,1249,-1,1248,1250,1271,-1,1248,1269,1249,-1,1260,1266,1062,-1,1272,1250,1249,-1,1038,1062,1266,-1,1263,1269,1262,-1,594,592,1267,-1,1272,1273,1036,-1,1262,1269,1248,-1,1268,1270,1269,-1,1272,1036,1038,-1,1270,1273,1249,-1,1038,1266,1272,-1,594,1267,1263,-1,1263,1268,1269,-1,1238,1240,1268,-1,1267,1238,1268,-1,1240,1241,1270,-1,1268,1240,1270,-1,1270,1241,1273,-1,1097,1273,1241,-1,1275,1253,1276,-1,1277,1276,1252,-1,1253,1252,1276,-1,1091,962,1277,-1,1277,1252,1091,-1,1253,1275,1255,-1,1255,1278,1256,-1,1278,1255,1275,-1,1278,606,1256,-1,1256,606,599,-1,1279,1280,1281,-1,1282,1283,1284,-1,1285,1286,762,-1,962,956,1287,-1,1284,1288,1289,-1,1290,1291,739,-1,1284,1292,1293,-1,1294,1295,1296,-1,1290,1280,1291,-1,1294,1281,1295,-1,1280,1279,1291,-1,1104,1296,1102,-1,1297,1295,1281,-1,764,1290,739,-1,1298,1299,1297,-1,1278,1275,1300,-1,1299,1282,1293,-1,1289,1301,1302,-1,1300,648,1278,-1,1300,1303,1304,-1,1301,1285,1304,-1,606,1278,648,-1,763,1305,764,-1,762,759,1285,-1,1305,1290,764,-1,1306,1280,1290,-1,1296,1295,1102,-1,1279,1281,1294,-1,1297,1281,1298,-1,1072,1102,1295,-1,1305,1306,1290,-1,762,1286,763,-1,1281,1280,1298,-1,1306,1298,1280,-1,1283,1306,1305,-1,1295,1297,1072,-1,1299,1298,1282,-1,1100,1072,1297,-1,1305,1286,1283,-1,1286,1305,763,-1,1298,1306,1282,-1,1283,1282,1306,-1,1288,1283,1286,-1,1299,923,1100,-1,1282,1284,1293,-1,1100,1297,1299,-1,1285,1288,1286,-1,761,1304,759,-1,1287,1292,1289,-1,1288,1284,1283,-1,1288,1301,1289,-1,1299,1293,923,-1,1292,1284,1289,-1,955,923,1293,-1,759,1304,1285,-1,761,648,1300,-1,1292,1287,956,-1,1285,1301,1288,-1,1303,1302,1301,-1,1292,956,955,-1,1302,1287,1289,-1,955,1293,1292,-1,761,1300,1304,-1,1304,1303,1301,-1,1275,1276,1303,-1,1300,1275,1303,-1,1276,1277,1302,-1,1303,1276,1302,-1,1302,1277,1287,-1,962,1287,1277,-1,1307,1294,1308,-1,1309,1308,1296,-1,1294,1296,1308,-1,1104,944,1309,-1,1309,1296,1104,-1,1294,1307,1279,-1,1279,1310,1291,-1,1310,1279,1307,-1,1310,639,1291,-1,1291,639,739,-1,1311,1312,1313,-1,1314,1315,1316,-1,1317,1318,609,-1,944,946,1319,-1,1316,1320,1321,-1,1322,1323,637,-1,1316,1324,1325,-1,1326,1327,1328,-1,1322,1312,1323,-1,1326,1313,1327,-1,1312,1311,1323,-1,1076,1328,1077,-1,1329,1327,1313,-1,742,1322,637,-1,1330,1331,1329,-1,614,1332,611,-1,1331,1314,1325,-1,1333,1321,1334,-1,1334,1317,1332,-1,1335,1310,1307,-1,639,1310,613,-1,1335,613,1310,-1,741,1336,742,-1,609,611,1317,-1,1336,1322,742,-1,1337,1312,1322,-1,1328,1327,1077,-1,1311,1313,1326,-1,1329,1313,1330,-1,1071,1077,1327,-1,1336,1337,1322,-1,609,1318,741,-1,1313,1312,1330,-1,1337,1330,1312,-1,1315,1337,1336,-1,1327,1329,1071,-1,1331,1330,1314,-1,1045,1071,1329,-1,1336,1318,1315,-1,1318,1336,741,-1,1330,1337,1314,-1,1315,1314,1337,-1,1320,1315,1318,-1,1331,942,1045,-1,1314,1316,1325,-1,1045,1329,1331,-1,1317,1320,1318,-1,1332,1335,1338,-1,1319,1324,1321,-1,1320,1316,1315,-1,1320,1334,1321,-1,1331,1325,942,-1,1324,1316,1321,-1,940,942,1325,-1,611,1332,1317,-1,614,613,1335,-1,1324,1319,946,-1,1317,1334,1320,-1,1338,1333,1334,-1,1324,946,940,-1,1333,1319,1321,-1,940,1325,1324,-1,614,1335,1332,-1,1332,1338,1334,-1,1307,1308,1338,-1,1335,1307,1338,-1,1308,1309,1333,-1,1338,1308,1333,-1,1333,1309,1319,-1,944,1319,1309,-1,1339,1326,1340,-1,1341,1340,1328,-1,1326,1328,1340,-1,1076,936,1341,-1,1341,1328,1076,-1,1326,1339,1311,-1,1311,1342,1323,-1,1342,1311,1339,-1,1342,615,1323,-1,1323,615,637,-1,1111,1343,1344,-1,1345,1346,1347,-1,1348,632,631,-1,936,938,1349,-1,1350,1351,1352,-1,625,1353,585,-1,1350,1354,1346,-1,1110,1355,1113,-1,627,1353,625,-1,1110,1344,1355,-1,1343,1111,1112,-1,1069,1113,1063,-1,1353,1112,585,-1,586,585,1112,-1,1353,1343,1112,-1,630,1356,1357,-1,629,1358,620,-1,1359,1355,1344,-1,1347,1359,1360,-1,1342,1339,1361,-1,1358,1356,620,-1,1361,1362,1348,-1,1348,1358,632,-1,1345,1363,1350,-1,1352,1364,1365,-1,1361,634,1342,-1,634,1361,623,-1,1342,634,615,-1,626,1357,627,-1,626,630,1357,-1,1353,627,1357,-1,1366,1343,1353,-1,1113,1355,1063,-1,1111,1344,1110,-1,1359,1344,1360,-1,1066,1063,1355,-1,1357,1366,1353,-1,620,1356,630,-1,1344,1343,1360,-1,1366,1360,1343,-1,1363,1366,1357,-1,1355,1359,1066,-1,1347,1360,1345,-1,1067,1066,1359,-1,1363,1357,1356,-1,632,1358,629,-1,1360,1366,1345,-1,1363,1345,1366,-1,1351,1363,1356,-1,1347,1049,1067,-1,1345,1350,1346,-1,1067,1359,1347,-1,1351,1356,1358,-1,1348,631,624,-1,1349,1354,1352,-1,1351,1350,1363,-1,1351,1364,1352,-1,1347,1346,1049,-1,1354,1350,1352,-1,1046,1049,1346,-1,1348,1364,1358,-1,624,623,1361,-1,1354,1349,938,-1,1358,1364,1351,-1,1362,1365,1364,-1,1354,938,1046,-1,1365,1349,1352,-1,1046,1346,1354,-1,624,1361,1348,-1,1348,1362,1364,-1,1339,1340,1362,-1,1361,1339,1362,-1,1340,1341,1365,-1,1362,1340,1365,-1,1365,1341,1349,-1,936,1349,1341,-1,1367,1368,1369,-1,330,333,1370,-1,1371,952,964,-1,1370,333,1040,-1,1039,1372,1373,-1,1374,1375,1376,-1,1377,1378,1379,-1,1380,1381,588,-1,1380,1379,1382,-1,1242,1376,1375,-1,1383,966,1384,-1,1243,1242,1375,-1,958,1243,972,-1,1385,1386,1387,-1,1380,1388,1381,-1,1384,1374,1376,-1,1371,964,1383,-1,590,1389,652,-1,1372,1043,1390,-1,1382,1391,1388,-1,1392,1393,1368,-1,1377,1367,1394,-1,1373,1370,1040,-1,330,1395,331,-1,1392,371,372,-1,1392,372,1393,-1,321,371,656,-1,1370,1395,330,-1,1039,1373,1040,-1,372,331,1393,-1,1395,1393,331,-1,1396,1395,1370,-1,1392,656,371,-1,1393,1369,1368,-1,655,656,1392,-1,1373,1396,1370,-1,1043,1372,1039,-1,1393,1395,1369,-1,1396,1369,1395,-1,1397,1396,1373,-1,1368,655,1392,-1,1369,1394,1367,-1,643,655,1368,-1,1372,1397,1373,-1,952,1390,1043,-1,1369,1396,1394,-1,1397,1394,1396,-1,1398,1397,1372,-1,1367,643,1368,-1,1394,1378,1377,-1,642,643,1367,-1,1398,1372,1390,-1,964,966,1383,-1,1394,1397,1378,-1,1398,1378,1397,-1,1391,1398,1390,-1,1377,642,1367,-1,1378,1382,1379,-1,646,642,1377,-1,1390,1371,1391,-1,1371,1390,952,-1,1378,1398,1382,-1,1391,1382,1398,-1,1399,1391,1371,-1,1379,646,1377,-1,1382,1388,1380,-1,587,646,1379,-1,1383,1399,1371,-1,974,1384,966,-1,1388,1399,1387,-1,1399,1388,1391,-1,1385,1387,1399,-1,1380,587,1379,-1,1388,1387,1381,-1,588,587,1380,-1,1384,1385,1383,-1,970,1374,974,-1,1387,1389,1381,-1,1383,1385,1399,-1,1385,1376,1386,-1,1389,590,1381,-1,1387,1386,1389,-1,590,588,1381,-1,974,1374,1384,-1,1375,970,972,-1,1386,1239,1244,-1,1384,1376,1385,-1,1239,1386,1376,-1,1389,1244,1246,-1,1244,1389,1386,-1,1389,1246,652,-1,970,1375,1374,-1,1243,1375,972,-1,1242,1239,1376,-1,1400,984,994,-1,986,1401,992,-1,1402,1403,1404,-1,1405,1406,498,-1,1405,1407,1408,-1,1406,1405,1409,-1,1410,984,1400,-1,502,499,1411,-1,982,1412,1413,-1,1414,1415,1416,-1,1417,1418,1419,-1,983,1413,1420,-1,1421,1422,978,-1,1423,1424,979,-1,1425,1426,1427,-1,1428,1426,1425,-1,1429,1430,520,-1,1431,1432,1433,-1,1428,1425,1434,-1,1060,1059,1434,-1,1428,1434,1059,-1,1435,1436,1437,-1,1432,1438,1436,-1,980,981,1439,-1,1440,1441,1437,-1,1423,980,1439,-1,983,1420,981,-1,1442,1443,1414,-1,1419,1444,1442,-1,1404,1416,1445,-1,993,988,1446,-1,1407,1403,1447,-1,987,1448,988,-1,1449,1409,1408,-1,1448,1446,988,-1,987,1450,1448,-1,1451,1450,1401,-1,1452,1453,1451,-1,1451,1401,1452,-1,1452,1454,1453,-1,1454,989,976,-1,1050,1455,1059,-1,978,1422,1050,-1,1428,1059,1455,-1,1426,1428,1455,-1,1456,1427,1431,-1,1431,1427,1426,-1,978,977,1421,-1,1431,1426,1432,-1,980,1423,979,-1,1430,1456,1431,-1,1455,1438,1426,-1,1433,518,1430,-1,520,1430,518,-1,1456,1430,1429,-1,1455,1422,1438,-1,1422,1455,1050,-1,516,1433,1435,-1,1438,1432,1426,-1,1457,1438,1422,-1,1431,1433,1430,-1,1432,1436,1435,-1,518,1433,516,-1,1421,1457,1422,-1,979,1424,977,-1,513,1435,1437,-1,1457,1436,1438,-1,1458,1457,1421,-1,1432,1435,1433,-1,1436,1440,1437,-1,516,1435,513,-1,1421,1424,1458,-1,1424,1421,977,-1,1436,1457,1440,-1,1458,1440,1457,-1,1424,1459,1458,-1,1441,514,1437,-1,1440,1460,1441,-1,513,1437,514,-1,1423,1459,1424,-1,1460,1417,1441,-1,1440,1458,1460,-1,1459,1460,1458,-1,1423,1461,1459,-1,1417,515,1441,-1,1460,1418,1417,-1,514,1441,515,-1,1439,1461,1423,-1,983,982,1413,-1,1460,1459,1418,-1,1461,1418,1459,-1,1439,1462,1461,-1,1417,506,505,-1,1418,1444,1419,-1,515,1417,505,-1,1439,1420,1462,-1,1420,1439,981,-1,1418,1461,1444,-1,1462,1444,1461,-1,1463,1462,1420,-1,1419,503,506,-1,1444,1443,1442,-1,506,1417,1419,-1,1413,1463,1420,-1,985,1412,982,-1,1444,1462,1443,-1,1463,1443,1462,-1,1464,1463,1413,-1,1442,511,503,-1,1415,1414,1443,-1,503,1419,1442,-1,1412,1464,1413,-1,984,1410,985,-1,1443,1463,1415,-1,1464,1415,1463,-1,1465,1464,1412,-1,1414,511,1442,-1,1415,1445,1416,-1,512,511,1414,-1,1412,1410,1465,-1,1410,1412,985,-1,1415,1464,1445,-1,1465,1445,1464,-1,1466,1465,1410,-1,1416,512,1414,-1,1445,1402,1404,-1,509,512,1416,-1,1400,1466,1410,-1,993,1467,994,-1,1445,1465,1402,-1,1466,1402,1465,-1,1468,1466,1400,-1,1404,509,1416,-1,1402,1447,1403,-1,510,509,1404,-1,1400,1467,1468,-1,1467,1400,994,-1,1402,1466,1447,-1,1468,1447,1466,-1,1449,1468,1467,-1,1403,510,1404,-1,1447,1408,1407,-1,507,510,1403,-1,1467,1446,1449,-1,1446,1467,993,-1,1447,1468,1408,-1,1449,1408,1468,-1,1469,1449,1446,-1,1407,507,1403,-1,1408,1409,1405,-1,508,507,1407,-1,1448,1469,1446,-1,992,1450,987,-1,1409,1469,1470,-1,1469,1409,1449,-1,1471,1470,1469,-1,1405,508,1407,-1,1409,1470,1406,-1,498,508,1405,-1,1448,1450,1471,-1,1470,1471,1472,-1,1470,1411,1406,-1,1448,1471,1469,-1,1471,1451,1472,-1,1411,499,1406,-1,1470,1472,1411,-1,499,498,1406,-1,992,1401,1450,-1,1452,986,989,-1,1473,1472,1451,-1,1450,1451,1471,-1,1474,1472,1475,-1,1472,1474,1411,-1,1411,1474,502,-1,986,1452,1401,-1,1454,1452,989,-1,1453,1473,1451,-1,1473,1475,1472,-1,1476,1434,1425,-1,1427,1477,1425,-1,1425,1477,1476,-1,1098,1060,1434,-1,1476,1098,1434,-1,1478,1456,1479,-1,1427,1456,1478,-1,1427,1478,1477,-1,519,1479,1429,-1,1456,1429,1479,-1,519,1429,520,-1,1480,1481,1473,-1,1453,1482,1480,-1,1480,1473,1453,-1,1482,1454,991,-1,1454,1482,1453,-1,1454,976,991,-1,1481,1475,1473,-1,1475,1483,1474,-1,1483,1475,1481,-1,1483,501,1474,-1,1474,501,502,-1,1484,1485,1486,-1,1487,1488,969,-1,1489,1490,1484,-1,1491,1492,1485,-1,1092,1493,1093,-1,1494,1093,1493,-1,1495,1485,1490,-1,1495,1496,1491,-1,1497,968,1095,-1,1488,1493,1092,-1,1498,1494,1492,-1,1499,1491,1496,-1,1491,1499,1498,-1,535,1500,1496,-1,1499,1496,1500,-1,534,1500,535,-1,1501,1502,1489,-1,1487,968,1497,-1,1503,1504,1505,-1,1501,1484,1506,-1,1507,1508,1509,-1,1503,1510,1508,-1,1509,1096,1476,-1,1477,1509,1476,-1,1511,1512,1501,-1,1502,1513,527,-1,1098,1476,1096,-1,1512,1513,1502,-1,525,1514,523,-1,523,1514,517,-1,1513,1514,525,-1,519,517,1479,-1,1493,1492,1494,-1,969,1488,1092,-1,522,1496,1495,-1,1492,1491,1498,-1,1493,1486,1492,-1,522,521,1496,-1,1495,1491,1485,-1,535,1496,521,-1,1488,1486,1493,-1,968,1487,969,-1,533,1495,1490,-1,1486,1485,1492,-1,1488,1506,1486,-1,533,532,1495,-1,1490,1485,1484,-1,522,1495,532,-1,1506,1488,1487,-1,1095,1061,1510,-1,531,1490,1489,-1,1506,1484,1486,-1,1487,1511,1506,-1,531,530,1490,-1,1489,1484,1501,-1,533,1490,530,-1,1497,1511,1487,-1,1037,1508,1061,-1,529,1489,1502,-1,1511,1501,1506,-1,1497,1515,1511,-1,529,528,1489,-1,1502,1501,1512,-1,531,1489,528,-1,1497,1510,1515,-1,1510,1497,1095,-1,1512,1515,1505,-1,1515,1512,1511,-1,1505,1515,1503,-1,527,526,1502,-1,1513,1512,1505,-1,529,1502,526,-1,1061,1508,1510,-1,1037,1096,1509,-1,1505,1514,1513,-1,1510,1503,1515,-1,1507,1504,1503,-1,525,524,1513,-1,1514,1505,1504,-1,527,1513,524,-1,1037,1509,1508,-1,1508,1507,1503,-1,1477,1478,1507,-1,1509,1477,1507,-1,1478,1479,1504,-1,1507,1478,1504,-1,517,1514,1479,-1,1504,1479,1514,-1,1516,1498,1517,-1,1498,1499,1517,-1,1498,1516,1494,-1,961,1494,1516,-1,961,1093,1494,-1,1499,1518,1517,-1,1518,1500,1519,-1,1500,1518,1499,-1,1500,534,1519,-1,1519,534,538,-1,1520,1521,1522,-1,1523,1103,1524,-1,1073,960,1525,-1,1101,1524,1103,-1,1526,1521,1527,-1,1528,1529,1530,-1,1531,1532,1533,-1,1534,1535,1533,-1,1536,1537,1538,-1,954,1516,1538,-1,1517,1538,1516,-1,961,1516,954,-1,1537,1528,1539,-1,1534,1532,1540,-1,540,1535,537,-1,537,1541,538,-1,1520,1542,1531,-1,1073,1525,1543,-1,1544,1545,1523,-1,1546,1074,1543,-1,1526,1527,1547,-1,1524,1101,1546,-1,545,1548,543,-1,1527,1548,1547,-1,1524,1544,1523,-1,1074,1546,1101,-1,1547,1545,1526,-1,1544,1526,1545,-1,1549,1544,1524,-1,544,543,1527,-1,1522,1521,1526,-1,543,1548,1527,-1,1546,1549,1524,-1,1073,1543,1074,-1,1526,1544,1522,-1,1549,1522,1544,-1,1550,1549,1546,-1,541,544,1521,-1,1542,1520,1522,-1,544,1527,1521,-1,1550,1546,1543,-1,960,925,1539,-1,1522,1549,1542,-1,1550,1542,1549,-1,1540,1550,1543,-1,542,541,1520,-1,1532,1531,1542,-1,541,1521,1520,-1,1525,1540,1543,-1,924,1537,925,-1,1542,1550,1532,-1,1540,1532,1550,-1,1551,1540,1525,-1,539,542,1531,-1,1534,1533,1532,-1,542,1520,1531,-1,1525,1539,1551,-1,1539,1525,960,-1,1534,1551,1530,-1,1551,1534,1540,-1,1551,1528,1530,-1,540,539,1533,-1,1530,1535,1534,-1,539,1531,1533,-1,925,1537,1539,-1,924,954,1538,-1,1535,1530,1541,-1,1539,1528,1551,-1,1528,1536,1529,-1,1535,1541,537,-1,1529,1541,1530,-1,540,1533,1535,-1,924,1538,1537,-1,1537,1536,1528,-1,1517,1518,1536,-1,1538,1517,1536,-1,1518,1519,1529,-1,1536,1518,1529,-1,538,1541,1519,-1,1529,1519,1541,-1,1545,1552,1553,-1,1553,1523,1545,-1,945,1523,1553,-1,1547,1552,1545,-1,945,1103,1523,-1,1552,1547,1554,-1,1554,1548,1555,-1,1548,1554,1547,-1,1548,545,1555,-1,1555,545,451,-1,1556,1557,1558,-1,1559,1557,1560,-1,1044,948,1561,-1,1562,1563,1075,-1,1105,1562,1075,-1,1564,1565,1566,-1,1567,1568,1569,-1,1570,1571,1567,-1,1572,1573,1574,-1,943,1553,1574,-1,1552,1574,1553,-1,945,1553,943,-1,1573,1564,1575,-1,1570,1569,1576,-1,549,1571,450,-1,450,1577,451,-1,1556,1578,1568,-1,1044,1561,1579,-1,1580,1581,1563,-1,1582,1070,1579,-1,1559,1560,1583,-1,1562,1105,1582,-1,547,1584,546,-1,1560,1584,1583,-1,1562,1580,1563,-1,1070,1582,1105,-1,1583,1581,1559,-1,1580,1559,1581,-1,1585,1580,1562,-1,552,546,1560,-1,1558,1557,1559,-1,546,1584,1560,-1,1582,1585,1562,-1,1044,1579,1070,-1,1559,1580,1558,-1,1585,1558,1580,-1,1586,1585,1582,-1,550,552,1557,-1,1578,1556,1558,-1,552,1560,1557,-1,1586,1582,1579,-1,948,941,1575,-1,1558,1585,1578,-1,1586,1578,1585,-1,1576,1586,1579,-1,551,550,1556,-1,1569,1568,1578,-1,550,1557,1556,-1,1561,1576,1579,-1,947,1573,941,-1,1578,1586,1569,-1,1576,1569,1586,-1,1587,1576,1561,-1,548,551,1568,-1,1570,1567,1569,-1,551,1556,1568,-1,1561,1575,1587,-1,1575,1561,948,-1,1570,1587,1566,-1,1587,1570,1576,-1,1587,1564,1566,-1,549,548,1567,-1,1566,1571,1570,-1,548,1568,1567,-1,941,1573,1575,-1,947,943,1574,-1,1571,1566,1577,-1,1575,1564,1587,-1,1564,1572,1565,-1,1571,1577,450,-1,1565,1577,1566,-1,549,1567,1571,-1,947,1574,1573,-1,1573,1572,1564,-1,1552,1554,1572,-1,1574,1552,1572,-1,1554,1555,1565,-1,1572,1554,1565,-1,451,1577,1555,-1,1565,1555,1577,-1,1581,1583,1588,-1,1588,1589,1581,-1,1563,1581,1589,-1,934,1075,1563,-1,1589,934,1563,-1,1583,1590,1588,-1,1590,1584,1591,-1,1584,1590,1583,-1,1584,547,1591,-1,1591,547,553,-1,1592,1064,1593,-1,919,918,1594,-1,1068,1048,1595,-1,1065,1594,918,-1,1596,1597,1598,-1,1599,1600,1601,-1,1602,1603,557,-1,554,556,1604,-1,1605,1606,1607,-1,935,1589,1607,-1,1588,1607,1589,-1,934,1589,935,-1,1606,1608,1609,-1,555,1604,556,-1,1603,1604,555,-1,553,554,1591,-1,1610,1608,1611,-1,1602,1599,1603,-1,1600,1602,1612,-1,1613,1614,1600,-1,1615,1613,1598,-1,1595,1593,1068,-1,1598,1616,1617,-1,1613,1612,1616,-1,917,919,1597,-1,1596,1617,1618,-1,1596,921,917,-1,1065,1592,1594,-1,921,1618,920,-1,1618,921,1596,-1,569,920,568,-1,1618,568,920,-1,1594,1597,919,-1,1064,1592,1065,-1,565,1618,1617,-1,1597,1596,917,-1,1594,1615,1597,-1,565,447,1618,-1,1617,1596,1598,-1,568,1618,447,-1,1592,1615,1594,-1,1068,1593,1064,-1,563,1617,1616,-1,1615,1598,1597,-1,1592,1614,1615,-1,563,566,1617,-1,1616,1598,1613,-1,565,1617,566,-1,1614,1592,1593,-1,1048,1047,1609,-1,561,1616,1612,-1,1614,1613,1615,-1,1593,1601,1614,-1,561,564,1616,-1,1612,1613,1600,-1,563,1616,564,-1,1595,1601,1593,-1,939,1606,1047,-1,559,1612,1602,-1,1601,1600,1614,-1,1595,1619,1601,-1,559,562,1612,-1,1602,1600,1599,-1,561,1612,562,-1,1595,1609,1619,-1,1609,1595,1048,-1,1599,1619,1610,-1,1619,1599,1601,-1,1610,1619,1608,-1,557,560,1602,-1,1603,1599,1610,-1,559,1602,560,-1,1047,1606,1609,-1,939,935,1607,-1,1610,1604,1603,-1,1609,1608,1619,-1,1605,1611,1608,-1,555,558,1603,-1,1604,1610,1611,-1,557,1603,558,-1,939,1607,1606,-1,1606,1605,1608,-1,1588,1590,1605,-1,1607,1588,1605,-1,1590,1591,1611,-1,1605,1590,1611,-1,554,1604,1591,-1,1611,1591,1604,-1,1620,1035,1621,-1,1482,991,1622,-1,1034,1011,1623,-1,1057,1622,991,-1,1624,1625,1626,-1,1627,1628,1629,-1,1630,1631,491,-1,487,486,1632,-1,1633,1634,1635,-1,999,1636,1635,-1,1637,1635,1636,-1,1003,1636,999,-1,1634,1638,1639,-1,489,1632,486,-1,1631,1632,489,-1,485,487,1640,-1,1641,1638,1642,-1,1630,1627,1631,-1,1628,1630,1643,-1,1644,1645,1628,-1,1646,1644,1626,-1,1623,1621,1034,-1,1626,1647,1648,-1,1644,1643,1647,-1,1480,1482,1625,-1,1624,1648,1649,-1,1624,1481,1480,-1,1057,1620,1622,-1,1481,1649,1483,-1,1649,1481,1624,-1,501,1483,497,-1,1649,497,1483,-1,1622,1625,1482,-1,1035,1620,1057,-1,436,1649,1648,-1,1625,1624,1480,-1,1622,1646,1625,-1,436,500,1649,-1,1648,1624,1626,-1,497,1649,500,-1,1620,1646,1622,-1,1034,1621,1035,-1,496,1648,1647,-1,1646,1626,1625,-1,1620,1645,1646,-1,496,437,1648,-1,1647,1626,1644,-1,436,1648,437,-1,1645,1620,1621,-1,1011,1008,1639,-1,495,1647,1643,-1,1645,1644,1646,-1,1621,1629,1645,-1,495,494,1647,-1,1643,1644,1628,-1,496,1647,494,-1,1623,1629,1621,-1,1010,1634,1008,-1,493,1643,1630,-1,1629,1628,1645,-1,1623,1650,1629,-1,493,492,1643,-1,1630,1628,1627,-1,495,1643,492,-1,1623,1639,1650,-1,1639,1623,1011,-1,1627,1650,1641,-1,1650,1627,1629,-1,1641,1650,1638,-1,491,490,1630,-1,1631,1627,1641,-1,493,1630,490,-1,1008,1634,1639,-1,1010,999,1635,-1,1641,1632,1631,-1,1639,1638,1650,-1,1633,1642,1638,-1,489,488,1631,-1,1632,1641,1642,-1,491,1631,488,-1,1010,1635,1634,-1,1634,1633,1638,-1,1637,1651,1633,-1,1635,1637,1633,-1,1651,1640,1642,-1,1633,1651,1642,-1,487,1632,1640,-1,1642,1640,1632,-1,1652,1653,1637,-1,1003,1654,1636,-1,1654,1652,1636,-1,1652,1637,1636,-1,1003,1004,1654,-1,1653,1651,1637,-1,1651,1655,1640,-1,1655,1651,1653,-1,1655,439,1640,-1,1640,439,485,-1,1656,1657,1658,-1,1654,1004,1659,-1,1001,1002,1660,-1,1090,1659,1004,-1,1661,1657,1662,-1,1663,1664,1665,-1,1666,1667,1668,-1,1669,1670,1668,-1,1671,1672,1673,-1,1016,1674,1673,-1,1675,1673,1674,-1,1015,1674,1016,-1,1672,1663,1676,-1,1669,1667,1677,-1,479,1670,480,-1,480,1678,478,-1,1656,1679,1666,-1,1001,1660,1680,-1,1681,1652,1654,-1,1682,997,1680,-1,1661,1662,1653,-1,1659,1090,1682,-1,439,1655,440,-1,1662,1655,1653,-1,1659,1681,1654,-1,997,1682,1090,-1,1653,1652,1661,-1,1681,1661,1652,-1,1683,1681,1659,-1,483,440,1662,-1,1658,1657,1661,-1,440,1655,1662,-1,1682,1683,1659,-1,1001,1680,997,-1,1661,1681,1658,-1,1683,1658,1681,-1,1684,1683,1682,-1,484,483,1657,-1,1679,1656,1658,-1,483,1662,1657,-1,1684,1682,1680,-1,1002,1013,1676,-1,1658,1683,1679,-1,1684,1679,1683,-1,1677,1684,1680,-1,481,484,1656,-1,1667,1666,1679,-1,484,1657,1656,-1,1660,1677,1680,-1,1019,1672,1013,-1,1679,1684,1667,-1,1677,1667,1684,-1,1685,1677,1660,-1,482,481,1666,-1,1669,1668,1667,-1,481,1656,1666,-1,1660,1676,1685,-1,1676,1660,1002,-1,1669,1685,1665,-1,1685,1669,1677,-1,1685,1663,1665,-1,479,482,1668,-1,1665,1670,1669,-1,482,1666,1668,-1,1013,1672,1676,-1,1019,1016,1673,-1,1670,1665,1678,-1,1676,1663,1685,-1,1663,1671,1664,-1,1670,1678,480,-1,1664,1678,1665,-1,479,1668,1670,-1,1019,1673,1672,-1,1672,1671,1663,-1,1675,1686,1671,-1,1673,1675,1671,-1,1686,1687,1664,-1,1671,1686,1664,-1,478,1678,1687,-1,1664,1687,1678,-1,1688,1675,1674,-1,1674,1689,1688,-1,1015,1689,1674,-1,1690,1675,1688,-1,1015,1055,1689,-1,1675,1690,1686,-1,1686,1691,1687,-1,1691,1686,1690,-1,1691,442,1687,-1,1687,442,478,-1,472,471,1692,-1,1693,1694,1695,-1,1696,1697,1698,-1,1698,1699,1700,-1,929,1701,1699,-1,1699,1701,1702,-1,1703,1704,1692,-1,929,1026,1701,-1,470,472,1705,-1,1706,1696,1707,-1,1708,1709,1704,-1,1703,1710,1708,-1,1694,1711,1710,-1,1712,1713,1051,-1,1688,1714,1715,-1,1052,1713,1716,-1,1690,1717,1691,-1,1690,1715,1717,-1,1691,477,442,-1,1689,1714,1688,-1,1088,1718,1055,-1,1695,1717,1715,-1,1689,1055,1718,-1,1689,1718,1714,-1,1052,1716,1088,-1,1086,1712,1051,-1,1716,1718,1088,-1,1714,1718,1719,-1,475,477,1717,-1,1688,1715,1690,-1,1693,1695,1715,-1,477,1691,1717,-1,1716,1719,1718,-1,1051,1713,1052,-1,1715,1714,1693,-1,1719,1693,1714,-1,1720,1719,1716,-1,476,475,1695,-1,1711,1694,1693,-1,475,1717,1695,-1,1720,1716,1713,-1,1086,1024,1697,-1,1693,1719,1711,-1,1720,1711,1719,-1,1709,1720,1713,-1,473,476,1694,-1,1708,1710,1711,-1,476,1695,1694,-1,1712,1709,1713,-1,927,1698,1024,-1,1711,1720,1708,-1,1709,1708,1720,-1,1721,1709,1712,-1,474,473,1710,-1,1704,1703,1708,-1,473,1694,1710,-1,1712,1697,1721,-1,1697,1712,1086,-1,1704,1721,1706,-1,1721,1704,1709,-1,1721,1696,1706,-1,471,474,1703,-1,1706,1692,1704,-1,474,1710,1703,-1,1024,1698,1697,-1,927,929,1699,-1,1692,1706,1705,-1,1697,1696,1721,-1,1696,1700,1707,-1,1692,1705,472,-1,1707,1705,1706,-1,471,1703,1692,-1,927,1699,1698,-1,1698,1700,1696,-1,1702,1722,1700,-1,1699,1702,1700,-1,1722,1723,1707,-1,1700,1722,1707,-1,470,1705,1723,-1,1707,1723,1705,-1,1724,1725,1702,-1,1701,1726,1724,-1,1724,1702,1701,-1,1026,1726,1701,-1,1026,1080,1726,-1,1702,1725,1722,-1,1722,1727,1723,-1,1727,1722,1725,-1,1727,468,1723,-1,1723,468,470,-1,1728,1030,1729,-1,1726,1080,1730,-1,1029,1082,1731,-1,1079,1730,1080,-1,1732,1733,1734,-1,1735,1736,1737,-1,1738,1739,461,-1,581,459,1740,-1,1741,1742,1743,-1,1083,913,1743,-1,914,1743,913,-1,916,913,1083,-1,1742,1744,1745,-1,458,1740,459,-1,1739,1740,458,-1,582,581,912,-1,1746,1744,1747,-1,1738,1735,1739,-1,1736,1738,1748,-1,1749,1750,1736,-1,1751,1749,1734,-1,1731,1729,1029,-1,1734,1752,1753,-1,1749,1748,1752,-1,1724,1726,1733,-1,1732,1753,1754,-1,1732,1725,1724,-1,1079,1728,1730,-1,1725,1754,1727,-1,1754,1725,1732,-1,468,1727,469,-1,1754,469,1727,-1,1730,1733,1726,-1,1030,1728,1079,-1,444,1754,1753,-1,1733,1732,1724,-1,1730,1751,1733,-1,444,446,1754,-1,1753,1732,1734,-1,469,1754,446,-1,1728,1751,1730,-1,1029,1729,1030,-1,467,1753,1752,-1,1751,1734,1733,-1,1728,1750,1751,-1,467,466,1753,-1,1752,1734,1749,-1,444,1753,466,-1,1750,1728,1729,-1,1082,1027,1745,-1,465,1752,1748,-1,1750,1749,1751,-1,1729,1737,1750,-1,465,464,1752,-1,1748,1749,1736,-1,467,1752,464,-1,1731,1737,1729,-1,1021,1742,1027,-1,463,1748,1738,-1,1737,1736,1750,-1,1731,1755,1737,-1,463,462,1748,-1,1738,1736,1735,-1,465,1748,462,-1,1731,1745,1755,-1,1745,1731,1082,-1,1735,1755,1746,-1,1755,1735,1737,-1,1746,1755,1744,-1,461,460,1738,-1,1739,1735,1746,-1,463,1738,460,-1,1027,1742,1745,-1,1021,1083,1743,-1,1746,1740,1739,-1,1745,1744,1755,-1,1741,1747,1744,-1,458,457,1739,-1,1740,1746,1747,-1,461,1739,457,-1,1021,1743,1742,-1,1742,1741,1744,-1,914,915,1741,-1,1743,914,1741,-1,915,912,1747,-1,1741,915,1747,-1,581,1740,912,-1,1747,912,1740,-1,1756,1757,1758,-1,1756,1758,1759,-1,252,1760,249,-1,1761,1760,1762,-1,1762,1760,252,-1,1763,1764,1765,-1,1766,1767,1757,-1,1764,1768,1769,-1,1757,1767,1758,-1,1770,1768,1763,-1,1771,965,1770,-1,1772,1773,1763,-1,1771,973,965,-1,971,973,1774,-1,1771,1774,973,-1,1775,971,1774,-1,1776,959,971,-1,1777,1760,1761,-1,1778,1777,1761,-1,1779,1780,308,-1,249,1781,250,-1,242,309,1041,-1,1780,1041,309,-1,1780,1769,1042,-1,1760,1781,249,-1,308,250,1779,-1,1781,1779,250,-1,1765,1781,1760,-1,1780,1042,1041,-1,1769,1779,1764,-1,308,1780,309,-1,1777,1765,1760,-1,1782,1778,1766,-1,1779,1781,1764,-1,1765,1764,1781,-1,1772,1765,1777,-1,1042,1769,953,-1,1768,1764,1763,-1,1779,1769,1780,-1,1777,1782,1772,-1,1782,1777,1778,-1,1756,1783,1784,-1,1772,1763,1765,-1,1782,1785,1772,-1,1768,951,953,-1,1763,1773,1770,-1,953,1769,1768,-1,1782,1757,1785,-1,1766,1757,1782,-1,1785,1757,1756,-1,1772,1785,1773,-1,1785,1756,1784,-1,1770,965,951,-1,1785,1784,1773,-1,951,1768,1770,-1,1759,1783,1756,-1,1786,1787,1783,-1,1775,1774,1788,-1,1773,1784,1771,-1,1784,1783,1787,-1,1773,1771,1770,-1,1788,1787,1786,-1,1784,1787,1774,-1,1787,1788,1774,-1,1784,1774,1771,-1,971,1775,1776,-1,1789,1790,265,-1,265,1790,235,-1,235,1790,1791,-1,265,223,1789,-1,296,235,1791,-1,1792,227,229,-1,1792,229,296,-1,236,227,1793,-1,1792,1793,227,-1,236,1794,304,-1,1794,236,1793,-1,1795,306,304,-1,304,1794,1795,-1,251,306,1796,-1,1795,1796,306,-1,251,1797,252,-1,1797,251,1796,-1,296,1791,1792,-1,223,1798,1789,-1,209,1799,1798,-1,1798,223,209,-1,1799,208,282,-1,209,208,1799,-1,282,214,1800,-1,1800,1799,282,-1,271,1801,214,-1,1800,214,1801,-1,1802,271,205,-1,271,1802,1801,-1,205,211,1803,-1,1803,1802,205,-1,1803,211,1804,-1,211,164,1804,-1,1805,1806,1807,-1,1806,1808,1807,-1,1807,1809,1805,-1,1810,1805,1809,-1,1811,1812,1810,-1,1810,1809,1811,-1,1813,1812,1814,-1,1811,1814,1812,-1,1813,1815,195,-1,1815,1813,1814,-1,1816,175,195,-1,195,1815,1816,-1,175,1816,198,-1,199,198,1817,-1,1816,1817,198,-1,199,1818,156,-1,1818,199,1817,-1,156,1818,1804,-1,156,1804,164,-1,1808,1819,1807,-1,1820,1821,1819,-1,1819,1808,1820,-1,1822,1821,1823,-1,1820,1823,1821,-1,1822,1767,1824,-1,1767,1822,1823,-1,1778,1824,1766,-1,1824,1767,1766,-1,1825,1778,1761,-1,1778,1825,1824,-1,1761,1762,1826,-1,1826,1825,1761,-1,1826,1762,1797,-1,1762,252,1797,-1,1827,1828,1829,-1,1806,1830,1808,-1,1831,1820,1832,-1,1833,1758,1823,-1,1833,1823,1831,-1,1831,1834,1833,-1,1758,1767,1823,-1,1834,1783,1833,-1,1835,1836,1837,-1,1827,1830,1806,-1,1838,1828,1839,-1,180,177,1840,-1,195,180,1813,-1,1839,1840,1838,-1,1837,1841,1842,-1,182,1838,179,-1,1843,1844,1837,-1,1844,1843,1834,-1,189,963,1835,-1,1805,1810,1828,-1,1788,1843,1775,-1,1845,1775,1843,-1,1845,1836,1776,-1,1758,1833,1759,-1,1820,1831,1823,-1,1783,1759,1833,-1,1808,1832,1820,-1,1783,1834,1786,-1,1831,1844,1834,-1,1788,1786,1834,-1,1844,1831,1832,-1,1806,1805,1827,-1,1845,1843,1836,-1,1788,1834,1843,-1,1844,1832,1841,-1,1843,1837,1836,-1,1836,959,1776,-1,1775,1845,1776,-1,1832,1830,1841,-1,1830,1832,1808,-1,1836,1835,963,-1,1841,1837,1844,-1,1846,1842,1841,-1,1836,963,957,-1,1842,1835,1837,-1,959,1836,957,-1,1846,1830,1827,-1,1838,1847,1829,-1,1848,187,186,-1,1830,1846,1841,-1,1846,1829,1847,-1,1848,1835,1842,-1,1842,1847,1848,-1,189,1835,186,-1,1805,1828,1827,-1,1810,1812,1839,-1,1846,1847,1842,-1,1827,1829,1846,-1,187,1847,181,-1,187,1848,1847,-1,186,1835,1848,-1,1810,1839,1828,-1,1812,1813,1840,-1,181,1847,1838,-1,1828,1838,1829,-1,182,181,1838,-1,1812,1840,1839,-1,180,1840,1813,-1,177,179,1840,-1,1840,179,1838,-1,1803,1804,1849,-1,1850,1802,1803,-1,1851,1816,1815,-1,1852,1814,1853,-1,1849,1818,1854,-1,1817,1855,1854,-1,1856,1801,1802,-1,1857,1811,1809,-1,1819,1858,1807,-1,1858,1819,1859,-1,1800,1801,1860,-1,1855,1816,1851,-1,1799,1800,1861,-1,1862,1798,1799,-1,1821,1822,1863,-1,1824,1864,1822,-1,1798,1862,1865,-1,1865,1866,1789,-1,1790,1866,1867,-1,1825,1868,1824,-1,1869,1870,1793,-1,1797,1871,1826,-1,1872,1873,1795,-1,1870,1872,1794,-1,1869,1792,1874,-1,1796,1873,1871,-1,1825,1826,1875,-1,1874,1791,1867,-1,1807,1858,1876,-1,1876,1809,1807,-1,1859,1821,1863,-1,1859,1819,1821,-1,1863,1822,1864,-1,1864,1824,1868,-1,1868,1825,1875,-1,1875,1826,1871,-1,1797,1796,1871,-1,1796,1795,1873,-1,1795,1794,1872,-1,1794,1793,1870,-1,1793,1792,1869,-1,1792,1791,1874,-1,1791,1790,1867,-1,1790,1789,1866,-1,1789,1798,1865,-1,1862,1799,1861,-1,1861,1800,1860,-1,1860,1801,1856,-1,1856,1802,1850,-1,1850,1803,1849,-1,1804,1818,1849,-1,1818,1817,1854,-1,1817,1816,1855,-1,1851,1815,1852,-1,1814,1811,1853,-1,1815,1814,1852,-1,1809,1876,1857,-1,1811,1857,1853,-1,1877,1878,1879,-1,1880,1881,1882,-1,949,1883,950,-1,93,78,975,-1,975,950,1884,-1,975,1884,93,-1,1885,1886,1887,-1,1888,1889,1890,-1,1888,1891,1889,-1,1892,1893,1894,-1,1894,1893,1888,-1,1032,1892,937,-1,1890,1894,1888,-1,1886,1895,933,-1,1887,1890,1878,-1,1896,1897,1880,-1,1898,1899,1900,-1,1901,1882,1881,-1,1883,949,1895,-1,1902,1878,1889,-1,1900,1899,1896,-1,1898,1900,85,-1,1898,154,1903,-1,85,1900,86,-1,94,1884,1903,-1,93,1884,94,-1,154,1898,85,-1,94,1903,154,-1,1883,1904,1903,-1,1900,1905,86,-1,1898,1904,1899,-1,1906,1905,1900,-1,1903,1884,1883,-1,950,1883,1884,-1,1899,1897,1896,-1,1903,1904,1898,-1,1895,1907,1904,-1,1900,1896,1906,-1,1907,1897,1899,-1,1908,1906,1896,-1,1883,1895,1904,-1,949,933,1895,-1,1881,1880,1877,-1,1904,1907,1899,-1,1907,1885,1897,-1,1896,1880,1908,-1,1880,1897,1877,-1,1882,1908,1880,-1,1895,1886,1907,-1,933,932,1886,-1,1897,1885,1877,-1,1907,1886,1885,-1,1877,1885,1878,-1,1879,1909,1881,-1,1881,1877,1879,-1,1881,1909,1901,-1,1886,932,1887,-1,922,1887,932,-1,1902,1910,1879,-1,1885,1887,1878,-1,1902,1879,1878,-1,1879,1910,1909,-1,1887,922,1890,-1,1890,922,937,-1,1902,1889,1891,-1,1878,1890,1889,-1,1890,937,1894,-1,1892,1894,937,-1,1911,1912,1913,-1,1914,1915,1892,-1,931,930,1914,-1,1916,1917,29,-1,1914,1032,931,-1,1032,1914,1892,-1,30,1918,39,-1,1913,1919,1920,-1,1921,1922,1916,-1,1921,1923,1924,-1,1912,1916,1922,-1,1921,1925,1923,-1,1923,1926,1924,-1,1927,1923,1925,-1,1928,1911,1929,-1,1930,1931,1888,-1,28,1932,27,-1,1932,1925,27,-1,1915,1930,1893,-1,1933,1931,1928,-1,1934,1910,1902,-1,1891,1931,1902,-1,1910,1934,1909,-1,1901,1909,1935,-1,1931,1934,1902,-1,1935,1934,1933,-1,1909,1934,1935,-1,1928,1931,1930,-1,1891,1888,1931,-1,1930,1888,1893,-1,1933,1929,1936,-1,1935,1933,1936,-1,1934,1931,1933,-1,1915,1893,1892,-1,29,37,1916,-1,1911,1928,1937,-1,1914,1937,1930,-1,1929,1913,1938,-1,1936,1929,1938,-1,1933,1928,1929,-1,1914,1930,1915,-1,1918,930,39,-1,1939,1918,1917,-1,1930,1937,1928,-1,1939,1937,1918,-1,1939,1912,1911,-1,1938,1913,1920,-1,1929,1911,1913,-1,1937,1914,1918,-1,930,1918,1914,-1,1919,1912,1922,-1,1937,1939,1911,-1,1917,1916,1939,-1,1919,1924,1940,-1,1920,1919,1940,-1,1913,1912,1919,-1,1918,30,1917,-1,30,29,1917,-1,41,1921,37,-1,1912,1939,1916,-1,1916,37,1921,-1,41,33,1921,-1,1940,1924,1926,-1,1919,1922,1924,-1,33,32,1925,-1,1924,1922,1921,-1,1926,1923,1927,-1,1925,1921,33,-1,27,1925,32,-1,1927,1925,1932,-1,1,1941,1942,-1,1943,0,21,-1,1944,1945,28,-1,8,1942,1944,-1,1927,1946,1926,-1,1932,1945,1947,-1,1920,1940,1948,-1,1949,1936,1950,-1,1951,1938,1920,-1,1952,1901,1953,-1,1949,1953,1935,-1,1908,1882,1952,-1,1952,1882,1901,-1,1908,1954,1906,-1,1954,1908,1952,-1,1954,1955,1906,-1,1956,1905,1955,-1,1906,1955,1905,-1,1949,1935,1936,-1,1956,86,1905,-1,1901,1935,1953,-1,1938,1951,1950,-1,1936,1938,1950,-1,1940,1926,1948,-1,1920,1948,1951,-1,1947,1946,1927,-1,1946,1948,1926,-1,1945,1932,28,-1,1947,1927,1932,-1,43,8,1944,-1,1944,28,43,-1,1941,1,0,-1,8,1,1942,-1,1943,1941,0,-1,127,1957,1943,-1,1958,1959,132,-1,1960,128,131,-1,141,1961,1962,-1,137,139,1963,-1,1964,146,149,-1,1965,1966,145,-1,1967,91,90,-1,91,1968,150,-1,90,99,1969,-1,1969,1967,90,-1,87,1970,99,-1,1969,99,1970,-1,1956,87,86,-1,87,1956,1970,-1,1964,150,1968,-1,1967,1968,91,-1,1964,1965,146,-1,1964,149,150,-1,1966,142,145,-1,1965,145,146,-1,142,1961,141,-1,1961,142,1966,-1,139,1962,1963,-1,139,141,1962,-1,135,1963,1958,-1,135,137,1963,-1,132,1959,131,-1,135,1958,132,-1,1960,1957,128,-1,1959,1960,131,-1,1943,21,127,-1,1957,127,128,-1,1968,1971,1972,-1,1962,1973,1974,-1,1974,1963,1962,-1,1975,1966,1976,-1,1958,1963,1977,-1,1978,1976,1965,-1,1958,1979,1959,-1,1964,1972,1978,-1,1943,1957,1980,-1,1967,1981,1971,-1,1956,1955,1982,-1,1953,1949,1983,-1,1984,1945,1944,-1,1951,1985,1950,-1,1951,1986,1985,-1,1944,1987,1984,-1,1985,1988,1950,-1,1951,1948,1986,-1,1952,1989,1954,-1,1990,1952,1953,-1,1942,1991,1987,-1,1954,1992,1955,-1,1993,1970,1982,-1,1941,1980,1991,-1,1957,1960,1994,-1,1981,1969,1993,-1,1995,1960,1959,-1,1946,1996,1948,-1,1947,1997,1998,-1,1988,1983,1949,-1,1988,1949,1950,-1,1983,1990,1953,-1,1990,1989,1952,-1,1989,1992,1954,-1,1992,1982,1955,-1,1956,1982,1970,-1,1970,1993,1969,-1,1969,1981,1967,-1,1967,1971,1968,-1,1968,1972,1964,-1,1964,1978,1965,-1,1965,1976,1966,-1,1966,1975,1961,-1,1961,1973,1962,-1,1975,1973,1961,-1,1974,1977,1963,-1,1977,1979,1958,-1,1979,1995,1959,-1,1995,1994,1960,-1,1994,1980,1957,-1,1943,1980,1941,-1,1941,1991,1942,-1,1942,1987,1944,-1,1984,1997,1945,-1,1947,1998,1946,-1,1945,1997,1947,-1,1948,1996,1986,-1,1946,1998,1996,-1,
        ]
    }
}
Shape{
    appearance Appearance {
        material  Material 	{
            diffuseColor 0.6470588235294118 0.6196078431372549 0.5843137254901961
            specularColor 0.7529411764705882 0.7529411764705882 0.7529411764705882
            ambientIntensity 0.2
            transparency 0
            shininess 0.5
        }
    }
    geometry IndexedFaceSet {
        ccw TRUE
        solid FALSE
        coord DEF co Coordinate {
            point [
                -1.5454 -1.1263 -5.6071, -1.5773 -1.1635 -7.7, -1.5281 -1.0996 -7.7, -1.4865 -0.945 -5.6071, -1.5016 -1.0403 -5.6071, -1.4971 -1.0251 -7.7, -1.795 -1.2535 -7.7, -1.795 -1.2535 -5.6071, -1.8751 -1.2429 -7.7, -1.6997 -1.2384 -5.6071, -1.6413 -1.2124 -7.7, -1.6137 -1.1946 -5.6071, -2.0446 -1.1263 -5.6071, -2.0624 -1.0987 -7.7, -2.0135 -1.1627 -7.7, -1.9763 -1.1946 -5.6071, -1.9496 -1.2119 -7.7, -1.8903 -1.2384 -5.6071, -2.0884 -1.0403 -5.6071, -2.0929 -1.0251 -7.7, -2.105 -0.945 -7.7, -2.1035 -0.945 -5.6071, -1.7156 -1.243 -7.7, -1.485 -0.945 -7.7, -2.0446 -0.7637 -5.6071, -2.0127 -0.7265 -7.7, -2.0619 -0.7904 -7.7, -2.0884 -0.8497 -5.6071, -2.0929 -0.8649 -7.7, -1.795 -0.6365 -7.7, -1.795 -0.6365 -5.6071, -1.7149 -0.6471 -7.7, -1.8903 -0.6516 -5.6071, -1.9487 -0.6776 -7.7, -1.9763 -0.6954 -5.6071, -1.5454 -0.7637 -5.6071, -1.5276 -0.7913 -7.7, -1.5765 -0.7273 -7.7, -1.6137 -0.6954 -5.6071, -1.6404 -0.6781 -7.7, -1.6997 -0.6516 -5.6071, -1.5016 -0.8497 -5.6071, -1.4971 -0.8649 -7.7, -1.8744 -0.647 -7.7, -1.5454 0.6237 -5.6071, -1.5773 0.5865 -7.7, -1.5281 0.6504 -7.7, -1.4865 0.805 -5.6071, -1.5016 0.7097 -5.6071, -1.4971 0.7249 -7.7, -1.795 0.4965 -7.7, -1.795 0.4965 -5.6071, -1.8751 0.5071 -7.7, -1.6997 0.5116 -5.6071, -1.6413 0.5376 -7.7, -1.6137 0.5554 -5.6071, -2.0446 0.6237 -5.6071, -2.0624 0.6513 -7.7, -2.0135 0.5873 -7.7, -1.9763 0.5554 -5.6071, -1.9496 0.5381 -7.7, -1.8903 0.5116 -5.6071, -2.0884 0.7097 -5.6071, -2.0929 0.7249 -7.7, -2.105 0.805 -7.7, -2.1035 0.805 -5.6071, -1.7156 0.507 -7.7, -1.485 0.805 -7.7, -2.0446 0.9863 -5.6071, -2.0127 1.0235 -7.7, -2.0619 0.9596 -7.7, -2.0884 0.9003 -5.6071, -2.0929 0.8851 -7.7, -1.795 1.1135 -7.7, -1.795 1.1135 -5.6071, -1.7149 1.1029 -7.7, -1.8903 1.0984 -5.6071, -1.9487 1.0724 -7.7, -1.9763 1.0546 -5.6071, -1.5454 0.9863 -5.6071, -1.5276 0.9587 -7.7, -1.5765 1.0227 -7.7, -1.6137 1.0546 -5.6071, -1.6404 1.0719 -7.7, -1.6997 1.0984 -5.6071, -1.5016 0.9003 -5.6071, -1.4971 0.8851 -7.7, -1.8744 1.103 -7.7, -1.5454 2.3737 -5.6071, -1.5773 2.3365 -7.7, -1.5281 2.4004 -7.7, -1.4865 2.555 -5.6071, -1.5016 2.4597 -5.6071, -1.4971 2.4749 -7.7, -1.795 2.2465 -7.7, -1.795 2.2465 -5.6071, -1.8751 2.2571 -7.7, -1.6997 2.2616 -5.6071, -1.6413 2.2876 -7.7, -1.6137 2.3054 -5.6071, -2.0446 2.3737 -5.6071, -2.0624 2.4013 -7.7, -2.0135 2.3373 -7.7, -1.9763 2.3054 -5.6071, -1.9496 2.2881 -7.7, -1.8903 2.2616 -5.6071, -2.0884 2.4597 -5.6071, -2.0929 2.4749 -7.7, -2.105 2.555 -7.7, -2.1035 2.555 -5.6071, -1.7156 2.257 -7.7, -1.485 2.555 -7.7, -2.0446 2.7363 -5.6071, -2.0127 2.7735 -7.7, -2.0619 2.7096 -7.7, -2.0884 2.6503 -5.6071, -2.0929 2.6351 -7.7, -1.795 2.8635 -7.7, -1.795 2.8635 -5.6071, -1.7149 2.8529 -7.7, -1.8903 2.8484 -5.6071, -1.9487 2.8224 -7.7, -1.9763 2.8046 -5.6071, -1.5454 2.7363 -5.6071, -1.5276 2.7087 -7.7, -1.5765 2.7727 -7.7, -1.6137 2.8046 -5.6071, -1.6404 2.8219 -7.7, -1.6997 2.8484 -5.6071, -1.5016 2.6503 -5.6071, -1.4971 2.6351 -7.7, -1.8744 2.853 -7.7, 2.0446 -1.1263 -5.6071, 2.0127 -1.1635 -7.7, 2.0619 -1.0996 -7.7, 2.1035 -0.945 -5.6071, 2.0884 -1.0403 -5.6071, 2.0929 -1.0251 -7.7, 1.795 -1.2535 -7.7, 1.795 -1.2535 -5.6071, 1.7149 -1.2429 -7.7, 1.8903 -1.2384 -5.6071, 1.9487 -1.2124 -7.7, 1.9763 -1.1946 -5.6071, 1.5454 -1.1263 -5.6071, 1.5276 -1.0987 -7.7, 1.5765 -1.1627 -7.7, 1.6137 -1.1946 -5.6071, 1.6404 -1.2119 -7.7, 1.6997 -1.2384 -5.6071, 1.5016 -1.0403 -5.6071, 1.4971 -1.0251 -7.7, 1.485 -0.945 -7.7, 1.4865 -0.945 -5.6071, 1.8744 -1.243 -7.7, 2.105 -0.945 -7.7, 1.5454 -0.7637 -5.6071, 1.5773 -0.7265 -7.7, 1.5281 -0.7904 -7.7, 1.5016 -0.8497 -5.6071, 1.4971 -0.8649 -7.7, 1.795 -0.6365 -7.7, 1.795 -0.6365 -5.6071, 1.8751 -0.6471 -7.7, 1.6997 -0.6516 -5.6071, 1.6413 -0.6776 -7.7, 1.6137 -0.6954 -5.6071, 2.0446 -0.7637 -5.6071, 2.0624 -0.7913 -7.7, 2.0135 -0.7273 -7.7, 1.9763 -0.6954 -5.6071, 1.9496 -0.6781 -7.7, 1.8903 -0.6516 -5.6071, 2.0884 -0.8497 -5.6071, 2.0929 -0.8649 -7.7, 1.7156 -0.647 -7.7, 2.0446 0.6237 -5.6071, 2.0127 0.5865 -7.7, 2.0619 0.6504 -7.7, 2.1035 0.805 -5.6071, 2.0884 0.7097 -5.6071, 2.0929 0.7249 -7.7, 1.795 0.4965 -7.7, 1.795 0.4965 -5.6071, 1.7149 0.5071 -7.7, 1.8903 0.5116 -5.6071, 1.9487 0.5376 -7.7, 1.9763 0.5554 -5.6071, 1.5454 0.6237 -5.6071, 1.5276 0.6513 -7.7, 1.5765 0.5873 -7.7, 1.6137 0.5554 -5.6071, 1.6404 0.5381 -7.7, 1.6997 0.5116 -5.6071, 1.5016 0.7097 -5.6071, 1.4971 0.7249 -7.7, 1.485 0.805 -7.7, 1.4865 0.805 -5.6071, 1.8744 0.507 -7.7, 2.105 0.805 -7.7, 1.5454 0.9863 -5.6071, 1.5773 1.0235 -7.7, 1.5281 0.9596 -7.7, 1.5016 0.9003 -5.6071, 1.4971 0.8851 -7.7, 1.795 1.1135 -7.7, 1.795 1.1135 -5.6071, 1.8751 1.1029 -7.7, 1.6997 1.0984 -5.6071, 1.6413 1.0724 -7.7, 1.6137 1.0546 -5.6071, 2.0446 0.9863 -5.6071, 2.0624 0.9587 -7.7, 2.0135 1.0227 -7.7, 1.9763 1.0546 -5.6071, 1.9496 1.0719 -7.7, 1.8903 1.0984 -5.6071, 2.0884 0.9003 -5.6071, 2.0929 0.8851 -7.7, 1.7156 1.103 -7.7, 2.0446 2.3737 -5.6071, 2.0127 2.3365 -7.7, 2.0619 2.4004 -7.7, 2.1035 2.555 -5.6071, 2.0884 2.4597 -5.6071, 2.0929 2.4749 -7.7, 1.795 2.2465 -7.7, 1.795 2.2465 -5.6071, 1.7149 2.2571 -7.7, 1.8903 2.2616 -5.6071, 1.9487 2.2876 -7.7, 1.9763 2.3054 -5.6071, 1.5454 2.3737 -5.6071, 1.5276 2.4013 -7.7, 1.5765 2.3373 -7.7, 1.6137 2.3054 -5.6071, 1.6404 2.2881 -7.7, 1.6997 2.2616 -5.6071, 1.5016 2.4597 -5.6071, 1.4971 2.4749 -7.7, 1.485 2.555 -7.7, 1.4865 2.555 -5.6071, 1.8744 2.257 -7.7, 2.105 2.555 -7.7, 1.5454 2.7363 -5.6071, 1.5773 2.7735 -7.7, 1.5281 2.7096 -7.7, 1.5016 2.6503 -5.6071, 1.4971 2.6351 -7.7, 1.795 2.8635 -7.7, 1.795 2.8635 -5.6071, 1.8751 2.8529 -7.7, 1.6997 2.8484 -5.6071, 1.6413 2.8224 -7.7, 1.6137 2.8046 -5.6071, 2.0446 2.7363 -5.6071, 2.0624 2.7087 -7.7, 2.0135 2.7727 -7.7, 1.9763 2.8046 -5.6071, 1.9496 2.8219 -7.7, 1.8903 2.8484 -5.6071, 2.0884 2.6503 -5.6071, 2.0929 2.6351 -7.7, 1.7156 2.853 -7.7, -2.0884 -1.0403 -12.8629, -2.1035 -0.945 -11.54, -2.1035 -0.945 -12.8629, -1.8903 -1.2384 -12.8629, -1.9763 -1.1946 -11.54, -1.9763 -1.1946 -12.8629, -2.0446 -1.1263 -12.8629, -2.0446 -1.1263 -11.54, -2.0884 -1.0403 -11.54, -1.6997 -1.2384 -11.54, -1.6997 -1.2384 -12.8629, -1.6137 -1.1946 -12.8629, -1.8903 -1.2384 -11.54, -1.795 -1.2535 -12.8629, -1.795 -1.2535 -11.54, -1.5454 -1.1263 -11.54, -1.5454 -1.1263 -12.8629, -1.5016 -1.0403 -12.8629, -1.6137 -1.1946 -11.54, -1.4865 -0.945 -12.8629, -1.5016 -1.0403 -11.54, -1.4865 -0.945 -11.54, -1.5016 -0.8497 -12.8629, -1.6997 -0.6516 -12.8629, -1.6137 -0.6954 -11.54, -1.6137 -0.6954 -12.8629, -1.5454 -0.7637 -12.8629, -1.5454 -0.7637 -11.54, -1.5016 -0.8497 -11.54, -1.8903 -0.6516 -11.54, -1.8903 -0.6516 -12.8629, -1.9763 -0.6954 -12.8629, -1.6997 -0.6516 -11.54, -1.795 -0.6365 -12.8629, -1.795 -0.6365 -11.54, -2.0446 -0.7637 -11.54, -2.0446 -0.7637 -12.8629, -2.0884 -0.8497 -12.8629, -1.9763 -0.6954 -11.54, -2.0884 -0.8497 -11.54, -2.0884 0.7097 -12.8629, -2.1035 0.805 -11.54, -2.1035 0.805 -12.8629, -1.8903 0.5116 -12.8629, -1.9763 0.5554 -11.54, -1.9763 0.5554 -12.8629, -2.0446 0.6237 -12.8629, -2.0446 0.6237 -11.54, -2.0884 0.7097 -11.54, -1.6997 0.5116 -11.54, -1.6997 0.5116 -12.8629, -1.6137 0.5554 -12.8629, -1.8903 0.5116 -11.54, -1.795 0.4965 -12.8629, -1.795 0.4965 -11.54, -1.5454 0.6237 -11.54, -1.5454 0.6237 -12.8629, -1.5016 0.7097 -12.8629, -1.6137 0.5554 -11.54, -1.4865 0.805 -12.8629, -1.5016 0.7097 -11.54, -1.4865 0.805 -11.54, -1.5016 0.9003 -12.8629, -1.6997 1.0984 -12.8629, -1.6137 1.0546 -11.54, -1.6137 1.0546 -12.8629, -1.5454 0.9863 -12.8629, -1.5454 0.9863 -11.54, -1.5016 0.9003 -11.54, -1.8903 1.0984 -11.54, -1.8903 1.0984 -12.8629, -1.9763 1.0546 -12.8629, -1.6997 1.0984 -11.54, -1.795 1.1135 -12.8629, -1.795 1.1135 -11.54, -2.0446 0.9863 -11.54, -2.0446 0.9863 -12.8629, -2.0884 0.9003 -12.8629, -1.9763 1.0546 -11.54, -2.0884 0.9003 -11.54, -2.0884 2.4597 -12.8629, -2.1035 2.555 -11.54, -2.1035 2.555 -12.8629, -1.8903 2.2616 -12.8629, -1.9763 2.3054 -11.54, -1.9763 2.3054 -12.8629, -2.0446 2.3737 -12.8629, -2.0446 2.3737 -11.54, -2.0884 2.4597 -11.54, -1.6997 2.2616 -11.54, -1.6997 2.2616 -12.8629, -1.6137 2.3054 -12.8629, -1.8903 2.2616 -11.54, -1.795 2.2465 -12.8629, -1.795 2.2465 -11.54, -1.5454 2.3737 -11.54, -1.5454 2.3737 -12.8629, -1.5016 2.4597 -12.8629, -1.6137 2.3054 -11.54, -1.4865 2.555 -12.8629, -1.5016 2.4597 -11.54, -1.4865 2.555 -11.54, -1.5016 2.6503 -12.8629, -1.6997 2.8484 -12.8629, -1.6137 2.8046 -11.54, -1.6137 2.8046 -12.8629, -1.5454 2.7363 -12.8629, -1.5454 2.7363 -11.54, -1.5016 2.6503 -11.54, -1.8903 2.8484 -11.54, -1.8903 2.8484 -12.8629, -1.9763 2.8046 -12.8629, -1.6997 2.8484 -11.54, -1.795 2.8635 -12.8629, -1.795 2.8635 -11.54, -2.0446 2.7363 -11.54, -2.0446 2.7363 -12.8629, -2.0884 2.6503 -12.8629, -1.9763 2.8046 -11.54, -2.0884 2.6503 -11.54, 1.5016 -1.0403 -12.8629, 1.4865 -0.945 -11.54, 1.4865 -0.945 -12.8629, 1.6997 -1.2384 -12.8629, 1.6137 -1.1946 -11.54, 1.6137 -1.1946 -12.8629, 1.5454 -1.1263 -12.8629, 1.5454 -1.1263 -11.54, 1.5016 -1.0403 -11.54, 1.8903 -1.2384 -11.54, 1.8903 -1.2384 -12.8629, 1.9763 -1.1946 -12.8629, 1.6997 -1.2384 -11.54, 1.795 -1.2535 -12.8629, 1.795 -1.2535 -11.54, 2.0446 -1.1263 -11.54, 2.0446 -1.1263 -12.8629, 2.0884 -1.0403 -12.8629, 1.9763 -1.1946 -11.54, 2.1035 -0.945 -12.8629, 2.0884 -1.0403 -11.54, 2.1035 -0.945 -11.54, 2.0884 -0.8497 -12.8629, 1.8903 -0.6516 -12.8629, 1.9763 -0.6954 -11.54, 1.9763 -0.6954 -12.8629, 2.0446 -0.7637 -12.8629, 2.0446 -0.7637 -11.54, 2.0884 -0.8497 -11.54, 1.6997 -0.6516 -11.54, 1.6997 -0.6516 -12.8629, 1.6137 -0.6954 -12.8629, 1.8903 -0.6516 -11.54, 1.795 -0.6365 -12.8629, 1.795 -0.6365 -11.54, 1.5454 -0.7637 -11.54, 1.5454 -0.7637 -12.8629, 1.5016 -0.8497 -12.8629, 1.6137 -0.6954 -11.54, 1.5016 -0.8497 -11.54, 1.5016 0.7097 -12.8629, 1.4865 0.805 -11.54, 1.4865 0.805 -12.8629, 1.6997 0.5116 -12.8629, 1.6137 0.5554 -11.54, 1.6137 0.5554 -12.8629, 1.5454 0.6237 -12.8629, 1.5454 0.6237 -11.54, 1.5016 0.7097 -11.54, 1.8903 0.5116 -11.54, 1.8903 0.5116 -12.8629, 1.9763 0.5554 -12.8629, 1.6997 0.5116 -11.54, 1.795 0.4965 -12.8629, 1.795 0.4965 -11.54, 2.0446 0.6237 -11.54, 2.0446 0.6237 -12.8629, 2.0884 0.7097 -12.8629, 1.9763 0.5554 -11.54, 2.1035 0.805 -12.8629, 2.0884 0.7097 -11.54, 2.1035 0.805 -11.54, 2.0884 0.9003 -12.8629, 1.8903 1.0984 -12.8629, 1.9763 1.0546 -11.54, 1.9763 1.0546 -12.8629, 2.0446 0.9863 -12.8629, 2.0446 0.9863 -11.54, 2.0884 0.9003 -11.54, 1.6997 1.0984 -11.54, 1.6997 1.0984 -12.8629, 1.6137 1.0546 -12.8629, 1.8903 1.0984 -11.54, 1.795 1.1135 -12.8629, 1.795 1.1135 -11.54, 1.5454 0.9863 -11.54, 1.5454 0.9863 -12.8629, 1.5016 0.9003 -12.8629, 1.6137 1.0546 -11.54, 1.5016 0.9003 -11.54, 1.5016 2.4597 -12.8629, 1.4865 2.555 -11.54, 1.4865 2.555 -12.8629, 1.6997 2.2616 -12.8629, 1.6137 2.3054 -11.54, 1.6137 2.3054 -12.8629, 1.5454 2.3737 -12.8629, 1.5454 2.3737 -11.54, 1.5016 2.4597 -11.54, 1.8903 2.2616 -11.54, 1.8903 2.2616 -12.8629, 1.9763 2.3054 -12.8629, 1.6997 2.2616 -11.54, 1.795 2.2465 -12.8629, 1.795 2.2465 -11.54, 2.0446 2.3737 -11.54, 2.0446 2.3737 -12.8629, 2.0884 2.4597 -12.8629, 1.9763 2.3054 -11.54, 2.1035 2.555 -12.8629, 2.0884 2.4597 -11.54, 2.1035 2.555 -11.54, 2.0884 2.6503 -12.8629, 1.8903 2.8484 -12.8629, 1.9763 2.8046 -11.54, 1.9763 2.8046 -12.8629, 2.0446 2.7363 -12.8629, 2.0446 2.7363 -11.54, 2.0884 2.6503 -11.54, 1.6997 2.8484 -11.54, 1.6997 2.8484 -12.8629, 1.6137 2.8046 -12.8629, 1.8903 2.8484 -11.54, 1.795 2.8635 -12.8629, 1.795 2.8635 -11.54, 1.5454 2.7363 -11.54, 1.5454 2.7363 -12.8629, 1.5016 2.6503 -12.8629, 1.6137 2.8046 -11.54, 1.5016 2.6503 -11.54, -1.968 2.4988 -13.1113, -2.0326 2.4778 -13.0434, -1.9769 2.555 -13.1113, -1.5576 2.3825 -12.9578, -1.7043 2.2759 -12.9578, -1.7178 2.3174 -13.0434, -1.6225 2.3176 -12.9578, -1.5159 2.4643 -12.9578, -1.6481 2.3529 -13.0434, -1.7388 2.382 -13.1113, -1.795 2.4587 -13.155, -1.7652 2.4634 -13.155, -1.7384 2.4771 -13.155, -1.6881 2.4078 -13.1113, -1.8722 2.3174 -13.0434, -1.795 2.2615 -12.9578, -1.8857 2.2759 -12.9578, -2.0741 2.4643 -12.9578, -2.0324 2.3825 -12.9578, -1.6987 2.555 -13.155, -1.6131 2.555 -13.1113, -1.7034 2.5252 -13.155, -2.0885 2.555 -12.9578, -2.0449 2.555 -13.0434, -1.8913 2.555 -13.155, -1.8866 2.5252 -13.155, -1.7936 2.555 -13.17, -1.9019 2.4078 -13.1113, -1.8729 2.4984 -13.155, -1.8516 2.4771 -13.155, -1.8248 2.4634 -13.155, -1.8512 2.382 -13.1113, -1.9675 2.3176 -12.9578, -1.9971 2.4081 -13.0434, -1.9422 2.4481 -13.1113, -1.9419 2.3529 -13.0434, -1.795 2.3731 -13.1113, -1.795 2.3051 -13.0434, -1.6478 2.4481 -13.1113, -1.7171 2.4984 -13.155, -1.622 2.4988 -13.1113, -1.5929 2.4081 -13.0434, -1.5574 2.4778 -13.0434, -1.5451 2.555 -13.0434, -1.5015 2.555 -12.9578, -1.622 2.6112 -13.1113, -1.5574 2.6322 -13.0434, -2.0324 2.7275 -12.9578, -1.8857 2.8341 -12.9578, -1.8722 2.7926 -13.0434, -1.9675 2.7924 -12.9578, -2.0741 2.6457 -12.9578, -1.9419 2.7571 -13.0434, -1.8512 2.728 -13.1113, -1.795 2.6513 -13.155, -1.8248 2.6466 -13.155, -1.8516 2.6329 -13.155, -1.9019 2.7022 -13.1113, -1.7178 2.7926 -13.0434, -1.795 2.8485 -12.9578, -1.7043 2.8341 -12.9578, -1.5159 2.6457 -12.9578, -1.5576 2.7275 -12.9578, -1.8866 2.5848 -13.155, -1.7034 2.5848 -13.155, -1.6881 2.7022 -13.1113, -1.7171 2.6116 -13.155, -1.7384 2.6329 -13.155, -1.7652 2.6466 -13.155, -1.7388 2.728 -13.1113, -1.6225 2.7924 -12.9578, -1.5929 2.7019 -13.0434, -1.6478 2.6619 -13.1113, -1.6481 2.7571 -13.0434, -1.795 2.7369 -13.1113, -1.795 2.8049 -13.0434, -1.9422 2.6619 -13.1113, -1.8729 2.6116 -13.155, -1.968 2.6112 -13.1113, -1.9971 2.7019 -13.0434, -2.0326 2.6322 -13.0434, -1.968 0.7488 -13.1113, -2.0326 0.7278 -13.0434, -1.9769 0.805 -13.1113, -1.5576 0.6325 -12.9578, -1.7043 0.5259 -12.9578, -1.7178 0.5674 -13.0434, -1.6225 0.5676 -12.9578, -1.5159 0.7143 -12.9578, -1.6481 0.6029 -13.0434, -1.7388 0.632 -13.1113, -1.795 0.7087 -13.155, -1.7652 0.7134 -13.155, -1.7384 0.7271 -13.155, -1.6881 0.6578 -13.1113, -1.8722 0.5674 -13.0434, -1.795 0.5115 -12.9578, -1.8857 0.5259 -12.9578, -2.0741 0.7143 -12.9578, -2.0324 0.6325 -12.9578, -1.6987 0.805 -13.155, -1.6131 0.805 -13.1113, -1.7034 0.7752 -13.155, -2.0885 0.805 -12.9578, -2.0449 0.805 -13.0434, -1.8913 0.805 -13.155, -1.8866 0.7752 -13.155, -1.7936 0.805 -13.17, -1.9019 0.6578 -13.1113, -1.8729 0.7484 -13.155, -1.8516 0.7271 -13.155, -1.8248 0.7134 -13.155, -1.8512 0.632 -13.1113, -1.9675 0.5676 -12.9578, -1.9971 0.6581 -13.0434, -1.9422 0.6981 -13.1113, -1.9419 0.6029 -13.0434, -1.795 0.6231 -13.1113, -1.795 0.5551 -13.0434, -1.6478 0.6981 -13.1113, -1.7171 0.7484 -13.155, -1.622 0.7488 -13.1113, -1.5929 0.6581 -13.0434, -1.5574 0.7278 -13.0434, -1.5451 0.805 -13.0434, -1.5015 0.805 -12.9578, -1.622 0.8612 -13.1113, -1.5574 0.8822 -13.0434, -2.0324 0.9775 -12.9578, -1.8857 1.0841 -12.9578, -1.8722 1.0426 -13.0434, -1.9675 1.0424 -12.9578, -2.0741 0.8957 -12.9578, -1.9419 1.0071 -13.0434, -1.8512 0.978 -13.1113, -1.795 0.9013 -13.155, -1.8248 0.8966 -13.155, -1.8516 0.8829 -13.155, -1.9019 0.9522 -13.1113, -1.7178 1.0426 -13.0434, -1.795 1.0985 -12.9578, -1.7043 1.0841 -12.9578, -1.5159 0.8957 -12.9578, -1.5576 0.9775 -12.9578, -1.8866 0.8348 -13.155, -1.7034 0.8348 -13.155, -1.6881 0.9522 -13.1113, -1.7171 0.8616 -13.155, -1.7384 0.8829 -13.155, -1.7652 0.8966 -13.155, -1.7388 0.978 -13.1113, -1.6225 1.0424 -12.9578, -1.5929 0.9519 -13.0434, -1.6478 0.9119 -13.1113, -1.6481 1.0071 -13.0434, -1.795 0.9869 -13.1113, -1.795 1.0549 -13.0434, -1.9422 0.9119 -13.1113, -1.8729 0.8616 -13.155, -1.968 0.8612 -13.1113, -1.9971 0.9519 -13.0434, -2.0326 0.8822 -13.0434, -1.968 -1.0012 -13.1113, -2.0326 -1.0222 -13.0434, -1.9769 -0.945 -13.1113, -1.5576 -1.1175 -12.9578, -1.7043 -1.2241 -12.9578, -1.7178 -1.1826 -13.0434, -1.6225 -1.1824 -12.9578, -1.5159 -1.0357 -12.9578, -1.6481 -1.1471 -13.0434, -1.7388 -1.118 -13.1113, -1.795 -1.0413 -13.155, -1.7652 -1.0366 -13.155, -1.7384 -1.0229 -13.155, -1.6881 -1.0922 -13.1113, -1.8722 -1.1826 -13.0434, -1.795 -1.2385 -12.9578, -1.8857 -1.2241 -12.9578, -2.0741 -1.0357 -12.9578, -2.0324 -1.1175 -12.9578, -1.6987 -0.945 -13.155, -1.6131 -0.945 -13.1113, -1.7034 -0.9748 -13.155, -2.0885 -0.945 -12.9578, -2.0449 -0.945 -13.0434, -1.8913 -0.945 -13.155, -1.8866 -0.9748 -13.155, -1.7936 -0.945 -13.17, -1.9019 -1.0922 -13.1113, -1.8729 -1.0016 -13.155, -1.8516 -1.0229 -13.155, -1.8248 -1.0366 -13.155, -1.8512 -1.118 -13.1113, -1.9675 -1.1824 -12.9578, -1.9971 -1.0919 -13.0434, -1.9422 -1.0519 -13.1113, -1.9419 -1.1471 -13.0434, -1.795 -1.1269 -13.1113, -1.795 -1.1949 -13.0434, -1.6478 -1.0519 -13.1113, -1.7171 -1.0016 -13.155, -1.622 -1.0012 -13.1113, -1.5929 -1.0919 -13.0434, -1.5574 -1.0222 -13.0434, -1.5451 -0.945 -13.0434, -1.5015 -0.945 -12.9578, -1.622 -0.8888 -13.1113, -1.5574 -0.8678 -13.0434, -2.0324 -0.7725 -12.9578, -1.8857 -0.6659 -12.9578, -1.8722 -0.7074 -13.0434, -1.9675 -0.7076 -12.9578, -2.0741 -0.8543 -12.9578, -1.9419 -0.7429 -13.0434, -1.8512 -0.772 -13.1113, -1.795 -0.8487 -13.155, -1.8248 -0.8534 -13.155, -1.8516 -0.8671 -13.155, -1.9019 -0.7978 -13.1113, -1.7178 -0.7074 -13.0434, -1.795 -0.6515 -12.9578, -1.7043 -0.6659 -12.9578, -1.5159 -0.8543 -12.9578, -1.5576 -0.7725 -12.9578, -1.8866 -0.9152 -13.155, -1.7034 -0.9152 -13.155, -1.6881 -0.7978 -13.1113, -1.7171 -0.8884 -13.155, -1.7384 -0.8671 -13.155, -1.7652 -0.8534 -13.155, -1.7388 -0.772 -13.1113, -1.6225 -0.7076 -12.9578, -1.5929 -0.7981 -13.0434, -1.6478 -0.8381 -13.1113, -1.6481 -0.7429 -13.0434, -1.795 -0.7631 -13.1113, -1.795 -0.6951 -13.0434, -1.9422 -0.8381 -13.1113, -1.8729 -0.8884 -13.155, -1.968 -0.8888 -13.1113, -1.9971 -0.7981 -13.0434, -2.0326 -0.8678 -13.0434, 1.622 -1.0012 -13.1113, 1.5574 -1.0222 -13.0434, 1.6131 -0.945 -13.1113, 2.0324 -1.1175 -12.9578, 1.8857 -1.2241 -12.9578, 1.8722 -1.1826 -13.0434, 1.9675 -1.1824 -12.9578, 2.0741 -1.0357 -12.9578, 1.9419 -1.1471 -13.0434, 1.8512 -1.118 -13.1113, 1.795 -1.0413 -13.155, 1.8248 -1.0366 -13.155, 1.8516 -1.0229 -13.155, 1.9019 -1.0922 -13.1113, 1.7178 -1.1826 -13.0434, 1.795 -1.2385 -12.9578, 1.7043 -1.2241 -12.9578, 1.5159 -1.0357 -12.9578, 1.5576 -1.1175 -12.9578, 1.8913 -0.945 -13.155, 1.9769 -0.945 -13.1113, 1.8866 -0.9748 -13.155, 1.5015 -0.945 -12.9578, 1.5451 -0.945 -13.0434, 1.6987 -0.945 -13.155, 1.7034 -0.9748 -13.155, 1.7964 -0.945 -13.17, 1.6881 -1.0922 -13.1113, 1.7171 -1.0016 -13.155, 1.7384 -1.0229 -13.155, 1.7652 -1.0366 -13.155, 1.7388 -1.118 -13.1113, 1.6225 -1.1824 -12.9578, 1.5929 -1.0919 -13.0434, 1.6478 -1.0519 -13.1113, 1.6481 -1.1471 -13.0434, 1.795 -1.1269 -13.1113, 1.795 -1.1949 -13.0434, 1.9422 -1.0519 -13.1113, 1.8729 -1.0016 -13.155, 1.968 -1.0012 -13.1113, 1.9971 -1.0919 -13.0434, 2.0326 -1.0222 -13.0434, 2.0449 -0.945 -13.0434, 2.0885 -0.945 -12.9578, 1.968 -0.8888 -13.1113, 2.0326 -0.8678 -13.0434, 1.5576 -0.7725 -12.9578, 1.7043 -0.6659 -12.9578, 1.7178 -0.7074 -13.0434, 1.6225 -0.7076 -12.9578, 1.5159 -0.8543 -12.9578, 1.6481 -0.7429 -13.0434, 1.7388 -0.772 -13.1113, 1.795 -0.8487 -13.155, 1.7652 -0.8534 -13.155, 1.7384 -0.8671 -13.155, 1.6881 -0.7978 -13.1113, 1.8722 -0.7074 -13.0434, 1.795 -0.6515 -12.9578, 1.8857 -0.6659 -12.9578, 2.0741 -0.8543 -12.9578, 2.0324 -0.7725 -12.9578, 1.7034 -0.9152 -13.155, 1.8866 -0.9152 -13.155, 1.9019 -0.7978 -13.1113, 1.8729 -0.8884 -13.155, 1.8516 -0.8671 -13.155, 1.8248 -0.8534 -13.155, 1.8512 -0.772 -13.1113, 1.9675 -0.7076 -12.9578, 1.9971 -0.7981 -13.0434, 1.9422 -0.8381 -13.1113, 1.9419 -0.7429 -13.0434, 1.795 -0.7631 -13.1113, 1.795 -0.6951 -13.0434, 1.6478 -0.8381 -13.1113, 1.7171 -0.8884 -13.155, 1.622 -0.8888 -13.1113, 1.5929 -0.7981 -13.0434, 1.5574 -0.8678 -13.0434, 1.622 0.7488 -13.1113, 1.5574 0.7278 -13.0434, 1.6131 0.805 -13.1113, 2.0324 0.6325 -12.9578, 1.8857 0.5259 -12.9578, 1.8722 0.5674 -13.0434, 1.9675 0.5676 -12.9578, 2.0741 0.7143 -12.9578, 1.9419 0.6029 -13.0434, 1.8512 0.632 -13.1113, 1.795 0.7087 -13.155, 1.8248 0.7134 -13.155, 1.8516 0.7271 -13.155, 1.9019 0.6578 -13.1113, 1.7178 0.5674 -13.0434, 1.795 0.5115 -12.9578, 1.7043 0.5259 -12.9578, 1.5159 0.7143 -12.9578, 1.5576 0.6325 -12.9578, 1.8913 0.805 -13.155, 1.9769 0.805 -13.1113, 1.8866 0.7752 -13.155, 1.5015 0.805 -12.9578, 1.5451 0.805 -13.0434, 1.6987 0.805 -13.155, 1.7034 0.7752 -13.155, 1.7964 0.805 -13.17, 1.6881 0.6578 -13.1113, 1.7171 0.7484 -13.155, 1.7384 0.7271 -13.155, 1.7652 0.7134 -13.155, 1.7388 0.632 -13.1113, 1.6225 0.5676 -12.9578, 1.5929 0.6581 -13.0434, 1.6478 0.6981 -13.1113, 1.6481 0.6029 -13.0434, 1.795 0.6231 -13.1113, 1.795 0.5551 -13.0434, 1.9422 0.6981 -13.1113, 1.8729 0.7484 -13.155, 1.968 0.7488 -13.1113, 1.9971 0.6581 -13.0434, 2.0326 0.7278 -13.0434, 2.0449 0.805 -13.0434, 2.0885 0.805 -12.9578, 1.968 0.8612 -13.1113, 2.0326 0.8822 -13.0434, 1.5576 0.9775 -12.9578, 1.7043 1.0841 -12.9578, 1.7178 1.0426 -13.0434, 1.6225 1.0424 -12.9578, 1.5159 0.8957 -12.9578, 1.6481 1.0071 -13.0434, 1.7388 0.978 -13.1113, 1.795 0.9013 -13.155, 1.7652 0.8966 -13.155, 1.7384 0.8829 -13.155, 1.6881 0.9522 -13.1113, 1.8722 1.0426 -13.0434, 1.795 1.0985 -12.9578, 1.8857 1.0841 -12.9578, 2.0741 0.8957 -12.9578, 2.0324 0.9775 -12.9578, 1.7034 0.8348 -13.155, 1.8866 0.8348 -13.155, 1.9019 0.9522 -13.1113, 1.8729 0.8616 -13.155, 1.8516 0.8829 -13.155, 1.8248 0.8966 -13.155, 1.8512 0.978 -13.1113, 1.9675 1.0424 -12.9578, 1.9971 0.9519 -13.0434, 1.9422 0.9119 -13.1113, 1.9419 1.0071 -13.0434, 1.795 0.9869 -13.1113, 1.795 1.0549 -13.0434, 1.6478 0.9119 -13.1113, 1.7171 0.8616 -13.155, 1.622 0.8612 -13.1113, 1.5929 0.9519 -13.0434, 1.5574 0.8822 -13.0434, 1.622 2.4988 -13.1113, 1.5574 2.4778 -13.0434, 1.6131 2.555 -13.1113, 2.0324 2.3825 -12.9578, 1.8857 2.2759 -12.9578, 1.8722 2.3174 -13.0434, 1.9675 2.3176 -12.9578, 2.0741 2.4643 -12.9578, 1.9419 2.3529 -13.0434, 1.8512 2.382 -13.1113, 1.795 2.4587 -13.155, 1.8248 2.4634 -13.155, 1.8516 2.4771 -13.155, 1.9019 2.4078 -13.1113, 1.7178 2.3174 -13.0434, 1.795 2.2615 -12.9578, 1.7043 2.2759 -12.9578, 1.5159 2.4643 -12.9578, 1.5576 2.3825 -12.9578, 1.8913 2.555 -13.155, 1.9769 2.555 -13.1113, 1.8866 2.5252 -13.155, 1.5015 2.555 -12.9578, 1.5451 2.555 -13.0434, 1.6987 2.555 -13.155, 1.7034 2.5252 -13.155, 1.7964 2.555 -13.17, 1.6881 2.4078 -13.1113, 1.7171 2.4984 -13.155, 1.7384 2.4771 -13.155, 1.7652 2.4634 -13.155, 1.7388 2.382 -13.1113, 1.6225 2.3176 -12.9578, 1.5929 2.4081 -13.0434, 1.6478 2.4481 -13.1113, 1.6481 2.3529 -13.0434, 1.795 2.3731 -13.1113, 1.795 2.3051 -13.0434, 1.9422 2.4481 -13.1113, 1.8729 2.4984 -13.155, 1.968 2.4988 -13.1113, 1.9971 2.4081 -13.0434, 2.0326 2.4778 -13.0434, 2.0449 2.555 -13.0434, 2.0885 2.555 -12.9578, 1.968 2.6112 -13.1113, 2.0326 2.6322 -13.0434, 1.5576 2.7275 -12.9578, 1.7043 2.8341 -12.9578, 1.7178 2.7926 -13.0434, 1.6225 2.7924 -12.9578, 1.5159 2.6457 -12.9578, 1.6481 2.7571 -13.0434, 1.7388 2.728 -13.1113, 1.795 2.6513 -13.155, 1.7652 2.6466 -13.155, 1.7384 2.6329 -13.155, 1.6881 2.7022 -13.1113, 1.8722 2.7926 -13.0434, 1.795 2.8485 -12.9578, 1.8857 2.8341 -12.9578, 2.0741 2.6457 -12.9578, 2.0324 2.7275 -12.9578, 1.7034 2.5848 -13.155, 1.8866 2.5848 -13.155, 1.9019 2.7022 -13.1113, 1.8729 2.6116 -13.155, 1.8516 2.6329 -13.155, 1.8248 2.6466 -13.155, 1.8512 2.728 -13.1113, 1.9675 2.7924 -12.9578, 1.9971 2.7019 -13.0434, 1.9422 2.6619 -13.1113, 1.9419 2.7571 -13.0434, 1.795 2.7369 -13.1113, 1.795 2.8049 -13.0434, 1.6478 2.6619 -13.1113, 1.7171 2.6116 -13.155, 1.622 2.6112 -13.1113, 1.5929 2.7019 -13.0434, 1.5574 2.6322 -13.0434, 1.5015 2.555 -5.5122, 1.5159 2.4643 -5.5122, 1.5451 2.555 -5.4266, 1.7034 2.5252 -5.315, 1.6987 2.555 -5.315, 1.622 2.4988 -5.3587, 1.6481 2.3529 -5.4266, 1.6478 2.4481 -5.3587, 1.5929 2.4081 -5.4266, 1.5574 2.4778 -5.4266, 1.6131 2.555 -5.3587, 1.9675 2.3176 -5.5122, 1.8857 2.2759 -5.5122, 1.795 2.3731 -5.3587, 1.7652 2.4634 -5.315, 1.7388 2.382 -5.3587, 1.6881 2.4078 -5.3587, 1.8512 2.382 -5.3587, 1.9019 2.4078 -5.3587, 1.8248 2.4634 -5.315, 1.7384 2.4771 -5.315, 1.9971 2.4081 -5.4266, 2.0741 2.4643 -5.5122, 2.0326 2.4778 -5.4266, 2.0885 2.555 -5.5122, 2.0449 2.555 -5.4266, 1.5576 2.3825 -5.5122, 1.6225 2.3176 -5.5122, 1.7171 2.4984 -5.315, 1.7964 2.555 -5.3, 1.7043 2.2759 -5.5122, 1.7178 2.3174 -5.4266, 1.795 2.2615 -5.5122, 1.795 2.3051 -5.4266, 2.0324 2.3825 -5.5122, 1.8722 2.3174 -5.4266, 1.795 2.4587 -5.315, 1.9419 2.3529 -5.4266, 1.8729 2.4984 -5.315, 1.8516 2.4771 -5.315, 1.9422 2.4481 -5.3587, 1.968 2.4988 -5.3587, 1.8866 2.5252 -5.315, 1.9769 2.555 -5.3587, 1.8913 2.555 -5.315, 2.0741 2.6457 -5.5122, 1.8866 2.5848 -5.315, 1.968 2.6112 -5.3587, 1.9419 2.7571 -5.4266, 1.9422 2.6619 -5.3587, 1.9971 2.7019 -5.4266, 2.0326 2.6322 -5.4266, 1.9019 2.7022 -5.3587, 1.8512 2.728 -5.3587, 1.8516 2.6329 -5.315, 1.795 2.7369 -5.3587, 1.8248 2.6466 -5.315, 1.6225 2.7924 -5.5122, 1.7043 2.8341 -5.5122, 1.7388 2.728 -5.3587, 1.6881 2.7022 -5.3587, 1.7652 2.6466 -5.315, 1.5159 2.6457 -5.5122, 1.5574 2.6322 -5.4266, 1.5929 2.7019 -5.4266, 2.0324 2.7275 -5.5122, 1.9675 2.7924 -5.5122, 1.8729 2.6116 -5.315, 1.8857 2.8341 -5.5122, 1.8722 2.7926 -5.4266, 1.795 2.8485 -5.5122, 1.5576 2.7275 -5.5122, 1.795 2.8049 -5.4266, 1.7178 2.7926 -5.4266, 1.795 2.6513 -5.315, 1.6481 2.7571 -5.4266, 1.7171 2.6116 -5.315, 1.7384 2.6329 -5.315, 1.6478 2.6619 -5.3587, 1.622 2.6112 -5.3587, 1.7034 2.5848 -5.315, 1.5015 0.805 -5.5122, 1.5159 0.7143 -5.5122, 1.5451 0.805 -5.4266, 1.7034 0.7752 -5.315, 1.6987 0.805 -5.315, 1.622 0.7488 -5.3587, 1.6481 0.6029 -5.4266, 1.6478 0.6981 -5.3587, 1.5929 0.6581 -5.4266, 1.5574 0.7278 -5.4266, 1.6131 0.805 -5.3587, 1.795 0.6231 -5.3587, 1.7652 0.7134 -5.315, 1.7388 0.632 -5.3587, 1.6881 0.6578 -5.3587, 1.8512 0.632 -5.3587, 1.9019 0.6578 -5.3587, 1.8248 0.7134 -5.315, 1.7384 0.7271 -5.315, 2.0741 0.7143 -5.5122, 2.0326 0.7278 -5.4266, 1.9971 0.6581 -5.4266, 1.8857 0.5259 -5.5122, 1.9675 0.5676 -5.5122, 2.0885 0.805 -5.5122, 2.0449 0.805 -5.4266, 1.5576 0.6325 -5.5122, 1.6225 0.5676 -5.5122, 1.7171 0.7484 -5.315, 1.7964 0.805 -5.3, 1.7043 0.5259 -5.5122, 1.7178 0.5674 -5.4266, 1.795 0.5115 -5.5122, 2.0324 0.6325 -5.5122, 1.795 0.5551 -5.4266, 1.8722 0.5674 -5.4266, 1.795 0.7087 -5.315, 1.9419 0.6029 -5.4266, 1.8729 0.7484 -5.315, 1.8516 0.7271 -5.315, 1.9422 0.6981 -5.3587, 1.968 0.7488 -5.3587, 1.8866 0.7752 -5.315, 1.9769 0.805 -5.3587, 1.8913 0.805 -5.315, 2.0741 0.8957 -5.5122, 1.8866 0.8348 -5.315, 1.968 0.8612 -5.3587, 1.9419 1.0071 -5.4266, 1.9422 0.9119 -5.3587, 1.9971 0.9519 -5.4266, 2.0326 0.8822 -5.4266, 1.8512 0.978 -5.3587, 1.795 0.9869 -5.3587, 1.8248 0.8966 -5.315, 1.9019 0.9522 -5.3587, 1.7043 1.0841 -5.5122, 1.6225 1.0424 -5.5122, 1.8516 0.8829 -5.315, 1.7388 0.978 -5.3587, 1.6881 0.9522 -5.3587, 1.7652 0.8966 -5.315, 1.5159 0.8957 -5.5122, 1.5574 0.8822 -5.4266, 1.5929 0.9519 -5.4266, 2.0324 0.9775 -5.5122, 1.9675 1.0424 -5.5122, 1.8729 0.8616 -5.315, 1.8857 1.0841 -5.5122, 1.8722 1.0426 -5.4266, 1.795 1.0985 -5.5122, 1.5576 0.9775 -5.5122, 1.795 1.0549 -5.4266, 1.7178 1.0426 -5.4266, 1.795 0.9013 -5.315, 1.6481 1.0071 -5.4266, 1.7171 0.8616 -5.315, 1.7384 0.8829 -5.315, 1.6478 0.9119 -5.3587, 1.622 0.8612 -5.3587, 1.7034 0.8348 -5.315, 1.5015 -0.945 -5.5122, 1.5159 -1.0357 -5.5122, 1.5451 -0.945 -5.4266, 1.7034 -0.9748 -5.315, 1.6987 -0.945 -5.315, 1.622 -1.0012 -5.3587, 1.6481 -1.1471 -5.4266, 1.6478 -1.0519 -5.3587, 1.5929 -1.0919 -5.4266, 1.5574 -1.0222 -5.4266, 1.6131 -0.945 -5.3587, 1.795 -1.1269 -5.3587, 1.7652 -1.0366 -5.315, 1.7388 -1.118 -5.3587, 1.6881 -1.0922 -5.3587, 1.7384 -1.0229 -5.315, 1.8857 -1.2241 -5.5122, 1.9675 -1.1824 -5.5122, 1.8512 -1.118 -5.3587, 1.9019 -1.0922 -5.3587, 1.8248 -1.0366 -5.315, 2.0885 -0.945 -5.5122, 2.0449 -0.945 -5.4266, 2.0326 -1.0222 -5.4266, 1.9971 -1.0919 -5.4266, 2.0741 -1.0357 -5.5122, 1.5576 -1.1175 -5.5122, 1.6225 -1.1824 -5.5122, 1.7171 -1.0016 -5.315, 1.7964 -0.945 -5.3, 1.7043 -1.2241 -5.5122, 1.7178 -1.1826 -5.4266, 1.795 -1.2385 -5.5122, 2.0324 -1.1175 -5.5122, 1.795 -1.1949 -5.4266, 1.8722 -1.1826 -5.4266, 1.795 -1.0413 -5.315, 1.9419 -1.1471 -5.4266, 1.8729 -1.0016 -5.315, 1.8516 -1.0229 -5.315, 1.9422 -1.0519 -5.3587, 1.968 -1.0012 -5.3587, 1.8866 -0.9748 -5.315, 1.9769 -0.945 -5.3587, 1.8913 -0.945 -5.315, 2.0741 -0.8543 -5.5122, 1.8866 -0.9152 -5.315, 1.968 -0.8888 -5.3587, 1.9419 -0.7429 -5.4266, 1.9422 -0.8381 -5.3587, 1.9971 -0.7981 -5.4266, 2.0326 -0.8678 -5.4266, 1.9019 -0.7978 -5.3587, 1.8512 -0.772 -5.3587, 1.8516 -0.8671 -5.315, 1.795 -0.7631 -5.3587, 1.8248 -0.8534 -5.315, 1.6225 -0.7076 -5.5122, 1.7043 -0.6659 -5.5122, 1.7388 -0.772 -5.3587, 1.6881 -0.7978 -5.3587, 1.7652 -0.8534 -5.315, 1.5574 -0.8678 -5.4266, 1.5929 -0.7981 -5.4266, 1.5159 -0.8543 -5.5122, 2.0324 -0.7725 -5.5122, 1.9675 -0.7076 -5.5122, 1.8729 -0.8884 -5.315, 1.8857 -0.6659 -5.5122, 1.8722 -0.7074 -5.4266, 1.795 -0.6515 -5.5122, 1.5576 -0.7725 -5.5122, 1.795 -0.6951 -5.4266, 1.7178 -0.7074 -5.4266, 1.795 -0.8487 -5.315, 1.6481 -0.7429 -5.4266, 1.7171 -0.8884 -5.315, 1.7384 -0.8671 -5.315, 1.6478 -0.8381 -5.3587, 1.622 -0.8888 -5.3587, 1.7034 -0.9152 -5.315, -2.0885 -0.945 -5.5122, -2.0741 -1.0357 -5.5122, -2.0449 -0.945 -5.4266, -1.9419 -1.1471 -5.4266, -1.9422 -1.0519 -5.3587, -1.9971 -1.0919 -5.4266, -2.0326 -1.0222 -5.4266, -1.968 -1.0012 -5.3587, -1.9769 -0.945 -5.3587, -1.8866 -0.9748 -5.315, -1.8913 -0.945 -5.315, -1.5159 -1.0357 -5.5122, -1.5574 -1.0222 -5.4266, -1.5929 -1.0919 -5.4266, -1.8512 -1.118 -5.3587, -1.795 -1.1269 -5.3587, -1.8248 -1.0366 -5.315, -1.9019 -1.0922 -5.3587, -1.7652 -1.0366 -5.315, -1.7388 -1.118 -5.3587, -1.6881 -1.0922 -5.3587, -1.8516 -1.0229 -5.315, -1.7043 -1.2241 -5.5122, -1.6225 -1.1824 -5.5122, -1.5451 -0.945 -5.4266, -1.5015 -0.945 -5.5122, -2.0324 -1.1175 -5.5122, -1.9675 -1.1824 -5.5122, -1.8729 -1.0016 -5.315, -1.7936 -0.945 -5.3, -1.8857 -1.2241 -5.5122, -1.8722 -1.1826 -5.4266, -1.795 -1.2385 -5.5122, -1.5576 -1.1175 -5.5122, -1.795 -1.1949 -5.4266, -1.7178 -1.1826 -5.4266, -1.795 -1.0413 -5.315, -1.6481 -1.1471 -5.4266, -1.7171 -1.0016 -5.315, -1.7384 -1.0229 -5.315, -1.6478 -1.0519 -5.3587, -1.622 -1.0012 -5.3587, -1.7034 -0.9748 -5.315, -1.6131 -0.945 -5.3587, -1.6987 -0.945 -5.315, -1.5159 -0.8543 -5.5122, -1.6481 -0.7429 -5.4266, -1.6478 -0.8381 -5.3587, -1.5929 -0.7981 -5.4266, -1.5574 -0.8678 -5.4266, -1.622 -0.8888 -5.3587, -1.7034 -0.9152 -5.315, -1.6881 -0.7978 -5.3587, -1.7388 -0.772 -5.3587, -1.7384 -0.8671 -5.315, -1.795 -0.7631 -5.3587, -1.7652 -0.8534 -5.315, -1.9675 -0.7076 -5.5122, -1.8857 -0.6659 -5.5122, -1.8512 -0.772 -5.3587, -1.9019 -0.7978 -5.3587, -1.8248 -0.8534 -5.315, -2.0741 -0.8543 -5.5122, -2.0326 -0.8678 -5.4266, -1.9971 -0.7981 -5.4266, -1.5576 -0.7725 -5.5122, -1.6225 -0.7076 -5.5122, -1.7171 -0.8884 -5.315, -1.7043 -0.6659 -5.5122, -1.7178 -0.7074 -5.4266, -1.795 -0.6515 -5.5122, -2.0324 -0.7725 -5.5122, -1.795 -0.6951 -5.4266, -1.8722 -0.7074 -5.4266, -1.795 -0.8487 -5.315, -1.9419 -0.7429 -5.4266, -1.8729 -0.8884 -5.315, -1.8516 -0.8671 -5.315, -1.9422 -0.8381 -5.3587, -1.968 -0.8888 -5.3587, -1.8866 -0.9152 -5.315, -2.0885 0.805 -5.5122, -2.0741 0.7143 -5.5122, -2.0449 0.805 -5.4266, -1.9419 0.6029 -5.4266, -1.9422 0.6981 -5.3587, -1.9971 0.6581 -5.4266, -2.0326 0.7278 -5.4266, -1.968 0.7488 -5.3587, -1.9769 0.805 -5.3587, -1.8866 0.7752 -5.315, -1.8913 0.805 -5.315, -1.8512 0.632 -5.3587, -1.795 0.6231 -5.3587, -1.8248 0.7134 -5.315, -1.9019 0.6578 -5.3587, -1.7652 0.7134 -5.315, -1.7388 0.632 -5.3587, -1.6881 0.6578 -5.3587, -1.8516 0.7271 -5.315, -1.7043 0.5259 -5.5122, -1.6225 0.5676 -5.5122, -1.5015 0.805 -5.5122, -1.5451 0.805 -5.4266, -1.5574 0.7278 -5.4266, -1.5929 0.6581 -5.4266, -1.5159 0.7143 -5.5122, -2.0324 0.6325 -5.5122, -1.9675 0.5676 -5.5122, -1.8729 0.7484 -5.315, -1.7936 0.805 -5.3, -1.8857 0.5259 -5.5122, -1.8722 0.5674 -5.4266, -1.795 0.5115 -5.5122, -1.5576 0.6325 -5.5122, -1.795 0.5551 -5.4266, -1.7178 0.5674 -5.4266, -1.795 0.7087 -5.315, -1.6481 0.6029 -5.4266, -1.7171 0.7484 -5.315, -1.7384 0.7271 -5.315, -1.6478 0.6981 -5.3587, -1.622 0.7488 -5.3587, -1.7034 0.7752 -5.315, -1.6131 0.805 -5.3587, -1.6987 0.805 -5.315, -1.5159 0.8957 -5.5122, -1.7034 0.8348 -5.315, -1.622 0.8612 -5.3587, -1.6481 1.0071 -5.4266, -1.6478 0.9119 -5.3587, -1.5929 0.9519 -5.4266, -1.5574 0.8822 -5.4266, -1.6881 0.9522 -5.3587, -1.7388 0.978 -5.3587, -1.7384 0.8829 -5.315, -1.795 0.9869 -5.3587, -1.7652 0.8966 -5.315, -1.8512 0.978 -5.3587, -1.9019 0.9522 -5.3587, -1.8248 0.8966 -5.315, -2.0741 0.8957 -5.5122, -2.0326 0.8822 -5.4266, -1.9971 0.9519 -5.4266, -1.8857 1.0841 -5.5122, -1.9675 1.0424 -5.5122, -1.5576 0.9775 -5.5122, -1.6225 1.0424 -5.5122, -1.7171 0.8616 -5.315, -1.7043 1.0841 -5.5122, -1.7178 1.0426 -5.4266, -1.795 1.0985 -5.5122, -2.0324 0.9775 -5.5122, -1.795 1.0549 -5.4266, -1.8722 1.0426 -5.4266, -1.795 0.9013 -5.315, -1.9419 1.0071 -5.4266, -1.8729 0.8616 -5.315, -1.8516 0.8829 -5.315, -1.9422 0.9119 -5.3587, -1.968 0.8612 -5.3587, -1.8866 0.8348 -5.315, -1.5015 2.555 -5.5122, -1.5159 2.6457 -5.5122, -1.5451 2.555 -5.4266, -1.7034 2.5848 -5.315, -1.6987 2.555 -5.315, -1.622 2.6112 -5.3587, -1.6481 2.7571 -5.4266, -1.6478 2.6619 -5.3587, -1.5929 2.7019 -5.4266, -1.5574 2.6322 -5.4266, -1.6131 2.555 -5.3587, -1.795 2.7369 -5.3587, -1.7652 2.6466 -5.315, -1.7388 2.728 -5.3587, -1.6881 2.7022 -5.3587, -1.8857 2.8341 -5.5122, -1.9675 2.7924 -5.5122, -1.8512 2.728 -5.3587, -1.9019 2.7022 -5.3587, -1.8248 2.6466 -5.315, -1.7384 2.6329 -5.315, -2.0326 2.6322 -5.4266, -1.9971 2.7019 -5.4266, -2.0741 2.6457 -5.5122, -2.0885 2.555 -5.5122, -2.0449 2.555 -5.4266, -1.5576 2.7275 -5.5122, -1.6225 2.7924 -5.5122, -1.7171 2.6116 -5.315, -1.7936 2.555 -5.3, -1.7043 2.8341 -5.5122, -1.7178 2.7926 -5.4266, -1.795 2.8485 -5.5122, -1.795 2.8049 -5.4266, -2.0324 2.7275 -5.5122, -1.8722 2.7926 -5.4266, -1.795 2.6513 -5.315, -1.9419 2.7571 -5.4266, -1.8729 2.6116 -5.315, -1.8516 2.6329 -5.315, -1.9422 2.6619 -5.3587, -1.968 2.6112 -5.3587, -1.8866 2.5848 -5.315, -1.9769 2.555 -5.3587, -1.8913 2.555 -5.315, -1.8913 2.555 -5.315
            ]
        }
        coordIndex [
            0,1,2,-1,3,4,5,-1,6,7,8,-1,9,10,11,-1,12,13,14,-1,15,16,17,-1,13,18,19,-1,18,13,12,-1,20,19,21,-1,18,21,19,-1,16,15,14,-1,15,12,14,-1,8,7,17,-1,8,17,16,-1,22,9,7,-1,22,7,6,-1,10,1,11,-1,22,10,9,-1,0,2,4,-1,11,1,0,-1,3,5,23,-1,4,2,5,-1,24,25,26,-1,21,27,28,-1,29,30,31,-1,32,33,34,-1,35,36,37,-1,38,39,40,-1,36,41,42,-1,41,36,35,-1,23,42,3,-1,41,3,42,-1,39,38,37,-1,38,35,37,-1,31,30,40,-1,31,40,39,-1,43,32,30,-1,43,30,29,-1,33,25,34,-1,43,33,32,-1,24,26,27,-1,34,25,24,-1,21,28,20,-1,27,26,28,-1,44,45,46,-1,47,48,49,-1,50,51,52,-1,53,54,55,-1,56,57,58,-1,59,60,61,-1,57,62,63,-1,62,57,56,-1,64,63,65,-1,62,65,63,-1,60,59,58,-1,59,56,58,-1,52,51,61,-1,52,61,60,-1,66,53,51,-1,66,51,50,-1,54,45,55,-1,66,54,53,-1,44,46,48,-1,55,45,44,-1,47,49,67,-1,48,46,49,-1,68,69,70,-1,65,71,72,-1,73,74,75,-1,76,77,78,-1,79,80,81,-1,82,83,84,-1,80,85,86,-1,85,80,79,-1,67,86,47,-1,85,47,86,-1,83,82,81,-1,82,79,81,-1,75,74,84,-1,75,84,83,-1,87,76,74,-1,87,74,73,-1,77,69,78,-1,87,77,76,-1,68,70,71,-1,78,69,68,-1,65,72,64,-1,71,70,72,-1,88,89,90,-1,91,92,93,-1,94,95,96,-1,97,98,99,-1,100,101,102,-1,103,104,105,-1,101,106,107,-1,106,101,100,-1,108,107,109,-1,106,109,107,-1,103,102,104,-1,103,100,102,-1,105,104,96,-1,110,97,95,-1,95,94,110,-1,96,95,105,-1,98,89,99,-1,110,98,97,-1,88,90,92,-1,99,89,88,-1,91,93,111,-1,92,90,93,-1,112,113,114,-1,109,115,116,-1,117,118,119,-1,120,121,122,-1,123,124,125,-1,126,127,128,-1,124,129,130,-1,129,124,123,-1,111,130,91,-1,129,91,130,-1,127,126,125,-1,126,123,125,-1,119,118,128,-1,119,128,127,-1,131,120,118,-1,131,118,117,-1,121,113,122,-1,131,121,120,-1,112,114,115,-1,122,113,112,-1,109,116,108,-1,115,114,116,-1,132,133,134,-1,135,136,137,-1,138,139,140,-1,141,142,143,-1,144,145,146,-1,147,148,149,-1,145,150,151,-1,150,145,144,-1,152,151,153,-1,150,153,151,-1,148,147,146,-1,147,144,146,-1,140,139,149,-1,140,149,148,-1,154,141,139,-1,154,139,138,-1,142,133,143,-1,154,142,141,-1,132,134,136,-1,143,133,132,-1,135,137,155,-1,136,134,137,-1,156,157,158,-1,153,159,160,-1,161,162,163,-1,164,165,166,-1,167,168,169,-1,170,171,172,-1,168,173,174,-1,173,168,167,-1,155,174,135,-1,173,135,174,-1,171,170,169,-1,170,167,169,-1,163,162,172,-1,163,172,171,-1,175,164,162,-1,175,162,161,-1,165,157,166,-1,175,165,164,-1,156,158,159,-1,166,157,156,-1,153,160,152,-1,159,158,160,-1,176,177,178,-1,179,180,181,-1,182,183,184,-1,185,186,187,-1,188,189,190,-1,191,192,193,-1,189,194,195,-1,194,189,188,-1,196,195,197,-1,194,197,195,-1,192,191,190,-1,191,188,190,-1,184,183,193,-1,184,193,192,-1,198,185,183,-1,198,183,182,-1,186,177,187,-1,198,186,185,-1,176,178,180,-1,187,177,176,-1,179,181,199,-1,180,178,181,-1,200,201,202,-1,197,203,204,-1,205,206,207,-1,208,209,210,-1,211,212,213,-1,214,215,216,-1,212,217,218,-1,217,212,211,-1,199,218,179,-1,217,179,218,-1,215,214,213,-1,214,211,213,-1,207,206,216,-1,207,216,215,-1,219,208,206,-1,219,206,205,-1,209,201,210,-1,219,209,208,-1,200,202,203,-1,210,201,200,-1,197,204,196,-1,203,202,204,-1,220,221,222,-1,223,224,225,-1,226,227,228,-1,229,230,231,-1,232,233,234,-1,235,236,237,-1,233,238,239,-1,238,233,232,-1,240,239,241,-1,238,241,239,-1,236,235,234,-1,235,232,234,-1,228,227,237,-1,228,237,236,-1,242,229,227,-1,242,227,226,-1,230,221,231,-1,242,230,229,-1,220,222,224,-1,231,221,220,-1,223,225,243,-1,224,222,225,-1,244,245,246,-1,241,247,248,-1,249,250,251,-1,252,253,254,-1,255,256,257,-1,258,259,260,-1,256,261,262,-1,261,256,255,-1,243,262,223,-1,261,223,262,-1,259,258,257,-1,258,255,257,-1,251,250,260,-1,251,260,259,-1,263,252,250,-1,263,250,249,-1,253,245,254,-1,263,253,252,-1,244,246,247,-1,254,245,244,-1,241,248,240,-1,247,246,248,-1,264,265,266,-1,267,268,269,-1,270,271,272,-1,273,274,275,-1,276,277,278,-1,279,280,281,-1,280,279,282,-1,283,284,281,-1,279,281,284,-1,285,284,283,-1,282,273,275,-1,275,280,282,-1,278,277,274,-1,278,274,273,-1,276,268,267,-1,276,267,277,-1,269,271,270,-1,268,271,269,-1,264,272,265,-1,270,272,264,-1,286,285,283,-1,287,288,289,-1,290,291,292,-1,293,294,295,-1,296,297,298,-1,299,300,301,-1,300,299,302,-1,266,303,301,-1,299,301,303,-1,265,303,266,-1,302,293,295,-1,295,300,302,-1,298,297,294,-1,298,294,293,-1,296,288,287,-1,296,287,297,-1,289,291,290,-1,288,291,289,-1,286,292,285,-1,290,292,286,-1,304,305,306,-1,307,308,309,-1,310,311,312,-1,313,314,315,-1,316,317,318,-1,319,320,321,-1,320,319,322,-1,323,324,321,-1,319,321,324,-1,325,324,323,-1,322,313,315,-1,315,320,322,-1,318,317,314,-1,318,314,313,-1,316,308,307,-1,316,307,317,-1,309,311,310,-1,308,311,309,-1,304,312,305,-1,310,312,304,-1,326,325,323,-1,327,328,329,-1,330,331,332,-1,333,334,335,-1,336,337,338,-1,339,340,341,-1,340,339,342,-1,306,343,341,-1,339,341,343,-1,305,343,306,-1,342,333,335,-1,335,340,342,-1,338,337,334,-1,338,334,333,-1,336,328,327,-1,336,327,337,-1,329,331,330,-1,328,331,329,-1,326,332,325,-1,330,332,326,-1,344,345,346,-1,347,348,349,-1,350,351,352,-1,353,354,355,-1,356,357,358,-1,359,360,361,-1,360,359,362,-1,363,364,361,-1,359,361,364,-1,365,364,363,-1,362,353,355,-1,355,360,362,-1,358,357,354,-1,358,354,353,-1,356,348,347,-1,356,347,357,-1,349,351,350,-1,348,351,349,-1,344,352,345,-1,350,352,344,-1,366,365,363,-1,367,368,369,-1,370,371,372,-1,373,374,375,-1,376,377,378,-1,379,380,381,-1,380,379,382,-1,346,383,381,-1,379,381,383,-1,345,383,346,-1,382,373,375,-1,375,380,382,-1,378,377,374,-1,378,374,373,-1,376,368,367,-1,376,367,377,-1,369,371,370,-1,368,371,369,-1,366,372,365,-1,370,372,366,-1,384,385,386,-1,387,388,389,-1,390,391,392,-1,393,394,395,-1,396,397,398,-1,399,400,401,-1,400,399,402,-1,403,404,401,-1,399,401,404,-1,405,404,403,-1,402,393,395,-1,395,400,402,-1,398,397,394,-1,398,394,393,-1,396,388,387,-1,396,387,397,-1,389,391,390,-1,388,391,389,-1,384,392,385,-1,390,392,384,-1,406,405,403,-1,407,408,409,-1,410,411,412,-1,413,414,415,-1,416,417,418,-1,419,420,421,-1,420,419,422,-1,386,423,421,-1,419,421,423,-1,385,423,386,-1,422,413,415,-1,415,420,422,-1,418,417,414,-1,418,414,413,-1,416,408,407,-1,416,407,417,-1,409,411,410,-1,408,411,409,-1,406,412,405,-1,410,412,406,-1,424,425,426,-1,427,428,429,-1,430,431,432,-1,433,434,435,-1,436,437,438,-1,439,440,441,-1,440,439,442,-1,443,444,441,-1,439,441,444,-1,445,444,443,-1,442,433,435,-1,435,440,442,-1,438,437,434,-1,438,434,433,-1,436,428,427,-1,436,427,437,-1,429,431,430,-1,428,431,429,-1,424,432,425,-1,430,432,424,-1,446,445,443,-1,447,448,449,-1,450,451,452,-1,453,454,455,-1,456,457,458,-1,459,460,461,-1,460,459,462,-1,426,463,461,-1,459,461,463,-1,425,463,426,-1,462,453,455,-1,455,460,462,-1,458,457,454,-1,458,454,453,-1,456,448,447,-1,456,447,457,-1,449,451,450,-1,448,451,449,-1,446,452,445,-1,450,452,446,-1,464,465,466,-1,467,468,469,-1,470,471,472,-1,473,474,475,-1,476,477,478,-1,479,480,481,-1,480,479,482,-1,483,484,481,-1,479,481,484,-1,485,484,483,-1,482,473,475,-1,475,480,482,-1,478,477,474,-1,478,474,473,-1,476,468,467,-1,476,467,477,-1,469,471,470,-1,468,471,469,-1,464,472,465,-1,470,472,464,-1,486,485,483,-1,487,488,489,-1,490,491,492,-1,493,494,495,-1,496,497,498,-1,499,500,501,-1,500,499,502,-1,466,503,501,-1,499,501,503,-1,465,503,466,-1,502,493,495,-1,495,500,502,-1,498,497,494,-1,498,494,493,-1,496,488,487,-1,496,487,497,-1,489,491,490,-1,488,491,489,-1,486,492,485,-1,490,492,486,-1,504,505,506,-1,360,507,361,-1,508,509,510,-1,363,361,511,-1,510,512,507,-1,513,514,515,-1,516,517,515,-1,518,519,520,-1,521,505,522,-1,523,524,525,-1,521,526,527,-1,527,505,521,-1,528,504,506,-1,526,344,346,-1,529,528,530,-1,529,504,528,-1,530,523,525,-1,531,532,533,-1,533,534,535,-1,536,522,537,-1,532,538,529,-1,504,529,538,-1,521,344,526,-1,506,505,527,-1,505,537,522,-1,350,344,521,-1,530,532,529,-1,539,520,536,-1,505,504,537,-1,538,537,504,-1,531,538,532,-1,349,350,522,-1,539,536,537,-1,350,521,522,-1,530,533,532,-1,514,540,534,-1,537,538,539,-1,531,539,538,-1,533,535,531,-1,536,349,522,-1,539,518,520,-1,347,349,536,-1,530,534,533,-1,541,508,519,-1,539,531,518,-1,535,518,531,-1,534,540,535,-1,357,347,520,-1,541,519,518,-1,347,536,520,-1,530,514,534,-1,513,512,509,-1,518,535,541,-1,540,541,535,-1,513,540,514,-1,354,357,519,-1,541,509,508,-1,357,520,519,-1,514,530,515,-1,542,516,543,-1,541,540,509,-1,513,509,540,-1,517,513,515,-1,519,508,354,-1,509,512,510,-1,355,354,508,-1,515,530,516,-1,525,544,543,-1,512,517,545,-1,517,512,513,-1,545,517,542,-1,360,355,510,-1,512,545,507,-1,355,508,510,-1,516,530,543,-1,545,542,546,-1,507,545,511,-1,516,542,517,-1,542,544,546,-1,507,511,361,-1,546,511,545,-1,360,510,507,-1,543,530,525,-1,543,544,542,-1,524,547,544,-1,525,524,544,-1,547,548,546,-1,544,547,546,-1,363,511,548,-1,546,548,511,-1,549,550,524,-1,380,551,381,-1,552,553,554,-1,346,381,555,-1,554,556,551,-1,557,558,559,-1,560,561,559,-1,562,563,564,-1,565,550,566,-1,528,506,567,-1,565,548,547,-1,547,550,565,-1,523,549,524,-1,548,366,363,-1,568,523,530,-1,568,549,523,-1,530,528,567,-1,569,570,571,-1,571,572,573,-1,574,566,575,-1,570,576,568,-1,549,568,576,-1,565,366,548,-1,524,550,547,-1,550,575,566,-1,370,366,565,-1,530,570,568,-1,577,564,574,-1,550,549,575,-1,576,575,549,-1,569,576,570,-1,369,370,566,-1,577,574,575,-1,370,565,566,-1,530,571,570,-1,558,578,572,-1,575,576,577,-1,569,577,576,-1,571,573,569,-1,574,369,566,-1,577,562,564,-1,367,369,574,-1,530,572,571,-1,579,552,563,-1,577,569,562,-1,573,562,569,-1,572,578,573,-1,377,367,564,-1,579,563,562,-1,367,574,564,-1,530,558,572,-1,557,556,553,-1,562,573,579,-1,578,579,573,-1,557,578,558,-1,374,377,563,-1,579,553,552,-1,377,564,563,-1,558,530,559,-1,580,560,581,-1,579,578,553,-1,557,553,578,-1,561,557,559,-1,563,552,374,-1,553,556,554,-1,375,374,552,-1,559,530,560,-1,567,582,581,-1,556,561,583,-1,561,556,557,-1,583,561,580,-1,380,375,554,-1,556,583,551,-1,375,552,554,-1,560,530,581,-1,583,580,584,-1,551,583,555,-1,560,580,561,-1,580,582,584,-1,551,555,381,-1,584,555,583,-1,380,554,551,-1,581,530,567,-1,581,582,580,-1,506,527,582,-1,567,506,582,-1,527,526,584,-1,582,527,584,-1,346,555,526,-1,584,526,555,-1,585,586,587,-1,320,588,321,-1,589,590,591,-1,323,321,592,-1,591,593,588,-1,594,595,596,-1,597,598,596,-1,599,600,601,-1,602,586,603,-1,604,605,606,-1,602,607,608,-1,608,586,602,-1,609,585,587,-1,607,304,306,-1,610,609,611,-1,610,585,609,-1,611,604,606,-1,612,613,614,-1,614,615,616,-1,617,603,618,-1,613,619,610,-1,585,610,619,-1,602,304,607,-1,587,586,608,-1,586,618,603,-1,310,304,602,-1,611,613,610,-1,620,601,617,-1,586,585,618,-1,619,618,585,-1,612,619,613,-1,309,310,603,-1,620,617,618,-1,310,602,603,-1,611,614,613,-1,595,621,615,-1,618,619,620,-1,612,620,619,-1,614,616,612,-1,617,309,603,-1,620,599,601,-1,307,309,617,-1,611,615,614,-1,622,589,600,-1,620,612,599,-1,616,599,612,-1,615,621,616,-1,317,307,601,-1,622,600,599,-1,307,617,601,-1,611,595,615,-1,594,593,590,-1,599,616,622,-1,621,622,616,-1,594,621,595,-1,314,317,600,-1,622,590,589,-1,317,601,600,-1,595,611,596,-1,623,597,624,-1,622,621,590,-1,594,590,621,-1,598,594,596,-1,600,589,314,-1,590,593,591,-1,315,314,589,-1,596,611,597,-1,606,625,624,-1,593,598,626,-1,598,593,594,-1,626,598,623,-1,320,315,591,-1,593,626,588,-1,315,589,591,-1,597,611,624,-1,626,623,627,-1,588,626,592,-1,597,623,598,-1,623,625,627,-1,588,592,321,-1,627,592,626,-1,320,591,588,-1,624,611,606,-1,624,625,623,-1,605,628,625,-1,606,605,625,-1,628,629,627,-1,625,628,627,-1,323,592,629,-1,627,629,592,-1,630,631,605,-1,340,632,341,-1,633,634,635,-1,306,341,636,-1,635,637,632,-1,638,639,640,-1,641,642,640,-1,643,644,645,-1,646,631,647,-1,609,587,648,-1,646,629,628,-1,628,631,646,-1,604,630,605,-1,629,326,323,-1,649,604,611,-1,649,630,604,-1,611,609,648,-1,650,651,652,-1,652,653,654,-1,655,647,656,-1,651,657,649,-1,630,649,657,-1,646,326,629,-1,605,631,628,-1,631,656,647,-1,330,326,646,-1,611,651,649,-1,658,645,655,-1,631,630,656,-1,657,656,630,-1,650,657,651,-1,329,330,647,-1,658,655,656,-1,330,646,647,-1,611,652,651,-1,639,659,653,-1,656,657,658,-1,650,658,657,-1,652,654,650,-1,655,329,647,-1,658,643,645,-1,327,329,655,-1,611,653,652,-1,660,633,644,-1,658,650,643,-1,654,643,650,-1,653,659,654,-1,337,327,645,-1,660,644,643,-1,327,655,645,-1,611,639,653,-1,638,637,634,-1,643,654,660,-1,659,660,654,-1,638,659,639,-1,334,337,644,-1,660,634,633,-1,337,645,644,-1,639,611,640,-1,661,641,662,-1,660,659,634,-1,638,634,659,-1,642,638,640,-1,644,633,334,-1,634,637,635,-1,335,334,633,-1,640,611,641,-1,648,663,662,-1,637,642,664,-1,642,637,638,-1,664,642,661,-1,340,335,635,-1,637,664,632,-1,335,633,635,-1,641,611,662,-1,664,661,665,-1,632,664,636,-1,641,661,642,-1,661,663,665,-1,632,636,341,-1,665,636,664,-1,340,635,632,-1,662,611,648,-1,662,663,661,-1,587,608,663,-1,648,587,663,-1,608,607,665,-1,663,608,665,-1,306,636,607,-1,665,607,636,-1,666,667,668,-1,280,669,281,-1,670,671,672,-1,283,281,673,-1,672,674,669,-1,675,676,677,-1,678,679,677,-1,680,681,682,-1,683,667,684,-1,685,686,687,-1,683,688,689,-1,689,667,683,-1,690,666,668,-1,688,264,266,-1,691,690,692,-1,691,666,690,-1,692,685,687,-1,693,694,695,-1,695,696,697,-1,698,684,699,-1,694,700,691,-1,666,691,700,-1,683,264,688,-1,668,667,689,-1,667,699,684,-1,270,264,683,-1,692,694,691,-1,701,682,698,-1,667,666,699,-1,700,699,666,-1,693,700,694,-1,269,270,684,-1,701,698,699,-1,270,683,684,-1,692,695,694,-1,676,702,696,-1,699,700,701,-1,693,701,700,-1,695,697,693,-1,698,269,684,-1,701,680,682,-1,267,269,698,-1,692,696,695,-1,703,670,681,-1,701,693,680,-1,697,680,693,-1,696,702,697,-1,277,267,682,-1,703,681,680,-1,267,698,682,-1,692,676,696,-1,675,674,671,-1,680,697,703,-1,702,703,697,-1,675,702,676,-1,274,277,681,-1,703,671,670,-1,277,682,681,-1,676,692,677,-1,704,678,705,-1,703,702,671,-1,675,671,702,-1,679,675,677,-1,681,670,274,-1,671,674,672,-1,275,274,670,-1,677,692,678,-1,687,706,705,-1,674,679,707,-1,679,674,675,-1,707,679,704,-1,280,275,672,-1,674,707,669,-1,275,670,672,-1,678,692,705,-1,707,704,708,-1,669,707,673,-1,678,704,679,-1,704,706,708,-1,669,673,281,-1,708,673,707,-1,280,672,669,-1,705,692,687,-1,705,706,704,-1,686,709,706,-1,687,686,706,-1,709,710,708,-1,706,709,708,-1,283,673,710,-1,708,710,673,-1,711,712,686,-1,300,713,301,-1,714,715,716,-1,266,301,717,-1,716,718,713,-1,719,720,721,-1,722,723,721,-1,724,725,726,-1,727,712,728,-1,690,668,729,-1,727,710,709,-1,709,712,727,-1,685,711,686,-1,710,286,283,-1,730,685,692,-1,730,711,685,-1,692,690,729,-1,731,732,733,-1,733,734,735,-1,736,728,737,-1,732,738,730,-1,711,730,738,-1,727,286,710,-1,686,712,709,-1,712,737,728,-1,290,286,727,-1,692,732,730,-1,739,726,736,-1,712,711,737,-1,738,737,711,-1,731,738,732,-1,289,290,728,-1,739,736,737,-1,290,727,728,-1,692,733,732,-1,720,740,734,-1,737,738,739,-1,731,739,738,-1,733,735,731,-1,736,289,728,-1,739,724,726,-1,287,289,736,-1,692,734,733,-1,741,714,725,-1,739,731,724,-1,735,724,731,-1,734,740,735,-1,297,287,726,-1,741,725,724,-1,287,736,726,-1,692,720,734,-1,719,718,715,-1,724,735,741,-1,740,741,735,-1,719,740,720,-1,294,297,725,-1,741,715,714,-1,297,726,725,-1,720,692,721,-1,742,722,743,-1,741,740,715,-1,719,715,740,-1,723,719,721,-1,725,714,294,-1,715,718,716,-1,295,294,714,-1,721,692,722,-1,729,744,743,-1,718,723,745,-1,723,718,719,-1,745,723,742,-1,300,295,716,-1,718,745,713,-1,295,714,716,-1,722,692,743,-1,745,742,746,-1,713,745,717,-1,722,742,723,-1,742,744,746,-1,713,717,301,-1,746,717,745,-1,300,716,713,-1,743,692,729,-1,743,744,742,-1,668,689,744,-1,729,668,744,-1,689,688,746,-1,744,689,746,-1,266,717,688,-1,746,688,717,-1,747,748,749,-1,400,750,401,-1,751,752,753,-1,403,401,754,-1,753,755,750,-1,756,757,758,-1,759,760,758,-1,761,762,763,-1,764,748,765,-1,766,767,768,-1,764,769,770,-1,770,748,764,-1,771,747,749,-1,769,384,386,-1,772,771,773,-1,772,747,771,-1,773,766,768,-1,774,775,776,-1,776,777,778,-1,779,765,780,-1,775,781,772,-1,747,772,781,-1,764,384,769,-1,749,748,770,-1,748,780,765,-1,390,384,764,-1,773,775,772,-1,782,763,779,-1,748,747,780,-1,781,780,747,-1,774,781,775,-1,389,390,765,-1,782,779,780,-1,390,764,765,-1,773,776,775,-1,757,783,777,-1,780,781,782,-1,774,782,781,-1,776,778,774,-1,779,389,765,-1,782,761,763,-1,387,389,779,-1,773,777,776,-1,784,751,762,-1,782,774,761,-1,778,761,774,-1,777,783,778,-1,397,387,763,-1,784,762,761,-1,387,779,763,-1,773,757,777,-1,756,755,752,-1,761,778,784,-1,783,784,778,-1,756,783,757,-1,394,397,762,-1,784,752,751,-1,397,763,762,-1,757,773,758,-1,785,759,786,-1,784,783,752,-1,756,752,783,-1,760,756,758,-1,762,751,394,-1,752,755,753,-1,395,394,751,-1,758,773,759,-1,768,787,786,-1,755,760,788,-1,760,755,756,-1,788,760,785,-1,400,395,753,-1,755,788,750,-1,395,751,753,-1,759,773,786,-1,788,785,789,-1,750,788,754,-1,759,785,760,-1,785,787,789,-1,750,754,401,-1,789,754,788,-1,400,753,750,-1,786,773,768,-1,786,787,785,-1,767,790,787,-1,768,767,787,-1,790,791,789,-1,787,790,789,-1,403,754,791,-1,789,791,754,-1,792,793,767,-1,420,794,421,-1,795,796,797,-1,386,421,798,-1,797,799,794,-1,800,801,802,-1,803,804,802,-1,805,806,807,-1,808,793,809,-1,771,749,810,-1,808,791,790,-1,790,793,808,-1,766,792,767,-1,791,406,403,-1,811,766,773,-1,811,792,766,-1,773,771,810,-1,812,813,814,-1,814,815,816,-1,817,809,818,-1,813,819,811,-1,792,811,819,-1,808,406,791,-1,767,793,790,-1,793,818,809,-1,410,406,808,-1,773,813,811,-1,820,807,817,-1,793,792,818,-1,819,818,792,-1,812,819,813,-1,409,410,809,-1,820,817,818,-1,410,808,809,-1,773,814,813,-1,801,821,815,-1,818,819,820,-1,812,820,819,-1,814,816,812,-1,817,409,809,-1,820,805,807,-1,407,409,817,-1,773,815,814,-1,822,795,806,-1,820,812,805,-1,816,805,812,-1,815,821,816,-1,417,407,807,-1,822,806,805,-1,407,817,807,-1,773,801,815,-1,800,799,796,-1,805,816,822,-1,821,822,816,-1,800,821,801,-1,414,417,806,-1,822,796,795,-1,417,807,806,-1,801,773,802,-1,823,803,824,-1,822,821,796,-1,800,796,821,-1,804,800,802,-1,806,795,414,-1,796,799,797,-1,415,414,795,-1,802,773,803,-1,810,825,824,-1,799,804,826,-1,804,799,800,-1,826,804,823,-1,420,415,797,-1,799,826,794,-1,415,795,797,-1,803,773,824,-1,826,823,827,-1,794,826,798,-1,803,823,804,-1,823,825,827,-1,794,798,421,-1,827,798,826,-1,420,797,794,-1,824,773,810,-1,824,825,823,-1,749,770,825,-1,810,749,825,-1,770,769,827,-1,825,770,827,-1,386,798,769,-1,827,769,798,-1,828,829,830,-1,440,831,441,-1,832,833,834,-1,443,441,835,-1,834,836,831,-1,837,838,839,-1,840,841,839,-1,842,843,844,-1,845,829,846,-1,847,848,849,-1,845,850,851,-1,851,829,845,-1,852,828,830,-1,850,424,426,-1,853,852,854,-1,853,828,852,-1,854,847,849,-1,855,856,857,-1,857,858,859,-1,860,846,861,-1,856,862,853,-1,828,853,862,-1,845,424,850,-1,830,829,851,-1,829,861,846,-1,430,424,845,-1,854,856,853,-1,863,844,860,-1,829,828,861,-1,862,861,828,-1,855,862,856,-1,429,430,846,-1,863,860,861,-1,430,845,846,-1,854,857,856,-1,838,864,858,-1,861,862,863,-1,855,863,862,-1,857,859,855,-1,860,429,846,-1,863,842,844,-1,427,429,860,-1,854,858,857,-1,865,832,843,-1,863,855,842,-1,859,842,855,-1,858,864,859,-1,437,427,844,-1,865,843,842,-1,427,860,844,-1,854,838,858,-1,837,836,833,-1,842,859,865,-1,864,865,859,-1,837,864,838,-1,434,437,843,-1,865,833,832,-1,437,844,843,-1,838,854,839,-1,866,840,867,-1,865,864,833,-1,837,833,864,-1,841,837,839,-1,843,832,434,-1,833,836,834,-1,435,434,832,-1,839,854,840,-1,849,868,867,-1,836,841,869,-1,841,836,837,-1,869,841,866,-1,440,435,834,-1,836,869,831,-1,435,832,834,-1,840,854,867,-1,869,866,870,-1,831,869,835,-1,840,866,841,-1,866,868,870,-1,831,835,441,-1,870,835,869,-1,440,834,831,-1,867,854,849,-1,867,868,866,-1,848,871,868,-1,849,848,868,-1,871,872,870,-1,868,871,870,-1,443,835,872,-1,870,872,835,-1,873,874,848,-1,460,875,461,-1,876,877,878,-1,426,461,879,-1,878,880,875,-1,881,882,883,-1,884,885,883,-1,886,887,888,-1,889,874,890,-1,852,830,891,-1,889,872,871,-1,871,874,889,-1,847,873,848,-1,872,446,443,-1,892,847,854,-1,892,873,847,-1,854,852,891,-1,893,894,895,-1,895,896,897,-1,898,890,899,-1,894,900,892,-1,873,892,900,-1,889,446,872,-1,848,874,871,-1,874,899,890,-1,450,446,889,-1,854,894,892,-1,901,888,898,-1,874,873,899,-1,900,899,873,-1,893,900,894,-1,449,450,890,-1,901,898,899,-1,450,889,890,-1,854,895,894,-1,882,902,896,-1,899,900,901,-1,893,901,900,-1,895,897,893,-1,898,449,890,-1,901,886,888,-1,447,449,898,-1,854,896,895,-1,903,876,887,-1,901,893,886,-1,897,886,893,-1,896,902,897,-1,457,447,888,-1,903,887,886,-1,447,898,888,-1,854,882,896,-1,881,880,877,-1,886,897,903,-1,902,903,897,-1,881,902,882,-1,454,457,887,-1,903,877,876,-1,457,888,887,-1,882,854,883,-1,904,884,905,-1,903,902,877,-1,881,877,902,-1,885,881,883,-1,887,876,454,-1,877,880,878,-1,455,454,876,-1,883,854,884,-1,891,906,905,-1,880,885,907,-1,885,880,881,-1,907,885,904,-1,460,455,878,-1,880,907,875,-1,455,876,878,-1,884,854,905,-1,907,904,908,-1,875,907,879,-1,884,904,885,-1,904,906,908,-1,875,879,461,-1,908,879,907,-1,460,878,875,-1,905,854,891,-1,905,906,904,-1,830,851,906,-1,891,830,906,-1,851,850,908,-1,906,851,908,-1,426,879,850,-1,908,850,879,-1,909,910,911,-1,480,912,481,-1,913,914,915,-1,483,481,916,-1,915,917,912,-1,918,919,920,-1,921,922,920,-1,923,924,925,-1,926,910,927,-1,928,929,930,-1,926,931,932,-1,932,910,926,-1,933,909,911,-1,931,464,466,-1,934,933,935,-1,934,909,933,-1,935,928,930,-1,936,937,938,-1,938,939,940,-1,941,927,942,-1,937,943,934,-1,909,934,943,-1,926,464,931,-1,911,910,932,-1,910,942,927,-1,470,464,926,-1,935,937,934,-1,944,925,941,-1,910,909,942,-1,943,942,909,-1,936,943,937,-1,469,470,927,-1,944,941,942,-1,470,926,927,-1,935,938,937,-1,919,945,939,-1,942,943,944,-1,936,944,943,-1,938,940,936,-1,941,469,927,-1,944,923,925,-1,467,469,941,-1,935,939,938,-1,946,913,924,-1,944,936,923,-1,940,923,936,-1,939,945,940,-1,477,467,925,-1,946,924,923,-1,467,941,925,-1,935,919,939,-1,918,917,914,-1,923,940,946,-1,945,946,940,-1,918,945,919,-1,474,477,924,-1,946,914,913,-1,477,925,924,-1,919,935,920,-1,947,921,948,-1,946,945,914,-1,918,914,945,-1,922,918,920,-1,924,913,474,-1,914,917,915,-1,475,474,913,-1,920,935,921,-1,930,949,948,-1,917,922,950,-1,922,917,918,-1,950,922,947,-1,480,475,915,-1,917,950,912,-1,475,913,915,-1,921,935,948,-1,950,947,951,-1,912,950,916,-1,921,947,922,-1,947,949,951,-1,912,916,481,-1,951,916,950,-1,480,915,912,-1,948,935,930,-1,948,949,947,-1,929,952,949,-1,930,929,949,-1,952,953,951,-1,949,952,951,-1,483,916,953,-1,951,953,916,-1,954,955,929,-1,500,956,501,-1,957,958,959,-1,466,501,960,-1,959,961,956,-1,962,963,964,-1,965,966,964,-1,967,968,969,-1,970,955,971,-1,933,911,972,-1,970,953,952,-1,952,955,970,-1,928,954,929,-1,953,486,483,-1,973,928,935,-1,973,954,928,-1,935,933,972,-1,974,975,976,-1,976,977,978,-1,979,971,980,-1,975,981,973,-1,954,973,981,-1,970,486,953,-1,929,955,952,-1,955,980,971,-1,490,486,970,-1,935,975,973,-1,982,969,979,-1,955,954,980,-1,981,980,954,-1,974,981,975,-1,489,490,971,-1,982,979,980,-1,490,970,971,-1,935,976,975,-1,963,983,977,-1,980,981,982,-1,974,982,981,-1,976,978,974,-1,979,489,971,-1,982,967,969,-1,487,489,979,-1,935,977,976,-1,984,957,968,-1,982,974,967,-1,978,967,974,-1,977,983,978,-1,497,487,969,-1,984,968,967,-1,487,979,969,-1,935,963,977,-1,962,961,958,-1,967,978,984,-1,983,984,978,-1,962,983,963,-1,494,497,968,-1,984,958,957,-1,497,969,968,-1,963,935,964,-1,985,965,986,-1,984,983,958,-1,962,958,983,-1,966,962,964,-1,968,957,494,-1,958,961,959,-1,495,494,957,-1,964,935,965,-1,972,987,986,-1,961,966,988,-1,966,961,962,-1,988,966,985,-1,500,495,959,-1,961,988,956,-1,495,957,959,-1,965,935,986,-1,988,985,989,-1,956,988,960,-1,965,985,966,-1,985,987,989,-1,956,960,501,-1,989,960,988,-1,500,959,956,-1,986,935,972,-1,986,987,985,-1,911,932,987,-1,972,911,987,-1,932,931,989,-1,987,932,989,-1,466,960,931,-1,989,931,960,-1,990,991,992,-1,993,994,995,-1,996,997,998,-1,999,1000,992,-1,995,1000,999,-1,998,995,999,-1,1000,995,994,-1,991,238,232,-1,238,991,990,-1,993,995,997,-1,990,241,238,-1,1001,1002,231,-1,1003,1004,1005,-1,997,996,1006,-1,1007,1008,1009,-1,1010,1006,1005,-1,1011,1012,1013,-1,1014,1012,223,-1,1015,1013,1014,-1,1002,229,231,-1,992,991,999,-1,1016,991,232,-1,235,1017,1016,-1,1016,998,999,-1,1006,1018,997,-1,1019,993,1018,-1,994,993,1019,-1,991,1016,999,-1,232,235,1016,-1,1017,237,1020,-1,995,998,997,-1,996,998,1017,-1,1005,1006,1021,-1,1018,1010,1019,-1,993,997,1018,-1,1016,1017,998,-1,235,237,1017,-1,227,1022,1020,-1,1001,231,220,-1,1021,996,1020,-1,1023,1003,1005,-1,1010,1004,1019,-1,1018,1006,1010,-1,1017,1020,996,-1,237,227,1020,-1,1024,220,224,-1,996,1021,1006,-1,1022,1023,1021,-1,1025,1007,1003,-1,1004,1026,1019,-1,1010,1005,1004,-1,1020,1022,1021,-1,227,229,1022,-1,1003,1007,1026,-1,1021,1023,1005,-1,1023,1002,1025,-1,1027,1008,1007,-1,1004,1003,1026,-1,1023,1022,1002,-1,229,1002,1022,-1,1028,1019,1029,-1,1023,1025,1003,-1,1001,1027,1025,-1,1011,1030,1008,-1,1019,1026,1009,-1,1026,1007,1009,-1,1002,1001,1025,-1,1001,220,1024,-1,1029,1008,1030,-1,1025,1027,1007,-1,1027,1024,1011,-1,1030,1028,1029,-1,1019,1009,1029,-1,1009,1008,1029,-1,1024,1027,1001,-1,223,1012,224,-1,1013,1031,1030,-1,1027,1011,1008,-1,1013,1030,1011,-1,1031,1032,1028,-1,1032,1019,1028,-1,1031,1028,1030,-1,1024,224,1012,-1,1011,1024,1012,-1,1031,1015,1033,-1,1014,1013,1012,-1,1032,1033,1034,-1,1015,1031,1013,-1,1034,1019,1032,-1,1033,1032,1031,-1,1014,1035,1015,-1,1036,1034,1037,-1,1038,1039,1040,-1,1041,1033,1015,-1,1037,1033,1041,-1,1040,1037,1041,-1,1033,1037,1034,-1,1035,261,255,-1,261,1035,1014,-1,1036,1037,1039,-1,1014,223,261,-1,1039,1038,1042,-1,1043,1044,1042,-1,1045,1046,1043,-1,1047,1048,254,-1,1049,1050,1051,-1,1052,241,990,-1,992,1053,990,-1,1053,1054,1052,-1,1048,252,254,-1,1015,1035,1041,-1,1055,1035,255,-1,258,1056,1055,-1,1055,1040,1041,-1,1042,1057,1039,-1,1019,1036,1057,-1,1034,1036,1019,-1,1035,1055,1041,-1,255,258,1055,-1,1056,260,1058,-1,1037,1040,1039,-1,1038,1040,1056,-1,1043,1042,1059,-1,1057,1044,1019,-1,1036,1039,1057,-1,1055,1056,1040,-1,258,260,1056,-1,250,1060,1058,-1,1061,244,247,-1,1059,1038,1058,-1,1062,1045,1043,-1,1044,1046,1019,-1,1057,1042,1044,-1,1056,1058,1038,-1,260,250,1058,-1,1061,1047,244,-1,1038,1059,1042,-1,1060,1062,1059,-1,1063,1049,1045,-1,1046,1064,1019,-1,1044,1043,1046,-1,1058,1060,1059,-1,250,252,1060,-1,1045,1049,1064,-1,1059,1062,1043,-1,1062,1048,1063,-1,1065,1050,1049,-1,1046,1045,1064,-1,1062,1060,1048,-1,252,1048,1060,-1,1066,1019,1067,-1,1062,1063,1045,-1,1047,1065,1063,-1,1054,1068,1050,-1,1019,1064,1051,-1,1064,1049,1051,-1,1048,1047,1063,-1,254,244,1047,-1,1067,1050,1068,-1,1063,1065,1049,-1,1065,1061,1054,-1,1068,1066,1067,-1,1019,1051,1067,-1,1051,1050,1067,-1,1061,1065,1047,-1,241,1052,247,-1,1053,1069,1068,-1,1065,1054,1050,-1,1053,1068,1054,-1,1069,1070,1066,-1,1070,1019,1066,-1,1069,1066,1068,-1,1061,247,1052,-1,1054,1061,1052,-1,1069,992,1000,-1,990,1053,1052,-1,1070,1000,994,-1,992,1069,1053,-1,994,1019,1070,-1,1000,1070,1069,-1,1071,1072,1073,-1,1074,1075,1076,-1,1077,1078,1079,-1,1080,1081,1073,-1,1076,1081,1080,-1,1079,1076,1080,-1,1081,1076,1075,-1,1072,194,188,-1,194,1072,1071,-1,1076,1078,1074,-1,1071,197,194,-1,1082,1083,1084,-1,1078,1077,1085,-1,1086,1087,1088,-1,1089,1085,1084,-1,1090,1091,1092,-1,1093,187,1094,-1,1095,1090,179,-1,1096,1091,1095,-1,1093,185,187,-1,1073,1072,1080,-1,1097,1072,188,-1,191,1098,1097,-1,1097,1079,1080,-1,1085,1099,1078,-1,1100,1074,1099,-1,1075,1074,1100,-1,1072,1097,1080,-1,188,191,1097,-1,1098,193,1101,-1,1076,1079,1078,-1,1077,1079,1098,-1,1084,1085,1102,-1,1099,1089,1100,-1,1074,1078,1099,-1,1097,1098,1079,-1,191,193,1098,-1,183,1103,1101,-1,1104,176,180,-1,1102,1077,1101,-1,1105,1082,1084,-1,1089,1083,1100,-1,1099,1085,1089,-1,1098,1101,1077,-1,193,183,1101,-1,1104,1094,176,-1,1077,1102,1085,-1,1103,1105,1102,-1,1106,1086,1082,-1,1083,1107,1100,-1,1089,1084,1083,-1,1101,1103,1102,-1,183,185,1103,-1,1082,1086,1107,-1,1102,1105,1084,-1,1105,1093,1106,-1,1108,1087,1086,-1,1083,1082,1107,-1,1105,1103,1093,-1,185,1093,1103,-1,1109,1100,1110,-1,1105,1106,1082,-1,1094,1108,1106,-1,1092,1111,1087,-1,1100,1107,1088,-1,1107,1086,1088,-1,1093,1094,1106,-1,187,176,1094,-1,1110,1087,1111,-1,1106,1108,1086,-1,1108,1104,1092,-1,1111,1109,1110,-1,1100,1088,1110,-1,1088,1087,1110,-1,1104,1108,1094,-1,179,1090,180,-1,1091,1112,1111,-1,1108,1092,1087,-1,1091,1111,1092,-1,1112,1113,1109,-1,1113,1100,1109,-1,1112,1109,1111,-1,1104,180,1090,-1,1092,1104,1090,-1,1112,1096,1114,-1,1095,1091,1090,-1,1113,1114,1115,-1,1096,1112,1091,-1,1115,1100,1113,-1,1114,1113,1112,-1,1095,1116,1096,-1,1117,1115,1118,-1,1119,1120,1121,-1,1122,1114,1096,-1,1118,1114,1122,-1,1121,1118,1122,-1,1114,1118,1115,-1,1116,217,211,-1,1123,1124,1125,-1,217,1116,1095,-1,1117,1118,1120,-1,1095,179,217,-1,1120,1119,1126,-1,1127,210,1128,-1,1129,1126,1123,-1,1130,1131,1132,-1,1133,197,1071,-1,1073,1134,1071,-1,1134,1135,1133,-1,1127,208,210,-1,1096,1116,1122,-1,1136,1116,211,-1,214,1137,1136,-1,1136,1121,1122,-1,1126,1138,1120,-1,1100,1117,1138,-1,1115,1117,1100,-1,1116,1136,1122,-1,211,214,1136,-1,1137,216,1139,-1,1118,1121,1120,-1,1119,1121,1137,-1,1123,1126,1140,-1,1138,1129,1100,-1,1117,1120,1138,-1,1136,1137,1121,-1,214,216,1137,-1,206,1141,1139,-1,1142,200,203,-1,1140,1119,1139,-1,1143,1124,1123,-1,1129,1125,1100,-1,1138,1126,1129,-1,1137,1139,1119,-1,216,206,1139,-1,1142,1128,200,-1,1119,1140,1126,-1,1141,1143,1140,-1,1144,1130,1124,-1,1125,1145,1100,-1,1129,1123,1125,-1,1139,1141,1140,-1,206,208,1141,-1,1124,1130,1145,-1,1140,1143,1123,-1,1143,1127,1144,-1,1146,1131,1130,-1,1125,1124,1145,-1,1143,1141,1127,-1,208,1127,1141,-1,1147,1100,1148,-1,1143,1144,1124,-1,1128,1146,1144,-1,1135,1149,1131,-1,1100,1145,1132,-1,1145,1130,1132,-1,1127,1128,1144,-1,210,200,1128,-1,1148,1131,1149,-1,1144,1146,1130,-1,1146,1142,1135,-1,1149,1147,1148,-1,1100,1132,1148,-1,1132,1131,1148,-1,1142,1146,1128,-1,197,1133,203,-1,1134,1150,1149,-1,1146,1135,1131,-1,1134,1149,1135,-1,1150,1151,1147,-1,1151,1100,1147,-1,1150,1147,1149,-1,1142,203,1133,-1,1135,1142,1133,-1,1150,1073,1081,-1,1071,1134,1133,-1,1151,1081,1075,-1,1073,1150,1134,-1,1075,1100,1151,-1,1081,1151,1150,-1,1152,1153,1154,-1,1155,1156,1157,-1,1158,1159,1160,-1,1161,1162,1154,-1,1157,1162,1161,-1,1160,1157,1161,-1,1162,1157,1156,-1,1153,150,144,-1,150,1153,1152,-1,1155,1157,1159,-1,1152,153,150,-1,1163,1164,1165,-1,1159,1158,1166,-1,1167,1166,1165,-1,1168,143,1169,-1,1170,1171,1172,-1,1173,1174,1175,-1,1175,1176,1177,-1,1173,1177,135,-1,1168,141,143,-1,1154,1153,1161,-1,1178,1153,144,-1,147,1179,1178,-1,1178,1160,1161,-1,1166,1180,1159,-1,1181,1155,1180,-1,1156,1155,1181,-1,1153,1178,1161,-1,144,147,1178,-1,1179,149,1182,-1,1157,1160,1159,-1,1158,1160,1179,-1,1165,1166,1183,-1,1180,1167,1181,-1,1155,1159,1180,-1,1178,1179,1160,-1,147,149,1179,-1,139,1184,1182,-1,1185,132,136,-1,1183,1158,1182,-1,1186,1163,1165,-1,1167,1164,1181,-1,1180,1166,1167,-1,1179,1182,1158,-1,149,139,1182,-1,1185,1169,132,-1,1158,1183,1166,-1,1184,1186,1183,-1,1187,1170,1163,-1,1164,1188,1181,-1,1167,1165,1164,-1,1182,1184,1183,-1,139,141,1184,-1,1163,1170,1188,-1,1183,1186,1165,-1,1186,1168,1187,-1,1189,1171,1170,-1,1164,1163,1188,-1,1186,1184,1168,-1,141,1168,1184,-1,1190,1181,1191,-1,1186,1187,1163,-1,1169,1189,1187,-1,1176,1192,1171,-1,1181,1188,1172,-1,1188,1170,1172,-1,1168,1169,1187,-1,143,132,1169,-1,1191,1171,1192,-1,1187,1189,1170,-1,1189,1185,1176,-1,1192,1190,1191,-1,1181,1172,1191,-1,1172,1171,1191,-1,1185,1189,1169,-1,135,1177,136,-1,1175,1193,1192,-1,1189,1176,1171,-1,1175,1192,1176,-1,1193,1194,1190,-1,1194,1181,1190,-1,1193,1190,1192,-1,1185,136,1177,-1,1176,1185,1177,-1,1193,1174,1195,-1,1173,1175,1177,-1,1194,1195,1196,-1,1174,1193,1175,-1,1196,1181,1194,-1,1195,1194,1193,-1,1173,1197,1174,-1,1198,1196,1199,-1,1200,1201,1202,-1,1203,1195,1174,-1,1199,1195,1203,-1,1202,1199,1203,-1,1195,1199,1196,-1,1197,173,167,-1,173,1197,1173,-1,1198,1199,1201,-1,1173,135,173,-1,1201,1200,1204,-1,1205,1206,1204,-1,1207,1208,1205,-1,1209,1210,166,-1,1211,1212,1213,-1,1152,1154,1214,-1,1214,1215,1216,-1,1152,1216,153,-1,1210,164,166,-1,1174,1197,1203,-1,1217,1197,167,-1,170,1218,1217,-1,1217,1202,1203,-1,1204,1219,1201,-1,1181,1198,1219,-1,1196,1198,1181,-1,1197,1217,1203,-1,167,170,1217,-1,1218,172,1220,-1,1199,1202,1201,-1,1200,1202,1218,-1,1205,1204,1221,-1,1219,1206,1181,-1,1198,1201,1219,-1,1217,1218,1202,-1,170,172,1218,-1,162,1222,1220,-1,1223,156,159,-1,1221,1200,1220,-1,1224,1207,1205,-1,1206,1208,1181,-1,1219,1204,1206,-1,1218,1220,1200,-1,172,162,1220,-1,1223,1209,156,-1,1200,1221,1204,-1,1222,1224,1221,-1,1225,1211,1207,-1,1208,1226,1181,-1,1206,1205,1208,-1,1220,1222,1221,-1,162,164,1222,-1,1207,1211,1226,-1,1221,1224,1205,-1,1224,1210,1225,-1,1227,1212,1211,-1,1208,1207,1226,-1,1224,1222,1210,-1,164,1210,1222,-1,1228,1181,1229,-1,1224,1225,1207,-1,1209,1227,1225,-1,1215,1230,1212,-1,1181,1226,1213,-1,1226,1211,1213,-1,1210,1209,1225,-1,166,156,1209,-1,1229,1212,1230,-1,1225,1227,1211,-1,1227,1223,1215,-1,1230,1228,1229,-1,1181,1213,1229,-1,1213,1212,1229,-1,1223,1227,1209,-1,153,1216,159,-1,1214,1231,1230,-1,1227,1215,1212,-1,1214,1230,1215,-1,1231,1232,1228,-1,1232,1181,1228,-1,1231,1228,1230,-1,1223,159,1216,-1,1215,1223,1216,-1,1231,1154,1162,-1,1152,1214,1216,-1,1232,1162,1156,-1,1154,1231,1214,-1,1156,1181,1232,-1,1162,1232,1231,-1,1233,1234,1235,-1,1236,1237,1238,-1,1239,1240,1241,-1,1235,1239,1241,-1,1242,1243,1240,-1,1238,1240,1239,-1,1241,1240,1243,-1,1234,18,12,-1,1244,1245,1246,-1,18,1234,1233,-1,1240,1237,1242,-1,1233,21,18,-1,1247,1248,1249,-1,1237,1236,1250,-1,1251,1252,1253,-1,1254,1250,1247,-1,1255,11,1256,-1,1257,1245,1258,-1,1258,1244,3,-1,1255,9,11,-1,1235,1234,1239,-1,1259,1234,12,-1,15,1260,1259,-1,1259,1238,1239,-1,1250,1261,1237,-1,1262,1242,1261,-1,1243,1242,1262,-1,1234,1259,1239,-1,12,15,1259,-1,1260,17,1263,-1,1240,1238,1237,-1,1236,1238,1260,-1,1247,1250,1264,-1,1261,1254,1262,-1,1242,1237,1261,-1,1259,1260,1238,-1,15,17,1260,-1,7,1265,1263,-1,1266,0,4,-1,1264,1236,1263,-1,1267,1248,1247,-1,1254,1249,1262,-1,1261,1250,1254,-1,1260,1263,1236,-1,17,7,1263,-1,1266,1256,0,-1,1236,1264,1250,-1,1265,1267,1264,-1,1268,1252,1248,-1,1249,1269,1262,-1,1254,1247,1249,-1,1263,1265,1264,-1,7,9,1265,-1,1248,1252,1269,-1,1264,1267,1247,-1,1267,1255,1268,-1,1270,1253,1252,-1,1249,1248,1269,-1,1267,1265,1255,-1,9,1255,1265,-1,1271,1262,1272,-1,1267,1268,1248,-1,1256,1270,1268,-1,1246,1273,1253,-1,1262,1269,1251,-1,1269,1252,1251,-1,1255,1256,1268,-1,11,0,1256,-1,1272,1253,1273,-1,1268,1270,1252,-1,1270,1266,1246,-1,1273,1271,1272,-1,1262,1251,1272,-1,1251,1253,1272,-1,1266,1270,1256,-1,3,1244,4,-1,1245,1274,1273,-1,1270,1246,1253,-1,1245,1273,1246,-1,1274,1275,1271,-1,1275,1262,1271,-1,1274,1271,1273,-1,1266,4,1244,-1,1246,1266,1244,-1,1274,1257,1276,-1,1258,1245,1244,-1,1275,1276,1277,-1,1257,1274,1245,-1,1277,1262,1275,-1,1276,1275,1274,-1,1258,1278,1257,-1,1279,1280,1281,-1,1282,1283,1276,-1,1257,1282,1276,-1,1284,1277,1283,-1,1281,1283,1282,-1,1276,1283,1277,-1,1278,41,35,-1,41,1278,1258,-1,1284,1283,1280,-1,1258,3,41,-1,1280,1279,1285,-1,1286,1287,1285,-1,1288,1289,1286,-1,1290,1291,34,-1,1292,1293,1294,-1,1295,21,1233,-1,1235,1296,1233,-1,1296,1297,1295,-1,1291,32,34,-1,1257,1278,1282,-1,1298,1278,35,-1,38,1299,1298,-1,1298,1281,1282,-1,1285,1300,1280,-1,1262,1284,1300,-1,1277,1284,1262,-1,1278,1298,1282,-1,35,38,1298,-1,1299,40,1301,-1,1283,1281,1280,-1,1279,1281,1299,-1,1286,1285,1302,-1,1300,1287,1262,-1,1284,1280,1300,-1,1298,1299,1281,-1,38,40,1299,-1,30,1303,1301,-1,1304,24,27,-1,1302,1279,1301,-1,1305,1288,1286,-1,1287,1289,1262,-1,1300,1285,1287,-1,1299,1301,1279,-1,40,30,1301,-1,1304,1290,24,-1,1279,1302,1285,-1,1303,1305,1302,-1,1306,1292,1288,-1,1289,1307,1262,-1,1287,1286,1289,-1,1301,1303,1302,-1,30,32,1303,-1,1288,1292,1307,-1,1302,1305,1286,-1,1305,1291,1306,-1,1308,1293,1292,-1,1289,1288,1307,-1,1305,1303,1291,-1,32,1291,1303,-1,1309,1262,1310,-1,1305,1306,1288,-1,1290,1308,1306,-1,1297,1311,1293,-1,1262,1307,1294,-1,1307,1292,1294,-1,1291,1290,1306,-1,34,24,1290,-1,1310,1293,1311,-1,1306,1308,1292,-1,1308,1304,1297,-1,1311,1309,1310,-1,1262,1294,1310,-1,1294,1293,1310,-1,1304,1308,1290,-1,21,1295,27,-1,1296,1312,1311,-1,1308,1297,1293,-1,1296,1311,1297,-1,1312,1313,1309,-1,1313,1262,1309,-1,1312,1309,1311,-1,1304,27,1295,-1,1297,1304,1295,-1,1312,1235,1241,-1,1233,1296,1295,-1,1313,1241,1243,-1,1235,1312,1296,-1,1243,1262,1313,-1,1241,1313,1312,-1,1314,1315,1316,-1,1317,1318,1319,-1,1320,1321,1322,-1,1316,1320,1322,-1,1323,1324,1321,-1,1319,1321,1320,-1,1322,1321,1324,-1,1315,62,56,-1,62,1315,1314,-1,1321,1318,1323,-1,1314,65,62,-1,1325,1326,1327,-1,1318,1317,1328,-1,1329,1330,1331,-1,1332,1328,1325,-1,1333,55,1334,-1,1335,1336,1337,-1,1337,1338,1339,-1,1335,1339,47,-1,1333,53,55,-1,1316,1315,1320,-1,1340,1315,56,-1,59,1341,1340,-1,1340,1319,1320,-1,1328,1342,1318,-1,1343,1323,1342,-1,1324,1323,1343,-1,1315,1340,1320,-1,56,59,1340,-1,1341,61,1344,-1,1321,1319,1318,-1,1317,1319,1341,-1,1325,1328,1345,-1,1342,1332,1343,-1,1323,1318,1342,-1,1340,1341,1319,-1,59,61,1341,-1,51,1346,1344,-1,1347,44,48,-1,1345,1317,1344,-1,1348,1326,1325,-1,1332,1327,1343,-1,1342,1328,1332,-1,1341,1344,1317,-1,61,51,1344,-1,1347,1334,44,-1,1317,1345,1328,-1,1346,1348,1345,-1,1349,1330,1326,-1,1327,1350,1343,-1,1332,1325,1327,-1,1344,1346,1345,-1,51,53,1346,-1,1326,1330,1350,-1,1345,1348,1325,-1,1348,1333,1349,-1,1351,1331,1330,-1,1327,1326,1350,-1,1348,1346,1333,-1,53,1333,1346,-1,1352,1343,1353,-1,1348,1349,1326,-1,1334,1351,1349,-1,1338,1354,1331,-1,1343,1350,1329,-1,1350,1330,1329,-1,1333,1334,1349,-1,55,44,1334,-1,1353,1331,1354,-1,1349,1351,1330,-1,1351,1347,1338,-1,1354,1352,1353,-1,1343,1329,1353,-1,1329,1331,1353,-1,1347,1351,1334,-1,47,1339,48,-1,1337,1355,1354,-1,1351,1338,1331,-1,1337,1354,1338,-1,1355,1356,1352,-1,1356,1343,1352,-1,1355,1352,1354,-1,1347,48,1339,-1,1338,1347,1339,-1,1355,1336,1357,-1,1335,1337,1339,-1,1356,1357,1358,-1,1336,1355,1337,-1,1358,1343,1356,-1,1357,1356,1355,-1,1335,1359,1336,-1,1360,1358,1361,-1,1362,1363,1364,-1,1365,1357,1336,-1,1361,1357,1365,-1,1364,1361,1365,-1,1357,1361,1358,-1,1359,85,79,-1,85,1359,1335,-1,1360,1361,1363,-1,1335,47,85,-1,1363,1362,1366,-1,1367,1368,1366,-1,1369,1370,1367,-1,1371,1372,1373,-1,1374,1375,1376,-1,1377,78,1378,-1,1314,1374,65,-1,1316,1375,1314,-1,1377,76,78,-1,1336,1359,1365,-1,1379,1359,79,-1,82,1380,1379,-1,1379,1364,1365,-1,1366,1381,1363,-1,1343,1360,1381,-1,1358,1360,1343,-1,1359,1379,1365,-1,79,82,1379,-1,1380,84,1382,-1,1361,1364,1363,-1,1362,1364,1380,-1,1367,1366,1383,-1,1381,1368,1343,-1,1360,1363,1381,-1,1379,1380,1364,-1,82,84,1380,-1,74,1384,1382,-1,1385,68,71,-1,1383,1362,1382,-1,1386,1369,1367,-1,1368,1370,1343,-1,1381,1366,1368,-1,1380,1382,1362,-1,84,74,1382,-1,1385,1378,68,-1,1362,1383,1366,-1,1384,1386,1383,-1,1387,1371,1369,-1,1370,1388,1343,-1,1368,1367,1370,-1,1382,1384,1383,-1,74,76,1384,-1,1369,1371,1388,-1,1383,1386,1367,-1,1386,1377,1387,-1,1389,1372,1371,-1,1370,1369,1388,-1,1386,1384,1377,-1,76,1377,1384,-1,1390,1343,1391,-1,1386,1387,1369,-1,1378,1389,1387,-1,1376,1392,1372,-1,1343,1388,1373,-1,1388,1371,1373,-1,1377,1378,1387,-1,78,68,1378,-1,1391,1372,1392,-1,1387,1389,1371,-1,1389,1385,1376,-1,1392,1390,1391,-1,1343,1373,1391,-1,1373,1372,1391,-1,1385,1389,1378,-1,65,1374,71,-1,1375,1393,1392,-1,1389,1376,1372,-1,1375,1392,1376,-1,1393,1394,1390,-1,1394,1343,1390,-1,1393,1390,1392,-1,1385,71,1374,-1,1376,1385,1374,-1,1393,1316,1322,-1,1314,1375,1374,-1,1394,1322,1324,-1,1316,1393,1375,-1,1324,1343,1394,-1,1322,1394,1393,-1,1395,1396,1397,-1,1398,1399,1400,-1,1401,1402,1403,-1,1404,1405,1397,-1,1400,1405,1404,-1,1403,1400,1404,-1,1405,1400,1399,-1,1396,129,123,-1,129,1396,1395,-1,1400,1402,1398,-1,1395,91,129,-1,1406,1407,1408,-1,1402,1401,1409,-1,1410,122,1411,-1,1412,1413,1414,-1,1415,1409,1408,-1,1416,1417,1418,-1,1419,1418,109,-1,1420,1416,1419,-1,1410,120,122,-1,1397,1396,1404,-1,1421,1396,123,-1,126,1422,1421,-1,1421,1403,1404,-1,1409,1423,1402,-1,1424,1398,1423,-1,1399,1398,1424,-1,1396,1421,1404,-1,123,126,1421,-1,1422,128,1425,-1,1400,1403,1402,-1,1401,1403,1422,-1,1408,1409,1426,-1,1423,1415,1424,-1,1398,1402,1423,-1,1421,1422,1403,-1,126,128,1422,-1,118,1427,1425,-1,1411,122,112,-1,1426,1401,1425,-1,1428,1406,1408,-1,1415,1407,1424,-1,1423,1409,1415,-1,1422,1425,1401,-1,128,118,1425,-1,1429,112,115,-1,1401,1426,1409,-1,1427,1428,1426,-1,1430,1412,1406,-1,1407,1431,1424,-1,1415,1408,1407,-1,1425,1427,1426,-1,118,120,1427,-1,1406,1412,1431,-1,1426,1428,1408,-1,1428,1410,1430,-1,1432,1413,1412,-1,1407,1406,1431,-1,1428,1427,1410,-1,120,1410,1427,-1,1433,1424,1434,-1,1428,1430,1406,-1,1411,1432,1430,-1,1417,1435,1413,-1,1424,1431,1414,-1,1431,1412,1414,-1,1410,1411,1430,-1,1411,112,1429,-1,1434,1413,1435,-1,1430,1432,1412,-1,1432,1429,1417,-1,1435,1433,1434,-1,1424,1414,1434,-1,1414,1413,1434,-1,1429,1432,1411,-1,109,1418,115,-1,1416,1436,1435,-1,1432,1417,1413,-1,1416,1435,1417,-1,1436,1437,1433,-1,1437,1424,1433,-1,1436,1433,1435,-1,1429,115,1418,-1,1417,1429,1418,-1,1436,1420,1438,-1,1419,1416,1418,-1,1437,1438,1439,-1,1420,1436,1416,-1,1439,1424,1437,-1,1438,1437,1436,-1,
        ]
    }
}
Shape{
    appearance Appearance {
        material  Material 	{
            diffuseColor 0.7529411764705882 0.7529411764705882 0.7529411764705882
            specularColor 0.7529411764705882 0.7529411764705882 0.7529411764705882
            ambientIntensity 0.2
            transparency 0
            shininess 0.5
        }
    }
    geometry IndexedFaceSet {
        ccw TRUE
        solid FALSE
        coord DEF co Coordinate {
            point [
                -2.4697 -0.9186 -7.7996, -2.4957 -0.975 -7.8, -2.4685 -0.9819 -7.7996, -2.4276 -0.84 -7.8, -2.4489 -0.8694 -7.8, -2.4532 -0.8968 -7.7996, -2.4524 -1.0047 -7.7996, -2.4489 -1.0329 -7.8, -2.4276 -1.0603 -7.8, -2.4489 -0.84 -7.8, -2.4489 -1.0603 -7.8, -2.4964 -0.9253 -7.8, -2.8491 -0.975 -7.8, -2.917 -0.961 -7.7996, -2.8693 -0.984 -7.7996, -2.9465 -0.9253 -7.8, -2.8755 -1.0055 -7.8, -2.9009 -0.995 -7.7996, -2.8968 -1.0603 -7.8, -2.8755 -1.0603 -7.8, -2.8968 -1.0327 -7.8, -2.9465 -0.9376 -7.8, -2.894 0.6379 -7.7996, -2.9165 0.6757 -7.7996, -2.9404 0.628 -7.7996, -2.8561 0.6554 -7.7996, -2.8732 0.7069 -7.7996, -2.8144 0.6599 -7.8, -2.7676 0.7078 -7.7996, -2.8206 0.7168 -7.8, -2.9185 0.6044 -7.7996, -2.9465 0.5746 -7.8, -2.9252 0.5631 -7.8, -2.9376 0.5225 -7.7996, -2.9126 0.4758 -7.7996, -2.9087 0.5048 -7.7996, -2.9214 0.5327 -7.7996, -2.82 0.4324 -7.8, -2.7814 0.4479 -7.7996, -2.8391 0.4792 -7.7996, -2.8579 0.4754 -7.8, -2.8872 0.4833 -7.7996, -2.7986 0.4353 -7.7996, -2.7836 0.4898 -7.7996, -2.8053 0.4964 -7.8, -2.8233 0.4902 -7.7996, -2.7759 0.4687 -7.8, -2.6297 0.5981 -7.7996, -2.6952 0.6161 -7.8, -2.6611 0.5903 -7.8, -2.7719 0.6535 -7.8, -2.7197 0.6836 -7.7996, -2.5986 0.5316 -7.8, -2.579 0.5495 -7.7996, -2.6294 0.5614 -7.8, -2.5671 0.5025 -7.8, -2.5345 0.4748 -7.8, -2.5265 0.5029 -7.7996, -2.4703 0.4609 -7.8, -2.5003 0.4491 -7.8, -2.8718 0.4425 -7.7996, -2.732 0.6379 -7.8, -2.6795 0.6477 -7.8, -2.5262 0.6997 -7.7996, -2.4988 0.6873 -7.7996, -2.4276 0.7058 -7.8, -2.4778 0.6661 -7.7996, -2.4703 0.6373 -7.8, -2.4276 0.4253 -7.8, -2.4646 0.4253 -7.7996, -2.5556 0.7239 -7.8, -2.5556 0.706 -7.8, -2.6549 2.6099 -7.7996, -2.6496 2.5641 -7.7996, -2.6119 2.5814 -7.7996, -2.5225 2.5817 -7.7996, -2.4781 2.5628 -7.7996, -2.4582 2.5951 -7.7996, -2.6763 2.5327 -7.7996, -2.6856 2.5719 -7.7996, -2.6877 2.4928 -7.7996, -2.7059 2.5274 -7.8, -2.8945 2.542 -7.7996, -2.9148 2.5794 -7.7996, -2.9392 2.5372 -7.7996, -2.8106 2.372 -7.7996, -2.8654 2.4047 -7.7996, -2.8458 2.3588 -7.8, -2.8764 2.6097 -7.7996, -2.8592 2.5596 -7.7996, -2.8201 2.565 -7.8, -2.9185 2.5112 -7.7996, -2.9252 2.4725 -7.8, -2.9465 2.4888 -7.8, -2.851 2.4102 -7.7996, -2.8044 2.3902 -7.8, -2.8264 2.3611 -7.7996, -2.8212 2.4136 -7.7996, -2.8368 2.4157 -7.8, -2.4441 2.454 -7.7996, -2.4205 2.4839 -7.8, -2.4418 2.4767 -7.8, -2.558 2.4016 -7.7996, -2.5627 2.3852 -7.8, -2.5049 2.4111 -7.7996, -2.7382 2.5349 -7.7996, -2.7172 2.4957 -7.7996, -2.8082 2.4053 -7.7996, -2.9205 2.4427 -7.7996, -2.9405 2.4437 -7.7996, -2.9077 2.4156 -7.7996, -2.9214 2.4025 -7.7996, -2.881 2.4037 -7.8, -2.8893 2.3705 -7.7996, -2.7305 2.5775 -7.7996, -2.8292 2.6219 -7.8, -2.7745 2.6115 -7.7996, -2.7759 2.5585 -7.7996, -2.712 2.4513 -7.8, -2.6906 2.4513 -7.8, -2.544 2.4114 -7.7996, -2.5274 2.4157 -7.8, -2.5707 2.5863 -7.8, -2.6125 2.634 -7.7996, -2.5647 2.6432 -7.8, -2.4288 2.5432 -7.7996, -2.5064 2.6306 -7.7996, -2.4496 2.5243 -7.7996, -2.4263 2.4391 -7.7996, -2.4509 2.4323 -7.7996, -2.4449 2.3981 -7.7996, -2.5543 2.3673 -7.7996, -2.4758 2.3654 -7.7996, -2.4832 2.4037 -7.8, -2.4629 2.413 -7.7996, -2.5379 2.3557 -7.7996, -2.5183 2.3517 -7.8, 1.0083 -1.0645 -7.8, 1.0325 -1.0411 -7.8, 0.9919 -1.0227 -7.8, 0.5915 -1.0443 -7.8, 0.6061 -1.0173 -7.7996, 0.5688 -1.0197 -7.8, 0.756 -1.0521 -7.7996, 0.7797 -1.1089 -7.8, 0.8079 -1.0532 -7.8, 0.9787 -1.082 -7.8, 0.9479 -1.0416 -7.8, 0.9475 -1.0944 -7.8, 0.6803 -1.0917 -7.8, 0.7043 -1.0479 -7.7996, 0.6486 -1.0801 -7.8, 0.881 -1.1073 -7.8, 0.853 -1.0532 -7.7996, 0.8473 -1.1098 -7.8, 0.6533 -1.0383 -7.7996, 0.6187 -1.0645 -7.8, 0.5851 -0.8867 -7.8, 0.5967 -0.8883 -7.7996, 0.6372 -0.8626 -7.8, 0.5511 -0.9905 -7.8, 0.5718 -0.9788 -7.7996, 0.5409 -0.9587 -7.8, 0.5605 -0.9104 -7.7996, 0.5377 -0.9243 -7.8, 0.559 -0.9291 -7.8, 0.5682 -0.8936 -7.7996, 0.554 -0.8669 -7.7996, 0.5414 -0.8943 -7.7996, 0.6335 -0.8455 -7.7996, 0.6196 -0.8351 -7.7996, 0.6021 -0.8329 -7.8, 0.6296 -0.8833 -7.7996, 0.6082 -0.8897 -7.8, 0.8908 -0.8541 -7.8, 0.8672 -0.8051 -7.8, 0.8655 -0.8546 -7.8, 0.5749 -0.845 -7.7996, 0.8069 -1.0285 -7.8, 0.8979 -0.8044 -7.8, 0.7129 -1.1 -7.8, 0.7462 -1.1055 -7.8, 0.8135 -1.1101 -7.8, 0.9145 -1.1025 -7.8, 0.9009 -1.0507 -7.8, 1.0275 -0.991 -7.8, 1.0609 -0.981 -7.8, 1.0424 -0.9463 -7.7996, 1.0505 -1.0125 -7.8, 1.0393 -0.9206 -7.8, 1.0637 -0.9468 -7.7996, 1.0498 -0.8876 -7.8, 1.0292 -0.8986 -7.8, 1.0602 -0.9161 -7.8, 0.9864 -0.8239 -7.8, 0.9656 -0.8609 -7.8, 1.0116 -0.8404 -7.8, 0.7412 -0.8786 -7.8, 0.7949 -0.8772 -7.8, 0.7576 -0.8526 -7.8, 0.8171 -0.8657 -7.8, 0.8409 -0.8583 -7.8, 0.7805 -0.8332 -7.8, 0.7761 -0.8939 -7.8, 0.8372 -0.81 -7.8, 0.9159 -0.8548 -7.8, 0.941 -0.8566 -7.8, 0.9577 -0.8135 -7.8, 0.7319 -0.907 -7.8, 0.7394 -0.9857 -7.7996, 0.7581 -0.9404 -7.7996, 0.7296 -0.9377 -7.7996, 0.7633 -0.9151 -7.8, 0.767 -1.0262 -7.7996, 0.7713 -0.9906 -7.8, 1.0333 -0.862 -7.8, 1.012 -0.8803 -7.8, 0.9282 -0.807 -7.8, 0.8081 -0.8193 -7.8, 0.9904 -0.8676 -7.8, 0.7896 0.8605 -7.8, 0.8226 0.864 -7.8, 0.7874 0.887 -7.7996, 0.5875 0.8709 -7.8, 0.5875 1.0914 -7.8, 0.5448 1.1006 -7.8, 0.8196 0.8376 -7.8, 0.7551 0.8912 -7.7996, 1.0572 1.0071 -7.7996, 1.0397 0.9764 -7.8, 1.0637 0.9545 -7.8, 0.5448 0.8518 -7.8, 0.7617 0.9879 -7.8, 0.7296 0.9781 -7.8, 0.7581 0.9632 -7.8, 0.8799 1.0508 -7.8, 0.8877 1.1078 -7.8, 0.8309 1.1009 -7.7996, 0.8563 1.0487 -7.8, 0.8332 1.0438 -7.8, 0.9116 0.8682 -7.7996, 0.9679 0.873 -7.7996, 0.9251 0.8771 -7.7996, 0.7351 0.9323 -7.7996, 0.7644 0.9217 -7.7996, 0.7723 1.0084 -7.8, 0.7421 1.0336 -7.7996, 0.7794 1.0766 -7.7996, 0.8106 1.0362 -7.8, 0.7901 1.0245 -7.8, 0.9406 1.103 -7.7996, 0.9039 1.0509 -7.8, 0.9276 1.0493 -7.8, 0.9513 1.0459 -7.8, 0.9909 1.0862 -7.7996, 0.9741 1.0396 -7.8, 1.0329 1.0541 -7.7996, 1.0157 1.016 -7.8, 0.9964 1.0302 -7.8, 1.0308 0.9977 -7.8, 1.0327 0.8969 -7.7996, 1.0566 0.9063 -7.7996, 1.04 0.9241 -7.7996, 1.0424 0.9521 -7.7996, 0.9933 0.8623 -7.8, 1.0349 0.8628 -7.7996, 1.0186 0.8728 -7.7996, 0.9411 0.8803 -7.8, 0.9143 0.8323 -7.7996, 0.9533 0.8163 -7.8, 0.9999 0.8291 -7.7996, 0.9074 0.8525 -7.8, 0.9321 0.8201 -7.7996, 0.8849 2.585 -7.8, 0.9029 2.537 -7.8, 0.9029 2.585 -7.8, 1.0239 2.5899 -7.7996, 1.0243 2.5325 -7.7996, 1.0375 2.6076 -7.7996, 1.0409 2.63 -7.8, 1.0589 2.657 -7.8, 1.038 2.5148 -7.7996, 1.0589 2.459 -7.8, 1.0409 2.492 -7.8, 1.0409 2.657 -7.8, 0.9029 2.666 -7.8, 0.8849 2.666 -7.8, 1.0409 2.459 -7.8, 1.0019 2.585 -7.8, 1.0019 2.537 -7.8, 0.615 2.534 -7.7996, 0.8849 2.537 -7.7996, 0.9029 2.3361 -7.8, 0.8849 2.3631 -7.7996, 0.8879 2.3361 -7.8, 0.54 2.585 -7.8, 0.54 2.555 -7.8, -2.0885 2.555 -5.5122, -2.0741 2.4643 -5.5122, -2.0449 2.555 -5.4266, -1.9419 2.3529 -5.4266, -1.9422 2.4481 -5.3587, -1.9971 2.4081 -5.4266, -2.0326 2.4778 -5.4266, -1.968 2.4988 -5.3587, -1.9769 2.555 -5.3587, -1.8866 2.5252 -5.315, -1.8913 2.555 -5.315, -2.0884 2.4597 -5.6071, -2.0446 2.3737 -5.6071, -1.8512 2.382 -5.3587, -1.8516 2.4771 -5.315, -1.9019 2.4078 -5.3587, -2.1035 2.555 -5.6071, -1.795 2.3731 -5.3587, -1.8248 2.4634 -5.315, -1.7043 2.2759 -5.5122, -1.6137 2.3054 -5.6071, -1.6225 2.3176 -5.5122, -1.7388 2.382 -5.3587, -1.6881 2.4078 -5.3587, -1.7652 2.4634 -5.315, -1.5015 2.555 -5.5122, -1.5451 2.555 -5.4266, -1.5574 2.4778 -5.4266, -1.5929 2.4081 -5.4266, -1.5159 2.4643 -5.5122, -1.4865 2.555 -5.6071, -1.6997 2.2616 -5.6071, -2.0324 2.3825 -5.5122, -1.9763 2.3054 -5.6071, -1.9675 2.3176 -5.5122, -1.8729 2.4984 -5.315, -1.7936 2.555 -5.3, -1.8903 2.2616 -5.6071, -1.8857 2.2759 -5.5122, -1.8722 2.3174 -5.4266, -1.795 2.2465 -5.6071, -1.795 2.2615 -5.5122, -1.5576 2.3825 -5.5122, -1.5454 2.3737 -5.6071, -1.5016 2.4597 -5.6071, -1.795 2.3051 -5.4266, -1.7178 2.3174 -5.4266, -1.795 2.4587 -5.315, -1.6481 2.3529 -5.4266, -1.7171 2.4984 -5.315, -1.7384 2.4771 -5.315, -1.6478 2.4481 -5.3587, -1.622 2.4988 -5.3587, -1.7034 2.5252 -5.315, -1.6131 2.555 -5.3587, -1.6987 2.555 -5.315, -1.6987 2.555 -5.315
            ]
        }
        coordIndex [
            0,1,2,-1,3,4,5,-1,6,7,8,-1,3,6,8,-1,4,3,9,-1,5,6,3,-1,0,2,5,-1,8,7,10,-1,5,2,6,-1,11,12,1,-1,0,11,1,-1,12,13,14,-1,12,11,15,-1,16,14,17,-1,18,19,20,-1,17,20,16,-1,19,16,20,-1,14,13,17,-1,12,15,13,-1,21,13,15,-1,22,23,24,-1,25,26,23,-1,27,28,29,-1,25,23,22,-1,30,24,31,-1,32,31,33,-1,33,34,35,-1,32,33,36,-1,37,38,39,-1,40,41,34,-1,37,42,38,-1,43,44,45,-1,45,39,46,-1,47,48,49,-1,46,43,45,-1,28,50,51,-1,39,40,37,-1,46,39,38,-1,52,53,54,-1,55,56,57,-1,58,56,59,-1,60,37,40,-1,60,40,34,-1,41,35,34,-1,35,36,33,-1,30,22,24,-1,32,30,31,-1,27,26,25,-1,51,61,62,-1,27,29,26,-1,63,64,65,-1,65,66,67,-1,68,65,67,-1,69,58,59,-1,67,58,68,-1,68,58,69,-1,64,66,65,-1,70,71,63,-1,63,65,70,-1,57,53,55,-1,58,57,56,-1,53,47,54,-1,53,52,55,-1,47,62,48,-1,47,49,54,-1,51,50,61,-1,62,61,48,-1,28,27,50,-1,72,73,74,-1,75,76,77,-1,78,73,79,-1,80,78,81,-1,82,83,84,-1,85,86,87,-1,88,83,89,-1,88,89,90,-1,89,83,82,-1,91,82,84,-1,92,91,93,-1,94,86,95,-1,96,85,87,-1,94,97,98,-1,99,100,101,-1,102,103,104,-1,105,106,81,-1,95,107,94,-1,94,107,97,-1,108,109,110,-1,84,93,91,-1,110,111,112,-1,87,86,113,-1,85,95,86,-1,112,113,86,-1,111,113,112,-1,109,111,110,-1,93,109,92,-1,109,108,92,-1,105,81,114,-1,88,90,115,-1,115,90,116,-1,114,116,117,-1,90,117,116,-1,114,117,105,-1,118,119,80,-1,118,80,106,-1,120,104,121,-1,106,80,81,-1,74,122,123,-1,81,78,79,-1,79,73,72,-1,74,123,72,-1,122,124,123,-1,125,77,76,-1,122,75,126,-1,76,127,125,-1,127,101,100,-1,128,129,130,-1,129,128,99,-1,103,131,132,-1,133,130,134,-1,135,136,132,-1,120,102,104,-1,103,133,104,-1,132,131,135,-1,133,132,130,-1,133,103,132,-1,134,130,129,-1,100,99,128,-1,75,77,126,-1,127,100,125,-1,126,124,122,-1,137,138,139,-1,140,141,142,-1,143,144,145,-1,146,147,148,-1,149,150,151,-1,152,153,154,-1,151,155,156,-1,140,156,155,-1,157,158,159,-1,160,142,141,-1,161,162,160,-1,163,164,165,-1,166,157,167,-1,166,168,163,-1,169,170,171,-1,172,159,158,-1,158,173,172,-1,147,137,139,-1,174,175,176,-1,177,169,171,-1,177,157,159,-1,169,177,159,-1,153,178,145,-1,175,174,179,-1,167,168,166,-1,177,167,157,-1,168,164,163,-1,161,165,162,-1,164,162,165,-1,161,160,141,-1,155,141,140,-1,151,150,155,-1,150,180,143,-1,180,150,149,-1,143,181,144,-1,180,181,143,-1,144,182,145,-1,152,183,184,-1,182,154,145,-1,185,186,187,-1,148,147,184,-1,186,185,188,-1,189,187,190,-1,191,192,193,-1,193,189,190,-1,194,195,196,-1,197,198,199,-1,200,201,202,-1,200,199,198,-1,199,200,202,-1,198,197,203,-1,176,204,201,-1,205,206,207,-1,197,208,203,-1,209,210,211,-1,212,208,211,-1,139,188,185,-1,153,145,154,-1,213,178,214,-1,145,178,213,-1,209,214,210,-1,213,214,209,-1,191,215,216,-1,210,212,211,-1,179,205,217,-1,212,203,208,-1,218,202,201,-1,201,204,218,-1,176,175,204,-1,205,179,174,-1,205,207,217,-1,206,195,194,-1,206,194,207,-1,215,196,219,-1,195,219,196,-1,215,219,216,-1,191,216,192,-1,193,192,189,-1,190,187,186,-1,188,139,138,-1,147,146,137,-1,184,183,148,-1,152,184,153,-1,220,221,222,-1,223,224,225,-1,226,221,220,-1,220,222,227,-1,228,229,230,-1,223,231,226,-1,223,225,231,-1,232,233,234,-1,235,236,237,-1,238,237,239,-1,223,226,220,-1,240,241,242,-1,243,227,244,-1,227,222,244,-1,243,244,234,-1,234,233,243,-1,233,245,246,-1,232,245,233,-1,239,247,248,-1,248,246,249,-1,250,251,252,-1,250,236,251,-1,253,254,252,-1,252,254,250,-1,236,235,251,-1,254,255,256,-1,255,254,253,-1,256,257,228,-1,257,256,258,-1,257,259,228,-1,260,261,262,-1,230,263,262,-1,264,265,266,-1,265,261,260,-1,241,267,242,-1,264,268,269,-1,265,264,270,-1,268,264,271,-1,240,271,241,-1,241,271,264,-1,268,272,269,-1,269,270,264,-1,230,262,261,-1,266,265,260,-1,229,228,259,-1,263,230,229,-1,255,258,256,-1,235,237,238,-1,247,246,248,-1,237,247,239,-1,249,246,245,-1,273,274,275,-1,276,277,278,-1,279,278,280,-1,280,281,282,-1,282,281,283,-1,279,280,284,-1,275,285,286,-1,281,280,278,-1,282,283,287,-1,276,288,277,-1,278,277,281,-1,289,275,274,-1,277,288,289,-1,273,290,291,-1,292,293,294,-1,295,290,273,-1,273,291,274,-1,286,273,275,-1,275,289,288,-1,292,274,293,-1,296,294,290,-1,274,291,293,-1,295,296,290,-1,294,293,290,-1,297,298,299,-1,300,301,302,-1,303,304,305,-1,299,303,305,-1,306,307,304,-1,302,304,303,-1,305,304,307,-1,298,308,309,-1,310,311,312,-1,308,298,297,-1,304,301,306,-1,297,313,308,-1,314,315,310,-1,301,300,312,-1,316,317,318,-1,319,320,321,-1,322,323,324,-1,324,325,326,-1,322,326,327,-1,316,328,317,-1,299,298,303,-1,329,298,309,-1,330,331,329,-1,329,302,303,-1,312,332,301,-1,333,306,332,-1,307,306,333,-1,298,329,303,-1,309,330,329,-1,331,334,335,-1,304,302,301,-1,300,302,331,-1,310,312,336,-1,332,311,333,-1,306,301,332,-1,329,331,302,-1,330,334,331,-1,337,338,335,-1,339,340,341,-1,336,300,335,-1,342,314,310,-1,311,315,333,-1,332,312,311,-1,331,335,300,-1,334,337,335,-1,339,318,340,-1,300,336,312,-1,338,342,336,-1,343,319,314,-1,315,344,333,-1,311,310,315,-1,335,338,336,-1,337,328,338,-1,314,319,344,-1,336,342,310,-1,342,316,343,-1,345,320,319,-1,315,314,344,-1,342,338,316,-1,328,316,338,-1,346,333,347,-1,342,343,314,-1,318,345,343,-1,325,348,320,-1,333,344,321,-1,344,319,321,-1,316,318,343,-1,317,340,318,-1,347,320,348,-1,343,345,319,-1,345,339,325,-1,348,346,347,-1,333,321,347,-1,321,320,347,-1,339,345,318,-1,327,326,341,-1,324,349,348,-1,345,325,320,-1,324,348,325,-1,349,350,346,-1,350,333,346,-1,349,346,348,-1,339,341,326,-1,325,339,326,-1,349,323,351,-1,322,324,326,-1,350,351,352,-1,323,349,324,-1,352,333,350,-1,351,350,349,-1,
        ]
    }
}
Shape{
    appearance Appearance {
        material  Material 	{
            diffuseColor 0.0 0.0 0.0
            specularColor 0.7529411764705882 0.7529411764705882 0.7529411764705882
            ambientIntensity 0.2
            transparency 0
            shininess 0.5
        }
    }
    geometry IndexedFaceSet {
        ccw TRUE
        solid FALSE
        coord DEF co Coordinate {
            point [
                -0.2189 8.625 -7.8391, -0.3252 8.625 -7.8695, -0.3252 8.625 -7.8391, -0.1844 8.625 -7.6026, -0.2189 8.625 -7.6026, -0.1844 8.625 -7.8695, -0.5359 8.625 -7.8585, -0.5359 8.625 -7.8255, -0.5041 8.6254 -7.8389, -0.3985 8.625 -7.8152, -0.3703 8.625 -7.8376, -0.4104 8.6254 -7.8649, -0.3788 8.6254 -7.7821, -0.5027 8.6254 -7.8702, -0.5076 8.6254 -7.6009, -0.4727 8.625 -7.5981, -0.473 8.625 -7.6293, -0.467 8.625 -7.8433, -0.4184 8.6254 -7.608, -0.4325 8.6254 -7.6367, -0.462 8.625 -7.8741, -0.4287 8.6254 -7.8363, -0.3723 8.625 -7.7391, -0.3447 8.6254 -7.7953, -0.3361 8.625 -7.7411, -0.3457 8.6254 -7.683, -0.4003 8.625 -7.6589, -0.3746 8.625 -7.6374, -0.3793 8.6254 -7.6939, -0.5059 8.6254 -7.6332, -0.5359 8.625 -7.6091, -0.5359 8.625 -7.6451, -0.7268 8.625 -7.6026, -0.6238 8.625 -7.6333, -0.7268 8.625 -7.6333, -0.5894 8.625 -7.6026, -0.6238 8.625 -7.7188, -0.6238 8.625 -7.7493, -0.7193 8.625 -7.7493, -0.7193 8.625 -7.7188, -0.5894 8.625 -7.8695, -0.7329 8.625 -7.8695, -0.6238 8.625 -7.8391, -0.7329 8.625 -7.8391, -0.8951 8.625 -7.606, -0.9091 8.625 -7.6425, -0.9295 8.625 -7.6175, -0.9571 8.625 -7.6898, -0.9644 8.6254 -7.7336, -0.9905 8.6254 -7.6793, -0.88 8.625 -7.6348, -0.9604 8.625 -7.638, -0.9351 8.6254 -7.6585, -0.8573 8.625 -7.6026, -0.9573 8.625 -7.778, -0.9604 8.6254 -7.8322, -0.9905 8.6254 -7.7885, -0.8484 8.625 -7.6333, -0.8203 8.625 -7.6026, -0.8178 8.6254 -7.6333, -0.7833 8.6254 -7.6026, -0.9103 8.625 -7.8287, -0.8812 8.625 -7.8373, -0.9071 8.625 -7.8626, -0.8178 8.6254 -7.8391, -0.8143 8.625 -7.8695, -0.8452 8.625 -7.8695, -0.7833 8.625 -7.8695, -0.8772 8.625 -7.8685, -0.8489 8.625 -7.8391, -0.9354 8.625 -7.8506, -0.9359 8.6254 -7.8113, -1.0006 8.625 -7.7327, -1.1796 8.6254 -7.7664, -1.1903 8.625 -7.7965, -1.2556 8.625 -7.8695, -1.1171 8.625 -7.6026, -1.121 8.625 -7.6804, -1.1343 8.6254 -7.6368, -1.2175 8.625 -7.8695, -1.0791 8.625 -7.7965, -1.0901 8.6254 -7.7664, -1.0154 8.625 -7.8695, -1.1055 8.625 -7.7234, -1.0535 8.625 -7.8695, -1.1539 8.625 -7.6026, -1.1484 8.625 -7.6804, -1.164 8.625 -7.7234, -0.3219 8.625 -8.0261, -0.2189 8.625 -8.0568, -0.3219 8.625 -8.0568, -0.1844 8.625 -8.0261, -0.2189 8.625 -8.1422, -0.2189 8.625 -8.1728, -0.3143 8.625 -8.1728, -0.3143 8.625 -8.1422, -0.1844 8.625 -8.293, -0.328 8.625 -8.293, -0.2189 8.625 -8.2625, -0.328 8.625 -8.2625, -0.4442 8.625 -8.098, -0.4411 8.625 -8.1251, -0.4701 8.6254 -8.1368, -0.3786 8.625 -8.1157, -0.3786 8.625 -8.1482, -0.4083 8.6254 -8.1309, -0.4092 8.6254 -8.1024, -0.4204 8.625 -8.2974, -0.4543 8.6254 -8.289, -0.4291 8.6254 -8.27, -0.4797 8.625 -8.1718, -0.5131 8.625 -8.1703, -0.5055 8.6254 -8.1301, -0.3641 8.6254 -8.2648, -0.3764 8.625 -8.2824, -0.3963 8.625 -8.2516, -0.3939 8.6254 -8.2392, -0.36 8.625 -8.2419, -0.4036 8.6254 -8.2614, -0.3956 8.6254 -8.2937, -0.4148 8.625 -8.2679, -0.4492 8.625 -8.2661, -0.4654 8.6254 -8.2545, -0.4232 8.625 -8.1797, -0.4263 8.625 -8.2048, -0.4534 8.625 -8.2009, -0.476 8.625 -8.2373, -0.4788 8.625 -8.2635, -0.4797 8.625 -8.293, -0.5131 8.625 -8.293, -0.4797 8.625 -8.2176, -0.4825 8.6254 -8.106, -0.4797 8.6254 -8.1973, -0.3881 8.6254 -8.1905, -0.4028 8.6254 -8.215, -0.367 8.6254 -8.2113, -0.3961 8.625 -8.2254, -0.6102 8.625 -8.2974, -0.6411 8.6254 -8.2937, -0.6134 8.625 -8.2702, -0.585 8.6254 -8.2656, -0.5584 8.625 -8.2517, -0.5584 8.625 -8.2863, -0.6529 8.625 -8.2444, -0.6844 8.6254 -8.2238, -0.676 8.625 -8.2096, -0.643 8.6254 -8.2637, -0.6657 8.625 -8.2823, -0.6553 8.6254 -8.1286, -0.678 8.625 -8.1389, -0.678 8.625 -8.1064, -0.6329 8.625 -8.098, -0.6296 8.625 -8.1251, -0.6563 8.6254 -8.1, -0.564 8.6254 -8.1309, -0.5931 8.625 -8.1508, -0.5801 8.625 -8.1131, -0.5587 8.625 -8.1538, -0.5824 8.6254 -8.2946, -0.5957 8.6254 -8.1404, -0.6033 8.625 -8.1322, -0.604 8.6254 -8.1017, -0.6149 8.6254 -8.1269, -0.6259 8.625 -8.1819, -0.6183 8.625 -8.213, -0.6443 8.6254 -8.2262, -0.6507 8.6254 -8.2343, -0.6532 8.625 -8.1936, -0.6004 8.6254 -8.1685, -0.5949 8.6254 -8.1609, -0.5681 8.625 -8.1839, -0.5906 8.625 -8.2007, -0.561 8.6254 -8.1701, -0.6872 8.625 -8.2411, -0.6818 8.6254 -8.2645, -0.8011 8.625 -8.3217, -0.8876 8.625 -8.1023, -0.8146 8.625 -8.208, -0.7794 8.625 -8.2926, -0.7604 8.625 -8.1552, -0.7046 8.625 -8.1023, -0.8529 8.625 -8.1023, -0.8337 8.625 -8.1552, -0.7959 8.6254 -8.2613, -0.7787 8.625 -8.2081, -0.772 8.6254 -8.3675, -0.7647 8.625 -8.3272, -0.742 8.6254 -8.1023, -0.7211 8.6254 -8.3531, -0.7115 8.625 -8.38, -0.7213 8.6254 -8.382, -0.7505 8.6254 -8.3474, -0.733 8.625 -8.3828, -0.7304 8.625 -8.3541, -0.7115 8.625 -8.3503, -1.0611 8.625 -8.0261, -0.958 8.625 -8.0568, -1.0611 8.625 -8.0568, -0.9236 8.625 -8.0261, -0.958 8.625 -8.1422, -0.958 8.625 -8.1728, -1.0535 8.625 -8.1728, -1.0535 8.625 -8.1422, -0.9236 8.625 -8.293, -1.0671 8.625 -8.293, -0.958 8.625 -8.2625, -1.0671 8.625 -8.2625, -1.2293 8.625 -8.0294, -1.2433 8.625 -8.0659, -1.2637 8.625 -8.0409, -1.2913 8.625 -8.1133, -1.2986 8.6254 -8.157, -1.3248 8.6254 -8.1028, -1.2143 8.625 -8.0582, -1.2946 8.625 -8.0614, -1.2694 8.6254 -8.0819, -1.1915 8.625 -8.0261, -1.2915 8.625 -8.2015, -1.2946 8.6254 -8.2556, -1.3248 8.6254 -8.212, -1.1827 8.625 -8.0568, -1.1545 8.625 -8.0261, -1.152 8.6254 -8.0568, -1.1176 8.6254 -8.0261, -1.2445 8.625 -8.2522, -1.2154 8.625 -8.2607, -1.2414 8.625 -8.286, -1.152 8.6254 -8.2625, -1.1485 8.625 -8.293, -1.1794 8.625 -8.293, -1.1176 8.625 -8.293, -1.2114 8.625 -8.2919, -1.1831 8.625 -8.2625, -1.2696 8.625 -8.274, -1.2701 8.6254 -8.2347, -1.3349 8.625 -8.1561, -1.5139 8.6254 -8.1898, -1.5245 8.625 -8.22, -1.5898 8.625 -8.293, -1.4513 8.625 -8.0261, -1.4552 8.625 -8.1038, -1.4686 8.6254 -8.0602, -1.5517 8.625 -8.293, -1.4134 8.625 -8.22, -1.4243 8.6254 -8.1898, -1.3497 8.625 -8.293, -1.4398 8.625 -8.1468, -1.3877 8.625 -8.293, -1.4882 8.625 -8.0261, -1.4826 8.625 -8.1038, -1.4983 8.625 -8.1468, 0.4148 8.6254 -8.1843, 0.436 8.6254 -8.2055, 0.3738 8.625 -8.1781, 0.389 8.625 -8.2939, 0.277 8.625 -8.2939, 0.3852 8.625 -8.1762, 0.444 8.625 -8.235, 0.4365 8.6254 -8.2634, 0.4168 8.6254 -8.2845, 0.7594 8.6254 -8.4041, 0.8349 8.6254 -8.3053, 0.833 8.625 -8.4191, 0.1622 8.6254 -8.0853, 0.0659 8.6254 -8.1546, 0.0422 8.6254 -8.0935, 0.2884 8.625 -8.1781, 1.0092 8.6254 -7.8136, 1.0352 8.6254 -7.7007, 1.079 8.6254 -7.7194, 0.7302 8.6254 -8.0678, 0.7784 8.6254 -8.0456, 0.8349 8.6254 -8.1572, 0.1909 8.6254 -8.1311, 0.1044 8.625 -8.2085, 0.2343 8.6254 -8.1635, 0.2129 8.6254 -8.2802, 0.1546 8.6254 -8.2513, 0.3776 8.625 -8.07, 0.4364 8.625 -7.9694, 0.6907 8.625 -8.1022, 0.1518 8.625 -8.0301, 0.0342 8.625 -8.0282, 0.1635 8.6254 -7.9726, 0.3757 8.6254 -7.7412, 0.264 8.6254 -7.699, 0.3245 8.625 -7.6297, 0.1473 8.6254 -7.8169, 0.1952 8.6254 -7.9255, 0.0882 8.6254 -7.874, 0.2998 8.625 -7.8821, 0.3353 8.6254 -7.8064, 0.315 8.625 -7.8821, 0.4325 8.6254 -7.6901, 0.222 8.625 -7.7796, 0.7917 8.625 -8.1713, 0.4024 8.6254 -7.5763, 0.4895 8.6254 -7.5427, 0.502 8.6254 -7.6568, 0.8938 8.625 -7.6885, 0.9355 8.625 -7.7986, 0.8824 8.6254 -7.8064, 0.6345 8.6254 -7.5346, 0.5807 8.625 -7.6449, 0.5826 8.625 -7.531, 0.7336 8.6254 -7.5619, 0.6658 8.6254 -7.6584, 0.6849 8.6254 -7.5449, 1.1556 8.625 -7.7758, 1.0695 8.6254 -7.8543, 0.9413 8.6254 -7.6848, 1.2041 8.6254 -7.8391, 0.7968 8.6254 -7.7538, 0.8349 8.625 -7.827, 1.119 8.6254 -7.7444, 1.1103 8.6254 -7.9147, 1.2344 8.6254 -7.9124, 1.2448 8.625 -7.9922, 1.1253 8.625 -7.9883, 1.1105 8.6254 -8.0615, 1.2356 8.6254 -8.0669, 1.0133 8.625 -8.2901, 0.9051 8.625 -8.2075, 1.0114 8.625 -8.163, 1.1651 8.625 -8.199, 1.0705 8.6254 -8.1215, 1.2086 8.6254 -8.1369, 0.9452 8.6254 -8.3831, 0.893 8.6254 -8.4096, 0.8782 8.625 -8.1713, 0.9838 8.6254 -8.113, 0.7648 8.625 -8.2075, 0.6433 8.625 -8.2104, 0.9429 8.6254 -8.0733, 0.8916 8.6254 -8.0471, 0.7646 8.625 -8.2543, 0.6433 8.625 -8.2294, 0.6583 8.6254 -8.303, 0.9865 8.6254 -8.3423, 0.8782 8.625 -8.2912, 0.7909 8.625 -8.2907, 1.0956 8.6254 -8.2559, 0.9891 8.6254 -7.6891, 0.7795 8.6254 -7.585, 0.8224 8.6254 -7.6143, 0.7391 8.6254 -7.6961, 0.8605 8.6254 -7.6489, 0.2423 8.6254 -7.8937, 0.0491 8.6254 -7.9461, 0.699 8.6254 -8.3634, 0.9051 8.625 -8.255, 0.833 8.625 -8.0377, 0.833 8.625 -8.0377
            ]
        }
        coordIndex [
            0,1,2,-1,3,0,4,-1,1,0,5,-1,3,5,0,-1,6,7,8,-1,9,10,11,-1,10,9,12,-1,6,8,13,-1,14,15,16,-1,8,17,13,-1,15,18,19,-1,20,17,21,-1,13,17,20,-1,22,23,12,-1,24,22,25,-1,12,23,10,-1,26,18,27,-1,28,27,25,-1,14,16,29,-1,29,30,14,-1,19,16,15,-1,29,31,30,-1,19,18,26,-1,28,25,22,-1,26,27,28,-1,24,23,22,-1,20,21,11,-1,21,9,11,-1,32,33,34,-1,35,36,33,-1,32,35,33,-1,37,38,36,-1,36,35,37,-1,36,38,39,-1,35,40,37,-1,41,42,40,-1,40,42,37,-1,41,43,42,-1,44,45,46,-1,47,48,49,-1,45,44,50,-1,47,51,52,-1,44,53,50,-1,54,55,56,-1,50,53,57,-1,57,53,58,-1,57,58,59,-1,58,60,59,-1,61,62,63,-1,64,65,66,-1,67,59,60,-1,66,68,69,-1,69,64,66,-1,70,55,71,-1,68,62,69,-1,46,52,51,-1,45,52,46,-1,51,47,49,-1,49,48,72,-1,56,48,54,-1,72,48,56,-1,55,54,71,-1,70,61,63,-1,71,61,70,-1,63,62,68,-1,67,64,59,-1,65,64,67,-1,73,74,75,-1,76,77,78,-1,75,74,79,-1,80,81,82,-1,82,83,76,-1,80,82,84,-1,75,85,73,-1,81,80,74,-1,86,87,85,-1,85,87,73,-1,76,78,85,-1,85,78,86,-1,77,76,83,-1,81,83,82,-1,74,73,81,-1,88,89,90,-1,91,92,89,-1,88,91,89,-1,93,94,92,-1,92,91,93,-1,92,94,95,-1,91,96,93,-1,97,98,96,-1,96,98,93,-1,97,99,98,-1,100,101,102,-1,103,104,105,-1,106,103,105,-1,105,101,106,-1,107,108,109,-1,106,101,100,-1,110,111,112,-1,112,102,110,-1,113,114,115,-1,113,116,117,-1,118,114,119,-1,120,118,119,-1,121,108,122,-1,107,109,120,-1,123,124,125,-1,126,122,127,-1,127,128,129,-1,111,130,129,-1,131,102,112,-1,111,132,130,-1,102,131,100,-1,123,133,134,-1,135,136,133,-1,123,125,110,-1,123,134,124,-1,122,108,127,-1,110,125,132,-1,111,110,132,-1,127,129,126,-1,126,129,130,-1,121,109,108,-1,107,120,119,-1,115,116,113,-1,118,115,114,-1,136,135,116,-1,117,116,135,-1,133,136,134,-1,137,138,139,-1,140,141,142,-1,143,144,145,-1,143,146,147,-1,148,149,150,-1,151,152,148,-1,153,151,148,-1,154,155,156,-1,155,154,157,-1,158,140,142,-1,159,160,156,-1,140,158,137,-1,155,159,156,-1,161,160,162,-1,153,148,150,-1,163,164,165,-1,165,166,167,-1,145,167,166,-1,163,165,167,-1,152,151,162,-1,164,163,168,-1,169,170,171,-1,151,161,162,-1,161,156,160,-1,155,157,172,-1,170,169,155,-1,172,170,155,-1,171,168,169,-1,171,164,168,-1,173,144,143,-1,145,166,143,-1,143,147,174,-1,173,143,174,-1,139,138,146,-1,147,146,138,-1,137,139,140,-1,175,176,177,-1,178,179,180,-1,176,181,182,-1,177,183,175,-1,182,177,176,-1,184,178,183,-1,185,175,186,-1,187,180,179,-1,179,178,184,-1,175,178,186,-1,183,178,175,-1,188,189,190,-1,191,192,185,-1,188,190,193,-1,194,189,188,-1,190,192,193,-1,191,185,186,-1,193,192,191,-1,195,196,197,-1,198,199,196,-1,195,198,196,-1,200,201,199,-1,199,198,200,-1,199,201,202,-1,198,203,200,-1,204,205,203,-1,203,205,200,-1,204,206,205,-1,207,208,209,-1,210,211,212,-1,208,207,213,-1,210,214,215,-1,207,216,213,-1,217,218,219,-1,213,216,220,-1,220,216,221,-1,220,221,222,-1,221,223,222,-1,224,225,226,-1,227,228,229,-1,230,222,223,-1,229,231,232,-1,232,227,229,-1,233,218,234,-1,231,225,232,-1,209,215,214,-1,208,215,209,-1,214,210,212,-1,212,211,235,-1,219,211,217,-1,235,211,219,-1,218,217,234,-1,233,224,226,-1,234,224,233,-1,226,225,231,-1,230,227,222,-1,228,227,230,-1,236,237,238,-1,239,240,241,-1,238,237,242,-1,243,244,245,-1,245,246,239,-1,243,245,247,-1,238,248,236,-1,244,243,237,-1,249,250,248,-1,248,250,236,-1,239,241,248,-1,248,241,249,-1,240,239,246,-1,244,246,245,-1,237,236,244,-1,251,252,253,-1,254,255,253,-1,253,256,251,-1,257,258,254,-1,259,254,258,-1,257,253,252,-1,254,253,257,-1,260,261,262,-1,263,264,265,-1,253,255,266,-1,267,268,269,-1,270,271,272,-1,273,264,263,-1,274,273,275,-1,266,276,275,-1,266,255,276,-1,277,274,275,-1,275,276,277,-1,274,264,273,-1,278,279,280,-1,263,265,281,-1,282,283,281,-1,281,265,282,-1,284,285,286,-1,287,288,289,-1,290,291,292,-1,293,284,286,-1,290,294,291,-1,295,270,272,-1,294,285,284,-1,296,297,298,-1,298,293,296,-1,299,300,301,-1,302,303,304,-1,305,306,307,-1,308,309,267,-1,280,270,295,-1,300,299,310,-1,308,311,309,-1,312,301,313,-1,308,267,314,-1,311,315,309,-1,311,316,315,-1,317,318,316,-1,319,318,320,-1,321,322,323,-1,324,325,326,-1,261,327,328,-1,323,329,330,-1,280,331,332,-1,280,295,331,-1,333,272,334,-1,335,336,331,-1,278,280,332,-1,335,337,336,-1,328,262,261,-1,338,327,339,-1,333,330,329,-1,340,261,260,-1,341,321,323,-1,323,325,324,-1,324,341,323,-1,319,320,326,-1,326,325,319,-1,320,318,317,-1,269,314,267,-1,316,318,315,-1,300,268,267,-1,310,342,300,-1,300,342,268,-1,343,344,345,-1,346,345,344,-1,299,345,346,-1,345,299,312,-1,301,312,299,-1,343,345,306,-1,307,306,303,-1,343,306,305,-1,297,304,303,-1,307,303,302,-1,286,296,293,-1,297,303,298,-1,294,284,291,-1,347,287,294,-1,290,347,294,-1,288,348,289,-1,347,288,287,-1,282,348,283,-1,348,288,283,-1,340,260,349,-1,350,321,339,-1,337,335,340,-1,349,337,340,-1,336,332,331,-1,334,272,351,-1,271,351,272,-1,333,329,272,-1,323,322,329,-1,321,338,339,-1,321,350,322,-1,327,261,339,-1,
        ]
    }
}