#VRML V2.0 utf8
# 3D model generated by easyeda2kicad.py (https://github.com/uPesy/easyeda2kicad.py)

Shape{
    appearance Appearance {
        material  Material 	{
            diffuseColor 0.5019607843137255 0.5019607843137255 0.5019607843137255
            specularColor 0.25098039215686274 0.25098039215686274 0.25098039215686274
            ambientIntensity 0.2
            transparency 0
            shininess 0.5
        }
    }
    geometry IndexedFaceSet {
        ccw TRUE
        solid FALSE
        coord DEF co Coordinate {
            point [
                0.0252 -4.48 -2.2023, 0.0252 -4.48 -2.3609, 0.4106 -4.48 -2.3609, 0.0252 -4.48 -1.5672, 0.0252 -4.48 -1.6846, 0.4106 -4.48 -1.6846, 0.564 -4.48 -1.1637, 0.5936 -4.48 -1.1601, 0.4346 -4.48 -1.1601, 0.6666 -4.48 -1.5648, 0.6409 -4.48 -1.5672, 0.7734 -4.48 -1.5672, 0.8482 -4.48 -1.2095, 0.8482 -4.48 -1.3377, 0.9564 -4.48 -1.3377, 1.7388 -4.48 -1.5638, 1.6979 -4.48 -1.4543, 1.551 -4.48 -1.4543, 0.8686 -4.48 -2.2014, 0.8599 -4.48 -2.2023, 0.9564 -4.48 -2.2023, 0.7836 -4.48 -2.2009, 0.7734 -4.48 -2.1972, 0.7734 -4.48 -2.2023, 1.3496 -4.48 -2.0186, 1.3496 -4.48 -2.1533, 1.4246 -4.48 -2.1533, -0.3219 -4.48 -1.4756, -0.2447 -4.48 -1.5409, 0.0252 -4.48 -1.1601, -0.639 -4.48 -1.1601, -0.5742 -4.48 -1.2041, -0.4796 -4.48 -1.3136, -0.4205 -4.48 -1.4289, -0.4066 -4.48 -1.4336, -0.8384 -4.48 -1.0696, -0.6961 -4.48 -1.1213, 0.0252 -4.48 -0.2, -1.2325 -4.48 -1.1235, -1.1011 -4.48 -1.0732, -3.1399 -4.48 -0.2, -0.9613 -4.48 -1.0561, -1.2916 -4.48 -1.1601, -3.1399 -4.48 -1.1601, -1.3029 -4.48 -1.1671, -3.1399 -4.48 -1.5672, -1.9143 -4.48 -1.5672, -1.8894 -4.48 -1.511, -1.8209 -4.48 -1.4233, -1.6058 -4.48 -1.3005, -1.4936 -4.48 -1.2866, -1.3698 -4.48 -1.2244, -1.4609 -4.48 -1.2884, -1.4281 -4.48 -1.2923, -1.8017 -4.48 -1.4051, -1.7112 -4.48 -1.3414, -1.7464 -4.48 -2.1337, -1.8352 -4.48 -2.058, -3.1399 -4.48 -2.2023, -1.6435 -4.48 -2.1839, -1.9001 -4.48 -1.9653, -1.9409 -4.48 -1.8593, -3.1399 -4.48 -1.6846, -1.9547 -4.48 -1.7477, -1.9539 -4.48 -1.7205, -1.9475 -4.48 -1.6846, -1.9348 -4.48 -1.6135, -1.6075 -4.48 -2.1946, -1.6039 -4.48 -2.2023, -1.5789 -4.48 -2.2558, -3.1399 -4.48 -2.3609, -1.5365 -4.48 -2.308, -1.4808 -4.48 -2.35, -3.1399 -4.48 -5.9, -1.4151 -4.48 -2.3775, -1.4548 -4.48 -2.3609, -1.2192 -4.48 -2.3609, -1.2681 -4.48 -2.3797, 0.0252 -4.48 -5.9, -1.3371 -4.48 -2.3882, -1.3479 -4.48 -2.388, -1.0704 -4.48 -2.2023, -1.0707 -4.48 -2.2037, -1.1044 -4.48 -2.2671, -1.1479 -4.48 -2.3158, -1.2046 -4.48 -2.3553, -0.1517 -4.48 -1.7088, -0.1387 -4.48 -1.8018, -0.7069 -4.48 -2.0344, -0.6874 -4.48 -2.0267, -0.6539 -4.48 -1.8645, -0.244 -4.48 -2.0722, -0.3214 -4.48 -2.1378, -1.1236 -4.48 -1.9128, -0.7421 -4.48 -1.7136, -1.1734 -4.48 -1.8675, -1.2338 -4.48 -1.8351, -0.7244 -4.48 -2.0468, -0.1875 -4.48 -1.9935, -0.3166 -4.48 -1.7795, -0.33 -4.48 -1.7248, -0.3518 -4.48 -1.6846, -1.7683 -4.48 -1.6846, -0.1517 -4.48 -1.9034, -0.6653 -4.48 -2.0239, -0.6625 -4.48 -2.0241, -0.654 -4.48 -2.0259, -1.7515 -4.48 -1.8558, -1.7177 -4.48 -1.9132, -1.5732 -4.48 -1.9428, -1.6667 -4.48 -1.9657, -1.6046 -4.48 -2.0039, -1.468 -4.48 -1.8485, -1.5262 -4.48 -1.889, -1.7754 -4.48 -1.7421, -1.772 -4.48 -1.7862, -1.4051 -4.48 -1.8245, -1.3371 -4.48 -1.8161, -1.3025 -4.48 -1.8181, -0.7535 -4.48 -2.1121, -0.7528 -4.48 -2.1009, -1.0524 -4.48 -2.0751, -0.7471 -4.48 -2.0792, -0.7361 -4.48 -2.0598, -0.373 -4.48 -1.9553, -0.3417 -4.48 -1.9109, -0.322 -4.48 -1.8602, -0.3152 -4.48 -1.8047, -0.687 -4.48 -2.1977, -0.7058 -4.48 -2.1903, -0.7243 -4.48 -2.1772, -0.7309 -4.48 -2.1705, -0.7433 -4.48 -2.1526, -0.7508 -4.48 -2.1333, -1.054 -4.48 -2.1334, -1.0524 -4.48 -2.1036, -0.4083 -4.48 -2.1803, -0.503 -4.48 -2.2003, -0.671 -4.48 -2.2003, -0.6482 -4.48 -2.0267, -0.5201 -4.48 -2.0267, -0.4688 -4.48 -2.0169, -0.4186 -4.48 -1.9935, -0.3766 -4.48 -1.9591, -0.56 -4.48 -1.5827, -1.7425 -4.48 -1.6096, -1.7669 -4.48 -1.6731, -0.5372 -4.48 -1.5827, -0.3566 -4.48 -1.6758, -0.3892 -4.48 -1.6394, -0.4333 -4.48 -1.6085, -0.483 -4.48 -1.5894, -0.6215 -4.48 -1.4114, -0.6857 -4.48 -1.3348, -1.3399 -4.48 -1.5001, -0.6927 -4.48 -1.3285, -0.7726 -4.48 -1.273, -1.2964 -4.48 -1.41, -1.713 -4.48 -1.5672, -1.3599 -4.48 -1.4892, -0.5634 -4.48 -1.5672, -0.5775 -4.48 -1.5031, -1.4237 -4.48 -1.4658, -1.4908 -4.48 -1.4574, -1.5206 -4.48 -1.459, -1.2325 -4.48 -1.3338, -0.8619 -4.48 -1.2387, -1.1563 -4.48 -1.2781, -0.9585 -4.48 -1.2269, -1.0633 -4.48 -1.2404, -1.5909 -4.48 -1.4757, -1.6543 -4.48 -1.5094, -1.703 -4.48 -1.5529, -0.2258 -4.48 -1.5672, -0.1866 -4.48 -1.6219, -0.1615 -4.48 -1.6846, 1.5132 -4.48 -2.1533, 1.5132 -4.48 -2.1989, 1.551 -4.48 -2.2023, 1.4246 -4.48 -2.2023, 1.551 -4.48 -1.6846, 1.5041 -4.48 -1.7986, 1.5041 -4.48 -1.8446, 1.4928 -4.48 -1.9728, 1.4928 -4.48 -2.0186, 1.4246 -4.48 -2.0186, 1.4246 -4.48 -1.8446, 1.4246 -4.48 -1.9728, 1.3496 -4.48 -1.8446, 1.3496 -4.48 -1.9728, 1.4246 -4.48 -2.1989, 1.2979 -4.48 -2.1989, 1.2709 -4.48 -2.2023, 1.2979 -4.48 -1.7986, 0.4722 -4.48 -2.0632, 0.4804 -4.48 -1.9818, 0.4624 -4.48 -2.0777, 0.4556 -4.48 -2.0955, 0.7502 -4.48 -2.1371, 0.6822 -4.48 -2.0149, 0.7502 -4.48 -2.1889, 0.6822 -4.48 -2.1989, 0.607 -4.48 -2.1838, 0.5894 -4.48 -2.1955, 0.6321 -4.48 -2.1989, 0.5705 -4.48 -2.2023, 0.4346 -4.48 -2.3609, 0.5141 -4.48 -2.2023, 0.4346 -4.48 -2.2023, 0.5132 -4.48 -2.2022, 0.4939 -4.48 -2.195, 0.646 -4.48 -1.9245, 0.6595 -4.48 -1.9371, 0.7584 -4.48 -1.9561, 0.4874 -4.48 -2.0498, 0.5084 -4.48 -2.0388, 0.5126 -4.48 -1.9612, 0.5474 -4.48 -2.0291, 0.5912 -4.48 -1.949, 0.5742 -4.48 -1.9472, 0.5439 -4.48 -1.9504, 0.4771 -4.48 -2.1832, 0.4714 -4.48 -2.1775, 0.461 -4.48 -2.1621, 0.7525 -4.48 -1.9722, 0.536 -4.48 -1.9108, 0.4346 -4.48 -1.6846, 0.4974 -4.48 -1.9237, 0.4804 -4.48 -1.9331, 0.6321 -4.48 -2.1547, 0.6308 -4.48 -2.1547, 0.6229 -4.48 -2.1667, 0.455 -4.48 -2.1451, 0.4525 -4.48 -2.1224, 0.7679 -4.48 -2.1482, 0.7734 -4.48 -2.1504, 0.7734 -4.48 -2.0443, 0.678 -4.48 -1.9752, 0.7527 -4.48 -2.0096, 0.5789 -4.48 -1.9065, 0.6077 -4.48 -1.9089, 0.6292 -4.48 -1.9152, 0.6699 -4.48 -1.953, 0.7505 -4.48 -1.9902, 0.6321 -4.48 -2.0172, 0.6303 -4.48 -1.995, 0.6252 -4.48 -1.9772, 0.6193 -4.48 -1.9668, 0.7729 -4.48 -2.044, 0.7647 -4.48 -2.0354, 0.7582 -4.48 -2.025, 0.6117 -4.48 -1.9588, 0.6028 -4.48 -1.953, 0.7969 -4.48 -2.2023, 0.7734 -4.48 -2.3609, 0.8278 -4.48 -2.2057, 0.9564 -4.48 -2.3609, 0.9296 -4.48 -1.9192, 0.9296 -4.48 -1.9679, 0.9409 -4.48 -2.1413, 0.9348 -4.48 -2.1572, 0.9254 -4.48 -2.1704, 0.7678 -4.48 -1.9425, 0.7734 -4.48 -1.9375, 0.7734 -4.48 -1.6846, 0.7826 -4.48 -1.9292, 0.7967 -4.48 -1.9207, 0.8239 -4.48 -1.9107, 0.8618 -4.48 -1.9065, 0.9564 -4.48 -1.6846, 0.8942 -4.48 -1.9091, 0.9265 -4.48 -2.0739, 0.9359 -4.48 -2.0877, 0.9412 -4.48 -2.1025, 0.9433 -4.48 -2.1212, 0.9111 -4.48 -2.183, 0.8961 -4.48 -2.1918, 0.8569 -4.48 -1.9472, 0.8421 -4.48 -1.9483, 0.8022 -4.48 -1.9857, 0.8287 -4.48 -1.9519, 0.8174 -4.48 -1.9578, 0.8026 -4.48 -1.9923, 0.8046 -4.48 -2.0001, 0.8082 -4.48 -2.0069, 0.8131 -4.48 -2.0123, 0.8308 -4.48 -2.0233, 0.8917 -4.48 -1.9514, 0.8618 -4.48 -2.0368, 0.9201 -4.48 -1.9623, 0.8813 -4.48 -2.0447, 0.9146 -4.48 -2.0632, 0.8099 -4.48 -1.9645, 0.8056 -4.48 -1.9709, 0.8031 -4.48 -1.9777, 0.7992 -4.48 -2.1606, 0.8264 -4.48 -2.0733, 0.7965 -4.48 -2.0596, 0.8327 -4.48 -2.1648, 0.8349 -4.48 -2.1647, 0.8594 -4.48 -2.0871, 0.8606 -4.48 -2.1619, 0.8918 -4.48 -2.1261, 0.8913 -4.48 -2.1198, 0.8735 -4.48 -2.1571, 0.8781 -4.48 -2.1544, 0.8839 -4.48 -2.1493, 0.8882 -4.48 -2.1428, 0.8908 -4.48 -2.1356, 0.8891 -4.48 -2.112, 0.8852 -4.48 -2.1054, 0.8789 -4.48 -2.0989, 1.7959 -4.48 -1.5638, 1.551 -4.48 -1.5672, 4.325 -4.48 -1.5672, 4.325 -4.48 -1.1601, 1.6434 -4.48 -1.1635, 1.551 -4.48 -1.1601, 1.5312 -4.48 -1.4543, 1.4928 -4.48 -1.5638, 1.4246 -4.48 -1.5672, 1.4357 -4.48 -1.5638, 1.4246 -4.48 -1.1601, 1.551 -4.48 -1.2609, 1.5881 -4.48 -1.1635, 1.2709 -4.48 -1.5672, 1.2651 -4.48 -1.5557, 1.1976 -4.48 -1.5638, 1.2017 -4.48 -1.1635, 1.2709 -4.48 -1.1601, 1.0497 -4.48 -1.1601, 1.0497 -4.48 -1.5672, 1.0875 -4.48 -1.5638, 1.0875 -4.48 -1.1635, 1.3674 -4.48 -1.2306, 1.3921 -4.48 -1.2655, 1.3531 -4.48 -1.2165, 1.4005 -4.48 -1.4366, 1.3795 -4.48 -1.4773, 1.2628 -4.48 -1.1702, 1.2709 -4.48 -1.1732, 1.3112 -4.48 -1.1879, 1.3531 -4.48 -1.5078, 1.3108 -4.48 -1.538, 1.2709 -4.48 -1.5534, 1.4069 -4.48 -1.3038, 1.4134 -4.48 -1.3585, 1.4115 -4.48 -1.3908, 0.9564 -4.48 -1.1601, 1.0028 -4.48 -1.1635, 0.9564 -4.48 -1.1635, 1.0028 -4.48 -1.2095, 1.0119 -4.48 -1.5182, 1.0119 -4.48 -1.5638, 0.9564 -4.48 -1.5672, 0.8482 -4.48 -1.5182, 0.9564 -4.48 -1.5182, 0.8482 -4.48 -1.3835, 0.9564 -4.48 -1.3835, 0.9914 -4.48 -1.3835, 0.9914 -4.48 -1.3377, 0.9564 -4.48 -1.2095, 0.7966 -4.48 -1.1635, 0.7734 -4.48 -1.1601, 0.7966 -4.48 -1.5638, 0.7164 -4.48 -1.1731, 0.6805 -4.48 -1.1621, 0.6614 -4.48 -1.1601, 0.9564 -4.48 -1.5638, 0.7164 -4.48 -1.2271, 0.7096 -4.48 -1.5507, 0.6131 -4.48 -1.5245, 0.6373 -4.48 -1.5234, 0.6646 -4.48 -1.2077, 0.6221 -4.48 -1.2034, 0.513 -4.48 -1.2478, 0.6817 -4.48 -1.5139, 0.7164 -4.48 -1.4977, 0.7164 -4.48 -1.5473, 0.51 -4.48 -1.2511, 0.4907 -4.48 -1.279, 0.4774 -4.48 -1.3137, 0.4709 -4.48 -1.3682, 0.4713 -4.48 -1.3827, 0.4777 -4.48 -1.4228, 0.5197 -4.48 -1.4916, 0.5463 -4.48 -1.5097, 0.5752 -4.48 -1.5203, 0.7059 -4.48 -1.2217, 0.6061 -4.48 -1.2041, 0.5714 -4.48 -1.2108, 0.5399 -4.48 -1.2255, 0.4906 -4.48 -1.4551, 0.5102 -4.48 -1.4824, 0.6216 -4.48 -1.1567, 0.4346 -4.48 -0.2, 0.7734 -4.48 -0.2, 0.6294 -4.48 -1.1568, 0.5221 -4.48 -1.1798, 0.4491 -4.48 -1.2476, 0.4745 -4.48 -1.2157, 0.4834 -4.48 -1.2071, 0.4346 -4.48 -1.4621, 0.4244 -4.48 -1.4359, 0.4106 -4.48 -1.5672, 0.4167 -4.48 -1.3712, 0.4181 -4.48 -1.3418, 0.4106 -4.48 -1.1601, 0.4286 -4.48 -1.2911, 0.4346 -4.48 -1.2785, 0.4971 -4.48 -1.5407, 0.468 -4.48 -1.5159, 0.4346 -4.48 -1.5672, 0.4645 -4.48 -1.512, 0.4406 -4.48 -1.4778, 0.6056 -4.48 -1.5706, 0.5771 -4.48 -1.569, 0.5693 -4.48 -1.5672, 0.5344 -4.48 -1.5593, 0.5691 -4.48 -2.2028, 0.5432 -4.48 -2.2057, 1.1919 -4.48 -1.913, 1.2439 -4.48 -1.913, 1.2709 -4.48 -1.6846, 1.4246 -4.48 -1.7986, 1.4246 -4.48 -1.6846, 1.1298 -4.48 -2.2023, 1.1002 -4.48 -2.1279, 1.1063 -4.48 -2.1515, 1.1077 -4.48 -2.1515, 1.0497 -4.48 -1.6846, 1.0497 -4.48 -1.9826, 1.1138 -4.48 -2.1283, 1.11 -4.48 -2.1417, 1.0497 -4.48 -2.1172, 0.9694 -4.48 -1.913, 1.0255 -4.48 -1.913, 1.0799 -4.48 -2.2023, 1.0816 -4.48 -2.1983, 1.0497 -4.48 -2.2684, 1.0498 -4.48 -2.2683, 1.0497 -4.48 -2.2023, 1.0596 -4.48 -2.2503, 0.9797 -4.48 -2.2849, 0.9797 -4.48 -2.3295, 0.99 -4.48 -2.2883, 1.0082 -4.48 -2.2906, 1.0202 -4.48 -2.2893, 1.0497 -4.48 -2.3247, 1.0323 -4.48 -2.3313, 1.0497 -4.48 -2.3609, 1.0121 -4.48 -2.3336, 1.001 -4.48 -2.3332, 1.0312 -4.48 -2.2852, 1.0404 -4.48 -2.2788, 1.1141 -4.48 -2.2421, 1.0914 -4.48 -2.2863, 1.2709 -4.48 -2.3609, 1.0731 -4.48 -2.3084, 1.0696 -4.48 -2.3115, 1.0521 -4.48 -2.3238, -4.325 -4.48 -5.9, -4.325 -4.48 -2.3609, -4.325 -4.48 -2.2023, -4.325 -4.48 -1.6846, -4.325 -4.48 -1.5672, -4.325 -4.48 -1.1601, -4.325 -4.48 -0.2, 0.4003 -4.48 -1.5182, 0.4003 -4.48 -1.5638, 0.1892 -4.48 -1.5638, 0.2409 -4.48 -1.1635, 0.2409 -4.48 -1.5182, 0.1892 -4.48 -1.1635, 0.4106 -4.48 -2.2023, 0.4045 -4.48 -2.1989, 0.1892 -4.48 -2.1989, 0.4045 -4.48 -2.1533, 0.3954 -4.48 -1.8446, 0.2409 -4.48 -2.0186, 0.2409 -4.48 -2.1533, 0.384 -4.48 -2.0186, 0.384 -4.48 -1.9728, 0.2409 -4.48 -1.9728, 0.2409 -4.48 -1.8446, 0.1892 -4.48 -1.7986, 0.3954 -4.48 -1.7986, 0.4106 -4.48 -0.2, 0.9564 -4.48 -0.2, 1.0497 -4.48 -0.2, 1.2709 -4.48 -0.2, 1.4246 -4.48 -0.2, 1.551 -4.48 -0.2, 4.325 -4.48 -0.2, 4.325 -4.48 -1.6846, 1.5889 -4.48 -2.1989, 1.5889 -4.48 -1.7986, 2.0895 -4.48 -1.7986, 2.1448 -4.48 -1.7986, 1.699 -4.48 -2.1989, 2.2401 -4.48 -2.1989, 2.2972 -4.48 -2.1989, 4.325 -4.48 -2.2023, 2.1993 -4.48 -2.0894, 2.0326 -4.48 -2.0894, 1.9941 -4.48 -2.1989, 1.937 -4.48 -2.1989, 1.7665 -4.48 -2.1908, 1.8544 -4.48 -1.8516, 1.8688 -4.48 -1.8657, 1.8935 -4.48 -1.9006, 1.9082 -4.48 -1.9389, 1.7031 -4.48 -1.7986, 1.7642 -4.48 -1.8053, 1.8125 -4.48 -1.823, 1.8809 -4.48 -2.1124, 1.8544 -4.48 -2.1429, 1.8122 -4.48 -2.1731, 1.9148 -4.48 -1.9937, 1.9128 -4.48 -2.0259, 1.9019 -4.48 -2.0717, 1.4246 -4.48 -2.3609, 1.551 -4.48 -2.3609, 4.325 -4.48 -2.3609, 0.4106 -4.48 -5.9, 0.4346 -4.48 -5.9, 0.7734 -4.48 -5.9, 0.9564 -4.48 -5.9, 1.0497 -4.48 -5.9, 1.2709 -4.48 -5.9, 1.4246 -4.48 -5.9, 1.551 -4.48 -5.9, 4.325 -4.48 -5.9, 4.325 -4.48 -5.9
            ]
        }
        coordIndex [
            0,1,2,-1,3,4,5,-1,6,7,8,-1,9,10,11,-1,12,13,14,-1,15,16,17,-1,18,19,20,-1,21,22,23,-1,24,25,26,-1,27,28,29,-1,29,28,3,-1,30,31,29,-1,29,31,32,-1,32,33,29,-1,29,33,34,-1,29,34,27,-1,35,36,37,-1,38,39,40,-1,40,39,37,-1,37,39,41,-1,37,41,35,-1,38,40,42,-1,42,40,43,-1,42,43,44,-1,45,46,43,-1,43,46,47,-1,43,47,48,-1,43,49,44,-1,44,49,50,-1,44,50,51,-1,51,50,52,-1,51,52,53,-1,48,54,43,-1,43,54,55,-1,43,55,49,-1,56,57,58,-1,56,58,59,-1,57,60,58,-1,58,60,61,-1,58,61,62,-1,62,61,63,-1,63,64,62,-1,62,64,65,-1,62,65,45,-1,45,65,66,-1,45,66,46,-1,67,59,68,-1,68,59,58,-1,68,58,69,-1,69,58,70,-1,69,70,71,-1,71,70,72,-1,73,74,70,-1,70,74,75,-1,70,75,72,-1,76,77,78,-1,78,77,79,-1,78,79,73,-1,73,79,80,-1,73,80,74,-1,0,81,1,-1,1,81,82,-1,1,82,83,-1,83,84,1,-1,1,84,85,-1,1,85,76,-1,86,87,4,-1,88,89,90,-1,91,92,0,-1,93,94,95,-1,95,94,96,-1,88,90,97,-1,91,0,98,-1,99,100,94,-1,94,100,101,-1,94,101,102,-1,4,87,0,-1,0,87,103,-1,0,103,98,-1,89,104,90,-1,90,104,105,-1,90,105,106,-1,107,108,109,-1,109,108,110,-1,109,110,111,-1,112,102,113,-1,113,102,114,-1,113,114,109,-1,109,114,115,-1,109,115,107,-1,112,116,102,-1,102,116,117,-1,102,117,94,-1,94,117,118,-1,94,118,96,-1,119,120,121,-1,121,120,122,-1,121,122,90,-1,90,122,123,-1,90,123,97,-1,124,125,90,-1,90,125,126,-1,90,126,94,-1,94,126,127,-1,94,127,99,-1,128,129,81,-1,81,129,130,-1,81,130,131,-1,131,132,81,-1,81,132,133,-1,81,133,134,-1,134,133,119,-1,134,119,135,-1,135,119,121,-1,92,136,0,-1,0,136,137,-1,0,137,81,-1,81,137,138,-1,81,138,128,-1,106,139,90,-1,90,139,140,-1,90,140,141,-1,141,142,90,-1,90,142,143,-1,90,143,124,-1,144,145,146,-1,146,102,144,-1,144,102,101,-1,144,101,147,-1,147,101,148,-1,148,149,147,-1,147,149,150,-1,147,150,151,-1,152,153,154,-1,153,155,154,-1,154,155,156,-1,154,156,157,-1,158,154,159,-1,145,144,158,-1,158,144,160,-1,158,160,154,-1,154,160,161,-1,154,161,152,-1,159,162,158,-1,158,162,163,-1,158,163,164,-1,157,156,165,-1,165,156,166,-1,165,166,167,-1,167,166,168,-1,167,168,169,-1,170,171,164,-1,164,171,172,-1,164,172,158,-1,28,173,3,-1,3,173,174,-1,3,174,4,-1,4,174,175,-1,4,175,86,-1,176,177,178,-1,178,177,179,-1,180,181,182,-1,183,184,176,-1,176,184,26,-1,26,184,185,-1,26,185,24,-1,182,186,187,-1,187,186,188,-1,187,188,189,-1,177,190,179,-1,179,190,191,-1,179,191,192,-1,192,191,193,-1,194,195,196,-1,196,195,197,-1,198,199,200,-1,200,199,201,-1,200,201,22,-1,202,203,204,-1,204,203,205,-1,204,205,201,-1,206,207,208,-1,208,207,209,-1,208,209,210,-1,211,212,213,-1,194,214,195,-1,195,214,215,-1,195,215,216,-1,216,215,217,-1,218,219,217,-1,217,219,220,-1,217,220,216,-1,210,221,208,-1,208,221,222,-1,208,222,223,-1,213,212,224,-1,225,226,227,-1,227,226,228,-1,229,230,204,-1,204,230,231,-1,204,231,202,-1,223,232,208,-1,208,232,233,-1,208,233,226,-1,226,233,197,-1,226,197,228,-1,228,197,195,-1,234,235,236,-1,237,199,238,-1,225,239,226,-1,226,239,240,-1,226,240,241,-1,212,242,224,-1,224,242,237,-1,224,237,243,-1,243,237,238,-1,244,245,217,-1,217,245,246,-1,217,246,247,-1,234,236,198,-1,236,248,198,-1,198,248,249,-1,198,249,199,-1,199,249,250,-1,199,250,238,-1,247,251,217,-1,217,251,252,-1,217,252,218,-1,21,23,253,-1,253,23,254,-1,253,254,255,-1,255,254,19,-1,19,254,256,-1,19,256,20,-1,257,258,20,-1,259,260,20,-1,20,260,261,-1,262,263,264,-1,264,263,265,-1,264,265,266,-1,266,267,264,-1,264,267,268,-1,264,268,269,-1,269,268,270,-1,269,270,257,-1,271,272,258,-1,258,272,273,-1,258,273,20,-1,20,273,274,-1,20,274,259,-1,261,275,20,-1,20,275,276,-1,20,276,18,-1,277,278,279,-1,279,278,280,-1,279,280,281,-1,279,282,277,-1,277,282,283,-1,277,283,284,-1,284,285,277,-1,277,285,286,-1,277,286,287,-1,287,286,288,-1,287,288,289,-1,289,288,290,-1,289,290,258,-1,258,290,291,-1,258,291,271,-1,292,293,281,-1,281,293,294,-1,281,294,279,-1,295,296,235,-1,235,296,297,-1,235,297,236,-1,295,298,296,-1,296,298,299,-1,296,299,300,-1,300,299,301,-1,300,302,303,-1,301,304,300,-1,300,304,305,-1,300,305,306,-1,306,307,300,-1,300,307,308,-1,300,308,302,-1,303,309,300,-1,300,309,310,-1,300,310,311,-1,312,15,313,-1,314,315,316,-1,316,315,317,-1,15,17,313,-1,313,17,318,-1,313,318,319,-1,320,321,322,-1,322,321,323,-1,322,323,317,-1,317,323,324,-1,317,324,316,-1,325,326,327,-1,328,329,330,-1,325,327,331,-1,331,327,332,-1,331,332,330,-1,330,332,333,-1,330,333,328,-1,334,335,322,-1,334,322,336,-1,320,337,338,-1,328,339,329,-1,329,339,340,-1,329,340,322,-1,322,340,341,-1,322,341,336,-1,338,342,320,-1,320,342,343,-1,320,343,325,-1,325,343,344,-1,325,344,326,-1,335,345,322,-1,322,345,346,-1,322,346,320,-1,320,346,347,-1,320,347,337,-1,330,348,349,-1,349,348,350,-1,349,351,330,-1,330,351,352,-1,330,352,331,-1,331,352,353,-1,331,353,354,-1,355,356,357,-1,357,356,358,-1,358,356,359,-1,359,356,352,-1,359,352,360,-1,360,352,351,-1,360,351,14,-1,14,351,361,-1,14,361,12,-1,350,348,362,-1,362,348,363,-1,362,363,364,-1,365,363,366,-1,366,363,367,-1,353,368,354,-1,354,368,364,-1,354,364,11,-1,11,364,363,-1,11,363,369,-1,369,363,365,-1,9,11,370,-1,369,371,372,-1,373,374,375,-1,372,376,369,-1,369,376,377,-1,369,377,11,-1,11,377,378,-1,11,378,370,-1,379,380,369,-1,369,380,381,-1,381,382,369,-1,369,382,383,-1,369,383,384,-1,385,386,369,-1,369,386,387,-1,369,387,371,-1,379,369,375,-1,375,369,388,-1,375,388,373,-1,374,389,375,-1,375,389,390,-1,375,390,391,-1,384,392,369,-1,369,392,393,-1,369,393,385,-1,7,394,395,-1,395,394,396,-1,396,394,397,-1,396,397,367,-1,6,8,398,-1,399,400,8,-1,8,400,401,-1,8,401,398,-1,402,403,404,-1,405,406,407,-1,407,406,408,-1,407,408,8,-1,8,408,409,-1,8,409,399,-1,410,411,412,-1,412,411,413,-1,412,413,414,-1,415,416,226,-1,226,416,417,-1,226,417,412,-1,412,417,418,-1,412,418,410,-1,211,213,241,-1,241,213,262,-1,241,262,226,-1,226,262,264,-1,226,264,415,-1,22,201,23,-1,23,201,205,-1,23,205,254,-1,254,205,419,-1,254,419,206,-1,206,419,420,-1,206,420,207,-1,421,422,423,-1,181,180,424,-1,424,180,425,-1,424,425,193,-1,193,425,423,-1,193,423,192,-1,192,423,422,-1,192,422,426,-1,427,428,429,-1,423,430,421,-1,421,430,431,-1,421,431,432,-1,432,431,427,-1,432,427,433,-1,433,427,429,-1,434,435,20,-1,257,20,269,-1,269,20,435,-1,269,435,430,-1,430,435,436,-1,430,436,431,-1,437,438,434,-1,439,440,441,-1,441,440,442,-1,441,442,437,-1,437,434,441,-1,441,434,20,-1,441,20,443,-1,443,20,256,-1,443,256,444,-1,443,445,441,-1,441,445,446,-1,441,446,447,-1,448,449,450,-1,450,449,451,-1,450,451,256,-1,256,451,452,-1,256,452,444,-1,447,453,441,-1,441,453,454,-1,441,454,439,-1,455,456,457,-1,455,457,426,-1,456,458,457,-1,457,458,459,-1,457,459,450,-1,450,459,460,-1,450,460,448,-1,461,73,462,-1,462,73,70,-1,462,70,463,-1,463,70,58,-1,463,58,464,-1,464,58,62,-1,464,62,465,-1,465,62,45,-1,465,45,466,-1,466,45,43,-1,466,43,467,-1,467,43,40,-1,468,469,404,-1,404,469,470,-1,471,407,29,-1,403,405,404,-1,404,405,407,-1,404,407,468,-1,468,407,471,-1,468,471,472,-1,5,404,3,-1,3,404,470,-1,3,470,29,-1,29,470,473,-1,29,473,471,-1,474,475,476,-1,475,474,477,-1,477,474,5,-1,477,5,478,-1,479,480,481,-1,481,480,477,-1,481,477,482,-1,482,477,478,-1,482,478,483,-1,483,478,484,-1,2,474,0,-1,0,474,476,-1,0,476,4,-1,4,476,485,-1,4,485,5,-1,5,485,486,-1,5,486,478,-1,7,395,8,-1,8,395,487,-1,8,487,407,-1,407,487,37,-1,407,37,29,-1,29,37,36,-1,29,36,30,-1,2,206,474,-1,474,206,208,-1,474,208,5,-1,5,208,226,-1,5,226,404,-1,404,226,412,-1,404,412,402,-1,402,412,414,-1,180,320,425,-1,425,320,325,-1,425,325,423,-1,423,325,331,-1,423,331,430,-1,430,331,354,-1,430,354,269,-1,269,354,11,-1,269,11,264,-1,264,11,10,-1,264,10,415,-1,367,363,396,-1,396,363,348,-1,396,348,488,-1,488,348,330,-1,488,330,489,-1,489,330,329,-1,489,329,490,-1,490,329,322,-1,490,322,491,-1,491,322,317,-1,491,317,492,-1,492,317,315,-1,492,315,493,-1,316,312,314,-1,314,312,313,-1,314,313,494,-1,495,496,180,-1,180,497,498,-1,187,183,182,-1,182,183,176,-1,182,176,180,-1,180,176,178,-1,180,178,495,-1,495,178,499,-1,500,178,501,-1,501,178,502,-1,501,502,498,-1,498,502,494,-1,498,494,180,-1,180,494,313,-1,180,313,320,-1,320,313,319,-1,320,319,321,-1,503,504,500,-1,500,504,505,-1,500,505,178,-1,178,505,506,-1,178,506,499,-1,499,506,507,-1,508,509,497,-1,497,509,510,-1,497,510,511,-1,496,512,180,-1,180,512,513,-1,180,513,497,-1,497,513,514,-1,497,514,508,-1,515,516,506,-1,506,516,517,-1,506,517,507,-1,511,518,497,-1,497,518,519,-1,497,519,506,-1,506,519,520,-1,506,520,515,-1,426,457,192,-1,192,457,521,-1,192,521,179,-1,179,521,522,-1,179,522,178,-1,178,522,523,-1,178,523,502,-1,76,78,1,-1,1,78,524,-1,1,524,2,-1,2,524,525,-1,2,525,206,-1,206,525,526,-1,206,526,254,-1,254,526,527,-1,254,527,256,-1,256,527,528,-1,256,528,450,-1,450,528,529,-1,450,529,457,-1,457,529,530,-1,457,530,521,-1,521,530,531,-1,521,531,522,-1,522,531,532,-1,522,532,523,-1,
        ]
    }
}
Shape{
    appearance Appearance {
        material  Material 	{
            diffuseColor 0.5019607843137255 0.0 0.0
            specularColor 0.25098039215686274 0.0 0.0
            ambientIntensity 0.2
            transparency 0
            shininess 0.5
        }
    }
    geometry IndexedFaceSet {
        ccw TRUE
        solid FALSE
        coord DEF co Coordinate {
            point [
                9.2207 -1.2604 -5.6264, 9.2214 -1.2609 -5.6266, 9.2499 -1.2538 -5.6258, 9.3949 -1.3893 -5.8498, 9.3952 -1.3895 -5.8523, 9.5924 -1.3037 -5.8522, 10.091 0.8787 -5.9, 10.081 0.8904 -5.9, 10.0787 0.8887 -5.8522, 9.3915 1.388 -5.8333, 9.3746 1.3752 -5.7811, 9.5883 1.2823 -5.7809, 9.9828 -0.4693 -5.6, 9.9686 -0.4956 -5.6, 10.0163 -0.5179 -5.6043, 9.487 -1.0245 -5.6, 9.4528 -1.0408 -5.6, 9.4772 -1.0868 -5.6043, 8.9663 -1.1799 -5.6001, 8.9658 -1.1755 -5.6, 8.924 -1.1799 -5.6, 9.1277 -1.1588 -5.6, 9.1 -1.18 -5.6002, 9.1204 -1.18 -5.6007, 9.2164 -1.134 -5.6, 9.1503 -1.2045 -5.605, 9.2307 -1.1853 -5.6043, 9.1501 -1.2042 -5.6049, 9.145 -1.2002 -5.6034, 9.3141 -1.1067 -5.6, 9.6553 -0.9067 -5.6, 9.6968 -0.9378 -5.6043, 9.6635 -0.8987 -5.6, 9.7875 -0.7782 -5.6, 9.8793 -0.7452 -5.6043, 9.837 -0.713 -5.6, 9.886 -0.6485 -5.6, 10.0428 -0.2958 -5.6, 10.1013 -0.2665 -5.6043, 10.0503 -0.2552 -5.6, 10.0726 -0.1346 -5.6, 10.1305 -0.0027 -5.6043, 10.0766 -0.0025 -5.6, 10.0186 0.5129 -5.6043, 10.0025 0.4212 -5.6, 10.1025 0.2612 -5.6043, 10.0527 0.2547 -5.6, 10.0785 0.0613 -5.6, 9.8185 0.7413 -5.6, 9.8405 0.7092 -5.6, 9.8826 0.7408 -5.6043, 9.9203 0.5929 -5.6, 9.9694 0.4903 -5.6, 9.6849 0.8812 -5.6, 9.7009 0.9342 -5.6043, 9.6672 0.8949 -5.6, 9.5513 0.9843 -5.6, 9.482 1.0842 -5.6043, 9.4571 1.038 -5.6, 9.236 1.1838 -5.6043, 9.2225 1.1365 -5.6, 9.2232 1.1364 -5.6, 9.4027 1.069 -5.6, 9.1483 1.2028 -5.6039, 9.1204 1.18 -5.6007, 9.1 1.18 -5.6002, 9.0341 1.1727 -5.6, 8.9716 1.1799 -5.6001, 8.9713 1.1768 -5.6, 8.9238 1.1799 -5.6, 9.2213 1.2607 -5.6271, 9.2206 1.2601 -5.6268, 9.1506 1.2046 -5.6046, 9.1503 1.2043 -5.6045, 9.2554 1.2522 -5.6258, 9.2687 1.297 -5.655, 9.2316 1.2688 -5.6303, 9.2834 1.3082 -5.6649, 9.5156 1.1469 -5.6258, 9.2844 1.3089 -5.6655, 9.3356 1.3469 -5.7165, 9.2979 1.3191 -5.6745, 9.5457 1.203 -5.6641, 9.374 1.3747 -5.7791, 9.3727 1.3737 -5.7752, 9.5705 1.2491 -5.7169, 9.3449 1.3537 -5.7268, 9.3367 1.3477 -5.7177, 9.3936 1.3893 -5.85, 9.4 1.393 -5.9, 9.3939 1.3895 -5.8524, 9.6002 1.3045 -5.9, 9.5981 1.3006 -5.8522, 9.6042 1.3027 -5.9, 9.7876 1.1863 -5.9, 9.8608 1.1207 -5.8522, 9.8616 1.1218 -5.9, 9.9492 1.0453 -5.9, 10.2101 0.6901 -5.9, 10.2418 0.6153 -5.8522, 10.2429 0.6158 -5.9, 10.3762 -0.0033 -5.8522, 10.3766 -0.0032 -5.9, 10.3786 0.0673 -5.9, 10.3425 0.3133 -5.8522, 10.3538 0.2836 -5.9, 10.3457 0.3139 -5.9, 10.2981 0.4906 -5.9, 10.3411 -0.3197 -5.8522, 10.2391 -0.6212 -5.8522, 10.2654 -0.5746 -5.9, 10.3343 -0.3715 -5.9, 10.3433 -0.3202 -5.9, 10.3723 -0.1558 -5.9, 10.0364 -0.9488 -5.9, 10.0752 -0.8943 -5.9, 10.0748 -0.8939 -5.8522, 10.1659 -0.7672 -5.9, 10.2409 -0.622 -5.9, 9.884 -1.1075 -5.9, 9.8558 -1.125 -5.8522, 9.858 -1.1275 -5.9, 9.7136 -1.2381 -5.9, 9.5928 -1.3046 -5.9, 9.4 -1.393 -5.9, 9.5246 -1.3422 -5.9, 9.3744 -1.3748 -5.7791, 9.3749 -1.3751 -5.7798, 9.5826 -1.2853 -5.7809, 9.3939 -1.3886 -5.8396, 9.3359 -1.347 -5.7163, 9.3369 -1.3478 -5.7175, 9.5649 -1.252 -5.7169, 9.3429 -1.3522 -5.724, 9.2836 -1.3084 -5.6646, 9.2846 -1.3091 -5.6652, 9.5404 -1.2058 -5.6641, 9.2946 -1.3168 -5.6717, 9.2279 -1.2661 -5.6286, 9.2608 -1.2911 -5.6499, 9.5105 -1.1496 -5.6258, 9.8472 1.1049 -5.7809, 10.0621 0.8761 -5.7809, 10.2229 0.6066 -5.7809, 10.3222 0.3089 -5.7809, 10.3553 -0.0032 -5.7809, 10.3208 -0.3152 -5.7809, 10.2202 -0.6125 -5.7809, 10.0582 -0.8813 -5.7809, 9.8423 -1.1091 -5.7809, 9.8227 1.0763 -5.7169, 10.032 0.8534 -5.7169, 10.1886 0.5909 -5.7169, 10.2853 0.3009 -5.7169, 10.3176 -0.0031 -5.7169, 10.284 -0.307 -5.7169, 10.186 -0.5966 -5.7169, 10.0282 -0.8584 -5.7169, 9.8179 -1.0804 -5.7169, 9.7886 1.0366 -5.6641, 9.9902 0.8219 -5.6641, 10.1411 0.5691 -5.6641, 10.2342 0.2898 -5.6641, 10.2653 -0.003 -5.6641, 10.2329 -0.2957 -5.6641, 10.1385 -0.5746 -5.6641, 9.9866 -0.8268 -5.6641, 9.784 -1.0405 -5.6641, 9.7472 0.9882 -5.6258, 9.9394 0.7836 -5.6258, 10.0832 0.5426 -5.6258, 10.172 0.2763 -5.6258, 10.2017 -0.0029 -5.6258, 10.1708 -0.2819 -5.6258, 10.0808 -0.5478 -5.6258, 9.9359 -0.7882 -5.6258, 9.7428 -0.992 -5.6258, -9.2201 1.2595 -5.6279, -9.2208 1.2601 -5.6282, -9.2603 1.2508 -5.6258, -9.3949 1.3893 -5.8498, -9.3952 1.3895 -5.8523, -9.6024 1.2983 -5.8522, -10.091 -0.8787 -5.9, -10.0785 -0.8933 -5.9, -10.0763 -0.8918 -5.8522, -9.3449 -1.3537 -5.7268, -9.3367 -1.3477 -5.7177, -9.5687 -1.25 -5.7169, -9.487 1.0245 -5.6, -9.461 1.0368 -5.6, -9.4856 1.0823 -5.6043, -8.9285 1.18 -5.6, -8.977 1.18 -5.6001, -8.9764 1.1749 -5.6, -9.1277 1.1588 -5.6, -9.2406 1.1825 -5.6043, -9.314 1.1066 -5.6, -9.2259 1.1313 -5.6, -9.6561 0.9059 -5.6, -9.7034 0.9321 -5.6043, -9.6695 0.8929 -5.6, -9.7881 0.7774 -5.6, -9.8841 0.7388 -5.6043, -9.8407 0.7062 -5.6, -10.0193 0.5114 -5.6043, -10.1027 0.2603 -5.6043, -10.0474 0.2777 -5.6, -9.9884 0.4563 -5.6, -9.9713 0.4893 -5.6, -9.903 0.6218 -5.6, -10.1305 -0.0029 -5.6043, -10.077 0.0865 -5.6, -10.0518 0.2493 -5.6, -10.0461 -0.2829 -5.6, -10.0508 -0.2547 -5.6, -10.1015 -0.2659 -5.6043, -10.0751 -0.11 -5.6, -10.0761 -0.0027 -5.6, -9.9842 -0.4661 -5.6, -10.0169 -0.5166 -5.6043, -9.9693 -0.4945 -5.6, -9.8978 -0.6301 -5.6, -9.8806 -0.7434 -5.6043, -9.8373 -0.7106 -5.6, -9.4805 -1.085 -5.6043, -9.4563 -1.0398 -5.6, -9.4773 -1.0301 -5.6, -9.699 -0.9359 -5.6043, -9.6407 -0.9186 -5.6, -9.6647 -0.8958 -5.6, -9.7817 -0.7847 -5.6, -9.3066 -1.1094 -5.6, -9.2351 -1.184 -5.6043, -9.2207 -1.1329 -5.6, -9.1204 -1.18 -5.6007, -9.1222 -1.1599 -5.6, -9.1483 -1.2028 -5.6039, -9.1 -1.18 -5.6003, -9.0119 -1.18 -5.6003, -8.9709 -1.1751 -5.6, -8.9714 -1.1799 -5.6002, -8.9238 -1.1799 -5.6, -9.2213 -1.2607 -5.6271, -9.2206 -1.2601 -5.6268, -9.1506 -1.2046 -5.6046, -9.1503 -1.2043 -5.6045, -9.2545 -1.2525 -5.6258, -9.2673 -1.296 -5.6541, -9.2316 -1.2688 -5.6303, -9.2834 -1.3082 -5.6649, -9.514 -1.1478 -5.6258, -9.2844 -1.3089 -5.6655, -9.3356 -1.3469 -5.7165, -9.2979 -1.3191 -5.6745, -9.5441 -1.2039 -5.6641, -9.3727 -1.3737 -5.7752, -9.3936 -1.3893 -5.85, -9.3915 -1.388 -5.8333, -9.5865 -1.2833 -5.7809, -9.374 -1.3747 -5.7791, -9.4 -1.393 -5.9, -9.3939 -1.3895 -5.8524, -9.5983 -1.3054 -5.9, -9.5963 -1.3016 -5.8522, -9.6042 -1.3027 -5.9, -9.7876 -1.1863 -5.9, -9.8585 -1.1227 -5.8522, -9.8594 -1.1237 -5.9, -9.9492 -1.0453 -5.9, -10.2101 -0.6901 -5.9, -10.2398 -0.6197 -5.8522, -10.2409 -0.6203 -5.9, -10.3762 -0.0035 -5.8522, -10.3768 -0.0036 -5.9, -10.3786 -0.0673 -5.9, -10.3413 -0.319 -5.8522, -10.3538 -0.2836 -5.9, -10.3441 -0.3195 -5.9, -10.2981 -0.4906 -5.9, -10.3723 0.1558 -5.9, -10.3428 0.3122 -5.8522, -10.3446 0.3127 -5.9, -10.2427 0.6134 -5.8522, -10.2654 0.5746 -5.9, -10.3343 0.3715 -5.9, -10.0364 0.9488 -5.9, -10.0807 0.8866 -5.9, -10.0805 0.8863 -5.8522, -10.1659 0.7672 -5.9, -10.2449 0.6143 -5.9, -9.884 1.1075 -5.9, -9.8637 1.1182 -5.8522, -9.8663 1.1211 -5.9, -9.7136 1.2381 -5.9, -9.6028 1.2991 -5.9, -9.4 1.393 -5.9, -9.5246 1.3422 -5.9, -9.3741 1.3745 -5.7792, -9.3765 1.3762 -5.7837, -9.5925 1.28 -5.7809, -9.3939 1.3886 -5.8398, -9.3356 1.3468 -5.7165, -9.3367 1.3476 -5.7177, -9.5746 1.2469 -5.7169, -9.3472 1.3552 -5.73, -9.283 1.3078 -5.6653, -9.2839 1.3085 -5.666, -9.5497 1.2009 -5.6641, -9.3069 1.3259 -5.6828, -9.2435 1.2779 -5.6365, -9.2756 1.3022 -5.66, -9.5194 1.1449 -5.6258, -9.1 1.18 -5.6002, -9.1204 1.18 -5.6007, -9.1502 1.2043 -5.6048, -9.1505 1.2046 -5.6048, -9.161 1.2131 -5.6063, -9.845 -1.1068 -5.7809, -10.0598 -0.8792 -5.7809, -10.2209 -0.611 -5.7809, -10.321 -0.3145 -5.7809, -10.3553 -0.0034 -5.7809, -10.3224 0.3078 -5.7809, -10.2237 0.6048 -5.7809, -10.0639 0.8738 -5.7809, -9.8502 1.1024 -5.7809, -9.8205 -1.0781 -5.7169, -10.0297 -0.8564 -5.7169, -10.1867 -0.5951 -5.7169, -10.2841 -0.3063 -5.7169, -10.3176 -0.0033 -5.7169, -10.2856 0.2998 -5.7169, -10.1894 0.5891 -5.7169, -10.0337 0.8511 -5.7169, -9.8255 1.0738 -5.7169, -9.7865 -1.0384 -5.6641, -9.988 -0.8248 -5.6641, -10.1392 -0.5732 -5.6641, -10.2331 -0.295 -5.6641, -10.2653 -0.0032 -5.6641, -10.2345 0.2888 -5.6641, -10.1419 0.5674 -5.6641, -9.9919 0.8197 -5.6641, -9.7914 1.0342 -5.6641, -9.7452 -0.99 -5.6258, -9.9373 -0.7864 -5.6258, -10.0814 -0.5464 -5.6258, -10.1709 -0.2812 -5.6258, -10.2017 -0.003 -5.6258, -10.1722 0.2753 -5.6258, -10.084 0.5409 -5.6258, -9.941 0.7815 -5.6258, -9.7498 0.986 -5.6258, -9.7498 0.986 -5.6258
            ]
        }
        coordIndex [
            0,1,2,-1,3,4,5,-1,6,7,8,-1,9,10,11,-1,12,13,14,-1,15,16,17,-1,18,19,20,-1,19,18,21,-1,18,22,21,-1,21,22,23,-1,21,23,24,-1,25,26,27,-1,27,26,24,-1,27,24,28,-1,28,24,23,-1,17,16,26,-1,26,16,29,-1,26,29,24,-1,15,17,30,-1,30,17,31,-1,30,31,32,-1,32,31,33,-1,33,31,34,-1,33,34,35,-1,14,13,34,-1,34,13,36,-1,34,36,35,-1,12,14,37,-1,37,14,38,-1,37,38,39,-1,39,38,40,-1,40,38,41,-1,40,41,42,-1,43,44,45,-1,45,44,46,-1,45,46,41,-1,41,46,47,-1,41,47,42,-1,48,49,50,-1,50,49,51,-1,50,51,43,-1,43,51,52,-1,43,52,44,-1,48,50,53,-1,53,50,54,-1,53,54,55,-1,55,54,56,-1,56,54,57,-1,56,57,58,-1,59,60,61,-1,59,61,57,-1,57,61,62,-1,57,62,58,-1,63,64,60,-1,60,64,65,-1,60,65,66,-1,66,65,67,-1,66,67,68,-1,68,67,69,-1,70,71,59,-1,59,71,72,-1,59,72,60,-1,60,72,73,-1,60,73,63,-1,74,75,76,-1,75,74,77,-1,77,74,78,-1,77,78,79,-1,80,81,82,-1,83,84,85,-1,85,84,86,-1,85,86,87,-1,9,11,88,-1,89,90,91,-1,91,90,92,-1,91,92,93,-1,93,92,94,-1,94,92,95,-1,94,95,96,-1,8,7,95,-1,95,7,97,-1,95,97,96,-1,6,8,98,-1,98,8,99,-1,98,99,100,-1,101,102,103,-1,101,103,104,-1,103,105,104,-1,104,105,106,-1,104,106,99,-1,99,106,107,-1,99,107,100,-1,108,109,110,-1,110,111,108,-1,108,111,112,-1,108,112,101,-1,101,112,113,-1,101,113,102,-1,114,115,116,-1,116,115,117,-1,116,117,109,-1,109,117,118,-1,109,118,110,-1,114,116,119,-1,119,116,120,-1,119,120,121,-1,121,120,122,-1,122,120,5,-1,122,5,123,-1,4,124,5,-1,5,124,125,-1,5,125,123,-1,126,127,128,-1,128,127,129,-1,130,131,132,-1,132,131,133,-1,134,135,136,-1,136,135,137,-1,1,138,2,-1,2,138,139,-1,2,139,140,-1,90,88,92,-1,92,88,11,-1,92,11,95,-1,95,11,141,-1,95,141,8,-1,8,141,142,-1,8,142,99,-1,99,142,143,-1,99,143,104,-1,104,143,144,-1,104,144,101,-1,101,144,145,-1,101,145,108,-1,108,145,146,-1,108,146,109,-1,109,146,147,-1,109,147,116,-1,116,147,148,-1,116,148,120,-1,120,148,149,-1,120,149,5,-1,5,149,128,-1,5,128,3,-1,3,128,129,-1,10,83,11,-1,11,83,85,-1,11,85,141,-1,141,85,150,-1,141,150,142,-1,142,150,151,-1,142,151,143,-1,143,151,152,-1,143,152,144,-1,144,152,153,-1,144,153,145,-1,145,153,154,-1,145,154,146,-1,146,154,155,-1,146,155,147,-1,147,155,156,-1,147,156,148,-1,148,156,157,-1,148,157,149,-1,149,157,158,-1,149,158,128,-1,128,158,132,-1,128,132,126,-1,126,132,133,-1,87,80,85,-1,85,80,82,-1,85,82,150,-1,150,82,159,-1,150,159,151,-1,151,159,160,-1,151,160,152,-1,152,160,161,-1,152,161,153,-1,153,161,162,-1,153,162,154,-1,154,162,163,-1,154,163,155,-1,155,163,164,-1,155,164,156,-1,156,164,165,-1,156,165,157,-1,157,165,166,-1,157,166,158,-1,158,166,167,-1,158,167,132,-1,132,167,136,-1,132,136,130,-1,130,136,137,-1,81,79,82,-1,82,79,78,-1,82,78,159,-1,159,78,168,-1,159,168,160,-1,160,168,169,-1,160,169,161,-1,161,169,170,-1,161,170,162,-1,162,170,171,-1,162,171,163,-1,163,171,172,-1,163,172,164,-1,164,172,173,-1,164,173,165,-1,165,173,174,-1,165,174,166,-1,166,174,175,-1,166,175,167,-1,167,175,176,-1,167,176,136,-1,136,176,140,-1,136,140,134,-1,134,140,139,-1,76,70,74,-1,74,70,59,-1,74,59,78,-1,78,59,57,-1,78,57,168,-1,168,57,54,-1,168,54,169,-1,169,54,50,-1,169,50,170,-1,170,50,43,-1,170,43,171,-1,171,43,45,-1,171,45,172,-1,172,45,41,-1,172,41,173,-1,173,41,38,-1,173,38,174,-1,174,38,14,-1,174,14,175,-1,175,14,34,-1,175,34,176,-1,176,34,31,-1,176,31,140,-1,140,31,17,-1,140,17,2,-1,2,17,26,-1,2,26,0,-1,0,26,25,-1,177,178,179,-1,180,181,182,-1,183,184,185,-1,186,187,188,-1,189,190,191,-1,192,193,194,-1,194,193,195,-1,191,190,196,-1,196,190,197,-1,196,197,198,-1,189,191,199,-1,199,191,200,-1,199,200,201,-1,201,200,202,-1,202,200,203,-1,202,203,204,-1,205,206,207,-1,207,208,205,-1,205,208,209,-1,205,209,203,-1,203,209,210,-1,203,210,204,-1,211,212,206,-1,206,212,213,-1,206,213,207,-1,214,215,216,-1,216,215,217,-1,216,217,211,-1,211,217,218,-1,211,218,212,-1,214,216,219,-1,219,216,220,-1,219,220,221,-1,221,220,222,-1,222,220,223,-1,222,223,224,-1,225,226,227,-1,225,227,228,-1,227,229,228,-1,228,229,230,-1,228,230,223,-1,223,230,231,-1,223,231,224,-1,226,225,232,-1,232,225,233,-1,232,233,234,-1,235,236,237,-1,237,236,234,-1,235,238,236,-1,236,238,239,-1,236,239,240,-1,240,239,241,-1,240,241,242,-1,243,244,233,-1,233,244,245,-1,233,245,234,-1,234,245,246,-1,234,246,237,-1,247,248,249,-1,248,247,250,-1,250,247,251,-1,250,251,252,-1,253,254,255,-1,186,188,256,-1,257,258,259,-1,259,258,260,-1,261,262,263,-1,263,262,264,-1,263,264,265,-1,265,264,266,-1,266,264,267,-1,266,267,268,-1,185,184,267,-1,267,184,269,-1,267,269,268,-1,183,185,270,-1,270,185,271,-1,270,271,272,-1,273,274,275,-1,273,275,276,-1,275,277,276,-1,276,277,278,-1,276,278,271,-1,271,278,279,-1,271,279,272,-1,274,273,280,-1,280,273,281,-1,280,281,282,-1,283,284,281,-1,281,284,285,-1,281,285,282,-1,286,287,288,-1,288,287,289,-1,288,289,283,-1,283,289,290,-1,283,290,284,-1,286,288,291,-1,291,288,292,-1,291,292,293,-1,293,292,294,-1,294,292,182,-1,294,182,295,-1,181,296,182,-1,182,296,297,-1,182,297,295,-1,298,299,300,-1,300,299,301,-1,302,303,304,-1,304,303,305,-1,306,307,308,-1,308,307,309,-1,178,310,179,-1,179,310,311,-1,179,311,312,-1,193,313,195,-1,195,313,314,-1,195,314,198,-1,198,314,315,-1,198,315,196,-1,196,315,316,-1,196,316,317,-1,262,257,264,-1,264,257,259,-1,264,259,267,-1,267,259,318,-1,267,318,185,-1,185,318,319,-1,185,319,271,-1,271,319,320,-1,271,320,276,-1,276,320,321,-1,276,321,273,-1,273,321,322,-1,273,322,281,-1,281,322,323,-1,281,323,283,-1,283,323,324,-1,283,324,288,-1,288,324,325,-1,288,325,292,-1,292,325,326,-1,292,326,182,-1,182,326,300,-1,182,300,180,-1,180,300,301,-1,260,256,259,-1,259,256,188,-1,259,188,318,-1,318,188,327,-1,318,327,319,-1,319,327,328,-1,319,328,320,-1,320,328,329,-1,320,329,321,-1,321,329,330,-1,321,330,322,-1,322,330,331,-1,322,331,323,-1,323,331,332,-1,323,332,324,-1,324,332,333,-1,324,333,325,-1,325,333,334,-1,325,334,326,-1,326,334,335,-1,326,335,300,-1,300,335,304,-1,300,304,298,-1,298,304,305,-1,187,253,188,-1,188,253,255,-1,188,255,327,-1,327,255,336,-1,327,336,328,-1,328,336,337,-1,328,337,329,-1,329,337,338,-1,329,338,330,-1,330,338,339,-1,330,339,331,-1,331,339,340,-1,331,340,332,-1,332,340,341,-1,332,341,333,-1,333,341,342,-1,333,342,334,-1,334,342,343,-1,334,343,335,-1,335,343,344,-1,335,344,304,-1,304,344,308,-1,304,308,302,-1,302,308,309,-1,254,252,255,-1,255,252,251,-1,255,251,336,-1,336,251,345,-1,336,345,337,-1,337,345,346,-1,337,346,338,-1,338,346,347,-1,338,347,339,-1,339,347,348,-1,339,348,340,-1,340,348,349,-1,340,349,341,-1,341,349,350,-1,341,350,342,-1,342,350,351,-1,342,351,343,-1,343,351,352,-1,343,352,344,-1,344,352,353,-1,344,353,308,-1,308,353,312,-1,308,312,306,-1,306,312,311,-1,249,243,247,-1,247,243,233,-1,247,233,251,-1,251,233,225,-1,251,225,345,-1,345,225,228,-1,345,228,346,-1,346,228,223,-1,346,223,347,-1,347,223,220,-1,347,220,348,-1,348,220,216,-1,348,216,349,-1,349,216,211,-1,349,211,350,-1,350,211,206,-1,350,206,351,-1,351,206,205,-1,351,205,352,-1,352,205,203,-1,352,203,353,-1,353,203,200,-1,353,200,312,-1,312,200,191,-1,312,191,179,-1,179,191,196,-1,179,196,177,-1,177,196,317,-1,
        ]
    }
}
Shape{
    appearance Appearance {
        material  Material 	{
            diffuseColor 0.5019607843137255 0.5019607843137255 0.5019607843137255
            specularColor 0.25098039215686274 0.25098039215686274 0.25098039215686274
            ambientIntensity 0.2
            transparency 0
            shininess 0.5
        }
    }
    geometry IndexedFaceSet {
        ccw TRUE
        solid FALSE
        coord DEF co Coordinate {
            point [
                -8.9238 -1.1799 -5.6, -8.9714 -1.1799 -5.6002, -9.0119 -1.18 -5.6, -9.0119 -1.18 -5.6003, -9.1 -1.18 -5.6003, -9.1 -1.18 -5.6003
            ]
        }
        coordIndex [
            0,1,2,-1,2,1,3,-1,2,3,4,-1,
        ]
    }
}
Shape{
    appearance Appearance {
        material  Material 	{
            diffuseColor 0.5019607843137255 0.0 0.0
            specularColor 0.25098039215686274 0.0 0.0
            ambientIntensity 0.2
            transparency 0
            shininess 0.5
        }
    }
    geometry IndexedFaceSet {
        ccw TRUE
        solid FALSE
        coord DEF co Coordinate {
            point [
                -10.4495 -2.63 -5.9, -10.3303 -2.7853 -5.9, -9.6042 -1.3027 -5.9, 10.4495 2.63 -5.9, 10.3303 2.7853 -5.9, 9.6042 1.3027 -5.9, 10.3343 -0.3715 -5.9, 10.55 -2.255 -5.9, 10.3433 -0.3202 -5.9, 10.3723 -0.1558 -5.9, 10.3457 0.3139 -5.9, 10.3538 0.2836 -5.9, 10.55 2.255 -5.9, 10.3786 0.0673 -5.9, 10.3766 -0.0032 -5.9, -9.9492 -1.0453 -5.9, -10.55 -2.255 -5.9, -9.8594 -1.1237 -5.9, -9.7876 -1.1863 -5.9, -10.55 2.255 -5.9, -10.3723 0.1558 -5.9, -10.3446 0.3127 -5.9, 9.9492 1.0453 -5.9, 9.8616 1.1218 -5.9, 9.7876 1.1863 -5.9, -10.2101 -0.6901 -5.9, -10.2409 -0.6203 -5.9, -10.2981 -0.4906 -5.9, -10.3441 -0.3195 -5.9, 10.2101 0.6901 -5.9, 10.2429 0.6158 -5.9, 10.2981 0.4906 -5.9, 9.7136 -1.2381 -5.9, 10.5244 -2.4491 -5.9, 9.858 -1.1275 -5.9, 9.884 -1.1075 -5.9, -10.0785 -0.8933 -5.9, -10.091 -0.8787 -5.9, -10.3538 -0.2836 -5.9, -10.3786 -0.0673 -5.9, -10.3768 -0.0036 -5.9, 10.081 0.8904 -5.9, 10.091 0.8787 -5.9, 10.2654 -0.5746 -5.9, 10.2409 -0.622 -5.9, 10.1659 -0.7672 -5.9, 10.0752 -0.8943 -5.9, 10.0364 -0.9488 -5.9, -10.5244 -2.4491 -5.9, -10.3343 0.3715 -5.9, -10.2654 0.5746 -5.9, -10.2449 0.6143 -5.9, -10.1659 0.7672 -5.9, -10.0807 0.8866 -5.9, -10.0364 0.9488 -5.9, -6.96 5.1399 -5.9, -6.613 5.3817 -5.9, -6.6953 6.4203 -5.9, 8.9782 3.0139 -5.9, 9.1716 2.6281 -5.9, 10.5244 2.4491 -5.9, 8.7314 3.368 -5.9, 9.5928 -1.3046 -5.9, 9.5246 -1.3422 -5.9, 9.4 -1.393 -5.9, -8.9782 -3.0389 -5.9, -9.1716 -2.6531 -5.9, -6.54 6.5395 -5.9, -6.235 5.5712 -5.9, -6.3591 6.6144 -5.9, -5.8336 5.7045 -5.9, -6.165 6.64 -5.9, 9.4 -1.505 -5.9, 9.3836 -1.8186 -5.9, 10.4495 -2.63 -5.9, 9.3077 -2.2435 -5.9, 10.3303 -2.7853 -5.9, 9.1716 -2.6531 -5.9, 8.9782 -3.0389 -5.9, -8.7314 -3.393 -5.9, -9.3077 -2.2435 -5.9, -9.3836 -1.8186 -5.9, -9.4 -1.505 -5.9, -9.5983 -1.3054 -5.9, -9.4 -1.393 -5.9, -9.6028 1.2991 -5.9, -9.5246 1.3422 -5.9, -10.5244 2.4491 -5.9, -8.9782 3.0139 -5.9, -10.3303 2.7853 -5.9, -9.1716 2.6281 -5.9, -10.4495 2.63 -5.9, -9.3077 2.2185 -5.9, -9.3836 1.7936 -5.9, -9.884 1.1075 -5.9, -9.8663 1.1211 -5.9, -9.7136 1.2381 -5.9, 6.233 5.5666 -5.9, 6.6189 5.3732 -5.9, 6.6953 6.4203 -5.9, 9.3077 2.2185 -5.9, 9.3836 1.7936 -5.9, 9.4 1.48 -5.9, 9.6002 1.3045 -5.9, 9.4 1.393 -5.9, -9.4 1.393 -5.9, -9.4 1.48 -5.9, 6.54 6.5395 -5.9, 6.3591 6.6144 -5.9, 5.8235 5.7027 -5.9, 6.165 6.64 -5.9, 5.3986 5.7786 -5.9, -6.6953 -6.4203 -5.9, -6.2581 -5.5666 -5.9, -6.6439 -5.3732 -5.9, -6.54 -6.5395 -5.9, -6.3591 -6.6144 -5.9, -5.8485 -5.7027 -5.9, -6.165 -6.64 -5.9, -5.4236 -5.7786 -5.9, 5.8485 -5.7027 -5.9, 6.165 -6.64 -5.9, 6.2581 -5.5666 -5.9, 6.3591 -6.6144 -5.9, 6.998 -5.1264 -5.9, 6.6439 -5.3732 -5.9, 6.6953 -6.4203 -5.9, 6.54 -6.5395 -5.9, -8.7314 3.368 -5.9, -8.5213 3.6013 -5.9, -7.1886 4.934 -5.9, -5.4173 5.7789 -5.9, -5.11 5.795 -5.9, 5.085 5.795 -5.9, 6.973 5.1264 -5.9, 7.2063 4.9163 -5.9, 8.5213 3.6013 -5.9, 5.4236 -5.7786 -5.9, 5.11 -5.795 -5.9, -5.11 -5.795 -5.9, -6.998 -5.1264 -5.9, -7.2313 -4.9163 -5.9, -8.5213 -3.6263 -5.9, 8.7314 -3.393 -5.9, 8.5213 -3.6263 -5.9, 7.2313 -4.9163 -5.9, -9.1505 1.2046 -5.6048, -9.1502 1.2043 -5.6048, -9.1503 1.48 -5.6042, -9.1102 1.18 -5.6002, -9.1 1.18 -5.6002, -9.1 1.48 -5.6, -9.1204 1.18 -5.6007, -9.2435 1.2779 -5.6365, -9.2208 1.2601 -5.6282, -9.221 1.48 -5.6255, -9.2201 1.2595 -5.6279, -9.161 1.2131 -5.6063, -9.3069 1.3259 -5.6828, -9.2844 1.48 -5.6634, -9.3356 1.3468 -5.7165, -9.3366 1.48 -5.7156, -9.3367 1.3476 -5.7177, -9.2839 1.3085 -5.666, -9.283 1.3078 -5.6653, -9.2756 1.3022 -5.66, -9.3958 1.48 -5.8497, -9.3949 1.3893 -5.8498, -9.3939 1.3886 -5.8398, -9.3745 1.48 -5.779, -9.3765 1.3762 -5.7837, -9.3741 1.3745 -5.7792, -9.3472 1.3552 -5.73, -9.3952 1.3895 -5.8523, 9.3939 1.3895 -5.8524, 9.3958 1.48 -5.8497, 9.3936 1.3893 -5.85, 9.3745 1.48 -5.779, 9.3746 1.3752 -5.7811, 9.3915 1.388 -5.8333, 9.3366 1.48 -5.7156, 9.3356 1.3469 -5.7165, 9.3367 1.3477 -5.7177, 9.3449 1.3537 -5.7268, 9.3727 1.3737 -5.7752, 9.374 1.3747 -5.7791, 9.2979 1.3191 -5.6745, 9.2844 1.48 -5.6634, 9.2844 1.3089 -5.6655, 9.221 1.48 -5.6255, 9.2206 1.2601 -5.6268, 9.2213 1.2607 -5.6271, 9.2316 1.2688 -5.6303, 9.2687 1.297 -5.655, 9.2834 1.3082 -5.6649, 9.1 1.18 -5.6002, 9.1204 1.18 -5.6007, 9.1 1.48 -5.6, 9.1483 1.2028 -5.6039, 9.1503 1.48 -5.6042, 9.1503 1.2043 -5.6045, 9.1506 1.2046 -5.6046, 9.0839 1.7744 -5.6, 9.0846 1.7622 -5.6, 9.1352 1.7675 -5.6042, 9.0656 2.157 -5.6042, 9.0138 2.1437 -5.6, 9.0355 2.0668 -5.6, 8.9409 2.5325 -5.6042, 8.8908 2.5118 -5.6, 8.9544 2.3548 -5.6, 8.7039 2.8878 -5.6, 8.719 2.8598 -5.6, 8.7636 2.8862 -5.6042, 8.8437 2.6283 -5.6, 8.3571 3.3401 -5.6, 8.4964 3.1775 -5.6, 8.5373 3.2108 -5.6042, 8.5387 3.1281 -5.6, 8.3092 3.3892 -5.6, 8.3447 3.4247 -5.6042, 8.3637 3.4437 -5.6123, 8.5923 3.2553 -5.6255, 8.3947 3.4747 -5.6255, 8.4144 3.4944 -5.6421, 8.6416 3.2952 -5.6634, 8.4396 3.5196 -5.6634, 8.458 3.538 -5.6895, 8.6822 3.3281 -5.7156, 8.4765 3.5565 -5.7156, 8.4915 3.5715 -5.7512, 8.7116 3.3519 -5.779, 8.5033 3.5833 -5.779, 8.5126 3.5926 -5.823, 8.7281 3.3653 -5.8497, 8.5183 3.5983 -5.8497, 8.9746 3.0117 -5.8497, 9.1677 2.6264 -5.8497, 9.3036 2.2174 -5.8497, 9.2055 1.7749 -5.6255, 9.2686 1.7815 -5.6634, 9.3205 1.787 -5.7156, 9.3582 1.7909 -5.779, 9.3794 1.7931 -5.8497, 9.283 2.2122 -5.779, 9.2463 2.2029 -5.7156, 9.1957 2.19 -5.6634, 9.1342 2.1744 -5.6255, 9.1481 2.6183 -5.779, 9.1131 2.6038 -5.7156, 9.0648 2.5838 -5.6634, 9.0063 2.5595 -5.6255, 8.9563 3.0009 -5.779, 8.9238 2.9815 -5.7156, 8.8789 2.9548 -5.6634, 8.8244 2.9224 -5.6255, 7.2033 4.9133 -5.8497, 7.1976 4.9076 -5.823, 7.1883 4.8983 -5.779, 7.1765 4.8865 -5.7512, 7.1615 4.8715 -5.7156, 7.143 4.853 -5.6895, 7.1246 4.8346 -5.6634, 7.0994 4.8094 -5.6421, 7.0797 4.7897 -5.6255, 7.0487 4.7587 -5.6123, 7.0297 4.7397 -5.6042, 6.9942 4.7042 -5.6, 6.7746 4.901 -5.6, 6.7838 4.8928 -5.6, 6.8158 4.9323 -5.6042, 6.4912 5.1586 -5.6042, 6.4639 5.1126 -5.6, 6.5336 5.0735 -5.6, 6.1375 5.3359 -5.6042, 6.1167 5.2859 -5.6, 6.2726 5.2198 -5.6, 5.7186 5.4196 -5.6, 5.7492 5.4104 -5.6, 5.762 5.4606 -5.6042, 6.0009 5.3349 -5.6, 5.1536 5.4941 -5.6, 5.367 5.4777 -5.6, 5.3725 5.5302 -5.6042, 5.4319 5.4727 -5.6, 5.085 5.495 -5.6, 5.085 5.5453 -5.6042, 5.085 5.572 -5.6123, 5.3799 5.6005 -5.6255, 5.085 5.616 -5.6255, 5.085 5.6438 -5.6421, 5.3865 5.6636 -5.6634, 5.085 5.6794 -5.6634, 5.085 5.7055 -5.6895, 5.392 5.7155 -5.7156, 5.085 5.7316 -5.7156, 5.085 5.7529 -5.7512, 5.3959 5.7532 -5.779, 5.085 5.7695 -5.779, 5.085 5.7827 -5.823, 5.3981 5.7744 -5.8497, 5.085 5.7908 -5.8497, 5.8224 5.6986 -5.8497, 6.2314 5.5627 -5.8497, 6.6167 5.3696 -5.8497, 6.9703 5.1231 -5.8497, 6.9569 5.1066 -5.779, 6.9331 5.0772 -5.7156, 6.9002 5.0366 -5.6634, 6.8603 4.9873 -5.6255, 6.6059 5.3513 -5.779, 6.5865 5.3188 -5.7156, 6.5598 5.2739 -5.6634, 6.5274 5.2194 -5.6255, 6.2233 5.5431 -5.779, 6.2088 5.5081 -5.7156, 6.1888 5.4598 -5.6634, 6.1645 5.4013 -5.6255, 5.8172 5.678 -5.779, 5.8079 5.6413 -5.7156, 5.795 5.5907 -5.6634, 5.7794 5.5292 -5.6255, -5.11 5.7908 -5.8497, -5.11 5.7827 -5.823, -5.11 5.7695 -5.779, -5.11 5.7529 -5.7512, -5.11 5.7316 -5.7156, -5.11 5.7055 -5.6895, -5.11 5.6794 -5.6634, -5.11 5.6438 -5.6421, -5.11 5.616 -5.6255, -5.11 5.572 -5.6123, -5.11 5.5453 -5.6042, -5.11 5.495 -5.6, -5.4011 5.4789 -5.6, -5.3859 5.4798 -5.6, -5.3912 5.5305 -5.6042, -5.7721 5.4625 -5.6042, -5.7589 5.4109 -5.6, -5.6902 5.4305 -5.6, -6.1394 5.3405 -5.6042, -6.1186 5.2904 -5.6, -5.9746 5.3494 -5.6, -6.5004 5.0991 -5.6, -6.4586 5.122 -5.6, -6.4853 5.1671 -5.6042, -6.2446 5.2387 -5.6, -6.9447 4.7531 -5.6, -6.7699 4.9053 -5.6, -6.8028 4.9458 -5.6042, -6.7365 4.9344 -5.6, -6.9765 4.7219 -5.6, -7.012 4.7574 -5.6042, -7.031 4.7763 -5.6123, -6.8473 5.0008 -5.6255, -7.0621 4.8074 -5.6255, -7.0818 4.8271 -5.6421, -6.8872 5.0501 -5.6634, -7.1069 4.8523 -5.6634, -7.1254 4.8707 -5.6895, -6.9201 5.0906 -5.7156, -7.1438 4.8892 -5.7156, -7.1589 4.9042 -5.7512, -6.9439 5.1201 -5.779, -7.1706 4.916 -5.779, -7.18 4.9253 -5.823, -6.9573 5.1366 -5.8497, -7.1856 4.931 -5.8497, -6.6109 5.3781 -5.8497, -6.2333 5.5673 -5.8497, -5.8326 5.7004 -5.8497, -5.4168 5.7747 -5.8497, -5.4146 5.7536 -5.779, -5.4107 5.7159 -5.7156, -5.4052 5.6639 -5.6634, -5.3986 5.6009 -5.6255, -5.8273 5.6799 -5.779, -5.818 5.6431 -5.7156, -5.8051 5.5925 -5.6634, -5.7895 5.5311 -5.6255, -6.2252 5.5477 -5.779, -6.2107 5.5127 -5.7156, -6.1907 5.4644 -5.6634, -6.1665 5.4059 -5.6255, -6.6 5.3598 -5.779, -6.5806 5.3272 -5.7156, -6.5539 5.2824 -5.6634, -6.5215 5.2279 -5.6255, -8.5183 3.5983 -5.8497, -8.5126 3.5926 -5.823, -8.5033 3.5833 -5.779, -8.4915 3.5715 -5.7512, -8.4765 3.5565 -5.7156, -8.458 3.538 -5.6895, -8.4396 3.5196 -5.6634, -8.4144 3.4944 -5.6421, -8.3947 3.4747 -5.6255, -8.3637 3.4437 -5.6123, -8.3447 3.4247 -5.6042, -8.3092 3.3892 -5.6, -8.506 3.1696 -5.6, -8.4978 3.1788 -5.6, -8.5373 3.2108 -5.6042, -8.7636 2.8862 -5.6042, -8.7176 2.8589 -5.6, -8.6785 2.9286 -5.6, -8.9409 2.5325 -5.6042, -8.8909 2.5117 -5.6, -8.8248 2.6676 -5.6, -9.0246 2.1136 -5.6, -9.0154 2.1442 -5.6, -9.0656 2.157 -5.6042, -8.9399 2.3959 -5.6, -9.0991 1.5486 -5.6, -9.0827 1.762 -5.6, -9.1352 1.7675 -5.6042, -9.0777 1.8269 -5.6, -9.2055 1.7749 -5.6255, -9.2686 1.7815 -5.6634, -9.3205 1.787 -5.7156, -9.3582 1.7909 -5.779, -9.3794 1.7931 -5.8497, -9.3036 2.2174 -5.8497, -9.1677 2.6264 -5.8497, -8.9746 3.0117 -5.8497, -8.7281 3.3653 -5.8497, -8.7116 3.3519 -5.779, -8.6822 3.3281 -5.7156, -8.6416 3.2952 -5.6634, -8.5923 3.2553 -5.6255, -8.9563 3.0009 -5.779, -8.9238 2.9815 -5.7156, -8.8789 2.9548 -5.6634, -8.8244 2.9224 -5.6255, -9.1481 2.6183 -5.779, -9.1131 2.6038 -5.7156, -9.0648 2.5838 -5.6634, -9.0063 2.5595 -5.6255, -9.283 2.2122 -5.779, -9.2463 2.2029 -5.7156, -9.1957 2.19 -5.6634, -9.1342 2.1744 -5.6255, -9.1342 2.1744 -5.6255
            ]
        }
        coordIndex [
            0,1,2,-1,3,4,5,-1,6,7,8,-1,8,7,9,-1,10,11,12,-1,12,11,13,-1,12,13,7,-1,7,13,14,-1,7,14,9,-1,15,16,17,-1,17,16,18,-1,19,20,21,-1,22,12,23,-1,23,12,24,-1,25,26,16,-1,16,26,27,-1,16,27,28,-1,29,30,12,-1,12,30,31,-1,12,31,10,-1,32,33,34,-1,34,33,7,-1,34,7,35,-1,15,36,16,-1,16,36,37,-1,16,37,25,-1,28,38,16,-1,16,38,39,-1,16,39,19,-1,19,39,40,-1,19,40,20,-1,22,41,12,-1,12,41,42,-1,12,42,29,-1,6,43,7,-1,7,43,44,-1,7,44,45,-1,45,46,7,-1,7,46,47,-1,7,47,35,-1,18,16,2,-1,2,16,48,-1,2,48,0,-1,21,49,19,-1,19,49,50,-1,19,50,51,-1,51,52,19,-1,19,52,53,-1,19,53,54,-1,55,56,57,-1,58,59,4,-1,24,12,5,-1,5,12,60,-1,5,60,3,-1,58,4,61,-1,32,62,33,-1,33,62,63,-1,33,63,64,-1,65,66,1,-1,57,56,67,-1,67,56,68,-1,67,68,69,-1,69,68,70,-1,69,70,71,-1,64,72,33,-1,33,72,73,-1,33,73,74,-1,74,73,75,-1,74,75,76,-1,76,75,77,-1,76,77,78,-1,65,1,79,-1,66,80,1,-1,1,80,81,-1,1,81,2,-1,2,81,82,-1,2,82,83,-1,83,82,84,-1,85,86,87,-1,88,89,90,-1,90,89,91,-1,90,91,92,-1,92,91,87,-1,92,87,93,-1,54,94,19,-1,19,94,95,-1,19,95,87,-1,87,95,96,-1,87,96,85,-1,97,98,99,-1,59,100,4,-1,4,100,101,-1,4,101,5,-1,5,101,102,-1,5,102,103,-1,103,102,104,-1,86,105,87,-1,87,105,106,-1,87,106,93,-1,99,107,97,-1,97,107,108,-1,97,108,109,-1,109,108,110,-1,109,110,111,-1,112,113,114,-1,112,115,113,-1,113,115,116,-1,113,116,117,-1,117,116,118,-1,117,118,119,-1,120,121,122,-1,122,121,123,-1,124,125,126,-1,126,125,122,-1,126,122,127,-1,127,122,123,-1,88,128,89,-1,89,128,129,-1,89,129,57,-1,57,129,130,-1,57,130,55,-1,70,131,71,-1,71,131,132,-1,71,132,110,-1,110,132,133,-1,110,133,111,-1,98,134,99,-1,99,134,135,-1,99,135,4,-1,4,135,136,-1,4,136,61,-1,120,137,121,-1,121,137,138,-1,121,138,118,-1,118,138,139,-1,118,139,119,-1,114,140,112,-1,112,140,141,-1,112,141,1,-1,1,141,142,-1,1,142,79,-1,78,143,76,-1,76,143,144,-1,76,144,126,-1,126,144,145,-1,126,145,124,-1,146,147,148,-1,149,150,151,-1,148,147,151,-1,151,147,152,-1,151,152,149,-1,153,154,155,-1,155,154,156,-1,155,156,148,-1,148,156,157,-1,148,157,146,-1,158,159,160,-1,160,159,161,-1,160,161,162,-1,158,163,159,-1,159,163,164,-1,159,164,155,-1,155,164,165,-1,155,165,153,-1,166,167,168,-1,166,168,169,-1,168,170,169,-1,169,170,171,-1,169,171,161,-1,161,171,172,-1,161,172,162,-1,167,166,173,-1,173,166,106,-1,173,106,105,-1,104,102,174,-1,174,102,175,-1,174,175,176,-1,177,178,175,-1,175,178,179,-1,175,179,176,-1,180,181,182,-1,182,183,180,-1,180,183,184,-1,180,184,177,-1,177,184,185,-1,177,185,178,-1,181,180,186,-1,186,180,187,-1,186,187,188,-1,189,190,191,-1,191,192,189,-1,189,192,193,-1,189,193,187,-1,187,193,194,-1,187,194,188,-1,195,196,197,-1,197,196,198,-1,197,198,199,-1,199,198,200,-1,199,200,189,-1,189,200,201,-1,189,201,190,-1,202,203,204,-1,204,203,197,-1,205,206,207,-1,208,209,210,-1,211,212,213,-1,213,212,214,-1,215,216,217,-1,217,216,218,-1,219,215,220,-1,220,215,217,-1,220,217,221,-1,221,217,222,-1,221,222,223,-1,223,222,224,-1,224,222,225,-1,224,225,226,-1,226,225,227,-1,227,225,228,-1,227,228,229,-1,229,228,230,-1,230,228,231,-1,230,231,232,-1,232,231,233,-1,233,231,234,-1,233,234,235,-1,236,58,61,-1,237,59,58,-1,238,100,59,-1,175,102,101,-1,197,199,204,-1,204,199,189,-1,204,189,239,-1,239,189,187,-1,239,187,240,-1,240,187,180,-1,240,180,241,-1,241,180,177,-1,241,177,242,-1,242,177,175,-1,242,175,243,-1,243,175,101,-1,243,101,100,-1,100,238,243,-1,243,238,244,-1,243,244,242,-1,242,244,245,-1,242,245,241,-1,241,245,246,-1,241,246,240,-1,240,246,247,-1,240,247,239,-1,239,247,205,-1,239,205,204,-1,204,205,207,-1,204,207,202,-1,59,237,238,-1,238,237,248,-1,238,248,244,-1,244,248,249,-1,244,249,245,-1,245,249,250,-1,245,250,246,-1,246,250,251,-1,246,251,247,-1,247,251,208,-1,247,208,205,-1,205,208,210,-1,205,210,206,-1,58,236,237,-1,237,236,252,-1,237,252,248,-1,248,252,253,-1,248,253,249,-1,249,253,254,-1,249,254,250,-1,250,254,255,-1,250,255,251,-1,251,255,213,-1,251,213,208,-1,208,213,214,-1,208,214,209,-1,136,235,61,-1,61,235,234,-1,61,234,236,-1,236,234,231,-1,236,231,252,-1,252,231,228,-1,252,228,253,-1,253,228,225,-1,253,225,254,-1,254,225,222,-1,254,222,255,-1,255,222,217,-1,255,217,213,-1,213,217,218,-1,213,218,211,-1,136,135,235,-1,235,135,256,-1,235,256,233,-1,233,256,257,-1,233,257,232,-1,232,257,258,-1,232,258,230,-1,230,258,259,-1,230,259,229,-1,229,259,260,-1,229,260,227,-1,227,260,261,-1,227,261,226,-1,226,261,262,-1,226,262,224,-1,224,262,263,-1,224,263,223,-1,223,263,264,-1,223,264,221,-1,221,264,265,-1,221,265,220,-1,220,265,266,-1,220,266,219,-1,219,266,267,-1,268,269,270,-1,270,269,267,-1,271,272,273,-1,274,275,276,-1,277,278,279,-1,279,278,280,-1,281,282,283,-1,283,282,284,-1,285,281,286,-1,286,281,283,-1,286,283,287,-1,287,283,288,-1,287,288,289,-1,289,288,290,-1,290,288,291,-1,290,291,292,-1,292,291,293,-1,293,291,294,-1,293,294,295,-1,295,294,296,-1,296,294,297,-1,296,297,298,-1,298,297,299,-1,299,297,300,-1,299,300,301,-1,302,109,111,-1,303,97,109,-1,304,98,97,-1,305,134,98,-1,135,134,256,-1,256,134,305,-1,256,305,257,-1,257,305,306,-1,307,259,306,-1,306,259,258,-1,306,258,257,-1,308,261,307,-1,307,261,260,-1,307,260,259,-1,309,263,308,-1,308,263,262,-1,308,262,261,-1,267,266,270,-1,270,266,265,-1,270,265,309,-1,309,265,264,-1,309,264,263,-1,98,304,305,-1,305,304,310,-1,305,310,306,-1,306,310,311,-1,306,311,307,-1,307,311,312,-1,307,312,308,-1,308,312,313,-1,308,313,309,-1,309,313,271,-1,309,271,270,-1,270,271,273,-1,270,273,268,-1,97,303,304,-1,304,303,314,-1,304,314,310,-1,310,314,315,-1,310,315,311,-1,311,315,316,-1,311,316,312,-1,312,316,317,-1,312,317,313,-1,313,317,274,-1,313,274,271,-1,271,274,276,-1,271,276,272,-1,109,302,303,-1,303,302,318,-1,303,318,314,-1,314,318,319,-1,314,319,315,-1,315,319,320,-1,315,320,316,-1,316,320,321,-1,316,321,317,-1,317,321,279,-1,317,279,274,-1,274,279,280,-1,274,280,275,-1,133,301,111,-1,111,301,300,-1,111,300,302,-1,302,300,297,-1,302,297,318,-1,318,297,294,-1,318,294,319,-1,319,294,291,-1,319,291,320,-1,320,291,288,-1,320,288,321,-1,321,288,283,-1,321,283,279,-1,279,283,284,-1,279,284,277,-1,133,132,301,-1,301,132,322,-1,301,322,299,-1,299,322,323,-1,299,323,298,-1,298,323,324,-1,298,324,296,-1,296,324,325,-1,296,325,295,-1,295,325,326,-1,295,326,293,-1,293,326,327,-1,293,327,292,-1,292,327,328,-1,292,328,290,-1,290,328,329,-1,290,329,289,-1,289,329,330,-1,289,330,287,-1,287,330,331,-1,287,331,286,-1,286,331,332,-1,286,332,285,-1,285,332,333,-1,334,335,336,-1,336,335,333,-1,337,338,339,-1,340,341,342,-1,343,344,345,-1,345,344,346,-1,347,348,349,-1,349,348,350,-1,351,347,352,-1,352,347,349,-1,352,349,353,-1,353,349,354,-1,353,354,355,-1,355,354,356,-1,356,354,357,-1,356,357,358,-1,358,357,359,-1,359,357,360,-1,359,360,361,-1,361,360,362,-1,362,360,363,-1,362,363,364,-1,364,363,365,-1,365,363,366,-1,365,366,367,-1,368,56,55,-1,369,68,56,-1,370,70,68,-1,371,131,70,-1,132,131,322,-1,322,131,371,-1,322,371,323,-1,323,371,372,-1,373,325,372,-1,372,325,324,-1,372,324,323,-1,374,327,373,-1,373,327,326,-1,373,326,325,-1,375,329,374,-1,374,329,328,-1,374,328,327,-1,333,332,336,-1,336,332,331,-1,336,331,375,-1,375,331,330,-1,375,330,329,-1,70,370,371,-1,371,370,376,-1,371,376,372,-1,372,376,377,-1,372,377,373,-1,373,377,378,-1,373,378,374,-1,374,378,379,-1,374,379,375,-1,375,379,337,-1,375,337,336,-1,336,337,339,-1,336,339,334,-1,68,369,370,-1,370,369,380,-1,370,380,376,-1,376,380,381,-1,376,381,377,-1,377,381,382,-1,377,382,378,-1,378,382,383,-1,378,383,379,-1,379,383,340,-1,379,340,337,-1,337,340,342,-1,337,342,338,-1,56,368,369,-1,369,368,384,-1,369,384,380,-1,380,384,385,-1,380,385,381,-1,381,385,386,-1,381,386,382,-1,382,386,387,-1,382,387,383,-1,383,387,345,-1,383,345,340,-1,340,345,346,-1,340,346,341,-1,130,367,55,-1,55,367,366,-1,55,366,368,-1,368,366,363,-1,368,363,384,-1,384,363,360,-1,384,360,385,-1,385,360,357,-1,385,357,386,-1,386,357,354,-1,386,354,387,-1,387,354,349,-1,387,349,345,-1,345,349,350,-1,345,350,343,-1,130,129,367,-1,367,129,388,-1,367,388,365,-1,365,388,389,-1,365,389,364,-1,364,389,390,-1,364,390,362,-1,362,390,391,-1,362,391,361,-1,361,391,392,-1,361,392,359,-1,359,392,393,-1,359,393,358,-1,358,393,394,-1,358,394,356,-1,356,394,395,-1,356,395,355,-1,355,395,396,-1,355,396,353,-1,353,396,397,-1,353,397,352,-1,352,397,398,-1,352,398,351,-1,351,398,399,-1,400,401,402,-1,402,401,399,-1,403,404,405,-1,406,407,408,-1,409,410,411,-1,411,410,412,-1,413,414,415,-1,415,414,416,-1,148,151,413,-1,413,415,148,-1,148,415,417,-1,148,417,155,-1,155,417,418,-1,155,418,159,-1,159,418,419,-1,159,419,161,-1,161,419,420,-1,161,420,169,-1,169,420,421,-1,169,421,166,-1,422,92,93,-1,423,90,92,-1,424,88,90,-1,425,128,88,-1,129,128,388,-1,388,128,425,-1,388,425,389,-1,389,425,426,-1,427,391,426,-1,426,391,390,-1,426,390,389,-1,428,393,427,-1,427,393,392,-1,427,392,391,-1,429,395,428,-1,428,395,394,-1,428,394,393,-1,399,398,402,-1,402,398,397,-1,402,397,429,-1,429,397,396,-1,429,396,395,-1,88,424,425,-1,425,424,430,-1,425,430,426,-1,426,430,431,-1,426,431,427,-1,427,431,432,-1,427,432,428,-1,428,432,433,-1,428,433,429,-1,429,433,403,-1,429,403,402,-1,402,403,405,-1,402,405,400,-1,90,423,424,-1,424,423,434,-1,424,434,430,-1,430,434,435,-1,430,435,431,-1,431,435,436,-1,431,436,432,-1,432,436,437,-1,432,437,433,-1,433,437,406,-1,433,406,403,-1,403,406,408,-1,403,408,404,-1,92,422,423,-1,423,422,438,-1,423,438,434,-1,434,438,439,-1,434,439,435,-1,435,439,440,-1,435,440,436,-1,436,440,441,-1,436,441,437,-1,437,441,411,-1,437,411,406,-1,406,411,412,-1,406,412,407,-1,106,166,93,-1,93,166,421,-1,93,421,422,-1,422,421,420,-1,422,420,438,-1,438,420,419,-1,438,419,439,-1,439,419,418,-1,439,418,440,-1,440,418,417,-1,440,417,441,-1,441,417,415,-1,441,415,411,-1,411,415,416,-1,411,416,409,-1,
        ]
    }
}
Shape{
    appearance Appearance {
        material  Material 	{
            diffuseColor 0.5019607843137255 0.5019607843137255 0.5019607843137255
            specularColor 0.25098039215686274 0.25098039215686274 0.25098039215686274
            ambientIntensity 0.2
            transparency 0
            shininess 0.5
        }
    }
    geometry IndexedFaceSet {
        ccw TRUE
        solid FALSE
        coord DEF co Coordinate {
            point [
                -9.1102 1.18 -5.6002, -9.1204 1.18 -5.6007, -9.1 1.18 -5.6002, -9.1 1.18 -5.6002
            ]
        }
        coordIndex [
            0,1,2,-1,
        ]
    }
}
Shape{
    appearance Appearance {
        material  Material 	{
            diffuseColor 0.5019607843137255 0.0 0.0
            specularColor 0.25098039215686274 0.0 0.0
            ambientIntensity 0.2
            transparency 0
            shininess 0.5
        }
    }
    geometry IndexedFaceSet {
        ccw TRUE
        solid FALSE
        coord DEF co Coordinate {
            point [
                -9.4 -1.393 -5.9, -9.4 -1.505 -5.9, -9.3939 -1.3895 -5.8524, -9.3958 -1.505 -5.8497, -9.3936 -1.3893 -5.85, -9.3366 -1.505 -5.7156, -9.3356 -1.3469 -5.7165, -9.3367 -1.3477 -5.7177, -9.3449 -1.3537 -5.7268, -9.3727 -1.3737 -5.7752, -9.3745 -1.505 -5.779, -9.374 -1.3747 -5.7791, -9.3915 -1.388 -5.8333, -9.2979 -1.3191 -5.6745, -9.2844 -1.505 -5.6634, -9.2844 -1.3089 -5.6655, -9.221 -1.505 -5.6255, -9.2206 -1.2601 -5.6268, -9.2213 -1.2607 -5.6271, -9.2316 -1.2688 -5.6303, -9.2673 -1.296 -5.6541, -9.2834 -1.3082 -5.6649, -9.1 -1.18 -5.6003, -9.1204 -1.18 -5.6007, -9.1 -1.505 -5.6, -9.1483 -1.2028 -5.6039, -9.1503 -1.505 -5.6042, -9.1503 -1.2043 -5.6045, -9.1506 -1.2046 -5.6046, -9.0839 -1.7994 -5.6, -9.0846 -1.7872 -5.6, -9.1352 -1.7925 -5.6042, -9.0656 -2.182 -5.6042, -9.0138 -2.1687 -5.6, -9.0355 -2.0918 -5.6, -8.9409 -2.5575 -5.6042, -8.8908 -2.5368 -5.6, -8.9544 -2.3798 -5.6, -8.7039 -2.9128 -5.6, -8.719 -2.8848 -5.6, -8.7636 -2.9112 -5.6042, -8.8437 -2.6533 -5.6, -8.3571 -3.3651 -5.6, -8.4964 -3.2025 -5.6, -8.5373 -3.2358 -5.6042, -8.5387 -3.1531 -5.6, -8.3092 -3.4142 -5.6, -8.3447 -3.4497 -5.6042, -8.3637 -3.4687 -5.6123, -8.5923 -3.2803 -5.6255, -8.3947 -3.4997 -5.6255, -8.4144 -3.5194 -5.6421, -8.6416 -3.3202 -5.6634, -8.4396 -3.5446 -5.6634, -8.458 -3.563 -5.6895, -8.6822 -3.3531 -5.7156, -8.4765 -3.5815 -5.7156, -8.4915 -3.5965 -5.7512, -8.7116 -3.3769 -5.779, -8.5033 -3.6083 -5.779, -8.5126 -3.6176 -5.823, -8.7281 -3.3903 -5.8497, -8.5183 -3.6233 -5.8497, -8.9746 -3.0367 -5.8497, -8.9782 -3.0389 -5.9, -8.7314 -3.393 -5.9, -9.1677 -2.6514 -5.8497, -9.1716 -2.6531 -5.9, -9.3036 -2.2424 -5.8497, -9.3077 -2.2435 -5.9, -9.3836 -1.8186 -5.9, -9.2055 -1.7999 -5.6255, -9.2686 -1.8065 -5.6634, -9.3205 -1.812 -5.7156, -9.3582 -1.8159 -5.779, -9.3794 -1.8181 -5.8497, -9.283 -2.2372 -5.779, -9.2463 -2.2279 -5.7156, -9.1957 -2.215 -5.6634, -9.1342 -2.1994 -5.6255, -9.1481 -2.6433 -5.779, -9.1131 -2.6288 -5.7156, -9.0648 -2.6088 -5.6634, -9.0063 -2.5845 -5.6255, -8.9563 -3.0259 -5.779, -8.9238 -3.0065 -5.7156, -8.8789 -2.9798 -5.6634, -8.8244 -2.9474 -5.6255, -8.5213 -3.6263 -5.9, -7.2313 -4.9163 -5.9, -7.2283 -4.9133 -5.8497, -7.2226 -4.9076 -5.823, -7.2133 -4.8983 -5.779, -7.2015 -4.8865 -5.7512, -7.1865 -4.8715 -5.7156, -7.168 -4.853 -5.6895, -7.1496 -4.8346 -5.6634, -7.1244 -4.8094 -5.6421, -7.1047 -4.7897 -5.6255, -7.0737 -4.7587 -5.6123, -7.0547 -4.7397 -5.6042, -7.0192 -4.7042 -5.6, -6.7996 -4.901 -5.6, -6.8088 -4.8928 -5.6, -6.8408 -4.9323 -5.6042, -6.5162 -5.1586 -5.6042, -6.4889 -5.1126 -5.6, -6.5586 -5.0735 -5.6, -6.1625 -5.3359 -5.6042, -6.1417 -5.2859 -5.6, -6.2976 -5.2198 -5.6, -5.7436 -5.4196 -5.6, -5.7742 -5.4104 -5.6, -5.787 -5.4606 -5.6042, -6.0259 -5.3349 -5.6, -5.1786 -5.4941 -5.6, -5.392 -5.4777 -5.6, -5.3975 -5.5302 -5.6042, -5.4569 -5.4727 -5.6, -5.11 -5.495 -5.6, -5.11 -5.5453 -5.6042, -5.11 -5.572 -5.6123, -5.4049 -5.6005 -5.6255, -5.11 -5.616 -5.6255, -5.11 -5.6438 -5.6421, -5.4115 -5.6636 -5.6634, -5.11 -5.6794 -5.6634, -5.11 -5.7055 -5.6895, -5.417 -5.7155 -5.7156, -5.11 -5.7316 -5.7156, -5.11 -5.7529 -5.7512, -5.4209 -5.7532 -5.779, -5.11 -5.7695 -5.779, -5.11 -5.7827 -5.823, -5.4231 -5.7744 -5.8497, -5.11 -5.7908 -5.8497, -5.8474 -5.6986 -5.8497, -5.8485 -5.7027 -5.9, -5.4236 -5.7786 -5.9, -6.2564 -5.5627 -5.8497, -6.2581 -5.5666 -5.9, -6.6417 -5.3696 -5.8497, -6.6439 -5.3732 -5.9, -6.9953 -5.1231 -5.8497, -6.998 -5.1264 -5.9, -6.9819 -5.1066 -5.779, -6.9581 -5.0772 -5.7156, -6.9252 -5.0366 -5.6634, -6.8853 -4.9873 -5.6255, -6.6309 -5.3513 -5.779, -6.6115 -5.3188 -5.7156, -6.5848 -5.2739 -5.6634, -6.5524 -5.2194 -5.6255, -6.2483 -5.5431 -5.779, -6.2338 -5.5081 -5.7156, -6.2138 -5.4598 -5.6634, -6.1895 -5.4013 -5.6255, -5.8422 -5.678 -5.779, -5.8329 -5.6413 -5.7156, -5.82 -5.5907 -5.6634, -5.8044 -5.5292 -5.6255, -5.11 -5.795 -5.9, 5.11 -5.795 -5.9, 5.11 -5.7908 -5.8497, 5.11 -5.7827 -5.823, 5.11 -5.7695 -5.779, 5.11 -5.7529 -5.7512, 5.11 -5.7316 -5.7156, 5.11 -5.7055 -5.6895, 5.11 -5.6794 -5.6634, 5.11 -5.6438 -5.6421, 5.11 -5.616 -5.6255, 5.11 -5.572 -5.6123, 5.11 -5.5453 -5.6042, 5.11 -5.495 -5.6, 5.4044 -5.4789 -5.6, 5.3922 -5.4796 -5.6, 5.3975 -5.5302 -5.6042, 5.787 -5.4606 -5.6042, 5.7737 -5.4088 -5.6, 5.6968 -5.4305 -5.6, 6.1625 -5.3359 -5.6042, 6.1418 -5.2858 -5.6, 5.9848 -5.3494 -5.6, 6.5178 -5.0989 -5.6, 6.4898 -5.114 -5.6, 6.5162 -5.1586 -5.6042, 6.2583 -5.2386 -5.6, 6.9701 -4.7521 -5.6, 6.8075 -4.8914 -5.6, 6.8408 -4.9323 -5.6042, 6.7581 -4.9337 -5.6, 7.0192 -4.7042 -5.6, 7.0547 -4.7397 -5.6042, 7.0737 -4.7587 -5.6123, 6.8853 -4.9873 -5.6255, 7.1047 -4.7897 -5.6255, 7.1244 -4.8094 -5.6421, 6.9252 -5.0366 -5.6634, 7.1496 -4.8346 -5.6634, 7.168 -4.853 -5.6895, 6.9581 -5.0772 -5.7156, 7.1865 -4.8715 -5.7156, 7.2015 -4.8865 -5.7512, 6.9819 -5.1066 -5.779, 7.2133 -4.8983 -5.779, 7.2226 -4.9076 -5.823, 6.9953 -5.1231 -5.8497, 7.2283 -4.9133 -5.8497, 6.6417 -5.3696 -5.8497, 6.6439 -5.3732 -5.9, 6.998 -5.1264 -5.9, 6.2564 -5.5627 -5.8497, 6.2581 -5.5666 -5.9, 5.8474 -5.6986 -5.8497, 5.8485 -5.7027 -5.9, 5.4231 -5.7744 -5.8497, 5.4236 -5.7786 -5.9, 5.4209 -5.7532 -5.779, 5.417 -5.7155 -5.7156, 5.4115 -5.6636 -5.6634, 5.4049 -5.6005 -5.6255, 5.8422 -5.678 -5.779, 5.8329 -5.6413 -5.7156, 5.82 -5.5907 -5.6634, 5.8044 -5.5292 -5.6255, 6.2483 -5.5431 -5.779, 6.2338 -5.5081 -5.7156, 6.2138 -5.4598 -5.6634, 6.1895 -5.4013 -5.6255, 6.6309 -5.3513 -5.779, 6.6115 -5.3188 -5.7156, 6.5848 -5.2739 -5.6634, 6.5524 -5.2194 -5.6255, 7.2313 -4.9163 -5.9, 8.5213 -3.6263 -5.9, 8.5183 -3.6233 -5.8497, 8.5126 -3.6176 -5.823, 8.5033 -3.6083 -5.779, 8.4915 -3.5965 -5.7512, 8.4765 -3.5815 -5.7156, 8.458 -3.563 -5.6895, 8.4396 -3.5446 -5.6634, 8.4144 -3.5194 -5.6421, 8.3947 -3.4997 -5.6255, 8.3637 -3.4687 -5.6123, 8.3447 -3.4497 -5.6042, 8.3092 -3.4142 -5.6, 8.506 -3.1946 -5.6, 8.4978 -3.2038 -5.6, 8.5373 -3.2358 -5.6042, 8.7636 -2.9112 -5.6042, 8.7176 -2.8839 -5.6, 8.6785 -2.9536 -5.6, 8.9409 -2.5575 -5.6042, 8.8909 -2.5367 -5.6, 8.8248 -2.6926 -5.6, 9.0246 -2.1386 -5.6, 9.0154 -2.1692 -5.6, 9.0656 -2.182 -5.6042, 8.9399 -2.4209 -5.6, 9.0991 -1.5736 -5.6, 9.0827 -1.787 -5.6, 9.1352 -1.7925 -5.6042, 9.0777 -1.8519 -5.6, 9.1503 -1.505 -5.6042, 9.1 -1.505 -5.6, 9.2055 -1.7999 -5.6255, 9.221 -1.505 -5.6255, 9.2686 -1.8065 -5.6634, 9.2844 -1.505 -5.6634, 9.3205 -1.812 -5.7156, 9.3366 -1.505 -5.7156, 9.3582 -1.8159 -5.779, 9.3745 -1.505 -5.779, 9.3794 -1.8181 -5.8497, 9.3958 -1.505 -5.8497, 9.3036 -2.2424 -5.8497, 9.3077 -2.2435 -5.9, 9.3836 -1.8186 -5.9, 9.1677 -2.6514 -5.8497, 9.1716 -2.6531 -5.9, 8.9746 -3.0367 -5.8497, 8.9782 -3.0389 -5.9, 8.7281 -3.3903 -5.8497, 8.7314 -3.393 -5.9, 8.7116 -3.3769 -5.779, 8.6822 -3.3531 -5.7156, 8.6416 -3.3202 -5.6634, 8.5923 -3.2803 -5.6255, 8.9563 -3.0259 -5.779, 8.9238 -3.0065 -5.7156, 8.8789 -2.9798 -5.6634, 8.8244 -2.9474 -5.6255, 9.1481 -2.6433 -5.779, 9.1131 -2.6288 -5.7156, 9.0648 -2.6088 -5.6634, 9.0063 -2.5845 -5.6255, 9.283 -2.2372 -5.779, 9.2463 -2.2279 -5.7156, 9.1957 -2.215 -5.6634, 9.1342 -2.1994 -5.6255, 9.4 -1.505 -5.9, 9.1204 -1.18 -5.6007, 9.1 -1.18 -5.6002, 9.145 -1.2002 -5.6034, 9.1501 -1.2042 -5.6049, 9.2279 -1.2661 -5.6286, 9.2214 -1.2609 -5.6266, 9.2207 -1.2604 -5.6264, 9.1503 -1.2045 -5.605, 9.2946 -1.3168 -5.6717, 9.3359 -1.347 -5.7163, 9.3369 -1.3478 -5.7175, 9.2846 -1.3091 -5.6652, 9.2836 -1.3084 -5.6646, 9.2608 -1.2911 -5.6499, 9.3949 -1.3893 -5.8498, 9.3939 -1.3886 -5.8396, 9.3749 -1.3751 -5.7798, 9.3744 -1.3748 -5.7791, 9.3429 -1.3522 -5.724, 9.3952 -1.3895 -5.8523, 9.4 -1.393 -5.9, 9.4 -1.393 -5.9
            ]
        }
        coordIndex [
            0,1,2,-1,2,1,3,-1,2,3,4,-1,5,6,7,-1,7,8,5,-1,5,8,9,-1,5,9,10,-1,10,9,11,-1,10,11,3,-1,3,11,12,-1,3,12,4,-1,6,5,13,-1,13,5,14,-1,13,14,15,-1,16,17,18,-1,18,19,16,-1,16,19,20,-1,16,20,14,-1,14,20,21,-1,14,21,15,-1,22,23,24,-1,24,23,25,-1,24,25,26,-1,26,25,27,-1,26,27,16,-1,16,27,28,-1,16,28,17,-1,29,30,31,-1,31,30,24,-1,32,33,34,-1,35,36,37,-1,38,39,40,-1,40,39,41,-1,42,43,44,-1,44,43,45,-1,46,42,47,-1,47,42,44,-1,47,44,48,-1,48,44,49,-1,48,49,50,-1,50,49,51,-1,51,49,52,-1,51,52,53,-1,53,52,54,-1,54,52,55,-1,54,55,56,-1,56,55,57,-1,57,55,58,-1,57,58,59,-1,59,58,60,-1,60,58,61,-1,60,61,62,-1,63,64,65,-1,66,67,64,-1,68,69,67,-1,3,1,70,-1,24,26,31,-1,31,26,16,-1,31,16,71,-1,71,16,14,-1,71,14,72,-1,72,14,5,-1,72,5,73,-1,73,5,10,-1,73,10,74,-1,74,10,3,-1,74,3,75,-1,75,3,70,-1,75,70,69,-1,69,68,75,-1,75,68,76,-1,75,76,74,-1,74,76,77,-1,74,77,73,-1,73,77,78,-1,73,78,72,-1,72,78,79,-1,72,79,71,-1,71,79,32,-1,71,32,31,-1,31,32,34,-1,31,34,29,-1,67,66,68,-1,68,66,80,-1,68,80,76,-1,76,80,81,-1,76,81,77,-1,77,81,82,-1,77,82,78,-1,78,82,83,-1,78,83,79,-1,79,83,35,-1,79,35,32,-1,32,35,37,-1,32,37,33,-1,64,63,66,-1,66,63,84,-1,66,84,80,-1,80,84,85,-1,80,85,81,-1,81,85,86,-1,81,86,82,-1,82,86,87,-1,82,87,83,-1,83,87,40,-1,83,40,35,-1,35,40,41,-1,35,41,36,-1,88,62,65,-1,65,62,61,-1,65,61,63,-1,63,61,58,-1,63,58,84,-1,84,58,55,-1,84,55,85,-1,85,55,52,-1,85,52,86,-1,86,52,49,-1,86,49,87,-1,87,49,44,-1,87,44,40,-1,40,44,45,-1,40,45,38,-1,88,89,62,-1,62,89,90,-1,62,90,60,-1,60,90,91,-1,60,91,59,-1,59,91,92,-1,59,92,57,-1,57,92,93,-1,57,93,56,-1,56,93,94,-1,56,94,54,-1,54,94,95,-1,54,95,53,-1,53,95,96,-1,53,96,51,-1,51,96,97,-1,51,97,50,-1,50,97,98,-1,50,98,48,-1,48,98,99,-1,48,99,47,-1,47,99,100,-1,47,100,46,-1,46,100,101,-1,102,103,104,-1,104,103,101,-1,105,106,107,-1,108,109,110,-1,111,112,113,-1,113,112,114,-1,115,116,117,-1,117,116,118,-1,119,115,120,-1,120,115,117,-1,120,117,121,-1,121,117,122,-1,121,122,123,-1,123,122,124,-1,124,122,125,-1,124,125,126,-1,126,125,127,-1,127,125,128,-1,127,128,129,-1,129,128,130,-1,130,128,131,-1,130,131,132,-1,132,131,133,-1,133,131,134,-1,133,134,135,-1,136,137,138,-1,139,140,137,-1,141,142,140,-1,143,144,142,-1,89,144,90,-1,90,144,143,-1,90,143,91,-1,91,143,145,-1,146,93,145,-1,145,93,92,-1,145,92,91,-1,147,95,146,-1,146,95,94,-1,146,94,93,-1,148,97,147,-1,147,97,96,-1,147,96,95,-1,101,100,104,-1,104,100,99,-1,104,99,148,-1,148,99,98,-1,148,98,97,-1,142,141,143,-1,143,141,149,-1,143,149,145,-1,145,149,150,-1,145,150,146,-1,146,150,151,-1,146,151,147,-1,147,151,152,-1,147,152,148,-1,148,152,105,-1,148,105,104,-1,104,105,107,-1,104,107,102,-1,140,139,141,-1,141,139,153,-1,141,153,149,-1,149,153,154,-1,149,154,150,-1,150,154,155,-1,150,155,151,-1,151,155,156,-1,151,156,152,-1,152,156,108,-1,152,108,105,-1,105,108,110,-1,105,110,106,-1,137,136,139,-1,139,136,157,-1,139,157,153,-1,153,157,158,-1,153,158,154,-1,154,158,159,-1,154,159,155,-1,155,159,160,-1,155,160,156,-1,156,160,113,-1,156,113,108,-1,108,113,114,-1,108,114,109,-1,161,135,138,-1,138,135,134,-1,138,134,136,-1,136,134,131,-1,136,131,157,-1,157,131,128,-1,157,128,158,-1,158,128,125,-1,158,125,159,-1,159,125,122,-1,159,122,160,-1,160,122,117,-1,160,117,113,-1,113,117,118,-1,113,118,111,-1,161,162,135,-1,135,162,163,-1,135,163,133,-1,133,163,164,-1,133,164,132,-1,132,164,165,-1,132,165,130,-1,130,165,166,-1,130,166,129,-1,129,166,167,-1,129,167,127,-1,127,167,168,-1,127,168,126,-1,126,168,169,-1,126,169,124,-1,124,169,170,-1,124,170,123,-1,123,170,171,-1,123,171,121,-1,121,171,172,-1,121,172,120,-1,120,172,173,-1,120,173,119,-1,119,173,174,-1,175,176,177,-1,177,176,174,-1,178,179,180,-1,181,182,183,-1,184,185,186,-1,186,185,187,-1,188,189,190,-1,190,189,191,-1,192,188,193,-1,193,188,190,-1,193,190,194,-1,194,190,195,-1,194,195,196,-1,196,195,197,-1,197,195,198,-1,197,198,199,-1,199,198,200,-1,200,198,201,-1,200,201,202,-1,202,201,203,-1,203,201,204,-1,203,204,205,-1,205,204,206,-1,206,204,207,-1,206,207,208,-1,209,210,211,-1,212,213,210,-1,214,215,213,-1,216,217,215,-1,162,217,163,-1,163,217,216,-1,163,216,164,-1,164,216,218,-1,219,166,218,-1,218,166,165,-1,218,165,164,-1,220,168,219,-1,219,168,167,-1,219,167,166,-1,221,170,220,-1,220,170,169,-1,220,169,168,-1,174,173,177,-1,177,173,172,-1,177,172,221,-1,221,172,171,-1,221,171,170,-1,215,214,216,-1,216,214,222,-1,216,222,218,-1,218,222,223,-1,218,223,219,-1,219,223,224,-1,219,224,220,-1,220,224,225,-1,220,225,221,-1,221,225,178,-1,221,178,177,-1,177,178,180,-1,177,180,175,-1,213,212,214,-1,214,212,226,-1,214,226,222,-1,222,226,227,-1,222,227,223,-1,223,227,228,-1,223,228,224,-1,224,228,229,-1,224,229,225,-1,225,229,181,-1,225,181,178,-1,178,181,183,-1,178,183,179,-1,210,209,212,-1,212,209,230,-1,212,230,226,-1,226,230,231,-1,226,231,227,-1,227,231,232,-1,227,232,228,-1,228,232,233,-1,228,233,229,-1,229,233,186,-1,229,186,181,-1,181,186,187,-1,181,187,182,-1,234,208,211,-1,211,208,207,-1,211,207,209,-1,209,207,204,-1,209,204,230,-1,230,204,201,-1,230,201,231,-1,231,201,198,-1,231,198,232,-1,232,198,195,-1,232,195,233,-1,233,195,190,-1,233,190,186,-1,186,190,191,-1,186,191,184,-1,234,235,208,-1,208,235,236,-1,208,236,206,-1,206,236,237,-1,206,237,205,-1,205,237,238,-1,205,238,203,-1,203,238,239,-1,203,239,202,-1,202,239,240,-1,202,240,200,-1,200,240,241,-1,200,241,199,-1,199,241,242,-1,199,242,197,-1,197,242,243,-1,197,243,196,-1,196,243,244,-1,196,244,194,-1,194,244,245,-1,194,245,193,-1,193,245,246,-1,193,246,192,-1,192,246,247,-1,248,249,250,-1,250,249,247,-1,251,252,253,-1,254,255,256,-1,257,258,259,-1,259,258,260,-1,261,262,263,-1,263,262,264,-1,265,266,261,-1,261,263,265,-1,265,263,267,-1,265,267,268,-1,268,267,269,-1,268,269,270,-1,270,269,271,-1,270,271,272,-1,272,271,273,-1,272,273,274,-1,274,273,275,-1,274,275,276,-1,277,278,279,-1,280,281,278,-1,282,283,281,-1,284,285,283,-1,235,285,236,-1,236,285,284,-1,236,284,237,-1,237,284,286,-1,287,239,286,-1,286,239,238,-1,286,238,237,-1,288,241,287,-1,287,241,240,-1,287,240,239,-1,289,243,288,-1,288,243,242,-1,288,242,241,-1,247,246,250,-1,250,246,245,-1,250,245,289,-1,289,245,244,-1,289,244,243,-1,283,282,284,-1,284,282,290,-1,284,290,286,-1,286,290,291,-1,286,291,287,-1,287,291,292,-1,287,292,288,-1,288,292,293,-1,288,293,289,-1,289,293,251,-1,289,251,250,-1,250,251,253,-1,250,253,248,-1,281,280,282,-1,282,280,294,-1,282,294,290,-1,290,294,295,-1,290,295,291,-1,291,295,296,-1,291,296,292,-1,292,296,297,-1,292,297,293,-1,293,297,254,-1,293,254,251,-1,251,254,256,-1,251,256,252,-1,278,277,280,-1,280,277,298,-1,280,298,294,-1,294,298,299,-1,294,299,295,-1,295,299,300,-1,295,300,296,-1,296,300,301,-1,296,301,297,-1,297,301,259,-1,297,259,254,-1,254,259,260,-1,254,260,255,-1,302,276,279,-1,279,276,275,-1,279,275,277,-1,277,275,273,-1,277,273,298,-1,298,273,271,-1,298,271,299,-1,299,271,269,-1,299,269,300,-1,300,269,267,-1,300,267,301,-1,301,267,263,-1,301,263,259,-1,259,263,264,-1,259,264,257,-1,303,304,305,-1,305,304,266,-1,305,266,306,-1,306,266,265,-1,307,308,268,-1,268,308,309,-1,268,309,265,-1,265,309,310,-1,265,310,306,-1,311,270,312,-1,312,270,272,-1,312,272,313,-1,311,314,270,-1,270,314,315,-1,270,315,268,-1,268,315,316,-1,268,316,307,-1,276,317,318,-1,276,318,274,-1,318,319,274,-1,274,319,320,-1,274,320,272,-1,272,320,321,-1,272,321,313,-1,317,276,322,-1,322,276,302,-1,322,302,323,-1,
        ]
    }
}
Shape{
    appearance Appearance {
        material  Material 	{
            diffuseColor 0.5019607843137255 0.5019607843137255 0.5019607843137255
            specularColor 0.25098039215686274 0.25098039215686274 0.25098039215686274
            ambientIntensity 0.2
            transparency 0
            shininess 0.5
        }
    }
    geometry IndexedFaceSet {
        ccw TRUE
        solid FALSE
        coord DEF co Coordinate {
            point [
                -6.165 6.64 -5.9, -6.165 6.64 -5.8, -6.3591 6.6144 -5.9, -6.3591 6.6144 -5.8, -6.54 6.5395 -5.9, -6.54 6.5395 -5.8, -6.6953 6.4203 -5.9, -6.6953 6.4203 -5.8, -10.3303 2.7853 -5.8, -10.3303 2.7853 -5.9, -10.4495 2.63 -5.9, -10.4495 2.63 -5.8, -10.5244 2.4491 -5.9, -10.5244 2.4491 -5.8, -10.55 2.255 -5.9, -10.55 2.255 -5.8, -10.55 -2.255 -5.8, -10.55 -2.255 -5.9, -10.5244 -2.4491 -5.9, -10.5244 -2.4491 -5.8, -10.4495 -2.63 -5.9, -10.4495 -2.63 -5.8, -10.3303 -2.7853 -5.9, -10.3303 -2.7853 -5.8, -6.6953 -6.4203 -5.8, -6.6953 -6.4203 -5.9, -6.54 -6.5395 -5.9, -6.54 -6.5395 -5.8, -6.3591 -6.6144 -5.9, -6.3591 -6.6144 -5.8, -6.165 -6.64 -5.9, -6.165 -6.64 -5.8, 6.165 -6.64 -5.8, 6.165 -6.64 -5.9, 6.3591 -6.6144 -5.9, 6.3591 -6.6144 -5.8, 6.54 -6.5395 -5.9, 6.54 -6.5395 -5.8, 6.6953 -6.4203 -5.9, 6.6953 -6.4203 -5.8, 10.3303 -2.7853 -5.8, 10.3303 -2.7853 -5.9, 10.4495 -2.63 -5.9, 10.4495 -2.63 -5.8, 10.5244 -2.4491 -5.9, 10.5244 -2.4491 -5.8, 10.55 -2.255 -5.9, 10.55 -2.255 -5.8, 10.55 2.255 -5.8, 10.55 2.255 -5.9, 10.5244 2.4491 -5.9, 10.5244 2.4491 -5.8, 10.4495 2.63 -5.9, 10.4495 2.63 -5.8, 10.3303 2.7853 -5.9, 10.3303 2.7853 -5.8, 6.6953 6.4203 -5.8, 6.6953 6.4203 -5.9, 6.54 6.5395 -5.9, 6.54 6.5395 -5.8, 6.3591 6.6144 -5.9, 6.3591 6.6144 -5.8, 6.165 6.64 -5.9, 6.165 6.64 -5.8, 7.85 6.74 -5.8, 10.65 3.94 -5.8, -10.65 3.94 -5.8, -8.0331 6.734 -5.8, 10.65 -3.94 -5.8, 8.0331 -6.734 -5.8, -7.85 -6.74 -5.8, -10.644 -4.1231 -5.8, -10.65 -3.94 -5.8, -7.85 6.74 -5.8, 10.644 4.1231 -5.8, 7.85 -6.74 -5.8, 10.4769 4.9091 -5.8, 10.3107 5.276 -5.8, 8.0331 6.734 -5.8, -10.4769 -4.9091 -5.8, -10.3107 -5.276 -5.8, -10.0935 -5.6153 -5.8, -10.4769 4.9091 -5.8, -10.5888 4.5222 -5.8, -10.644 4.1231 -5.8, 10.5888 4.5222 -5.8, 8.4322 -6.6788 -5.8, 10.0935 -5.6153 -5.8, 10.3107 -5.276 -5.8, 10.4769 -4.9091 -5.8, 10.5888 -4.5222 -5.8, 10.644 -4.1231 -5.8, -9.8299 -5.9199 -5.8, -9.5253 -6.1835 -5.8, -9.186 -6.4007 -5.8, -8.8191 -6.5669 -5.8, -8.4322 -6.6788 -5.8, -8.0331 -6.734 -5.8, -9.5253 6.1835 -5.8, -8.4322 6.6788 -5.8, -9.186 6.4007 -5.8, -8.8191 6.5669 -5.8, -9.8299 5.9199 -5.8, -10.0935 5.6153 -5.8, -10.3107 5.276 -5.8, 8.8191 6.5669 -5.8, 9.8299 5.9199 -5.8, 9.186 6.4007 -5.8, 9.5253 6.1835 -5.8, 10.0935 5.6153 -5.8, 8.4322 6.6788 -5.8, 8.8191 -6.5669 -5.8, 9.186 -6.4007 -5.8, 9.8299 -5.9199 -5.8, 9.5253 -6.1835 -5.8, -10.5888 -4.5222 -5.8, -7.85 6.7914 -5.8082, -7.85 6.8207 -5.817, -8.0384 6.8145 -5.817, -7.85 6.8392 -5.8281, -7.85 6.8629 -5.8422, -8.0412 6.8567 -5.8422, -7.85 6.8803 -5.8597, -7.85 6.8978 -5.8771, -8.0434 6.8914 -5.8771, -7.85 6.9119 -5.9008, -7.85 6.923 -5.9193, -8.0451 6.9166 -5.9193, -10.8418 3.94 -5.9486, -10.833 3.94 -5.9193, -10.8266 4.1351 -5.9193, -10.8219 3.94 -5.9008, -10.8078 3.94 -5.8771, -10.8014 4.1334 -5.8771, -10.7903 3.94 -5.8597, -10.7729 3.94 -5.8422, -10.7667 4.1312 -5.8422, -10.7492 3.94 -5.8281, -10.7307 3.94 -5.817, -10.7245 4.1284 -5.817, -10.7014 3.94 -5.8082, -10.6835 3.94 -5.8028, -10.6774 4.1253 -5.8028, -7.85 6.7735 -5.8028, -8.0353 6.7674 -5.8028, -8.4391 6.7116 -5.8028, -8.8307 6.5984 -5.8028, -9.202 6.4301 -5.8028, -9.5454 6.2104 -5.8028, -9.8536 5.9436 -5.8028, -10.1204 5.6354 -5.8028, -10.3401 5.292 -5.8028, -10.5084 4.9207 -5.8028, -10.6216 4.5291 -5.8028, -10.85 3.94 -6.0, -10.8472 3.94 -5.9665, -10.8436 4.1362 -6.0, -10.8408 4.136 -5.9665, -10.7898 4.5249 -6.0, -10.7817 4.5631 -5.9665, -10.7844 4.5637 -6.0, -10.6619 4.9774 -5.9665, -10.6646 4.9784 -6.0, -10.616 5.0855 -6.0, -10.484 5.3701 -5.9665, -10.4865 5.3715 -6.0, -10.3384 5.6028 -6.0, -10.2515 5.7333 -5.9665, -10.2538 5.735 -6.0, -9.9693 6.0593 -5.9665, -9.9713 6.0613 -6.0, -9.6433 6.3415 -5.9665, -9.645 6.3438 -6.0, -9.5128 6.4284 -6.0, -9.2801 6.574 -5.9665, -9.2815 6.5765 -6.0, -8.9955 6.706 -6.0, -8.8874 6.7519 -5.9665, -8.8884 6.7546 -6.0, -8.4731 6.8717 -5.9665, -8.4737 6.8744 -6.0, -8.046 6.9308 -5.9665, -8.0462 6.9336 -6.0, -8.4349 6.8798 -6.0, -7.85 6.94 -6.0, -7.85 6.9372 -5.9665, -7.85 6.9318 -5.9486, -10.7678 4.5602 -5.9193, -10.6486 4.9725 -5.9193, -10.4715 5.3634 -5.9193, -10.2401 5.7248 -5.9193, -9.9593 6.0493 -5.9193, -9.6348 6.3301 -5.9193, -9.2734 6.5615 -5.9193, -8.8825 6.7386 -5.9193, -8.4702 6.8578 -5.9193, -10.7431 4.555 -5.8771, -10.6249 4.9637 -5.8771, -10.4493 5.3513 -5.8771, -10.2199 5.7097 -5.8771, -9.9414 6.0314 -5.8771, -9.6197 6.3099 -5.8771, -9.2613 6.5393 -5.8771, -8.8737 6.7149 -5.8771, -8.465 6.8331 -5.8771, -10.7091 4.5477 -5.8422, -10.5923 4.9517 -5.8422, -10.4187 5.3347 -5.8422, -10.192 5.6889 -5.8422, -9.9168 6.0068 -5.8422, -9.5989 6.282 -5.8422, -9.2447 6.5087 -5.8422, -8.8617 6.6823 -5.8422, -8.4577 6.7991 -5.8422, -10.6677 4.5389 -5.817, -10.5526 4.937 -5.817, -10.3816 5.3145 -5.817, -10.1581 5.6636 -5.817, -9.8869 5.9769 -5.817, -9.5736 6.2481 -5.817, -9.2245 6.4716 -5.817, -8.847 6.6426 -5.817, -8.4489 6.7577 -5.817, -10.85 -3.94 -6.0, -10.8472 -3.94 -5.9665, -10.8418 -3.94 -5.9486, -10.833 -3.94 -5.9193, -10.8219 -3.94 -5.9008, -10.8078 -3.94 -5.8771, -10.7903 -3.94 -5.8597, -10.7729 -3.94 -5.8422, -10.7492 -3.94 -5.8281, -10.7307 -3.94 -5.817, -10.7014 -3.94 -5.8082, -10.6835 -3.94 -5.8028, -10.7245 -4.1284 -5.817, -10.7667 -4.1312 -5.8422, -10.8014 -4.1334 -5.8771, -10.8266 -4.1351 -5.9193, -7.85 -6.9318 -5.9486, -7.85 -6.923 -5.9193, -8.0451 -6.9166 -5.9193, -7.85 -6.9119 -5.9008, -7.85 -6.8978 -5.8771, -8.0434 -6.8914 -5.8771, -7.85 -6.8803 -5.8597, -7.85 -6.8629 -5.8422, -8.0412 -6.8567 -5.8422, -7.85 -6.8392 -5.8281, -7.85 -6.8207 -5.817, -8.0384 -6.8145 -5.817, -7.85 -6.7914 -5.8082, -7.85 -6.7735 -5.8028, -8.0353 -6.7674 -5.8028, -10.6774 -4.1253 -5.8028, -10.6216 -4.5291 -5.8028, -10.5084 -4.9207 -5.8028, -10.3401 -5.292 -5.8028, -10.1204 -5.6354 -5.8028, -9.8536 -5.9436 -5.8028, -9.5454 -6.2104 -5.8028, -9.202 -6.4301 -5.8028, -8.8307 -6.5984 -5.8028, -8.4391 -6.7116 -5.8028, -7.85 -6.94 -6.0, -7.85 -6.9372 -5.9665, -8.0462 -6.9336 -6.0, -8.046 -6.9308 -5.9665, -8.4349 -6.8798 -6.0, -8.4731 -6.8717 -5.9665, -8.4737 -6.8744 -6.0, -8.8874 -6.7519 -5.9665, -8.8884 -6.7546 -6.0, -8.9955 -6.706 -6.0, -9.2801 -6.574 -5.9665, -9.2815 -6.5765 -6.0, -9.5128 -6.4284 -6.0, -9.6433 -6.3415 -5.9665, -9.645 -6.3438 -6.0, -9.9693 -6.0593 -5.9665, -9.9713 -6.0613 -6.0, -10.2515 -5.7333 -5.9665, -10.2538 -5.735 -6.0, -10.3384 -5.6028 -6.0, -10.484 -5.3701 -5.9665, -10.4865 -5.3715 -6.0, -10.616 -5.0855 -6.0, -10.6619 -4.9774 -5.9665, -10.6646 -4.9784 -6.0, -10.7817 -4.5631 -5.9665, -10.7844 -4.5637 -6.0, -10.8408 -4.136 -5.9665, -10.8436 -4.1362 -6.0, -10.7898 -4.5249 -6.0, -8.4702 -6.8578 -5.9193, -8.8825 -6.7386 -5.9193, -9.2734 -6.5615 -5.9193, -9.6348 -6.3301 -5.9193, -9.9593 -6.0493 -5.9193, -10.2401 -5.7248 -5.9193, -10.4715 -5.3634 -5.9193, -10.6486 -4.9725 -5.9193, -10.7678 -4.5602 -5.9193, -8.465 -6.8331 -5.8771, -8.8737 -6.7149 -5.8771, -9.2613 -6.5393 -5.8771, -9.6197 -6.3099 -5.8771, -9.9414 -6.0314 -5.8771, -10.2199 -5.7097 -5.8771, -10.4493 -5.3513 -5.8771, -10.6249 -4.9637 -5.8771, -10.7431 -4.555 -5.8771, -8.4577 -6.7991 -5.8422, -8.8617 -6.6823 -5.8422, -9.2447 -6.5087 -5.8422, -9.5989 -6.282 -5.8422, -9.9168 -6.0068 -5.8422, -10.192 -5.6889 -5.8422, -10.4187 -5.3347 -5.8422, -10.5923 -4.9517 -5.8422, -10.7091 -4.5477 -5.8422, -8.4489 -6.7577 -5.817, -8.847 -6.6426 -5.817, -9.2245 -6.4716 -5.817, -9.5736 -6.2481 -5.817, -9.8869 -5.9769 -5.817, -10.1581 -5.6636 -5.817, -10.3816 -5.3145 -5.817, -10.5526 -4.937 -5.817, -10.6677 -4.5389 -5.817, 7.85 -6.7735 -5.8028, 7.85 -6.7914 -5.8082, 7.85 -6.8207 -5.817, 7.85 -6.8392 -5.8281, 7.85 -6.8629 -5.8422, 7.85 -6.8803 -5.8597, 7.85 -6.8978 -5.8771, 7.85 -6.9119 -5.9008, 7.85 -6.923 -5.9193, 7.85 -6.9318 -5.9486, 7.85 -6.9372 -5.9665, 7.85 -6.94 -6.0, 8.0384 -6.8145 -5.817, 8.0412 -6.8567 -5.8422, 8.0434 -6.8914 -5.8771, 8.0451 -6.9166 -5.9193, 10.8418 -3.94 -5.9486, 10.833 -3.94 -5.9193, 10.8266 -4.1351 -5.9193, 10.8219 -3.94 -5.9008, 10.8078 -3.94 -5.8771, 10.8014 -4.1334 -5.8771, 10.7903 -3.94 -5.8597, 10.7729 -3.94 -5.8422, 10.7667 -4.1312 -5.8422, 10.7492 -3.94 -5.8281, 10.7307 -3.94 -5.817, 10.7245 -4.1284 -5.817, 10.7014 -3.94 -5.8082, 10.6835 -3.94 -5.8028, 10.6774 -4.1253 -5.8028, 8.0353 -6.7674 -5.8028, 8.4391 -6.7116 -5.8028, 8.8307 -6.5984 -5.8028, 9.202 -6.4301 -5.8028, 9.5454 -6.2104 -5.8028, 9.8536 -5.9436 -5.8028, 10.1204 -5.6354 -5.8028, 10.3401 -5.292 -5.8028, 10.5084 -4.9207 -5.8028, 10.6216 -4.5291 -5.8028, 10.85 -3.94 -6.0, 10.8472 -3.94 -5.9665, 10.8436 -4.1362 -6.0, 10.8408 -4.136 -5.9665, 10.7898 -4.5249 -6.0, 10.7817 -4.5631 -5.9665, 10.7844 -4.5637 -6.0, 10.6619 -4.9774 -5.9665, 10.6646 -4.9784 -6.0, 10.616 -5.0855 -6.0, 10.484 -5.3701 -5.9665, 10.4865 -5.3715 -6.0, 10.3384 -5.6028 -6.0, 10.2515 -5.7333 -5.9665, 10.2538 -5.735 -6.0, 9.9693 -6.0593 -5.9665, 9.9713 -6.0613 -6.0, 9.6433 -6.3415 -5.9665, 9.645 -6.3438 -6.0, 9.5128 -6.4284 -6.0, 9.2801 -6.574 -5.9665, 9.2815 -6.5765 -6.0, 8.9955 -6.706 -6.0, 8.8874 -6.7519 -5.9665, 8.8884 -6.7546 -6.0, 8.4731 -6.8717 -5.9665, 8.4737 -6.8744 -6.0, 8.046 -6.9308 -5.9665, 8.0462 -6.9336 -6.0, 8.4349 -6.8798 -6.0, 10.7678 -4.5602 -5.9193, 10.6486 -4.9725 -5.9193, 10.4715 -5.3634 -5.9193, 10.2401 -5.7248 -5.9193, 9.9593 -6.0493 -5.9193, 9.6348 -6.3301 -5.9193, 9.2734 -6.5615 -5.9193, 8.8825 -6.7386 -5.9193, 8.4702 -6.8578 -5.9193, 10.7431 -4.555 -5.8771, 10.6249 -4.9637 -5.8771, 10.4493 -5.3513 -5.8771, 10.2199 -5.7097 -5.8771, 9.9414 -6.0314 -5.8771, 9.6197 -6.3099 -5.8771, 9.2613 -6.5393 -5.8771, 8.8737 -6.7149 -5.8771, 8.465 -6.8331 -5.8771, 10.7091 -4.5477 -5.8422, 10.5923 -4.9517 -5.8422, 10.4187 -5.3347 -5.8422, 10.192 -5.6889 -5.8422, 9.9168 -6.0068 -5.8422, 9.5989 -6.282 -5.8422, 9.2447 -6.5087 -5.8422, 8.8617 -6.6823 -5.8422, 8.4577 -6.7991 -5.8422, 10.6677 -4.5389 -5.817, 10.5526 -4.937 -5.817, 10.3816 -5.3145 -5.817, 10.1581 -5.6636 -5.817, 9.8869 -5.9769 -5.817, 9.5736 -6.2481 -5.817, 9.2245 -6.4716 -5.817, 8.847 -6.6426 -5.817, 8.4489 -6.7577 -5.817, 10.6835 3.94 -5.8028, 10.7014 3.94 -5.8082, 10.7307 3.94 -5.817, 10.7492 3.94 -5.8281, 10.7729 3.94 -5.8422, 10.7903 3.94 -5.8597, 10.8078 3.94 -5.8771, 10.8219 3.94 -5.9008, 10.833 3.94 -5.9193, 10.8418 3.94 -5.9486, 10.8472 3.94 -5.9665, 10.85 3.94 -6.0, 10.7245 4.1284 -5.817, 10.7667 4.1312 -5.8422, 10.8014 4.1334 -5.8771, 10.8266 4.1351 -5.9193, 7.85 6.9318 -5.9486, 7.85 6.923 -5.9193, 8.0451 6.9166 -5.9193, 7.85 6.9119 -5.9008, 7.85 6.8978 -5.8771, 8.0434 6.8914 -5.8771, 7.85 6.8803 -5.8597, 7.85 6.8629 -5.8422, 8.0412 6.8567 -5.8422, 7.85 6.8392 -5.8281, 7.85 6.8207 -5.817, 8.0384 6.8145 -5.817, 7.85 6.7914 -5.8082, 7.85 6.7735 -5.8028, 8.0353 6.7674 -5.8028, 10.6774 4.1253 -5.8028, 10.6216 4.5291 -5.8028, 10.5084 4.9207 -5.8028, 10.3401 5.292 -5.8028, 10.1204 5.6354 -5.8028, 9.8536 5.9436 -5.8028, 9.5454 6.2104 -5.8028, 9.202 6.4301 -5.8028, 8.8307 6.5984 -5.8028, 8.4391 6.7116 -5.8028, 7.85 6.94 -6.0, 7.85 6.9372 -5.9665, 8.0462 6.9336 -6.0, 8.046 6.9308 -5.9665, 8.4349 6.8798 -6.0, 8.4731 6.8717 -5.9665, 8.4737 6.8744 -6.0, 8.8874 6.7519 -5.9665, 8.8884 6.7546 -6.0, 8.9955 6.706 -6.0, 9.2801 6.574 -5.9665, 9.2815 6.5765 -6.0, 9.5128 6.4284 -6.0, 9.6433 6.3415 -5.9665, 9.645 6.3438 -6.0, 9.9693 6.0593 -5.9665, 9.9713 6.0613 -6.0, 10.2515 5.7333 -5.9665, 10.2538 5.735 -6.0, 10.3384 5.6028 -6.0, 10.484 5.3701 -5.9665, 10.4865 5.3715 -6.0, 10.616 5.0855 -6.0, 10.6619 4.9774 -5.9665, 10.6646 4.9784 -6.0, 10.7817 4.5631 -5.9665, 10.7844 4.5637 -6.0, 10.8408 4.136 -5.9665, 10.8436 4.1362 -6.0, 10.7898 4.5249 -6.0, 8.4702 6.8578 -5.9193, 8.8825 6.7386 -5.9193, 9.2734 6.5615 -5.9193, 9.6348 6.3301 -5.9193, 9.9593 6.0493 -5.9193, 10.2401 5.7248 -5.9193, 10.4715 5.3634 -5.9193, 10.6486 4.9725 -5.9193, 10.7678 4.5602 -5.9193, 8.465 6.8331 -5.8771, 8.8737 6.7149 -5.8771, 9.2613 6.5393 -5.8771, 9.6197 6.3099 -5.8771, 9.9414 6.0314 -5.8771, 10.2199 5.7097 -5.8771, 10.4493 5.3513 -5.8771, 10.6249 4.9637 -5.8771, 10.7431 4.555 -5.8771, 8.4577 6.7991 -5.8422, 8.8617 6.6823 -5.8422, 9.2447 6.5087 -5.8422, 9.5989 6.282 -5.8422, 9.9168 6.0068 -5.8422, 10.192 5.6889 -5.8422, 10.4187 5.3347 -5.8422, 10.5923 4.9517 -5.8422, 10.7091 4.5477 -5.8422, 8.4489 6.7577 -5.817, 8.847 6.6426 -5.817, 9.2245 6.4716 -5.817, 9.5736 6.2481 -5.817, 9.8869 5.9769 -5.817, 10.1581 5.6636 -5.817, 10.3816 5.3145 -5.817, 10.5526 4.937 -5.817, 10.6677 4.5389 -5.817, -10.85 3.94 -10.0, -10.8436 4.1362 -10.0, -10.7898 4.5249 -10.0, -10.7844 4.5637 -10.0, -10.6646 4.9784 -10.0, -10.616 5.0855 -10.0, -10.4865 5.3715 -10.0, -10.3384 5.6028 -10.0, -10.2538 5.735 -10.0, -9.9713 6.0613 -10.0, -9.645 6.3438 -10.0, -9.5128 6.4284 -10.0, -9.2815 6.5765 -10.0, -8.9955 6.706 -10.0, -8.8884 6.7546 -10.0, -8.4737 6.8744 -10.0, -8.4349 6.8798 -10.0, -8.0462 6.9336 -10.0, -7.85 6.94 -10.0, -10.85 -3.94 -10.0, -7.85 -6.94 -10.0, -8.0462 -6.9336 -10.0, -8.4349 -6.8798 -10.0, -8.4737 -6.8744 -10.0, -8.8884 -6.7546 -10.0, -8.9955 -6.706 -10.0, -9.2815 -6.5765 -10.0, -9.5128 -6.4284 -10.0, -9.645 -6.3438 -10.0, -9.9713 -6.0613 -10.0, -10.2538 -5.735 -10.0, -10.3384 -5.6028 -10.0, -10.4865 -5.3715 -10.0, -10.616 -5.0855 -10.0, -10.6646 -4.9784 -10.0, -10.7844 -4.5637 -10.0, -10.7898 -4.5249 -10.0, -10.8436 -4.1362 -10.0, 5.2138 -6.94 -7.3057, 5.2309 -6.94 -7.3251, -5.1443 -6.94 -7.2362, -5.1249 -6.94 -7.2191, -5.3 -6.94 -10.0, -5.3 -6.94 -7.55, -5.2917 -6.94 -7.4833, -5.2879 -6.94 -7.4522, -5.2641 -6.94 -7.3894, -5.255 -6.94 -7.3655, -5.2137 -6.94 -7.3054, -5.1998 -6.94 -7.2852, 5.2643 -6.94 -7.3895, 5.274 -6.94 -7.4082, 5.293 -6.94 -7.4833, 4.9667 -6.94 -7.1583, 4.9978 -6.94 -7.1621, 5.0606 -6.94 -7.1859, 5.0845 -6.94 -7.195, 5.1446 -6.94 -7.2363, 5.1648 -6.94 -7.2502, 5.3 -6.94 -10.0, 7.85 -6.94 -10.0, 5.3 -6.94 -7.55, 5.2966 -6.94 -7.4972, -5.0605 -6.94 -7.1857, -5.0418 -6.94 -7.176, -4.9667 -6.94 -7.157, -4.9528 -6.94 -7.1534, -4.9 -6.94 -7.15, 4.9 -6.94 -7.15, 10.85 -3.94 -10.0, 10.8436 -4.1362 -10.0, 10.7898 -4.5249 -10.0, 10.7844 -4.5637 -10.0, 10.6646 -4.9784 -10.0, 10.616 -5.0855 -10.0, 10.4865 -5.3715 -10.0, 10.3384 -5.6028 -10.0, 10.2538 -5.735 -10.0, 9.9713 -6.0613 -10.0, 9.645 -6.3438 -10.0, 9.5128 -6.4284 -10.0, 9.2815 -6.5765 -10.0, 8.9955 -6.706 -10.0, 8.8884 -6.7546 -10.0, 8.4737 -6.8744 -10.0, 8.4349 -6.8798 -10.0, 8.0462 -6.9336 -10.0, 10.85 3.94 -10.0, 7.85 6.94 -10.0, 8.0462 6.9336 -10.0, 8.4349 6.8798 -10.0, 8.4737 6.8744 -10.0, 8.8884 6.7546 -10.0, 8.9955 6.706 -10.0, 9.2815 6.5765 -10.0, 9.5128 6.4284 -10.0, 9.645 6.3438 -10.0, 9.9713 6.0613 -10.0, 10.2538 5.735 -10.0, 10.3384 5.6028 -10.0, 10.4865 5.3715 -10.0, 10.616 5.0855 -10.0, 10.6646 4.9784 -10.0, 10.7844 4.5637 -10.0, 10.7898 4.5249 -10.0, 10.8436 4.1362 -10.0, -7.85 6.9318 -10.0514, -7.85 6.923 -10.0807, -8.0451 6.9166 -10.0807, -7.85 6.9119 -10.0992, -7.85 6.8978 -10.1229, -8.0434 6.8914 -10.1229, -7.85 6.8803 -10.1403, -7.85 6.8629 -10.1578, -8.0412 6.8567 -10.1578, -7.85 6.8392 -10.1719, -7.85 6.8207 -10.183, -8.0384 6.8145 -10.183, -7.85 6.7914 -10.1918, -7.85 6.7735 -10.1972, -8.0353 6.7674 -10.1972, -10.7014 3.94 -10.1918, -10.7307 3.94 -10.183, -10.7245 4.1284 -10.183, -10.7492 3.94 -10.1719, -10.7729 3.94 -10.1578, -10.7667 4.1312 -10.1578, -10.7903 3.94 -10.1403, -10.8078 3.94 -10.1229, -10.8014 4.1334 -10.1229, -10.8219 3.94 -10.0992, -10.833 3.94 -10.0807, -10.8266 4.1351 -10.0807, -7.85 6.9372 -10.0335, -8.046 6.9308 -10.0335, -8.4731 6.8717 -10.0335, -8.8874 6.7519 -10.0335, -9.2801 6.574 -10.0335, -9.6433 6.3415 -10.0335, -9.9693 6.0593 -10.0335, -10.2515 5.7333 -10.0335, -10.484 5.3701 -10.0335, -10.6619 4.9774 -10.0335, -10.7817 4.5631 -10.0335, -10.8408 4.136 -10.0335, -10.8472 3.94 -10.0335, -10.8418 3.94 -10.0514, -10.644 4.1231 -10.2, -10.65 3.94 -10.2, -10.6835 3.94 -10.1972, -10.6774 4.1253 -10.1972, -10.6216 4.5291 -10.1972, -10.5888 4.5222 -10.2, -10.5084 4.9207 -10.1972, -10.4769 4.9091 -10.2, -10.3401 5.292 -10.1972, -10.3107 5.276 -10.2, -10.1204 5.6354 -10.1972, -10.0935 5.6153 -10.2, -9.8536 5.9436 -10.1972, -9.8299 5.9199 -10.2, -9.5454 6.2104 -10.1972, -9.5253 6.1835 -10.2, -9.202 6.4301 -10.1972, -9.186 6.4007 -10.2, -8.8307 6.5984 -10.1972, -8.8191 6.5669 -10.2, -8.4391 6.7116 -10.1972, -8.4322 6.6788 -10.2, -8.0331 6.734 -10.2, -7.85 6.74 -10.2, -10.6677 4.5389 -10.183, -10.5526 4.937 -10.183, -10.3816 5.3145 -10.183, -10.1581 5.6636 -10.183, -9.8869 5.9769 -10.183, -9.5736 6.2481 -10.183, -9.2245 6.4716 -10.183, -8.847 6.6426 -10.183, -8.4489 6.7577 -10.183, -10.7091 4.5477 -10.1578, -10.5923 4.9517 -10.1578, -10.4187 5.3347 -10.1578, -10.192 5.6889 -10.1578, -9.9168 6.0068 -10.1578, -9.5989 6.282 -10.1578, -9.2447 6.5087 -10.1578, -8.8617 6.6823 -10.1578, -8.4577 6.7991 -10.1578, -10.7431 4.555 -10.1229, -10.6249 4.9637 -10.1229, -10.4493 5.3513 -10.1229, -10.2199 5.7097 -10.1229, -9.9414 6.0314 -10.1229, -9.6197 6.3099 -10.1229, -9.2613 6.5393 -10.1229, -8.8737 6.7149 -10.1229, -8.465 6.8331 -10.1229, -10.7678 4.5602 -10.0807, -10.6486 4.9725 -10.0807, -10.4715 5.3634 -10.0807, -10.2401 5.7248 -10.0807, -9.9593 6.0493 -10.0807, -9.6348 6.3301 -10.0807, -9.2734 6.5615 -10.0807, -8.8825 6.7386 -10.0807, -8.4702 6.8578 -10.0807, -10.8472 -3.94 -10.0335, -10.8418 -3.94 -10.0514, -10.833 -3.94 -10.0807, -10.8219 -3.94 -10.0992, -10.8078 -3.94 -10.1229, -10.7903 -3.94 -10.1403, -10.7729 -3.94 -10.1578, -10.7492 -3.94 -10.1719, -10.7307 -3.94 -10.183, -10.7014 -3.94 -10.1918, -10.6835 -3.94 -10.1972, -10.65 -3.94 -10.2, -10.8266 -4.1351 -10.0807, -10.8014 -4.1334 -10.1229, -10.7667 -4.1312 -10.1578, -10.7245 -4.1284 -10.183, -10.6774 -4.1253 -10.1972, -7.85 -6.7914 -10.1918, -7.85 -6.8207 -10.183, -8.0384 -6.8145 -10.183, -7.85 -6.8392 -10.1719, -7.85 -6.8629 -10.1578, -8.0412 -6.8567 -10.1578, -7.85 -6.8803 -10.1403, -7.85 -6.8978 -10.1229, -8.0434 -6.8914 -10.1229, -7.85 -6.9119 -10.0992, -7.85 -6.923 -10.0807, -8.0451 -6.9166 -10.0807, -10.8408 -4.136 -10.0335, -10.7817 -4.5631 -10.0335, -10.6619 -4.9774 -10.0335, -10.484 -5.3701 -10.0335, -10.2515 -5.7333 -10.0335, -9.9693 -6.0593 -10.0335, -9.6433 -6.3415 -10.0335, -9.2801 -6.574 -10.0335, -8.8874 -6.7519 -10.0335, -8.4731 -6.8717 -10.0335, -8.046 -6.9308 -10.0335, -7.85 -6.9372 -10.0335, -7.85 -6.9318 -10.0514, -8.0331 -6.734 -10.2, -7.85 -6.74 -10.2, -7.85 -6.7735 -10.1972, -8.0353 -6.7674 -10.1972, -8.4391 -6.7116 -10.1972, -8.4322 -6.6788 -10.2, -8.8307 -6.5984 -10.1972, -8.8191 -6.5669 -10.2, -9.202 -6.4301 -10.1972, -9.186 -6.4007 -10.2, -9.5454 -6.2104 -10.1972, -9.5253 -6.1835 -10.2, -9.8536 -5.9436 -10.1972, -9.8299 -5.9199 -10.2, -10.1204 -5.6354 -10.1972, -10.0935 -5.6153 -10.2, -10.3401 -5.292 -10.1972, -10.3107 -5.276 -10.2, -10.5084 -4.9207 -10.1972, -10.4769 -4.9091 -10.2, -10.6216 -4.5291 -10.1972, -10.5888 -4.5222 -10.2, -10.644 -4.1231 -10.2, -8.4489 -6.7577 -10.183, -8.847 -6.6426 -10.183, -9.2245 -6.4716 -10.183, -9.5736 -6.2481 -10.183, -9.8869 -5.9769 -10.183, -10.1581 -5.6636 -10.183, -10.3816 -5.3145 -10.183, -10.5526 -4.937 -10.183, -10.6677 -4.5389 -10.183, -8.4577 -6.7991 -10.1578, -8.8617 -6.6823 -10.1578, -9.2447 -6.5087 -10.1578, -9.5989 -6.282 -10.1578, -9.9168 -6.0068 -10.1578, -10.192 -5.6889 -10.1578, -10.4187 -5.3347 -10.1578, -10.5923 -4.9517 -10.1578, -10.7091 -4.5477 -10.1578, -8.465 -6.8331 -10.1229, -8.8737 -6.7149 -10.1229, -9.2613 -6.5393 -10.1229, -9.6197 -6.3099 -10.1229, -9.9414 -6.0314 -10.1229, -10.2199 -5.7097 -10.1229, -10.4493 -5.3513 -10.1229, -10.6249 -4.9637 -10.1229, -10.7431 -4.555 -10.1229, -8.4702 -6.8578 -10.0807, -8.8825 -6.7386 -10.0807, -9.2734 -6.5615 -10.0807, -9.6348 -6.3301 -10.0807, -9.9593 -6.0493 -10.0807, -10.2401 -5.7248 -10.0807, -10.4715 -5.3634 -10.0807, -10.6486 -4.9725 -10.0807, -10.7678 -4.5602 -10.0807, -5.3 -6.9332 -10.0518, -5.3 -6.9354 -10.0346, -5.3 -6.8814 -10.1414, -5.3 -6.9081 -10.1066, -5.3 -6.9132 -10.1, -5.3 -6.9151 -10.0953, -5.3 -6.9257 -10.0699, -5.3 -6.84 -10.1732, -5.3 -6.8609 -10.1572, -5.3 -6.8784 -10.1437, -5.3 -6.74 -10.2, -5.3 -6.7711 -10.1959, -5.3 -6.7918 -10.1932, -5.3 -6.8006 -10.1895, -5.3 -6.8323 -10.1764, -5.1 -6.74 -10.0, -5.1 -6.74 -7.55, -5.1028 -6.7614 -10.0, -5.1028 -6.7735 -7.55, -5.1068 -6.7918 -10.0, -5.1082 -6.7914 -7.55, -5.1123 -6.805 -10.0, -5.117 -6.8207 -7.55, -5.1268 -6.84 -10.0, -5.1281 -6.8392 -7.55, -5.1312 -6.8457 -10.0, -5.1422 -6.8629 -7.55, -5.1586 -6.8814 -10.0, -5.1597 -6.8803 -7.55, -5.1938 -6.9095 -10.0, -5.1771 -6.8978 -7.55, -5.2003 -6.9126 -10.0, -5.2486 -6.9318 -7.55, -5.2345 -6.929 -10.0, -5.2193 -6.923 -7.55, -5.2008 -6.9119 -7.55, -5.2665 -6.9372 -7.55, -5.2784 -6.9388 -10.0, -5.2485 -6.9321 -10.0, -4.9 -6.8392 -7.3219, -4.9 -6.8629 -7.3078, -4.9406 -6.8629 -7.3112, -4.9 -6.8803 -7.2903, -4.9 -6.8978 -7.2729, -4.9464 -6.8978 -7.2769, -4.9 -6.9119 -7.2492, -4.9 -6.923 -7.2307, -4.9535 -6.923 -7.2352, -4.9 -6.9318 -7.2014, -4.9 -6.9372 -7.1835, -4.9614 -6.9372 -7.1887, -5.2148 -6.923 -7.4965, -5.1731 -6.8978 -7.5036, -5.1388 -6.8629 -7.5094, -5.1139 -6.8207 -7.5137, -5.1 -6.7735 -7.516, -5.0403 -6.74 -7.4097, -5.0229 -6.74 -7.3922, -5.0247 -6.7735 -7.39, -4.9 -6.7735 -7.3472, -4.934 -6.7735 -7.35, -4.9 -6.74 -7.35, -4.9335 -6.74 -7.3528, -4.9514 -6.74 -7.3582, -4.9818 -6.7735 -7.3644, -4.9807 -6.74 -7.367, -4.9992 -6.74 -7.3781, -5.0578 -6.74 -7.4271, -5.06 -6.7735 -7.4253, -5.0719 -6.74 -7.4508, -5.0856 -6.7735 -7.4682, -5.083 -6.74 -7.4693, -5.0918 -6.74 -7.4986, -5.0972 -6.74 -7.5165, -5.2613 -6.9372 -7.4886, -5.2354 -6.9372 -7.4022, -5.1891 -6.9372 -7.3247, -5.1253 -6.9372 -7.2609, -5.0478 -6.9372 -7.2146, -4.9 -6.8207 -7.333, -5.1922 -6.923 -7.4212, -5.1519 -6.923 -7.3537, -5.0963 -6.923 -7.2981, -5.0288 -6.923 -7.2578, -5.1535 -6.8978 -7.4383, -5.1185 -6.8978 -7.3797, -5.0703 -6.8978 -7.3315, -5.0117 -6.8978 -7.2965, -5.1217 -6.8629 -7.4523, -5.0911 -6.8629 -7.4011, -5.0489 -6.8629 -7.3589, -4.9977 -6.8629 -7.3283, -5.0986 -6.8207 -7.4625, -5.0712 -6.8207 -7.4166, -5.0334 -6.8207 -7.3788, -4.9875 -6.8207 -7.3514, -4.9363 -6.8207 -7.3361, -4.9 -6.7914 -7.3418, 4.9 -6.9372 -7.1835, 4.9 -6.9318 -7.2014, 4.9 -6.923 -7.2307, 4.9 -6.9119 -7.2492, 4.9 -6.8978 -7.2729, 4.9 -6.8803 -7.2903, 4.9 -6.8629 -7.3078, 4.9 -6.8392 -7.3219, 4.9 -6.8207 -7.333, 4.9 -6.7914 -7.3418, 4.9 -6.7735 -7.3472, 4.9 -6.74 -7.35, 5.1281 -6.8392 -7.55, 5.1422 -6.8629 -7.55, 5.1388 -6.8629 -7.5094, 5.1597 -6.8803 -7.55, 5.1771 -6.8978 -7.55, 5.1731 -6.8978 -7.5036, 5.2008 -6.9119 -7.55, 5.2193 -6.923 -7.55, 5.2148 -6.923 -7.4965, 5.2486 -6.9318 -7.55, 5.2665 -6.9372 -7.55, 5.2613 -6.9372 -7.4886, 4.9535 -6.923 -7.2352, 4.9464 -6.8978 -7.2769, 4.9406 -6.8629 -7.3112, 4.9363 -6.8207 -7.3361, 4.934 -6.7735 -7.35, 5.1 -6.74 -7.55, 5.1028 -6.7735 -7.55, 5.1 -6.7735 -7.516, 5.0719 -6.74 -7.4508, 5.083 -6.74 -7.4693, 5.0856 -6.7735 -7.4682, 5.0918 -6.74 -7.4986, 5.0972 -6.74 -7.5165, 5.0578 -6.74 -7.4271, 5.06 -6.7735 -7.4253, 5.0403 -6.74 -7.4097, 5.0247 -6.7735 -7.39, 5.0229 -6.74 -7.3922, 4.9992 -6.74 -7.3781, 4.9818 -6.7735 -7.3644, 4.9807 -6.74 -7.367, 4.9514 -6.74 -7.3582, 4.9335 -6.74 -7.3528, 4.9614 -6.9372 -7.1887, 5.0478 -6.9372 -7.2146, 5.1253 -6.9372 -7.2609, 5.1891 -6.9372 -7.3247, 5.2354 -6.9372 -7.4022, 5.117 -6.8207 -7.55, 5.1082 -6.7914 -7.55, 5.1139 -6.8207 -7.5137, 5.0986 -6.8207 -7.4625, 5.0712 -6.8207 -7.4166, 5.0334 -6.8207 -7.3788, 4.9875 -6.8207 -7.3514, 5.1217 -6.8629 -7.4523, 5.0911 -6.8629 -7.4011, 5.0489 -6.8629 -7.3589, 4.9977 -6.8629 -7.3283, 5.1535 -6.8978 -7.4383, 5.1185 -6.8978 -7.3797, 5.0703 -6.8978 -7.3315, 5.0117 -6.8978 -7.2965, 5.1922 -6.923 -7.4212, 5.1519 -6.923 -7.3537, 5.0963 -6.923 -7.2981, 5.0288 -6.923 -7.2578, 5.1 -6.74 -10.0, 5.1049 -6.7773 -10.0, 5.1068 -6.7918 -10.0, 5.1166 -6.8155 -10.0, 5.1249 -6.8353 -10.0, 5.1268 -6.84 -10.0, 5.1384 -6.8551 -10.0, 5.1586 -6.8814 -10.0, 5.175 -6.894 -10.0, 5.1791 -6.8972 -10.0, 5.2 -6.9132 -10.0, 5.2302 -6.9257 -10.0, 5.2394 -6.9295 -10.0, 5.2482 -6.9332 -10.0, 7.85 -6.9372 -10.0335, 5.3 -6.9332 -10.0518, 7.85 -6.9318 -10.0514, 7.85 -6.923 -10.0807, 5.3 -6.9295 -10.0606, 7.85 -6.9119 -10.0992, 5.3 -6.9257 -10.0698, 5.3 -6.9132 -10.1, 7.85 -6.8978 -10.1229, 5.3 -6.8972 -10.1209, 7.85 -6.8803 -10.1403, 5.3 -6.894 -10.125, 5.3 -6.8814 -10.1414, 7.85 -6.8629 -10.1578, 5.3 -6.8551 -10.1616, 7.85 -6.8392 -10.1719, 5.3 -6.84 -10.1732, 7.85 -6.8207 -10.183, 5.3 -6.8353 -10.1751, 7.85 -6.7914 -10.1918, 5.3 -6.8155 -10.1834, 5.3 -6.7918 -10.1932, 7.85 -6.7735 -10.1972, 5.3 -6.7773 -10.1951, 7.85 -6.74 -10.2, 5.3 -6.74 -10.2, 8.0451 -6.9166 -10.0807, 8.0434 -6.8914 -10.1229, 8.0412 -6.8567 -10.1578, 8.0384 -6.8145 -10.183, 8.0353 -6.7674 -10.1972, 10.7014 -3.94 -10.1918, 10.7307 -3.94 -10.183, 10.7245 -4.1284 -10.183, 10.7492 -3.94 -10.1719, 10.7729 -3.94 -10.1578, 10.7667 -4.1312 -10.1578, 10.7903 -3.94 -10.1403, 10.8078 -3.94 -10.1229, 10.8014 -4.1334 -10.1229, 10.8219 -3.94 -10.0992, 10.833 -3.94 -10.0807, 10.8266 -4.1351 -10.0807, 8.046 -6.9308 -10.0335, 8.4731 -6.8717 -10.0335, 8.8874 -6.7519 -10.0335, 9.2801 -6.574 -10.0335, 9.6433 -6.3415 -10.0335, 9.9693 -6.0593 -10.0335, 10.2515 -5.7333 -10.0335, 10.484 -5.3701 -10.0335, 10.6619 -4.9774 -10.0335, 10.7817 -4.5631 -10.0335, 10.8408 -4.136 -10.0335, 10.8472 -3.94 -10.0335, 10.8418 -3.94 -10.0514, 10.644 -4.1231 -10.2, 10.65 -3.94 -10.2, 10.6835 -3.94 -10.1972, 10.6774 -4.1253 -10.1972, 10.6216 -4.5291 -10.1972, 10.5888 -4.5222 -10.2, 10.5084 -4.9207 -10.1972, 10.4769 -4.9091 -10.2, 10.3401 -5.292 -10.1972, 10.3107 -5.276 -10.2, 10.1204 -5.6354 -10.1972, 10.0935 -5.6153 -10.2, 9.8536 -5.9436 -10.1972, 9.8299 -5.9199 -10.2, 9.5454 -6.2104 -10.1972, 9.5253 -6.1835 -10.2, 9.202 -6.4301 -10.1972, 9.186 -6.4007 -10.2, 8.8307 -6.5984 -10.1972, 8.8191 -6.5669 -10.2, 8.4391 -6.7116 -10.1972, 8.4322 -6.6788 -10.2, 8.0331 -6.734 -10.2, 10.6677 -4.5389 -10.183, 10.5526 -4.937 -10.183, 10.3816 -5.3145 -10.183, 10.1581 -5.6636 -10.183, 9.8869 -5.9769 -10.183, 9.5736 -6.2481 -10.183, 9.2245 -6.4716 -10.183, 8.847 -6.6426 -10.183, 8.4489 -6.7577 -10.183, 10.7091 -4.5477 -10.1578, 10.5923 -4.9517 -10.1578, 10.4187 -5.3347 -10.1578, 10.192 -5.6889 -10.1578, 9.9168 -6.0068 -10.1578, 9.5989 -6.282 -10.1578, 9.2447 -6.5087 -10.1578, 8.8617 -6.6823 -10.1578, 8.4577 -6.7991 -10.1578, 10.7431 -4.555 -10.1229, 10.6249 -4.9637 -10.1229, 10.4493 -5.3513 -10.1229, 10.2199 -5.7097 -10.1229, 9.9414 -6.0314 -10.1229, 9.6197 -6.3099 -10.1229, 9.2613 -6.5393 -10.1229, 8.8737 -6.7149 -10.1229, 8.465 -6.8331 -10.1229, 10.7678 -4.5602 -10.0807, 10.6486 -4.9725 -10.0807, 10.4715 -5.3634 -10.0807, 10.2401 -5.7248 -10.0807, 9.9593 -6.0493 -10.0807, 9.6348 -6.3301 -10.0807, 9.2734 -6.5615 -10.0807, 8.8825 -6.7386 -10.0807, 8.4702 -6.8578 -10.0807, 10.8472 3.94 -10.0335, 10.8418 3.94 -10.0514, 10.833 3.94 -10.0807, 10.8219 3.94 -10.0992, 10.8078 3.94 -10.1229, 10.7903 3.94 -10.1403, 10.7729 3.94 -10.1578, 10.7492 3.94 -10.1719, 10.7307 3.94 -10.183, 10.7014 3.94 -10.1918, 10.6835 3.94 -10.1972, 10.65 3.94 -10.2, 10.8266 4.1351 -10.0807, 10.8014 4.1334 -10.1229, 10.7667 4.1312 -10.1578, 10.7245 4.1284 -10.183, 10.6774 4.1253 -10.1972, 7.85 6.7914 -10.1918, 7.85 6.8207 -10.183, 8.0384 6.8145 -10.183, 7.85 6.8392 -10.1719, 7.85 6.8629 -10.1578, 8.0412 6.8567 -10.1578, 7.85 6.8803 -10.1403, 7.85 6.8978 -10.1229, 8.0434 6.8914 -10.1229, 7.85 6.9119 -10.0992, 7.85 6.923 -10.0807, 8.0451 6.9166 -10.0807, 10.8408 4.136 -10.0335, 10.7817 4.5631 -10.0335, 10.6619 4.9774 -10.0335, 10.484 5.3701 -10.0335, 10.2515 5.7333 -10.0335, 9.9693 6.0593 -10.0335, 9.6433 6.3415 -10.0335, 9.2801 6.574 -10.0335, 8.8874 6.7519 -10.0335, 8.4731 6.8717 -10.0335, 8.046 6.9308 -10.0335, 7.85 6.9372 -10.0335, 7.85 6.9318 -10.0514, 8.0331 6.734 -10.2, 7.85 6.74 -10.2, 7.85 6.7735 -10.1972, 8.0353 6.7674 -10.1972, 8.4391 6.7116 -10.1972, 8.4322 6.6788 -10.2, 8.8307 6.5984 -10.1972, 8.8191 6.5669 -10.2, 9.202 6.4301 -10.1972, 9.186 6.4007 -10.2, 9.5454 6.2104 -10.1972, 9.5253 6.1835 -10.2, 9.8536 5.9436 -10.1972, 9.8299 5.9199 -10.2, 10.1204 5.6354 -10.1972, 10.0935 5.6153 -10.2, 10.3401 5.292 -10.1972, 10.3107 5.276 -10.2, 10.5084 4.9207 -10.1972, 10.4769 4.9091 -10.2, 10.6216 4.5291 -10.1972, 10.5888 4.5222 -10.2, 10.644 4.1231 -10.2, 8.4489 6.7577 -10.183, 8.847 6.6426 -10.183, 9.2245 6.4716 -10.183, 9.5736 6.2481 -10.183, 9.8869 5.9769 -10.183, 10.1581 5.6636 -10.183, 10.3816 5.3145 -10.183, 10.5526 4.937 -10.183, 10.6677 4.5389 -10.183, 8.4577 6.7991 -10.1578, 8.8617 6.6823 -10.1578, 9.2447 6.5087 -10.1578, 9.5989 6.282 -10.1578, 9.9168 6.0068 -10.1578, 10.192 5.6889 -10.1578, 10.4187 5.3347 -10.1578, 10.5923 4.9517 -10.1578, 10.7091 4.5477 -10.1578, 8.465 6.8331 -10.1229, 8.8737 6.7149 -10.1229, 9.2613 6.5393 -10.1229, 9.6197 6.3099 -10.1229, 9.9414 6.0314 -10.1229, 10.2199 5.7097 -10.1229, 10.4493 5.3513 -10.1229, 10.6249 4.9637 -10.1229, 10.7431 4.555 -10.1229, 8.4702 6.8578 -10.0807, 8.8825 6.7386 -10.0807, 9.2734 6.5615 -10.0807, 9.6348 6.3301 -10.0807, 9.9593 6.0493 -10.0807, 10.2401 5.7248 -10.0807, 10.4715 5.3634 -10.0807, 10.6486 4.9725 -10.0807, 10.7678 4.5602 -10.0807, 7.3545 0.4141 -10.2, 7.3 -0.0 -10.2, 5.225 2.7019 -10.2, -5.35 -5.5 -10.2, -5.3 -5.499 -10.2, 6.65 4.2 -10.2, 6.6057 4.5365 -10.2, -6.2692 -5.1192 -10.2, -6.0 -5.3258 -10.2, 10.4455 0.4141 -10.2, 10.2856 0.8 -10.2, -10.5 -0.0 -10.2, -10.4455 -0.4141 -10.2, -10.2856 -0.8 -10.2, -8.9 -1.6 -10.2, -8.4859 -1.5455 -10.2, -6.6057 -3.8635 -10.2, -8.1 -1.3856 -10.2, -6.4758 -3.55 -10.2, -6.2692 -3.2808 -10.2, -6.65 -4.2 -10.2, -6.6057 -4.5365 -10.2, -5.6865 -5.4557 -10.2, 5.3 -5.499 -10.2, 5.35 -5.5 -10.2, 5.6865 -5.4557 -10.2, 5.225 -2.7019 -10.2, 7.3545 -0.4141 -10.2, 5.2314 -2.752 -10.2, -10.0314 -1.1314 -10.2, -9.7 -1.3856 -10.2, -9.3141 -1.5455 -10.2, -6.4758 -4.85 -10.2, 8.4859 -1.5455 -10.2, 8.9 -1.6 -10.2, 9.3141 -1.5455 -10.2, 9.7 -1.3856 -10.2, 10.5 0.0 -10.2, 10.4455 -0.4141 -10.2, -4.4308 5.1192 -10.2, -4.2242 4.85 -10.2, -4.0943 4.5365 -10.2, -7.5144 -0.8 -10.2, -7.3545 -0.4141 -10.2, -6.0 -3.0742 -10.2, 6.0 -5.3258 -10.2, 6.2692 -5.1192 -10.2, 6.4758 -4.85 -10.2, 6.0 -3.0742 -10.2, 5.6865 -2.9443 -10.2, 10.0314 -1.1314 -10.2, 10.2856 -0.8 -10.2, 6.2692 5.1192 -10.2, 6.0 5.3258 -10.2, 5.6865 5.4557 -10.2, -9.7 1.3856 -10.2, -10.0314 1.1314 -10.2, -5.3652 -2.8927 -10.2, -5.415 -2.9016 -10.2, -5.6865 -2.9443 -10.2, 6.6057 -4.5365 -10.2, 8.1 -1.3856 -10.2, 6.6057 -3.8635 -10.2, 6.65 -4.2 -10.2, 5.35 5.5 -10.2, 5.0135 5.4557 -10.2, 4.7 5.3258 -10.2, 4.4308 5.1192 -10.2, 4.2242 4.85 -10.2, 4.0943 4.5365 -10.2, -4.05 4.2 -10.2, 4.05 4.2 -10.2, -4.0943 3.8635 -10.2, -7.3 0.0 -10.2, -5.225 2.7019 -10.2, -7.3545 0.4141 -10.2, -7.5144 0.8 -10.2, -5.2314 2.752 -10.2, -10.2856 0.8 -10.2, -10.4455 0.4141 -10.2, 6.6057 3.8635 -10.2, -4.7 5.3258 -10.2, -5.0135 5.4557 -10.2, -5.35 5.5 -10.2, -5.6865 5.4557 -10.2, -6.6057 3.8635 -10.2, -6.65 4.2 -10.2, -7.7686 -1.1314 -10.2, 7.5144 -0.8 -10.2, 7.7686 -1.1314 -10.2, 6.2692 -3.2808 -10.2, 6.4758 -3.55 -10.2, 8.4859 1.5455 -10.2, 8.9 1.6 -10.2, 9.3141 1.5455 -10.2, 5.3652 2.8927 -10.2, 5.415 2.9016 -10.2, 7.5144 0.8 -10.2, 5.6865 2.9443 -10.2, 7.7686 1.1314 -10.2, 6.0 3.0742 -10.2, 8.1 1.3856 -10.2, 6.2692 3.2808 -10.2, 6.4758 3.55 -10.2, 6.4758 4.85 -10.2, -6.6057 4.5365 -10.2, 5.415 -2.9016 -10.2, 5.3652 -2.8927 -10.2, 5.3193 -2.8717 -10.2, 5.2502 2.799 -10.2, 5.2801 2.8397 -10.2, 5.3193 2.8717 -10.2, 10.0314 1.1314 -10.2, 9.7 1.3856 -10.2, 3.9752 3.4 -10.2, -4.1585 3.68 -10.2, -3.9752 3.4 -10.2, -4.1726 3.6326 -10.2, -4.0243 3.4061 -10.2, -4.1745 3.5832 -10.2, -6.4758 3.55 -10.2, -8.9 1.6 -10.2, -9.3141 1.5455 -10.2, -5.225 -2.7019 -10.2, -5.2314 -2.752 -10.2, -5.2502 -2.799 -10.2, 5.2801 -2.8397 -10.2, 5.2502 -2.799 -10.2, -4.1106 3.4528 -10.2, -4.1426 3.4905 -10.2, -4.1643 3.5348 -10.2, -6.4758 4.85 -10.2, -5.2801 -2.8397 -10.2, -5.3193 -2.8717 -10.2, 5.2314 2.752 -10.2, 4.0943 3.8635 -10.2, 4.1585 3.68 -10.2, 4.1726 3.6326 -10.2, 4.0243 3.4061 -10.2, 4.0703 3.4241 -10.2, -6.0 5.3258 -10.2, -6.2692 5.1192 -10.2, -5.6865 2.9443 -10.2, -5.415 2.9016 -10.2, -5.3652 2.8927 -10.2, -5.3193 2.8717 -10.2, -6.0 3.0742 -10.2, -7.7686 1.1314 -10.2, -6.2692 3.2808 -10.2, -8.1 1.3856 -10.2, -8.4859 1.5455 -10.2, -4.0703 3.4241 -10.2, 4.1745 3.5832 -10.2, 4.1643 3.5348 -10.2, 4.1106 3.4528 -10.2, 4.1426 3.4905 -10.2, -5.2801 2.8397 -10.2, -5.2502 2.799 -10.2, -5.1902 -6.9058 -10.0209, -5.1858 -6.9014 -10.0298, -5.1929 -6.9086 -10.0108, -5.1732 -6.8888 -10.042, -5.1657 -6.8814 -10.0445, -5.18 -6.8957 -10.037, -5.1506 -6.8663 -10.0417, -5.1438 -6.8595 -10.0365, -5.158 -6.8737 -10.0444, -5.1339 -6.8496 -10.0202, -5.1313 -6.847 -10.01, -5.1382 -6.8538 -10.0292, -5.2326 -6.9271 -10.021, -5.2758 -6.9362 -10.0302, -5.1126 -6.8071 -10.0194, -5.1026 -6.74 -10.0318, -5.1034 -6.7638 -10.0279, -5.1026 -6.74 -10.0318, -5.1107 -6.7711 -10.0565, -5.1129 -6.74 -10.0672, -5.1164 -6.74 -10.0794, -5.1226 -6.783 -10.0817, -5.1249 -6.74 -10.0937, -5.1308 -6.74 -10.1037, -5.1282 -6.7434 -10.1024, -5.1416 -6.74 -10.1221, -5.1482 -6.7633 -10.1281, -5.1599 -6.74 -10.1406, -5.1764 -6.74 -10.1573, -5.1718 -6.787 -10.1462, -5.179 -6.74 -10.1588, -5.2041 -6.74 -10.1739, -5.1928 -6.7538 -10.1683, -5.2189 -6.74 -10.1828, -5.2228 -6.7838 -10.1792, -5.2394 -6.74 -10.189, -5.2635 -6.74 -10.1963, -5.2516 -6.7523 -10.1937, -5.2663 -6.74 -10.1971, -5.2851 -6.7858 -10.1941, -5.284 -6.845 -10.1695, -5.2538 -6.8148 -10.1796, -5.251 -6.8662 -10.1472, -5.275 -6.8901 -10.1298, -5.2952 -6.9104 -10.1046, -5.2681 -6.9286 -10.0586, -5.1979 -6.8131 -10.1557, -5.2248 -6.84 -10.156, -5.1385 -6.7989 -10.1022, -5.1574 -6.8178 -10.1167, -5.1782 -6.8386 -10.1243, -5.1997 -6.8601 -10.1245, -5.2206 -6.881 -10.1175, -5.2397 -6.9001 -10.1036, -5.2559 -6.9163 -10.0835, -5.2273 -6.9218 -10.0408, -5.2188 -6.9133 -10.0581, -5.2075 -6.902 -10.0721, -5.1942 -6.8887 -10.0818, -5.1797 -6.8742 -10.0867, -5.1647 -6.8592 -10.0865, -5.1502 -6.8447 -10.0812, -5.137 -6.8315 -10.0712, -5.126 -6.8205 -10.0569, -5.1177 -6.8122 -10.0393, -5.1 -5.6757 -10.0, -5.1 -5.6757 -7.55, -4.9 -5.6757 -7.35, -4.9216 -5.6757 -7.3512, -4.9515 -5.6757 -7.3579, -4.9655 -5.6757 -7.361, -4.9997 -5.6757 -7.3774, -5.0062 -5.6757 -7.3805, -5.0414 -5.6757 -7.4086, -5.089 -5.6757 -7.4845, -5.0726 -5.6757 -7.4503, -5.0695 -5.6757 -7.4438, -5.0988 -5.6757 -7.5284, -5.0921 -5.6757 -7.4985, 0.9751 -5.6067 -7.35, 0.9557 -5.5895 -7.35, 0.9002 -5.5405 -7.35, -1.0394 -5.6398 -7.35, -1.0155 -5.6307 -7.35, -0.9554 -5.5894 -7.35, -0.9352 -5.5755 -7.35, 1.0395 -5.6401 -7.35, 1.0582 -5.6497 -7.35, 1.1333 -5.6688 -7.35, -1.2 -5.6757 -7.35, -1.1333 -5.6675 -7.35, -1.1022 -5.6636 -7.35, -0.8357 -5.4362 -7.35, 0.8121 -5.3736 -7.35, -0.8691 -5.5006 -7.35, 0.8359 -5.4363 -7.35, 0.845 -5.4603 -7.35, -0.8862 -5.5201 -7.35, 0.8863 -5.5204 -7.35, 1.1472 -5.6723 -7.35, 1.2 -5.6757 -7.35, 4.9 -5.6757 -7.35, -0.826 -5.4176 -7.35, -0.807 -5.3424 -7.35, -0.8034 -5.3285 -7.35, -0.8 -4.63 -7.35, 0.8 -4.63 -7.35, -0.8 -5.2757 -7.35, 0.8 -5.2757 -7.35, 0.8083 -5.3424 -7.35, 4.9216 -5.6757 -7.3512, 4.9515 -5.6757 -7.3579, 4.9655 -5.6757 -7.361, 4.9997 -5.6757 -7.3774, 5.0062 -5.6757 -7.3805, 5.0414 -5.6757 -7.4086, 5.0695 -5.6757 -7.4438, 5.0726 -5.6757 -7.4503, 5.089 -5.6757 -7.4845, 5.0921 -5.6757 -7.4985, 5.0988 -5.6757 -7.5284, 5.1 -5.6757 -7.55, 5.1586 -6.74 -10.1414, 5.1704 -6.7832 -10.146, 5.1622 -6.7848 -10.1378, 5.178 -6.7788 -10.1537, 5.1845 -6.7717 -10.1602, 5.1463 -6.7788 -10.122, 5.1398 -6.7717 -10.1154, 5.154 -6.7832 -10.1296, 5.1426 -6.74 -10.1213, 5.1316 -6.7516 -10.1073, 5.1569 -6.876 -10.0321, 5.1339 -6.851 -10.0091, 5.1271 -6.8286 -10.0475, 5.2909 -6.851 -10.1661, 5.2696 -6.9353 -10.0304, 5.2064 -6.9146 -10.0274, 5.113 -6.8027 -10.0335, 5.1042 -6.7724 -10.0246, 5.2395 -6.9208 -10.0605, 5.1837 -6.8917 -10.0588, 5.2726 -6.9146 -10.0936, 5.2412 -6.8917 -10.1163, 5.2679 -6.876 -10.1431, 5.2665 -6.8027 -10.187, 5.2754 -6.7724 -10.1958, 5.2124 -6.897 -10.0876, 5.2525 -6.8286 -10.1729, 5.2341 -6.8485 -10.1545, 5.2127 -6.8611 -10.1331, 5.1898 -6.8653 -10.1102, 5.1669 -6.8611 -10.0873, 5.1012 -6.74 -10.0216, 5.1034 -6.74 -10.0316, 5.1131 -6.7626 -10.0677, 5.1193 -6.7836 -10.0738, 5.2164 -6.8017 -10.1709, 5.2036 -6.8156 -10.1581, 5.1887 -6.8243 -10.1432, 5.1727 -6.8273 -10.1273, 5.1568 -6.8243 -10.1113, 5.1419 -6.8156 -10.0964, 5.2784 -6.74 -10.1988, 5.2665 -6.74 -10.1962, 5.2324 -6.7626 -10.1869, 5.2345 -6.74 -10.189, 5.1455 -6.8485 -10.0659, 5.1291 -6.8017 -10.0836, 5.1348 -6.7624 -10.1104, 5.111 -6.74 -10.0655, 5.1174 -6.74 -10.0789, 5.1305 -6.74 -10.1062, 5.1772 -6.74 -10.1563, 5.1927 -6.7516 -10.1684, 5.1938 -6.74 -10.1695, 5.2194 -6.74 -10.1817, 5.2262 -6.7836 -10.1807, 5.1896 -6.7624 -10.1652, 5.1 -5.6757 -10.0, -10.4649 -0.3331 -11.24, -10.4393 -0.4121 -11.24, -10.3615 -0.6512 -11.24, -10.2781 -0.7956 -11.24, -10.1942 -0.9408 -11.24, -10.0265 -1.127 -11.24, -9.9703 -1.1893 -11.24, -9.7 -1.3856 -11.24, -9.6996 -1.3859 -11.24, -9.394 -1.5218 -11.24, -9.3128 -1.5391 -11.24, -9.0668 -1.5913 -11.24, -8.9 -1.5912 -11.24, -8.7323 -1.5912 -11.24, -8.4873 -1.539 -11.24, -8.4052 -1.5216 -11.24, -8.1 -1.3856 -11.24, -8.0996 -1.3854 -11.24, -7.8291 -1.1887 -11.24, -7.7735 -1.127 -11.24, -7.6053 -0.9401 -11.24, -7.522 -0.7956 -11.24, -7.4381 -0.6504 -11.24, -7.3608 -0.4121 -11.24, -7.3349 -0.3322 -11.24, -7.3 0.0 -11.24, -7.3 0.0004 -11.24, -7.3351 0.3331 -11.24, -7.3607 0.4121 -11.24, -7.4385 0.6512 -11.24, -7.5219 0.7956 -11.24, -7.6058 0.9408 -11.24, -7.7735 1.127 -11.24, -7.8297 1.1893 -11.24, -8.1 1.3856 -11.24, -8.1004 1.3859 -11.24, -8.406 1.5218 -11.24, -8.4872 1.5391 -11.24, -8.7332 1.5913 -11.24, -8.9 1.5912 -11.24, -9.0677 1.5912 -11.24, -9.3127 1.539 -11.24, -9.3948 1.5216 -11.24, -9.7 1.3856 -11.24, -9.7004 1.3854 -11.24, -9.9709 1.1887 -11.24, -10.0265 1.127 -11.24, -10.1947 0.9401 -11.24, -10.278 0.7956 -11.24, -10.3619 0.6504 -11.24, -10.4392 0.4121 -11.24, -10.4651 0.3322 -11.24, -10.5 -0.0 -11.24, -10.5 -0.0004 -11.24, 7.3351 -0.3331 -11.24, 7.3607 -0.4121 -11.24, 7.4385 -0.6512 -11.24, 7.5219 -0.7956 -11.24, 7.6058 -0.9408 -11.24, 7.7735 -1.127 -11.24, 7.8297 -1.1893 -11.24, 8.1 -1.3856 -11.24, 8.1004 -1.3859 -11.24, 8.406 -1.5218 -11.24, 8.4872 -1.5391 -11.24, 8.7332 -1.5913 -11.24, 8.9 -1.5912 -11.24, 9.0677 -1.5912 -11.24, 9.3127 -1.539 -11.24, 9.3948 -1.5216 -11.24, 9.7 -1.3856 -11.24, 9.7004 -1.3854 -11.24, 9.9709 -1.1887 -11.24, 10.0265 -1.127 -11.24, 10.1947 -0.9401 -11.24, 10.278 -0.7956 -11.24, 10.3619 -0.6504 -11.24, 10.4392 -0.4121 -11.24, 10.4651 -0.3322 -11.24, 10.5 0.0 -11.24, 10.5 0.0004 -11.24, 10.4649 0.3331 -11.24, 10.4393 0.4121 -11.24, 10.3615 0.6512 -11.24, 10.2781 0.7956 -11.24, 10.1942 0.9408 -11.24, 10.0265 1.127 -11.24, 9.9703 1.1893 -11.24, 9.7 1.3856 -11.24, 9.6996 1.3859 -11.24, 9.394 1.5218 -11.24, 9.3128 1.5391 -11.24, 9.0668 1.5913 -11.24, 8.9 1.5912 -11.24, 8.7323 1.5912 -11.24, 8.4873 1.539 -11.24, 8.4052 1.5216 -11.24, 8.1 1.3856 -11.24, 8.0996 1.3854 -11.24, 7.8291 1.1887 -11.24, 7.7735 1.127 -11.24, 7.6053 0.9401 -11.24, 7.522 0.7956 -11.24, 7.4381 0.6504 -11.24, 7.3608 0.4121 -11.24, 7.3349 0.3322 -11.24, 7.3 -0.0 -11.24, 7.3 -0.0004 -11.24, -5.415 2.9016 -11.24, -5.35 2.9088 -11.65, -5.35 2.9 -11.4732, -5.5009 2.9088 -11.65, -5.3931 2.9007 -11.38, -5.6846 2.9523 -11.65, -5.3967 2.9009 -11.3608, -5.414 2.9016 -11.2706, -5.1419 2.9168 -11.631, -5.1963 2.9094 -11.6102, -5.1991 2.9088 -11.65, -5.2113 2.9074 -11.6044, -5.2578 2.9037 -11.5724, -5.2798 2.9019 -11.5571, -5.3109 2.9009 -11.522, -5.3387 2.9 -11.4905, -4.9054 2.9784 -11.65, -5.0143 2.9469 -11.64, -5.0154 2.9523 -11.65, -5.0683 2.9309 -11.64, -5.1384 2.9174 -11.6314, -4.2242 3.55 -11.65, -4.2354 3.5309 -11.5687, -4.2562 3.4987 -11.5887, -4.2693 3.4783 -11.6014, -4.2793 3.4628 -11.611, -4.2796 3.4623 -11.6113, -4.3067 3.4259 -11.6226, -4.3389 3.3829 -11.6359, -4.3423 3.3789 -11.6362, -4.3545 3.3646 -11.6374, -4.381 3.3333 -11.64, -4.4044 3.3079 -11.65, -4.4329 3.283 -11.64, -4.4332 3.2837 -11.65, -4.5116 3.2065 -11.64, -4.6356 3.1139 -11.65, -4.6931 3.0782 -11.64, -4.703 3.0801 -11.65, -4.7003 3.0748 -11.64, -4.8939 2.9826 -11.64, -4.1585 3.68 -11.24, -4.0981 3.8642 -11.65, -4.1592 3.6784 -11.2537, -4.163 3.6699 -11.3291, -4.1637 3.6683 -11.3435, -4.1743 3.6455 -11.4096, -4.1776 3.6384 -11.4301, -4.1921 3.6097 -11.4771, -4.1046 3.8272 -11.65, -4.2014 3.5911 -11.5075, -4.2183 3.5612 -11.5379, -4.2245 3.5502 -11.5491, -4.0522 4.1244 -11.65, -5.7946 2.9784 -11.65, -6.0644 3.1139 -11.65, -5.997 3.0801 -11.65, -6.2956 3.3079 -11.65, -6.2668 3.2837 -11.65, -6.5954 3.8272 -11.65, -6.4758 3.55 -11.65, -6.6478 4.1244 -11.65, -6.6019 3.8642 -11.65, -6.6303 4.4257 -11.65, -6.6434 4.1996 -11.65, -6.5437 4.7149 -11.65, -6.5978 4.5341 -11.65, -6.3928 4.9763 -11.65, -6.4682 4.8456 -11.65, -6.1856 5.1959 -11.65, -6.2632 5.1136 -11.65, -5.9334 5.3617 -11.65, -5.9964 5.3203 -11.65, -5.6498 5.465 -11.65, -5.6852 5.4521 -11.65, -5.0502 5.465 -11.65, -5.35 5.5 -11.65, -4.7666 5.3617 -11.65, -5.0149 5.4521 -11.65, -4.5144 5.1959 -11.65, -4.7036 5.3203 -11.65, -4.3072 4.9763 -11.65, -4.4368 5.1136 -11.65, -4.1563 4.7149 -11.65, -4.2318 4.8456 -11.65, -4.05 4.2 -11.65, -4.0697 4.4257 -11.65, -4.1022 4.5341 -11.65, -5.3904 2.8972 -11.24, -5.3652 2.8927 -11.24, -5.3532 2.8872 -11.24, -5.3193 2.8717 -11.24, -5.3168 2.8697 -11.24, -5.2801 2.8397 -11.24, -5.2591 2.8111 -11.24, -5.2502 2.799 -11.24, -5.2407 2.7753 -11.24, -5.225 2.7019 -11.24, -5.2296 2.7383 -11.24, -5.2314 2.752 -11.24, -5.225 -2.7019 -11.24, -5.415 -2.9016 -11.24, -5.3904 -2.8972 -11.24, -5.3652 -2.8927 -11.24, -5.3532 -2.8872 -11.24, -5.3193 -2.8717 -11.24, -5.3168 -2.8697 -11.24, -5.2801 -2.8397 -11.24, -5.2591 -2.8111 -11.24, -5.2502 -2.799 -11.24, -5.2407 -2.7753 -11.24, -5.2314 -2.752 -11.24, -5.2296 -2.7383 -11.24, -4.1585 -3.68 -11.24, -4.1585 -3.68 -10.2, -4.0943 -3.8635 -10.2, -5.0154 -5.4477 -11.65, -5.0392 -5.4621 -10.1043, -5.05 -5.4649 -10.1054, -5.0523 -5.4655 -10.1056, -5.0643 -5.4682 -10.1086, -5.0844 -5.472 -10.1172, -5.1143 -5.4775 -10.1299, -5.1405 -5.4824 -10.141, -5.1473 -5.4837 -10.1439, -5.1593 -5.4859 -10.149, -5.1782 -5.4886 -10.1598, -5.1926 -5.4904 -10.1687, -4.6724 -5.3094 -10.1971, -4.7009 -5.324 -10.1907, -4.703 -5.3199 -11.65, -4.7604 -5.3544 -10.1772, -4.9054 -5.4216 -11.65, -4.8483 -5.3993 -10.1573, -4.9409 -5.4329 -10.1209, -4.9669 -5.4423 -10.1107, -4.9925 -5.4499 -10.1028, -5.0042 -5.4532 -10.1015, -5.0085 -5.4544 -10.1011, -5.0136 -5.4556 -10.1016, -4.6201 -5.2757 -10.2, -4.6356 -5.2861 -11.65, -4.4308 -5.1192 -10.2, -4.4332 -5.1163 -11.65, -4.4044 -5.0921 -11.65, -4.2242 -4.85 -10.2, -4.2242 -4.85 -11.65, -4.1046 -4.5728 -11.65, -4.0943 -4.5365 -10.2, -4.0981 -4.5358 -11.65, -4.0522 -4.2756 -11.65, -4.05 -4.2 -10.2, -4.1022 -3.8659 -11.65, -4.1563 -3.6851 -11.65, -4.2077 -3.5802 -11.5169, -4.1924 -3.6084 -11.4836, -4.185 -3.6236 -11.4539, -4.1719 -3.6504 -11.4017, -4.1696 -3.6555 -11.3833, -4.1615 -3.6733 -11.3186, -4.161 -3.6743 -11.3069, -4.0697 -3.9743 -11.65, -4.05 -4.2 -11.65, -4.3547 -3.3655 -11.6352, -4.3072 -3.4237 -11.65, -4.381 -3.3333 -11.64, -4.4368 -3.2864 -11.65, -4.2623 -3.4886 -11.5965, -4.2567 -3.4967 -11.5928, -4.2318 -3.5544 -11.65, -4.2693 -3.4785 -11.6011, -4.3421 -3.3808 -11.6329, -4.309 -3.4213 -11.6269, -4.2858 -3.4547 -11.6118, -4.2418 -3.5211 -11.5742, -4.2242 -3.55 -11.552, -4.2232 -3.5517 -11.5507, -5.0149 -2.9479 -11.65, -4.8974 -2.9813 -11.64, -4.7666 -3.0383 -11.65, -4.7002 -3.0746 -11.64, -4.7036 -3.0797 -11.65, -4.6952 -3.077 -11.64, -4.5144 -3.2041 -11.65, -4.5124 -3.2058 -11.64, -4.4329 -3.283 -11.64, -5.35 -2.9 -11.4732, -5.3025 -2.9011 -11.5322, -5.35 -2.9 -11.65, -5.2898 -2.9014 -11.548, -5.2563 -2.9038 -11.5729, -5.2212 -2.9064 -11.599, -5.1947 -2.9098 -11.6102, -5.151 -2.9153 -11.6286, -5.1269 -2.9197 -11.6324, -5.0793 -2.9285 -11.6398, -5.0502 -2.935 -11.65, -5.0683 -2.9309 -11.64, -5.0143 -2.9468 -11.64, -5.6852 -2.9479 -11.65, -5.4008 -2.901 -11.3532, -5.3978 -2.9009 -11.3608, -5.3617 -2.9001 -11.4531, -5.6498 -2.935 -11.65, -5.9334 -3.0383 -11.65, -5.9964 -3.0797 -11.65, -6.1856 -3.2041 -11.65, -6.2632 -3.2864 -11.65, -6.3928 -3.4237 -11.65, -6.4682 -3.5544 -11.65, -6.5437 -3.6851 -11.65, -6.5978 -3.8659 -11.65, -6.6303 -3.9743 -11.65, -6.6434 -4.2004 -11.65, -6.6478 -4.2756 -11.65, -6.6019 -4.5358 -11.65, -6.5954 -4.5728 -11.65, -6.4758 -4.85 -11.65, -6.2956 -5.0921 -11.65, -6.2668 -5.1163 -11.65, -6.0644 -5.2861 -11.65, -5.997 -5.3199 -11.65, -5.7946 -5.4216 -11.65, -5.2189 -5.4934 -10.1828, -5.2663 -5.4973 -10.1971, -5.1991 -5.4912 -11.65, -5.35 -5.4912 -11.65, -5.5009 -5.4912 -11.65, -5.6846 -5.4477 -11.65, -5.1781 -5.5194 -10.1554, -5.1002 -5.6753 -10.0092, -5.1005 -5.6747 -10.0121, -5.1023 -5.671 -10.0293, -5.1168 -5.6422 -10.0793, -5.1153 -5.6451 -10.0754, -5.1131 -5.6496 -10.0696, -5.1084 -5.659 -10.0572, -5.1027 -5.6703 -10.0327, -5.1026 -5.6705 -10.0318, -5.1066 -5.6625 -10.0497, -5.1317 -5.6123 -10.106, -5.1328 -5.61 -10.1079, -5.1404 -5.5947 -10.1206, -5.1229 -5.6298 -10.0916, -5.1189 -5.6378 -10.085, -5.1745 -5.5266 -10.152, -5.1659 -5.5439 -10.144, -5.1774 -5.5209 -10.1547, -5.1558 -5.5639 -10.1348, -5.1544 -5.5667 -10.1335, -5.1429 -5.5897 -10.1229, -5.1418 -5.5919 -10.1218, 5.2663 -5.4973 -10.1971, 5.1554 -5.5648 -10.137, 5.1596 -5.5564 -10.1424, 5.2189 -5.4934 -10.1828, 5.1926 -5.4904 -10.1687, 5.1771 -5.5214 -10.1564, 5.1741 -5.5275 -10.1539, 5.1276 -5.6204 -10.1014, 5.1314 -5.6128 -10.1063, 5.1429 -5.5897 -10.121, 5.1433 -5.589 -10.1215, 5.1115 -5.6528 -10.0668, 5.1153 -5.645 -10.0751, 5.1172 -5.6413 -10.079, 5.123 -5.6297 -10.0915, 5.1006 -5.6745 -10.0123, 5.1009 -5.6739 -10.0192, 5.1025 -5.6707 -10.0292, 5.1029 -5.6699 -10.0318, 5.1047 -5.6663 -10.043, 5.1104 -5.6548 -10.0631, 5.415 -2.9016 -11.24, 5.1384 -2.9174 -11.6314, 5.35 -2.9 -11.65, 5.0502 -2.935 -11.65, 5.1419 -2.9168 -11.631, 5.1963 -2.9094 -11.6102, 5.2113 -2.9074 -11.6044, 5.2578 -2.9037 -11.5724, 5.2798 -2.9019 -11.5571, 5.3109 -2.9009 -11.522, 4.5144 -3.2041 -11.65, 4.6931 -3.0782 -11.64, 4.7036 -3.0797 -11.65, 4.7003 -3.0748 -11.64, 4.7666 -3.0383 -11.65, 4.8939 -2.9826 -11.64, 5.0149 -2.9479 -11.65, 5.0143 -2.9469 -11.64, 5.0683 -2.9309 -11.64, 4.2693 -3.4783 -11.6014, 4.2318 -3.5544 -11.65, 4.2562 -3.4987 -11.5887, 4.2354 -3.5309 -11.5687, 4.2793 -3.4628 -11.611, 4.2796 -3.4623 -11.6113, 4.3072 -3.4237 -11.65, 4.3067 -3.4259 -11.6226, 4.3389 -3.3829 -11.6359, 4.3423 -3.3789 -11.6362, 4.3545 -3.3646 -11.6374, 4.381 -3.3333 -11.64, 4.4368 -3.2864 -11.65, 4.4329 -3.283 -11.64, 4.5116 -3.2065 -11.64, 4.1585 -3.68 -10.2, 4.1585 -3.68 -11.24, 4.1022 -3.8659 -11.65, 4.1592 -3.6784 -11.2537, 4.163 -3.6699 -11.3291, 4.1637 -3.6683 -11.3435, 4.1743 -3.6455 -11.4096, 4.1776 -3.6384 -11.4301, 4.1921 -3.6097 -11.4771, 4.1563 -3.6851 -11.65, 4.2014 -3.5911 -11.5075, 4.2183 -3.5612 -11.5379, 4.2245 -3.5502 -11.5491, 4.0943 -3.8635 -10.2, 4.0697 -3.9743 -11.65, 4.05 -4.2 -10.2, 4.0566 -4.2004 -11.65, 4.0522 -4.2756 -11.65, 4.0943 -4.5365 -10.2, 4.0981 -4.5358 -11.65, 4.1046 -4.5728 -11.65, 4.2242 -4.85 -10.2, 4.2242 -4.85 -11.65, 4.4044 -5.0921 -11.65, 4.4308 -5.1192 -10.2, 4.703 -5.3199 -11.65, 4.6201 -5.2757 -10.2, 4.6356 -5.2861 -11.65, 4.4332 -5.1163 -11.65, 4.9938 -5.4502 -10.1026, 5.0154 -5.4477 -11.65, 5.0012 -5.4523 -10.1016, 5.0136 -5.4556 -10.1019, 4.992 -5.4497 -10.1028, 4.9669 -5.4423 -10.1107, 4.9415 -5.4342 -10.1221, 4.8492 -5.3955 -10.1524, 4.757 -5.3569 -10.1828, 4.9054 -5.4216 -11.65, 4.7012 -5.3238 -10.1898, 4.6755 -5.3086 -10.193, 5.1991 -5.4912 -11.65, 5.1774 -5.4881 -10.1605, 5.1603 -5.4855 -10.1513, 5.1448 -5.4832 -10.1429, 5.1418 -5.4827 -10.1413, 5.1292 -5.4808 -10.1345, 5.1165 -5.4788 -10.1276, 5.0947 -5.4743 -10.1203, 5.0847 -5.4722 -10.1169, 5.0604 -5.4671 -10.1087, 5.0499 -5.4649 -10.1051, 5.0409 -5.4627 -10.1035, 5.0343 -5.4611 -10.1024, 5.027 -5.4592 -10.1022, 5.35 -5.4912 -11.65, 5.5009 -5.4912 -11.65, 5.6846 -5.4477 -11.65, 5.7946 -5.4216 -11.65, 5.997 -5.3199 -11.65, 6.0644 -5.2861 -11.65, 6.2668 -5.1163 -11.65, 6.2956 -5.0921 -11.65, 6.4758 -4.85 -11.65, 6.5954 -4.5728 -11.65, 6.6019 -4.5358 -11.65, 6.6478 -4.2756 -11.65, 6.65 -4.2 -11.65, 6.6303 -3.9743 -11.65, 6.5978 -3.8659 -11.65, 6.5437 -3.6851 -11.65, 6.4682 -3.5544 -11.65, 6.3928 -3.4237 -11.65, 6.2632 -3.2864 -11.65, 6.1856 -3.2041 -11.65, 5.3387 -2.9 -11.4905, 5.35 -2.9 -11.4732, 5.6498 -2.935 -11.65, 5.3931 -2.9007 -11.38, 5.6852 -2.9479 -11.65, 5.3967 -2.9009 -11.3608, 5.414 -2.9016 -11.2706, 5.9334 -3.0383 -11.65, 5.9964 -3.0797 -11.65, 5.3904 -2.8972 -11.24, 5.3652 -2.8927 -11.24, 5.3532 -2.8872 -11.24, 5.3193 -2.8717 -11.24, 5.3168 -2.8697 -11.24, 5.2801 -2.8397 -11.24, 5.2591 -2.8111 -11.24, 5.2502 -2.799 -11.24, 5.2407 -2.7753 -11.24, 5.225 -2.7019 -11.24, 5.2296 -2.7383 -11.24, 5.2314 -2.752 -11.24, 5.225 2.7019 -11.24, 5.415 2.9016 -11.24, 5.3904 2.8972 -11.24, 5.3652 2.8927 -11.24, 5.3532 2.8872 -11.24, 5.3193 2.8717 -11.24, 5.3168 2.8697 -11.24, 5.2801 2.8397 -11.24, 5.2591 2.8111 -11.24, 5.2502 2.799 -11.24, 5.2407 2.7753 -11.24, 5.2314 2.752 -11.24, 5.2296 2.7383 -11.24, 4.1585 3.68 -11.24, 4.2077 3.5802 -11.5169, 4.1924 3.6084 -11.4836, 4.1046 3.8272 -11.65, 4.0981 3.8642 -11.65, 4.185 3.6236 -11.4539, 4.1719 3.6504 -11.4017, 4.1696 3.6555 -11.3833, 4.1615 3.6733 -11.3186, 4.161 3.6743 -11.3069, 4.3421 3.3808 -11.6329, 4.309 3.4213 -11.6269, 4.2242 3.55 -11.65, 4.2858 3.4547 -11.6118, 4.2693 3.4785 -11.6011, 4.2623 3.4886 -11.5965, 4.2567 3.4967 -11.5928, 4.2418 3.5211 -11.5742, 4.2242 3.55 -11.552, 4.2232 3.5517 -11.5507, 4.703 3.0801 -11.65, 4.6952 3.077 -11.64, 4.6356 3.1139 -11.65, 4.5124 3.2058 -11.64, 4.4332 3.2837 -11.65, 4.4329 3.283 -11.64, 4.4044 3.3079 -11.65, 4.381 3.3333 -11.64, 4.3547 3.3655 -11.6352, 5.2898 2.9014 -11.548, 5.35 2.9088 -11.65, 5.3025 2.9011 -11.5322, 5.35 2.9 -11.4732, 5.2563 2.9038 -11.5729, 5.2212 2.9064 -11.599, 5.1991 2.9088 -11.65, 5.1947 2.9098 -11.6102, 5.151 2.9153 -11.6286, 5.1269 2.9197 -11.6324, 5.0793 2.9285 -11.6398, 5.0154 2.9523 -11.65, 5.0683 2.9309 -11.64, 5.0143 2.9468 -11.64, 4.9054 2.9784 -11.65, 4.8974 2.9813 -11.64, 4.7002 3.0746 -11.64, 5.4008 2.901 -11.3532, 5.6846 2.9523 -11.65, 5.3978 2.9009 -11.3608, 5.3617 2.9001 -11.4531, 5.5009 2.9088 -11.65, 6.6019 3.8642 -11.65, 6.6478 4.1244 -11.65, 6.5954 3.8272 -11.65, 6.4758 3.55 -11.65, 6.2956 3.3079 -11.65, 6.2668 3.2837 -11.65, 6.0644 3.1139 -11.65, 5.997 3.0801 -11.65, 5.7946 2.9784 -11.65, 4.0522 4.1244 -11.65, 4.0697 4.4257 -11.65, 4.0566 4.1996 -11.65, 4.1563 4.7149 -11.65, 4.1022 4.5341 -11.65, 4.3072 4.9763 -11.65, 4.2318 4.8456 -11.65, 4.5144 5.1959 -11.65, 4.4368 5.1136 -11.65, 4.7666 5.3617 -11.65, 4.7036 5.3203 -11.65, 5.0502 5.465 -11.65, 5.0149 5.4521 -11.65, 5.6498 5.465 -11.65, 5.35 5.5 -11.65, 5.9334 5.3617 -11.65, 5.6852 5.4521 -11.65, 6.1856 5.1959 -11.65, 5.9964 5.3203 -11.65, 6.3928 4.9763 -11.65, 6.2632 5.1136 -11.65, 6.5437 4.7149 -11.65, 6.4682 4.8456 -11.65, 6.65 4.2 -11.65, 6.6303 4.4257 -11.65, 6.5978 4.5341 -11.65, 4.1686 3.6458 -11.24, 4.1726 3.6326 -11.24, 4.1734 3.6113 -11.24, 4.1745 3.5832 -11.24, 4.1733 3.5773 -11.24, 4.1643 3.5348 -11.24, 4.1495 3.5047 -11.24, 4.1426 3.4905 -11.24, 4.1323 3.4784 -11.24, 4.1106 3.4528 -11.24, 4.1079 3.4509 -11.24, 4.0784 3.4298 -11.24, 4.0703 3.4241 -11.24, 4.0454 3.4143 -11.24, 3.9752 3.4 -11.24, 4.012 3.4046 -11.24, 4.0243 3.4061 -11.24, -3.9752 3.4 -11.24, -4.1686 3.6458 -11.24, -4.1653 3.5393 -11.24, -4.1745 3.5832 -11.24, -4.1734 3.6113 -11.24, -4.1726 3.6326 -11.24, -4.1643 3.5348 -11.24, -4.1495 3.5047 -11.24, -4.1426 3.4905 -11.24, -4.1323 3.4784 -11.24, -4.1106 3.4528 -11.24, -4.0784 3.4298 -11.24, -4.0703 3.4241 -11.24, -4.0454 3.4143 -11.24, -4.0243 3.4061 -11.24, -4.012 3.4046 -11.24, -4.9 -5.4757 -10.0, -4.9 -5.4757 -7.55, -4.9369 -5.4806 -10.0, -4.9518 -5.4825 -7.55, -4.9518 -5.4825 -10.0, -4.9703 -5.4902 -10.0, -4.9606 -5.4862 -7.55, -4.9698 -5.49 -7.55, -5.0 -5.5025 -10.0, -5.0 -5.5025 -7.55, -5.0052 -5.5065 -10.0, -5.0209 -5.5185 -7.55, -5.025 -5.5217 -7.55, -5.0414 -5.5343 -10.0, -5.0414 -5.5343 -7.55, -5.0554 -5.5525 -10.0, -5.0616 -5.5607 -7.55, -5.0732 -5.5757 -10.0, -5.0732 -5.5757 -7.55, -5.0761 -5.5826 -10.0, -5.0951 -5.6384 -7.55, -5.0967 -5.6507 -10.0, -5.0932 -5.624 -7.55, -5.0932 -5.624 -10.0, -5.0834 -5.6003 -7.55, -5.0751 -5.5804 -7.55, -5.0709 -5.614 -7.4664, -5.0602 -5.6441 -7.4345, -5.0652 -5.6534 -7.4396, -5.0537 -5.637 -7.428, -4.9 -5.4862 -7.4894, -4.9 -5.49 -7.4802, -4.9274 -5.5011 -7.4564, -4.9 -5.5185 -7.4291, -4.9 -5.5217 -7.425, -4.9321 -5.5397 -7.4069, -4.9 -5.5343 -7.4086, -4.9 -5.5607 -7.3884, -4.9091 -5.5647 -7.3839, -4.9246 -5.6433 -7.3542, -5.0431 -5.5397 -7.5179, -4.9304 -5.4804 -7.5196, -4.9605 -5.495 -7.4895, -4.9936 -5.5011 -7.5226, -5.0163 -5.5241 -7.4912, -5.0661 -5.5647 -7.5409, -5.087 -5.6131 -7.5165, -5.0958 -5.6433 -7.5254, -4.9 -5.5804 -7.3749, -4.9 -5.6003 -7.3666, -4.9335 -5.6131 -7.363, -4.9 -5.624 -7.3568, -4.9 -5.6384 -7.3549, -5.0684 -5.6641 -7.4427, -5.0869 -5.6531 -7.4824, -5.0807 -5.6321 -7.4762, -5.0581 -5.6002 -7.4536, -5.0545 -5.5672 -7.4841, -5.046 -5.6325 -7.4204, -4.9676 -5.6531 -7.3631, -5.0104 -5.6534 -7.3848, -4.9738 -5.6321 -7.3693, -5.0154 -5.6441 -7.3898, -4.9836 -5.614 -7.3791, -5.0073 -5.6641 -7.3816, -5.0729 -5.5871 -7.5025, -5.0432 -5.5914 -7.4387, -5.0331 -5.5547 -7.4627, -4.9 -5.5757 -7.3768, -4.9475 -5.5871 -7.3771, -4.9 -5.5025 -7.45, -4.9588 -5.5241 -7.4337, -4.9873 -5.5547 -7.4169, -4.9659 -5.5672 -7.3955, -5.0113 -5.5914 -7.4068, -4.9964 -5.6002 -7.3919, -5.0296 -5.6325 -7.404, -5.022 -5.637 -7.3963, -4.9876 -5.5187 -7.4624, -5.0102 -5.5504 -7.4398, -5.0273 -5.5885 -7.4227, -5.0378 -5.631 -7.4122, -4.9 -5.4825 -7.4982, -1.0 -5.2757 -7.55, -1.0 -4.63 -7.55, -0.9972 -5.2757 -7.5165, -0.9932 -4.63 -7.4982, -0.9918 -5.2757 -7.4986, -0.9895 -4.63 -7.4894, -0.983 -5.2757 -7.4693, -0.9857 -4.63 -7.4802, -0.9719 -5.2757 -7.4508, -0.9732 -4.63 -7.45, -0.9578 -5.2757 -7.4271, -0.9572 -4.63 -7.4291, -0.954 -4.63 -7.425, -0.9403 -5.2757 -7.4097, -0.9414 -4.63 -7.4086, -0.9229 -5.2757 -7.3922, -0.9151 -4.63 -7.3884, -0.8992 -5.2757 -7.3781, -0.9 -4.63 -7.3768, -0.8953 -4.63 -7.3749, -0.8807 -5.2757 -7.367, -0.8755 -4.63 -7.3666, -0.8514 -5.2757 -7.3582, -0.8518 -4.63 -7.3568, -0.8335 -5.2757 -7.3528, -0.8373 -4.63 -7.3549, -0.8 -4.5785 -7.3579, 0.8 -4.5782 -7.3568, 0.8 -4.5927 -7.3549, -0.8 -4.6084 -7.3512, -0.8 -4.4886 -7.4086, 0.8 -4.4886 -7.4086, -0.8 -4.5238 -7.3805, 0.8 -4.5149 -7.3884, -0.8 -4.5303 -7.3774, 0.8 -4.53 -7.3768, -0.8 -4.5645 -7.361, 0.8 -4.5347 -7.3749, 0.8 -4.5545 -7.3666, -0.8 -4.43 -7.55, 0.8 -4.43 -7.55, -0.8 -4.4312 -7.5284, 0.8 -4.4368 -7.4982, -0.8 -4.4379 -7.4985, 0.8 -4.4405 -7.4894, -0.8 -4.441 -7.4845, 0.8 -4.4443 -7.4802, -0.8 -4.4574 -7.4503, 0.8 -4.4568 -7.45, -0.8 -4.4605 -7.4438, 0.8 -4.4728 -7.4291, 0.8 -4.476 -7.425, 0.8335 -5.2757 -7.3528, 0.8216 -4.63 -7.3512, 0.8514 -5.2757 -7.3582, 0.8515 -4.63 -7.3579, 0.8655 -4.63 -7.361, 0.8807 -5.2757 -7.367, 0.8997 -4.63 -7.3774, 0.8992 -5.2757 -7.3781, 0.9062 -4.63 -7.3805, 0.9229 -5.2757 -7.3922, 0.9414 -4.63 -7.4086, 1.0 -4.63 -7.55, 1.0 -5.2757 -7.55, 0.9988 -4.63 -7.5284, 0.9972 -5.2757 -7.5165, 0.9921 -4.63 -7.4985, 0.9918 -5.2757 -7.4986, 0.989 -4.63 -7.4845, 0.983 -5.2757 -7.4693, 0.9726 -4.63 -7.4503, 0.9719 -5.2757 -7.4508, 0.9695 -4.63 -7.4438, 0.9578 -5.2757 -7.4271, 0.9403 -5.2757 -7.4097, 1.0082 -5.3271 -7.55, 1.017 -5.3564 -7.55, 1.0144 -5.3575 -7.5165, 1.0281 -5.375 -7.55, 1.0422 -5.3987 -7.55, 1.04 -5.4004 -7.5165, 1.1008 -5.4477 -7.55, 1.1193 -5.4587 -7.55, 1.1182 -5.4613 -7.5165, 1.1486 -5.4675 -7.55, 1.1665 -5.4729 -7.55, 1.166 -5.4757 -7.5165, 1.1386 -5.6371 -7.3528, 1.0522 -5.6111 -7.3528, 0.9747 -5.5648 -7.3528, 0.9109 -5.501 -7.3528, 1.0028 -5.3092 -7.55, 1.0 -5.3097 -7.5165, 0.9861 -5.3121 -7.4693, 0.9612 -5.3163 -7.4271, 0.9269 -5.3221 -7.3922, 0.8852 -5.3292 -7.367, 0.8387 -5.3371 -7.3528, 1.2 -5.6422 -7.3528, 1.2 -5.6244 -7.3582, 1.1465 -5.5906 -7.367, 1.1536 -5.5489 -7.3922, 1.2 -5.5765 -7.3781, 1.2 -5.5951 -7.367, 1.2 -5.5038 -7.4508, 1.2 -5.518 -7.4271, 1.1594 -5.5146 -7.4271, 1.2 -5.5354 -7.4097, 1.2 -5.5528 -7.3922, 1.2 -5.4927 -7.4693, 1.1637 -5.4897 -7.4693, 1.2 -5.4839 -7.4986, 1.2 -5.4786 -7.5165, 1.2 -5.4757 -7.55, 1.0771 -5.4335 -7.55, 0.8646 -5.4236 -7.3528, 0.9078 -5.4045 -7.367, 0.9465 -5.3875 -7.3922, 0.9783 -5.3734 -7.4271, 1.0014 -5.3633 -7.4693, 0.9481 -5.472 -7.367, 0.9815 -5.446 -7.3922, 1.0089 -5.4246 -7.4271, 1.0288 -5.4091 -7.4693, 1.0037 -5.5276 -7.367, 1.0297 -5.4943 -7.3922, 1.0511 -5.4668 -7.4271, 1.0666 -5.4469 -7.4693, 1.0753 -5.4357 -7.5165, 1.0597 -5.4161 -7.55, 1.0712 -5.5679 -7.367, 1.0883 -5.5293 -7.3922, 1.1023 -5.4974 -7.4271, 1.1125 -5.4743 -7.4693, 4.9 -5.6413 -7.3545, 4.9 -5.624 -7.3568, 4.9 -5.6063 -7.3641, 4.9 -5.5343 -7.4086, 4.9 -5.5698 -7.3814, 4.9 -5.5757 -7.3768, 4.9 -5.5804 -7.3749, 4.9 -5.5025 -7.45, 4.9 -5.5185 -7.4291, 4.9 -5.5328 -7.4106, 4.9 -5.4757 -7.55, 4.9 -5.4801 -7.5165, 4.9 -5.4825 -7.4982, 4.9 -5.4862 -7.4894, 4.9 -5.5001 -7.4559, -1.2 -5.4927 -7.4693, -1.2 -5.4839 -7.4986, -1.2 -5.4786 -7.5165, -1.2 -5.4757 -7.55, -1.2 -5.5354 -7.4097, -1.2 -5.518 -7.4271, -1.2 -5.5038 -7.4508, -1.2 -5.5951 -7.367, -1.2 -5.5765 -7.3781, -1.2 -5.5528 -7.3922, -1.2 -5.6422 -7.3528, -1.2 -5.6244 -7.3582, -0.8387 -5.3371 -7.3528, -0.8646 -5.4236 -7.3528, -0.9109 -5.501 -7.3528, -0.9747 -5.5648 -7.3528, -1.1486 -5.4675 -7.55, -1.1193 -5.4587 -7.55, -1.1182 -5.4613 -7.5165, -1.1008 -5.4477 -7.55, -1.0771 -5.4335 -7.55, -1.0753 -5.4357 -7.5165, -1.0281 -5.375 -7.55, -1.017 -5.3564 -7.55, -1.0144 -5.3575 -7.5165, -1.0082 -5.3271 -7.55, -1.0028 -5.3092 -7.55, -1.0 -5.3097 -7.5165, -1.0422 -5.3987 -7.55, -1.1665 -5.4729 -7.55, -1.166 -5.4757 -7.5165, -1.1637 -5.4897 -7.4693, -1.1594 -5.5146 -7.4271, -1.1536 -5.5489 -7.3922, -1.1465 -5.5906 -7.367, -1.1386 -5.6371 -7.3528, -0.8852 -5.3292 -7.367, -0.9269 -5.3221 -7.3922, -0.9612 -5.3163 -7.4271, -0.9861 -5.3121 -7.4693, -1.0522 -5.6111 -7.3528, -1.0712 -5.5679 -7.367, -1.0883 -5.5293 -7.3922, -1.1023 -5.4974 -7.4271, -1.1125 -5.4743 -7.4693, -1.0037 -5.5276 -7.367, -1.0297 -5.4943 -7.3922, -1.0511 -5.4668 -7.4271, -1.0666 -5.4469 -7.4693, -0.9481 -5.472 -7.367, -0.9815 -5.446 -7.3922, -1.0089 -5.4246 -7.4271, -1.0288 -5.4091 -7.4693, -1.04 -5.4004 -7.5165, -1.0597 -5.4161 -7.55, -0.9078 -5.4045 -7.367, -0.9465 -5.3875 -7.3922, -0.9783 -5.3734 -7.4271, -1.0014 -5.3633 -7.4693, 4.9811 -5.6179 -7.3766, 5.0141 -5.646 -7.3885, 5.0098 -5.6549 -7.3841, 5.0199 -5.6389 -7.3942, 4.9606 -5.4862 -7.55, 4.9941 -5.5001 -7.55, 5.0058 -5.5067 -7.5348, 5.0209 -5.5185 -7.55, 5.0394 -5.5328 -7.55, 5.0507 -5.5465 -7.5255, 5.0414 -5.5343 -7.55, 5.0686 -5.5698 -7.55, 5.0707 -5.5716 -7.5455, 5.0963 -5.6457 -7.5258, 4.9245 -5.5465 -7.3993, 4.9137 -5.4818 -7.503, 4.9451 -5.4963 -7.4741, 4.9152 -5.5067 -7.4442, 4.9482 -5.5289 -7.423, 4.9045 -5.5716 -7.3793, 4.9317 -5.6175 -7.3613, 4.9242 -5.6457 -7.3537, 5.0751 -5.5804 -7.55, 5.0859 -5.6063 -7.55, 5.0887 -5.6175 -7.5183, 5.0932 -5.624 -7.55, 5.0955 -5.6413 -7.55, 5.0071 -5.665 -7.3814, 4.9673 -5.6549 -7.3628, 4.9726 -5.6352 -7.3681, 4.9922 -5.6039 -7.3877, 4.9599 -5.5726 -7.3894, 5.0266 -5.6339 -7.4009, 5.0872 -5.6549 -7.4827, 5.0659 -5.6549 -7.4402, 5.0819 -5.6352 -7.4774, 5.0615 -5.646 -7.4359, 5.0734 -5.6179 -7.4689, 5.0686 -5.665 -7.4429, 4.9439 -5.5926 -7.3735, 5.0054 -5.5941 -7.4009, 4.9788 -5.5586 -7.4084, 5.0732 -5.5757 -7.55, 5.0765 -5.5926 -7.5061, 5.0 -5.5025 -7.55, 5.027 -5.5289 -7.5018, 5.0416 -5.5586 -7.4712, 5.0606 -5.5726 -7.4901, 5.0491 -5.5941 -7.4446, 5.0623 -5.6039 -7.4578, 5.0491 -5.6339 -7.4234, 5.0558 -5.6389 -7.4301, 4.9742 -5.5198 -7.449, 4.9995 -5.5513 -7.4291, 5.0198 -5.5891 -7.4153, 5.034 -5.6313 -7.4084, 4.9335 -5.4801 -7.55, 4.9518 -5.4825 -7.55, 4.947 -5.4818 -7.5363, 4.9759 -5.4963 -7.5049, 5.001 -5.5198 -7.4758, 5.0209 -5.5513 -7.4505, 5.0347 -5.5891 -7.4302, 5.0416 -5.6313 -7.416, 5.0954 -5.6405 -10.0, 5.0932 -5.624 -10.0, 5.0861 -5.607 -10.0, 5.0732 -5.5757 -10.0, 5.047 -5.5416 -10.0, 5.0414 -5.5343 -10.0, 5.0194 -5.5174 -10.0, 5.0 -5.5025 -10.0, 4.9888 -5.4979 -10.0, 4.9518 -5.4825 -10.0, 4.9205 -5.4784 -10.0, 4.9 -5.4757 -10.0, -7.5 0.0 -11.44, -7.4665 0.0004 -11.4372, -7.5077 -0.1469 -11.44, -7.4977 -0.2977 -11.4372, -7.5339 -0.2901 -11.44, -7.5903 -0.5827 -11.4372, -7.6153 -0.5565 -11.44, -7.546 -0.3558 -11.44, -7.74 -0.8423 -11.4372, -7.7143 -0.7444 -11.44, -7.6217 -0.5686 -11.44, -7.9911 -1.0649 -11.44, -7.9646 -1.0385 -11.44, -7.9405 -1.065 -11.4372, -7.8405 -0.9151 -11.44, -7.7703 -0.8202 -11.44, -8.1626 -1.1901 -11.44, -8.1829 -1.2413 -11.4372, -8.2009 -1.2099 -11.44, -8.3511 -1.2879 -11.44, -8.4567 -1.3632 -11.4372, -8.4683 -1.3277 -11.44, -8.5522 -1.3561 -11.44, -8.7498 -1.4256 -11.4372, -8.7613 -1.3931 -11.44, -8.9736 -1.3981 -11.44, -9.0495 -1.4257 -11.4372, -9.0455 -1.3888 -11.44, -9.1842 -1.3709 -11.44, -9.3426 -1.3635 -11.4372, -9.3314 -1.3285 -11.44, -9.6164 -1.2416 -11.4372, -9.5989 -1.2114 -11.44, -9.5811 -1.2232 -11.44, -9.3883 -1.3121 -11.44, -9.7582 -1.1061 -11.44, -9.8589 -1.0656 -11.4372, -9.8338 -1.0377 -11.44, -9.9157 -0.9636 -11.44, -10.0595 -0.8429 -11.4372, -10.0309 -0.822 -11.44, -10.2094 -0.5834 -11.4372, -10.1573 -0.6158 -11.44, -10.0497 -0.7989 -11.44, -10.3021 -0.2984 -11.4372, -10.236 -0.4185 -11.44, -10.1761 -0.5687 -11.44, -10.3335 -0.0004 -11.4372, -10.2839 -0.2116 -11.44, -10.2656 -0.2906 -11.44, -10.2695 0.2907 -11.44, -10.3 -0.0 -11.44, -10.3 -0.0004 -11.44, -7.5 0.0004 -11.44, -7.5307 0.2914 -11.44, -7.4979 0.2984 -11.4372, -7.6212 0.5698 -11.44, -7.5906 0.5834 -11.4372, -7.7676 0.8232 -11.44, -7.7405 0.8429 -11.4372, -7.9635 1.0407 -11.44, -7.9411 1.0656 -11.4372, -8.2003 1.2126 -11.44, -8.1836 1.2416 -11.4372, -8.4677 1.3316 -11.44, -8.4574 1.3635 -11.4372, -8.754 1.3924 -11.44, -8.7505 1.4257 -11.4372, -9.0467 1.3923 -11.44, -9.0502 1.4256 -11.4372, -9.333 1.3314 -11.44, -9.3433 1.3632 -11.4372, -9.6003 1.2122 -11.44, -9.6171 1.2413 -11.4372, -9.8371 1.0401 -11.44, -9.8595 1.065 -11.4372, -10.0328 0.8226 -11.44, -10.06 0.8423 -11.4372, -10.1791 0.5691 -11.44, -10.2097 0.5827 -11.4372, -10.3023 0.2977 -11.4372, -10.4622 -0.3325 -11.2735, -10.4972 -0.0004 -11.2735, -10.4624 0.3316 -11.2735, -10.3589 -0.65 -11.2735, -10.1919 -0.9391 -11.2735, -9.9684 -1.1872 -11.2735, -9.6982 -1.3834 -11.2735, -9.3931 -1.5191 -11.2735, -8.7326 -1.5884 -11.2735, -9.0665 -1.5885 -11.2735, -8.406 -1.5189 -11.2735, -7.831 -1.1866 -11.2735, -8.101 -1.383 -11.2735, -7.6076 -0.9384 -11.2735, -7.4407 -0.6492 -11.2735, -7.3376 -0.3316 -11.2735, -7.3028 0.0004 -11.2735, -7.3378 0.3325 -11.2735, -7.6081 0.9391 -11.2735, -7.4411 0.65 -11.2735, -7.8316 1.1872 -11.2735, -8.4069 1.5191 -11.2735, -8.1018 1.3834 -11.2735, -8.7335 1.5885 -11.2735, -9.0674 1.5884 -11.2735, -9.394 1.5189 -11.2735, -9.699 1.383 -11.2735, -9.969 1.1866 -11.2735, -10.3593 0.6492 -11.2735, -10.1924 0.9384 -11.2735, -10.483 -0.0004 -11.3207, -10.4483 -0.3295 -11.3207, -10.346 -0.6443 -11.3207, -10.1804 -0.9308 -11.3207, -9.9589 -1.1767 -11.3207, -9.6911 -1.3711 -11.3207, -9.3888 -1.5057 -11.3207, -9.065 -1.5744 -11.3207, -8.7341 -1.5743 -11.3207, -8.4104 -1.5054 -11.3207, -8.1081 -1.3707 -11.3207, -7.8404 -1.1761 -11.3207, -7.6191 -0.9301 -11.3207, -7.4537 -0.6435 -11.3207, -7.3515 -0.3287 -11.3207, -7.317 0.0004 -11.3207, -7.3517 0.3295 -11.3207, -7.454 0.6443 -11.3207, -7.6196 0.9308 -11.3207, -7.8411 1.1767 -11.3207, -8.1089 1.3711 -11.3207, -8.4112 1.5057 -11.3207, -8.735 1.5744 -11.3207, -9.0659 1.5743 -11.3207, -9.3896 1.5054 -11.3207, -9.6919 1.3707 -11.3207, -9.9596 1.1761 -11.3207, -10.1809 0.9301 -11.3207, -10.3463 0.6435 -11.3207, -10.4485 0.3287 -11.3207, -10.4578 -0.0004 -11.3629, -10.4236 -0.3243 -11.3629, -10.3229 -0.634 -11.3629, -10.16 -0.916 -11.3629, -9.942 -1.1579 -11.3629, -9.6785 -1.3493 -11.3629, -9.381 -1.4816 -11.3629, -9.0624 -1.5493 -11.3629, -8.7367 -1.5492 -11.3629, -8.4182 -1.4814 -11.3629, -8.1208 -1.3488 -11.3629, -7.8573 -1.1574 -11.3629, -7.6395 -0.9153 -11.3629, -7.4767 -0.6332 -11.3629, -7.3762 -0.3235 -11.3629, -7.3422 0.0004 -11.3629, -7.3764 0.3243 -11.3629, -7.4771 0.634 -11.3629, -7.64 0.916 -11.3629, -7.858 1.1579 -11.3629, -8.1215 1.3493 -11.3629, -8.419 1.4816 -11.3629, -8.7376 1.5493 -11.3629, -9.0633 1.5492 -11.3629, -9.3818 1.4814 -11.3629, -9.6792 1.3488 -11.3629, -9.9427 1.1574 -11.3629, -10.1605 0.9153 -11.3629, -10.3233 0.6332 -11.3629, -10.4238 0.3235 -11.3629, -10.4229 -0.0004 -11.3978, -10.3896 -0.317 -11.3978, -10.2911 -0.6198 -11.3978, -10.1318 -0.8955 -11.3978, -9.9187 -1.132 -11.3978, -9.6611 -1.3191 -11.3978, -9.3702 -1.4485 -11.3978, -9.0588 -1.5146 -11.3978, -8.7404 -1.5145 -11.3978, -8.429 -1.4483 -11.3978, -8.1382 -1.3187 -11.3978, -7.8806 -1.1315 -11.3978, -7.6677 -0.8948 -11.3978, -7.5086 -0.6191 -11.3978, -7.4103 -0.3162 -11.3978, -7.3771 0.0004 -11.3978, -7.4104 0.317 -11.3978, -7.5089 0.6198 -11.3978, -7.6682 0.8955 -11.3978, -7.8813 1.132 -11.3978, -8.1389 1.3191 -11.3978, -8.4298 1.4485 -11.3978, -8.7412 1.5146 -11.3978, -9.0596 1.5145 -11.3978, -9.371 1.4483 -11.3978, -9.6618 1.3187 -11.3978, -9.9194 1.1315 -11.3978, -10.1323 0.8948 -11.3978, -10.2914 0.6191 -11.3978, -10.3897 0.3162 -11.3978, -10.3807 -0.0004 -11.423, -10.3482 -0.3082 -11.423, -10.2525 -0.6026 -11.423, -10.0976 -0.8706 -11.423, -9.8905 -1.1006 -11.423, -9.64 -1.2825 -11.423, -9.3572 -1.4083 -11.423, -9.0544 -1.4726 -11.423, -8.7448 -1.4725 -11.423, -8.4421 -1.4081 -11.423, -8.1593 -1.2821 -11.423, -7.9089 -1.1001 -11.423, -7.7019 -0.87 -11.423, -7.5472 -0.6019 -11.423, -7.4516 -0.3075 -11.423, -7.4193 0.0004 -11.423, -7.4518 0.3082 -11.423, -7.5475 0.6026 -11.423, -7.7024 0.8706 -11.423, -7.9095 1.1006 -11.423, -8.16 1.2825 -11.423, -8.4428 1.4083 -11.423, -8.7456 1.4726 -11.423, -9.0552 1.4725 -11.423, -9.3579 1.4081 -11.423, -9.6407 1.2821 -11.423, -9.8911 1.1001 -11.423, -10.0981 0.87 -11.423, -10.2528 0.6019 -11.423, -10.3484 0.3075 -11.423, 10.3 0.0 -11.44, 10.3335 0.0004 -11.4372, 10.2923 -0.1469 -11.44, 10.3023 -0.2977 -11.4372, 10.2661 -0.2901 -11.44, 10.2097 -0.5827 -11.4372, 10.1847 -0.5565 -11.44, 10.254 -0.3558 -11.44, 10.06 -0.8423 -11.4372, 10.0857 -0.7444 -11.44, 10.1783 -0.5686 -11.44, 9.8089 -1.0649 -11.44, 9.8354 -1.0385 -11.44, 9.8595 -1.065 -11.4372, 9.9595 -0.9151 -11.44, 10.0297 -0.8202 -11.44, 9.6374 -1.1901 -11.44, 9.6171 -1.2413 -11.4372, 9.5991 -1.2099 -11.44, 9.4489 -1.2879 -11.44, 9.3433 -1.3632 -11.4372, 9.3317 -1.3277 -11.44, 9.2478 -1.3561 -11.44, 9.0502 -1.4256 -11.4372, 9.0387 -1.3931 -11.44, 8.8264 -1.3981 -11.44, 8.7505 -1.4257 -11.4372, 8.7545 -1.3888 -11.44, 8.6158 -1.3709 -11.44, 8.4574 -1.3635 -11.4372, 8.4686 -1.3285 -11.44, 8.1836 -1.2416 -11.4372, 8.2011 -1.2114 -11.44, 8.2189 -1.2232 -11.44, 8.4117 -1.3121 -11.44, 8.0418 -1.1061 -11.44, 7.9411 -1.0656 -11.4372, 7.9662 -1.0377 -11.44, 7.8843 -0.9636 -11.44, 7.7405 -0.8429 -11.4372, 7.7691 -0.822 -11.44, 7.5906 -0.5834 -11.4372, 7.6427 -0.6158 -11.44, 7.7503 -0.7989 -11.44, 7.4979 -0.2984 -11.4372, 7.564 -0.4185 -11.44, 7.6239 -0.5687 -11.44, 7.4665 -0.0004 -11.4372, 7.5161 -0.2116 -11.44, 7.5344 -0.2906 -11.44, 7.5305 0.2907 -11.44, 7.5 -0.0 -11.44, 7.5 -0.0004 -11.44, 10.3 0.0004 -11.44, 10.2693 0.2914 -11.44, 10.3021 0.2984 -11.4372, 10.1788 0.5698 -11.44, 10.2094 0.5834 -11.4372, 10.0324 0.8232 -11.44, 10.0595 0.8429 -11.4372, 9.8365 1.0407 -11.44, 9.8589 1.0656 -11.4372, 9.5997 1.2126 -11.44, 9.6164 1.2416 -11.4372, 9.3323 1.3316 -11.44, 9.3426 1.3635 -11.4372, 9.046 1.3924 -11.44, 9.0495 1.4257 -11.4372, 8.7533 1.3923 -11.44, 8.7498 1.4256 -11.4372, 8.467 1.3314 -11.44, 8.4567 1.3632 -11.4372, 8.1997 1.2122 -11.44, 8.1829 1.2413 -11.4372, 7.9629 1.0401 -11.44, 7.9405 1.065 -11.4372, 7.7672 0.8226 -11.44, 7.74 0.8423 -11.4372, 7.6209 0.5691 -11.44, 7.5903 0.5827 -11.4372, 7.4977 0.2977 -11.4372, 7.3378 -0.3325 -11.2735, 7.3028 -0.0004 -11.2735, 7.3376 0.3316 -11.2735, 7.4411 -0.65 -11.2735, 7.6081 -0.9391 -11.2735, 7.8316 -1.1872 -11.2735, 8.1018 -1.3834 -11.2735, 8.4069 -1.5191 -11.2735, 9.0674 -1.5884 -11.2735, 8.7335 -1.5885 -11.2735, 9.394 -1.5189 -11.2735, 9.969 -1.1866 -11.2735, 9.699 -1.383 -11.2735, 10.1924 -0.9384 -11.2735, 10.3593 -0.6492 -11.2735, 10.4624 -0.3316 -11.2735, 10.4972 0.0004 -11.2735, 10.4622 0.3325 -11.2735, 10.1919 0.9391 -11.2735, 10.3589 0.65 -11.2735, 9.9684 1.1872 -11.2735, 9.3931 1.5191 -11.2735, 9.6982 1.3834 -11.2735, 9.0665 1.5885 -11.2735, 8.7326 1.5884 -11.2735, 8.406 1.5189 -11.2735, 8.101 1.383 -11.2735, 7.831 1.1866 -11.2735, 7.4407 0.6492 -11.2735, 7.6076 0.9384 -11.2735, 7.317 -0.0004 -11.3207, 7.3517 -0.3295 -11.3207, 7.454 -0.6443 -11.3207, 7.6196 -0.9308 -11.3207, 7.8411 -1.1767 -11.3207, 8.1089 -1.3711 -11.3207, 8.4112 -1.5057 -11.3207, 8.735 -1.5744 -11.3207, 9.0659 -1.5743 -11.3207, 9.3896 -1.5054 -11.3207, 9.6919 -1.3707 -11.3207, 9.9596 -1.1761 -11.3207, 10.1809 -0.9301 -11.3207, 10.3463 -0.6435 -11.3207, 10.4485 -0.3287 -11.3207, 10.483 0.0004 -11.3207, 10.4483 0.3295 -11.3207, 10.346 0.6443 -11.3207, 10.1804 0.9308 -11.3207, 9.9589 1.1767 -11.3207, 9.6911 1.3711 -11.3207, 9.3888 1.5057 -11.3207, 9.065 1.5744 -11.3207, 8.7341 1.5743 -11.3207, 8.4104 1.5054 -11.3207, 8.1081 1.3707 -11.3207, 7.8404 1.1761 -11.3207, 7.6191 0.9301 -11.3207, 7.4537 0.6435 -11.3207, 7.3515 0.3287 -11.3207, 7.3422 -0.0004 -11.3629, 7.3764 -0.3243 -11.3629, 7.4771 -0.634 -11.3629, 7.64 -0.916 -11.3629, 7.858 -1.1579 -11.3629, 8.1215 -1.3493 -11.3629, 8.419 -1.4816 -11.3629, 8.7376 -1.5493 -11.3629, 9.0633 -1.5492 -11.3629, 9.3818 -1.4814 -11.3629, 9.6792 -1.3488 -11.3629, 9.9427 -1.1574 -11.3629, 10.1605 -0.9153 -11.3629, 10.3233 -0.6332 -11.3629, 10.4238 -0.3235 -11.3629, 10.4578 0.0004 -11.3629, 10.4236 0.3243 -11.3629, 10.3229 0.634 -11.3629, 10.16 0.916 -11.3629, 9.942 1.1579 -11.3629, 9.6785 1.3493 -11.3629, 9.381 1.4816 -11.3629, 9.0624 1.5493 -11.3629, 8.7367 1.5492 -11.3629, 8.4182 1.4814 -11.3629, 8.1208 1.3488 -11.3629, 7.8573 1.1574 -11.3629, 7.6395 0.9153 -11.3629, 7.4767 0.6332 -11.3629, 7.3762 0.3235 -11.3629, 7.3771 -0.0004 -11.3978, 7.4104 -0.317 -11.3978, 7.5089 -0.6198 -11.3978, 7.6682 -0.8955 -11.3978, 7.8813 -1.132 -11.3978, 8.1389 -1.3191 -11.3978, 8.4298 -1.4485 -11.3978, 8.7412 -1.5146 -11.3978, 9.0596 -1.5145 -11.3978, 9.371 -1.4483 -11.3978, 9.6618 -1.3187 -11.3978, 9.9194 -1.1315 -11.3978, 10.1323 -0.8948 -11.3978, 10.2914 -0.6191 -11.3978, 10.3897 -0.3162 -11.3978, 10.4229 0.0004 -11.3978, 10.3896 0.317 -11.3978, 10.2911 0.6198 -11.3978, 10.1318 0.8955 -11.3978, 9.9187 1.132 -11.3978, 9.6611 1.3191 -11.3978, 9.3702 1.4485 -11.3978, 9.0588 1.5146 -11.3978, 8.7404 1.5145 -11.3978, 8.429 1.4483 -11.3978, 8.1382 1.3187 -11.3978, 7.8806 1.1315 -11.3978, 7.6677 0.8948 -11.3978, 7.5086 0.6191 -11.3978, 7.4103 0.3162 -11.3978, 7.4193 -0.0004 -11.423, 7.4518 -0.3082 -11.423, 7.5475 -0.6026 -11.423, 7.7024 -0.8706 -11.423, 7.9095 -1.1006 -11.423, 8.16 -1.2825 -11.423, 8.4428 -1.4083 -11.423, 8.7456 -1.4726 -11.423, 9.0552 -1.4725 -11.423, 9.3579 -1.4081 -11.423, 9.6407 -1.2821 -11.423, 9.8911 -1.1001 -11.423, 10.0981 -0.87 -11.423, 10.2528 -0.6019 -11.423, 10.3484 -0.3075 -11.423, 10.3807 0.0004 -11.423, 10.3482 0.3082 -11.423, 10.2525 0.6026 -11.423, 10.0976 0.8706 -11.423, 9.8905 1.1006 -11.423, 9.64 1.2825 -11.423, 9.3572 1.4083 -11.423, 9.0544 1.4726 -11.423, 8.7448 1.4725 -11.423, 8.4421 1.4081 -11.423, 8.1593 1.2821 -11.423, 7.9089 1.1001 -11.423, 7.7019 0.87 -11.423, 7.5472 0.6019 -11.423, 7.4516 0.3075 -11.423, -6.0628 3.1162 -11.6835, -5.9322 5.3592 -11.6835, -4.055 4.1246 -11.6835, -4.0725 4.4253 -11.6835, -4.1589 4.7138 -11.6835, -4.3095 4.9746 -11.6835, -4.5162 5.1937 -11.6835, -4.7678 5.3592 -11.6835, -5.0509 5.4622 -11.6835, -5.35 5.4972 -11.6835, -5.6491 5.4622 -11.6835, -6.1838 5.1937 -11.6835, -6.3905 4.9746 -11.6835, -6.5411 4.7138 -11.6835, -6.6275 4.4253 -11.6835, -6.645 4.1246 -11.6835, -6.5927 3.828 -11.6835, -6.4734 3.5514 -11.6835, -6.2935 3.3098 -11.6835, -5.7937 2.9811 -11.6835, -5.5006 2.9116 -11.6835, -5.1994 2.9116 -11.6835, -4.9063 2.9811 -11.6835, -4.6372 3.1162 -11.6835, -4.4065 3.3098 -11.6835, -4.2266 3.5514 -11.6835, -4.1073 3.828 -11.6835, -5.35 3.1 -11.85, -5.2223 3.1074 -11.85, -5.2184 3.0742 -11.8472, -4.9738 3.1663 -11.85, -4.9623 3.1349 -11.8472, -4.7455 3.281 -11.85, -4.7271 3.253 -11.8472, -4.5499 3.4451 -11.85, -4.5255 3.4221 -11.8472, -4.3974 3.65 -11.85, -4.3684 3.6332 -11.8472, -4.2962 3.8845 -11.85, -4.2641 3.8749 -11.8472, -4.2519 4.136 -11.85, -4.2184 4.1341 -11.8472, -4.2667 4.391 -11.85, -4.2337 4.3968 -11.8472, -4.34 4.6357 -11.85, -4.3092 4.649 -11.8472, -4.4677 4.8569 -11.85, -4.4408 4.8769 -11.8472, -4.6429 5.0426 -11.85, -4.6214 5.0683 -11.8472, -4.8563 5.183 -11.85, -4.8413 5.2129 -11.8472, -5.0963 5.2703 -11.85, -5.0886 5.3029 -11.8472, -5.35 5.3 -11.85, -5.35 5.3335 -11.8472, -5.6037 5.2703 -11.85, -5.6114 5.3029 -11.8472, -5.8437 5.183 -11.85, -5.8587 5.2129 -11.8472, -6.0571 5.0426 -11.85, -6.0786 5.0683 -11.8472, -6.2323 4.8569 -11.85, -6.2592 4.8769 -11.8472, -6.36 4.6357 -11.85, -6.3908 4.649 -11.8472, -6.4333 4.391 -11.85, -6.4663 4.3968 -11.8472, -6.4481 4.136 -11.85, -6.4816 4.1341 -11.8472, -6.4038 3.8845 -11.85, -6.4359 3.8749 -11.8472, -6.3026 3.65 -11.85, -6.3316 3.6332 -11.8472, -6.1501 3.4451 -11.85, -6.1745 3.4221 -11.8472, -5.9545 3.281 -11.85, -5.9729 3.253 -11.8472, -5.7262 3.1663 -11.85, -5.7377 3.1349 -11.8472, -5.4777 3.1074 -11.85, -5.4816 3.0742 -11.8472, -5.35 5.3807 -11.833, -5.0777 5.3488 -11.833, -4.8201 5.2551 -11.833, -4.5911 5.1044 -11.833, -4.403 4.905 -11.833, -4.2659 4.6676 -11.833, -4.1873 4.405 -11.833, -4.1713 4.1314 -11.833, -4.2189 3.8614 -11.833, -4.3275 3.6097 -11.833, -4.4912 3.3898 -11.833, -4.7012 3.2136 -11.833, -4.9462 3.0905 -11.833, -5.2129 3.0273 -11.833, -5.4871 3.0273 -11.833, -5.7538 3.0905 -11.833, -5.9988 3.2136 -11.833, -6.2088 3.3898 -11.833, -6.3725 3.6097 -11.833, -6.4811 3.8614 -11.833, -6.5287 4.1314 -11.833, -6.5127 4.405 -11.833, -6.4341 4.6676 -11.833, -6.297 4.905 -11.833, -6.1089 5.1044 -11.833, -5.8799 5.2551 -11.833, -5.6223 5.3488 -11.833, -5.35 5.4229 -11.8078, -5.068 5.39 -11.8078, -4.8011 5.2929 -11.8078, -4.5639 5.1368 -11.8078, -4.3691 4.9303 -11.8078, -4.2271 4.6844 -11.8078, -4.1456 4.4124 -11.8078, -4.1291 4.1289 -11.8078, -4.1784 3.8493 -11.8078, -4.2909 3.5885 -11.8078, -4.4605 3.3608 -11.8078, -4.678 3.1783 -11.8078, -4.9317 3.0508 -11.8078, -5.208 2.9853 -11.8078, -5.492 2.9853 -11.8078, -5.7683 3.0508 -11.8078, -6.022 3.1783 -11.8078, -6.2395 3.3608 -11.8078, -6.4091 3.5885 -11.8078, -6.5216 3.8493 -11.8078, -6.5709 4.1289 -11.8078, -6.5544 4.4124 -11.8078, -6.4729 4.6844 -11.8078, -6.3309 4.9303 -11.8078, -6.1361 5.1368 -11.8078, -5.8989 5.2929 -11.8078, -5.632 5.39 -11.8078, -5.35 5.4578 -11.7729, -5.0599 5.4239 -11.7729, -4.7855 5.324 -11.7729, -4.5415 5.1635 -11.7729, -4.3411 4.9511 -11.7729, -4.1951 4.6982 -11.7729, -4.1114 4.4184 -11.7729, -4.0944 4.1269 -11.7729, -4.1451 3.8393 -11.7729, -4.2608 3.5711 -11.7729, -4.4351 3.3369 -11.7729, -4.6589 3.1492 -11.7729, -4.9198 3.0181 -11.7729, -5.204 2.9507 -11.7729, -5.496 2.9507 -11.7729, -5.7802 3.0181 -11.7729, -6.0411 3.1492 -11.7729, -6.2649 3.3369 -11.7729, -6.4392 3.5711 -11.7729, -6.5549 3.8393 -11.7729, -6.6056 4.1269 -11.7729, -6.5886 4.4184 -11.7729, -6.5049 4.6982 -11.7729, -6.3589 4.9511 -11.7729, -6.1585 5.1635 -11.7729, -5.9145 5.324 -11.7729, -5.6401 5.4239 -11.7729, -5.35 5.483 -11.7307, -5.0541 5.4484 -11.7307, -4.7742 5.3465 -11.7307, -4.5253 5.1828 -11.7307, -4.3209 4.9662 -11.7307, -4.1719 4.7082 -11.7307, -4.0865 4.4228 -11.7307, -4.0692 4.1254 -11.7307, -4.1209 3.832 -11.7307, -4.2389 3.5585 -11.7307, -4.4168 3.3195 -11.7307, -4.645 3.1281 -11.7307, -4.9112 2.9944 -11.7307, -5.2011 2.9257 -11.7307, -5.4989 2.9257 -11.7307, -5.7888 2.9944 -11.7307, -6.055 3.1281 -11.7307, -6.2832 3.3195 -11.7307, -6.4611 3.5585 -11.7307, -6.5791 3.832 -11.7307, -6.6308 4.1254 -11.7307, -6.6135 4.4228 -11.7307, -6.5281 4.7082 -11.7307, -6.3791 4.9662 -11.7307, -6.1747 5.1828 -11.7307, -5.9258 5.3465 -11.7307, -5.6459 5.4484 -11.7307, -4.0546 3.3219 -11.3985, -4.064 3.3146 -11.4026, -4.0965 3.3298 -11.3975, -4.1833 3.62 -11.3954, -4.1733 3.6392 -11.3209, -4.1784 3.6054 -11.3126, -4.2811 3.3713 -11.4939, -4.2877 3.3795 -11.5058, -4.2624 3.4012 -11.4868, -4.2395 3.4211 -11.4658, -4.2244 3.4009 -11.4465, -4.2053 3.416 -11.4277, -4.2139 3.389 -11.437, -4.19 3.3655 -11.422, -4.2024 3.3771 -11.4288, -4.1827 3.3915 -11.4119, -4.1627 3.343 -11.4127, -4.1769 3.3542 -11.4167, -4.1564 3.3686 -11.4016, -4.0122 3.4033 -11.2465, -4.046 3.4128 -11.2463, -4.1082 3.4505 -11.2467, -4.1334 3.4774 -11.2472, -4.1508 3.504 -11.2479, -4.1659 3.5391 -11.2489, -4.174 3.5771 -11.2501, -4.175 3.6113 -11.2513, -4.1699 3.646 -11.2525, -4.222 3.5518 -11.5246, -4.1987 3.5917 -11.461, -4.2562 3.4973 -11.586, -4.238 3.5257 -11.5567, -4.3074 3.4217 -11.6054, -4.2828 3.4533 -11.5815, -4.3424 3.3784 -11.6314, -4.1749 3.275 -11.4303, -4.1456 3.2944 -11.4213, -4.1596 3.2638 -11.4307, -4.1298 3.284 -11.4227, -4.1886 3.2855 -11.4315, -4.1741 3.3148 -11.4233, -4.2024 3.2965 -11.4342, -4.1882 3.3258 -11.4266, -4.216 3.3077 -11.4385, -4.2019 3.3373 -11.4316, -4.2293 3.3192 -11.4446, -4.2145 3.3485 -11.4379, -4.2415 3.3303 -11.4519, -4.2266 3.3599 -11.4457, -4.2531 3.3414 -11.4608, -4.2376 3.3713 -11.455, -4.2638 3.3522 -11.4712, -4.2478 3.3826 -11.4657, -4.2736 3.3627 -11.4829, -4.2344 3.4631 -11.4701, -4.2468 3.433 -11.479, -4.2526 3.4444 -11.4931, -4.2695 3.4118 -11.5012, -4.2751 3.4218 -11.5164, -4.2945 3.3888 -11.5211, -4.3 3.3973 -11.5373, -4.2417 3.4877 -11.4991, -4.257 3.4556 -11.5086, -4.2597 3.4661 -11.5245, -4.2794 3.4314 -11.533, -4.282 3.4401 -11.55, -4.3041 3.4052 -11.5548, -4.3066 3.412 -11.5726, -4.232 3.2 -11.44, -4.2454 3.212 -11.4415, -4.2012 3.2377 -11.4376, -4.2158 3.2497 -11.4386, -4.2569 3.2223 -11.4428, -4.2289 3.2607 -11.4411, -4.2717 3.2355 -11.4488, -4.2421 3.272 -11.4452, -4.2845 3.2469 -11.4539, -4.2551 3.2833 -11.451, -4.2921 3.2538 -11.457, -4.2678 3.2947 -11.4584, -4.3087 3.2686 -11.4703, -4.2794 3.3053 -11.4672, -4.3236 3.282 -11.4822, -4.2905 3.3157 -11.4774, -4.3304 3.2881 -11.4914, -4.3008 3.3256 -11.4891, -4.3401 3.2967 -11.5044, -4.3101 3.3349 -11.5021, -4.3495 3.3052 -11.5171, -4.3498 3.3054 -11.5176, -4.3796 3.3321 -11.6172, -4.3417 3.3733 -11.5975, -4.3789 3.3314 -11.6065, -4.3393 3.3689 -11.5789, -4.3729 3.3261 -11.5797, -4.3353 3.3632 -11.5606, -4.3684 3.322 -11.5593, -4.3302 3.3568 -11.5434, -4.3619 3.3162 -11.5448, -4.3236 3.3493 -11.527, -4.3173 3.3424 -11.5141, -3.9756 3.3996 -11.2469, -3.9766 3.3984 -11.2655, -4.0136 3.402 -11.2643, -4.1774 3.572 -11.3051, -3.9803 3.3942 -11.2844, -3.9834 3.3907 -11.3004, -4.0215 3.394 -11.3013, -4.1943 3.5483 -11.3926, -4.1873 3.5579 -11.3653, -4.1793 3.5229 -11.3506, -4.1735 3.5298 -11.3243, -4.1586 3.4958 -11.3149, -4.1543 3.5003 -11.291, -4.137 3.474 -11.2867, -4.1346 3.4763 -11.2671, -4.1094 3.4494 -11.265, -4.079 3.4289 -11.2464, -4.1883 3.5889 -11.3797, -4.1815 3.566 -11.3356, -4.1693 3.5349 -11.2974, -4.2133 3.5231 -11.446, -4.2027 3.537 -11.4189, -4.1949 3.5052 -11.3981, -4.1863 3.5148 -11.3747, -4.1717 3.4827 -11.3598, -4.1646 3.4898 -11.3383, -4.1475 3.4643 -11.3301, -4.1414 3.4699 -11.3087, -4.1165 3.4432 -11.3034, -4.112 3.4472 -11.2831, -4.0829 3.4255 -11.2811, -4.0802 3.4278 -11.2638, -4.0473 3.4116 -11.2636, -3.998 3.375 -11.3368, -4.0131 3.36 -11.3586, -4.0478 3.3696 -11.3528, -4.0159 3.3573 -11.3626, -4.2257 3.5074 -11.4718, -4.2182 3.4799 -11.4455, -4.2057 3.4933 -11.4223, -4.1915 3.464 -11.4022, -4.1805 3.4744 -11.3806, -4.1638 3.45 -11.3688, -4.1549 3.4578 -11.3498, -4.1305 3.4315 -11.3412, -4.1228 3.4378 -11.3231, -4.0942 3.4159 -11.3191, -4.0876 3.4214 -11.3004, -4.055 3.4046 -11.2997, -4.0501 3.4091 -11.2807, -4.0164 3.3991 -11.2819, -3.9782 3.3966 -11.2734, -4.027 3.3468 -11.3747, -4.0434 3.332 -11.3889, -4.0767 3.3453 -11.3831, -4.0536 3.3228 -11.3977, -4.1482 3.3324 -11.4103, -4.1268 3.3474 -11.3967, -4.0199 3.3532 -11.3685, -4.0612 3.3581 -11.3687, -4.1078 3.3614 -11.3815, -4.093 3.3728 -11.3666, -4.1382 3.3817 -11.3851, -3.9931 3.3803 -11.3246, -4.0373 3.3791 -11.3369, -4.0802 3.3831 -11.3506, -4.124 3.3923 -11.3693, -4.1651 3.4045 -11.3938, -4.2209 3.4375 -11.445, -4.1883 3.4297 -11.4075, -4.1515 3.4149 -11.3766, -4.1117 3.4017 -11.3525, -4.0701 3.3914 -11.3348, -4.0287 3.3872 -11.3201, -3.9914 3.3821 -11.3203, -4.2036 3.5647 -11.439, -4.2143 3.5485 -11.4689, -4.2266 3.5303 -11.4972, -4.2426 3.5077 -11.5269, -4.2606 3.4829 -11.5543, -4.0878 3.296 -11.413, -4.1082 3.2801 -11.4219, -4.1187 3.3133 -11.4099, -4.1023 3.304 -11.412, -4.0618 3.3986 -11.3181, -4.1021 3.4093 -11.3361, -4.1397 3.4241 -11.3586, -4.1752 3.4405 -11.3886, -4.2044 3.4523 -11.423, -4.1459 3.2545 -11.4299, -4.18 3.2329 -11.4339, -4.1884 3.2276 -11.4349, -4.1194 3.2714 -11.4268, -4.4319 3.0137 -11.44, -4.593 2.907 -11.44, -4.609 2.9345 -11.4428, -4.6917 3.0757 -11.6065, -4.4843 3.1742 -11.5171, -4.4619 3.1476 -11.4822, -4.4346 3.1153 -11.457, -4.4042 3.0793 -11.4428, -4.2768 3.152 -11.44, -4.3845 3.0559 -11.44, -4.5006 3.1935 -11.5593, -4.5097 3.2044 -11.6065, -4.8929 2.98 -11.6065, -5.0677 2.9281 -11.6065, -5.0679 2.9287 -11.6137, -5.066 2.9203 -11.5797, -4.8879 2.9667 -11.5593, -5.0647 2.9143 -11.5593, -4.879 2.9431 -11.5171, -5.0592 2.8896 -11.5171, -5.0627 2.9055 -11.5443, -4.852 2.8709 -11.457, -5.0459 2.8296 -11.4663, -4.8668 2.9105 -11.4822, -5.0516 2.8556 -11.4822, -5.0582 2.8852 -11.5125, -5.0313 2.7642 -11.4425, -5.0323 2.7683 -11.4428, -4.8354 2.8267 -11.4428, -5.0388 2.7976 -11.4518, -5.0425 2.8144 -11.457, -5.025 2.7356 -11.44, -4.8239 2.7959 -11.44, -4.8142 2.7988 -11.44, -4.6154 2.8922 -11.44, -4.6845 3.0635 -11.5593, -4.6718 3.0417 -11.5171, -4.6542 3.0117 -11.4822, -4.6328 2.9752 -11.457, -5.3218 2.8963 -11.4529, -5.3287 2.8972 -11.4579, -5.2913 2.8988 -11.5021, -5.2627 2.8667 -11.4105, -5.2722 2.8743 -11.4173, -5.2416 2.8758 -11.4528, -5.2364 2.8413 -11.3917, -5.2443 2.8519 -11.3973, -5.219 2.8543 -11.4307, -5.2174 2.8155 -11.378, -5.2255 2.8266 -11.3839, -5.2002 2.828 -11.4125, -5.1534 2.731 -11.3962, -5.1679 2.7299 -11.3829, -5.1743 2.7645 -11.3883, -5.2401 2.9016 -11.5457, -5.1836 2.9075 -11.579, -5.1315 2.9157 -11.5995, -5.0578 2.7902 -11.4483, -5.0328 2.7323 -11.4398, -5.0447 2.728 -11.438, -5.0504 2.7562 -11.4406, -5.0654 2.8227 -11.4622, -5.0808 2.8784 -11.5079, -5.0943 2.9146 -11.5741, -5.1233 2.9081 -11.5661, -5.0879 2.8995 -11.5389, -5.0775 2.7163 -11.433, -5.0988 2.7111 -11.4246, -5.1029 2.7395 -11.4266, -5.0856 2.8158 -11.4573, -5.0946 2.8458 -11.4767, -5.112 2.8411 -11.4706, -5.1414 2.8632 -11.4864, -5.1701 2.8999 -11.5474, -5.1137 2.893 -11.5317, -5.1821 2.8571 -11.4623, -5.1621 2.8597 -11.4753, -5.1481 2.8335 -11.4531, -5.1291 2.8371 -11.4632, -5.1183 2.8069 -11.4451, -5.1021 2.8109 -11.4519, -5.0937 2.7781 -11.4391, -5.0775 2.7831 -11.4441, -5.0704 2.7489 -11.437, -5.0583 2.7231 -11.4359, -5.2208 2.8939 -11.5173, -5.1553 2.8846 -11.5149, -5.104 2.8718 -11.5015, -5.0732 2.8526 -11.4823, -5.1343 2.7043 -11.406, -5.1474 2.7025 -11.397, -5.1557 2.7014 -11.3914, -5.1838 2.8291 -11.4277, -5.1698 2.7987 -11.4124, -5.1535 2.8005 -11.4249, -5.1438 2.7674 -11.4138, -5.1271 2.7702 -11.4242, -5.1207 2.7357 -11.4181, -5.1053 2.7096 -11.422, -5.0655 2.7206 -11.4348, -5.0868 2.7438 -11.4325, -5.1095 2.7739 -11.4329, -5.1363 2.8032 -11.4358, -5.1664 2.8309 -11.4413, -5.2005 2.8786 -11.488, -5.2669 2.8911 -11.4779, -5.1875 2.7 -11.3566, -5.189 2.7272 -11.3577, -5.1822 2.7002 -11.3624, -5.1651 2.701 -11.381, -5.1894 2.7292 -11.358, -5.191 2.7364 -11.3591, -5.1967 2.7636 -11.3632, -5.1987 2.7728 -11.3646, -5.1187 2.7063 -11.4167, -5.1376 2.7329 -11.4079, -5.1596 2.7656 -11.4018, -5.1851 2.7976 -11.3982, -5.2089 2.7963 -11.372, -5.2793 2.8801 -11.4225, -5.2916 2.8853 -11.4313, -5.301 2.8893 -11.438, -5.3154 2.8954 -11.4483, -5.2209 2.7014 -11.2733, -5.2213 2.7014 -11.2701, -5.226 2.7383 -11.271, -5.2562 2.8425 -11.3574, -5.2328 2.8104 -11.3453, -5.2162 2.7744 -11.3366, -5.2289 2.7751 -11.3057, -5.2187 2.7377 -11.302, -5.3723 2.898 -11.3528, -5.3131 2.8697 -11.2853, -5.3023 2.8691 -11.3302, -5.2716 2.8432 -11.3201, -5.2467 2.8111 -11.3118, -5.2552 2.8117 -11.276, -5.2811 2.8438 -11.2802, -5.2367 2.7757 -11.2729, -5.285 2.8684 -11.3721, -5.3367 2.8875 -11.3413, -5.2067 2.737 -11.3314, -5.2036 2.7005 -11.33, -5.2038 2.7005 -11.3296, -5.2072 2.7006 -11.3204, -5.2147 2.7009 -11.3003, -5.2189 2.7011 -11.289, -5.025 0.0 -11.44, -5.2226 -2.7014 -11.2702, -5.2226 -2.7014 -11.271, -5.2219 -2.7014 -11.2734, -5.2146 -2.7009 -11.3003, -5.2111 -2.7007 -11.3132, -5.2073 -2.7006 -11.3203, -5.1826 -2.7001 -11.3628, -5.2026 -2.7005 -11.3289, -5.1875 -2.7 -11.3566, -5.184 -2.7 -11.3613, -5.1502 -2.7019 -11.396, -5.1478 -2.7023 -11.3975, -5.1601 -2.7014 -11.3858, -5.1132 -2.7074 -11.4195, -5.1054 -2.7094 -11.4223, -5.1337 -2.7044 -11.4065, -5.0584 -2.723 -11.4361, -5.059 -2.7228 -11.436, -5.0711 -2.7182 -11.4346, -5.0981 -2.7113 -11.4249, -5.025 -2.6518 -11.44, -5.025 -2.7356 -11.44, -5.2794 -2.8801 -11.4225, -5.2916 -2.8853 -11.4313, -5.285 -2.8684 -11.3721, -5.226 -2.7383 -11.271, -5.3131 -2.8697 -11.2853, -5.2811 -2.8438 -11.2802, -5.2552 -2.8117 -11.276, -5.2367 -2.7757 -11.2729, -5.3367 -2.8875 -11.3413, -5.3723 -2.898 -11.3528, -5.3218 -2.8963 -11.4529, -5.3287 -2.8972 -11.4579, -5.3023 -2.8691 -11.3302, -5.2187 -2.7377 -11.302, -5.2289 -2.7751 -11.3057, -5.2467 -2.8111 -11.3118, -5.2716 -2.8432 -11.3201, -5.2174 -2.8157 -11.3781, -5.2328 -2.8104 -11.3453, -5.2089 -2.7963 -11.372, -5.2162 -2.7744 -11.3366, -5.1991 -2.774 -11.3649, -5.2067 -2.737 -11.3314, -5.1967 -2.7636 -11.3632, -5.1987 -2.7731 -11.3647, -5.1891 -2.7276 -11.3577, -5.1894 -2.7292 -11.358, -5.1909 -2.7364 -11.359, -5.2722 -2.8743 -11.4173, -5.2255 -2.8266 -11.3839, -5.2364 -2.8413 -11.3917, -5.2562 -2.8425 -11.3574, -5.2444 -2.852 -11.3974, -5.2627 -2.8667 -11.4105, -5.301 -2.8893 -11.438, -5.3154 -2.8954 -11.4484, -6.0628 -5.2838 -11.6835, -5.9322 -3.0408 -11.6835, -5.35 -5.3 -11.85, -5.2223 -5.2926 -11.85, -5.2184 -5.3258 -11.8472, -4.9738 -5.2337 -11.85, -4.9623 -5.2651 -11.8472, -4.7455 -5.119 -11.85, -4.7271 -5.147 -11.8472, -4.5499 -4.9549 -11.85, -4.5255 -4.9779 -11.8472, -4.3974 -4.75 -11.85, -4.3684 -4.7668 -11.8472, -4.2962 -4.5155 -11.85, -4.2641 -4.5251 -11.8472, -4.2519 -4.264 -11.85, -4.2184 -4.2659 -11.8472, -4.2667 -4.009 -11.85, -4.2337 -4.0032 -11.8472, -4.34 -3.7643 -11.85, -4.3092 -3.751 -11.8472, -4.4677 -3.5431 -11.85, -4.4408 -3.5231 -11.8472, -4.6429 -3.3574 -11.85, -4.6214 -3.3317 -11.8472, -4.8563 -3.217 -11.85, -4.8413 -3.1871 -11.8472, -5.0963 -3.1297 -11.85, -5.0886 -3.0971 -11.8472, -5.35 -3.1 -11.85, -5.35 -3.0665 -11.8472, -5.6037 -3.1297 -11.85, -5.6114 -3.0971 -11.8472, -5.8437 -3.217 -11.85, -5.8587 -3.1871 -11.8472, -6.0571 -3.3574 -11.85, -6.0786 -3.3317 -11.8472, -6.2323 -3.5431 -11.85, -6.2592 -3.5231 -11.8472, -6.36 -3.7643 -11.85, -6.3908 -3.751 -11.8472, -6.4333 -4.009 -11.85, -6.4663 -4.0032 -11.8472, -6.4481 -4.264 -11.85, -6.4816 -4.2659 -11.8472, -6.4038 -4.5155 -11.85, -6.4359 -4.5251 -11.8472, -6.3026 -4.75 -11.85, -6.3316 -4.7668 -11.8472, -6.1501 -4.9549 -11.85, -6.1745 -4.9779 -11.8472, -5.9545 -5.119 -11.85, -5.9729 -5.147 -11.8472, -5.7262 -5.2337 -11.85, -5.7377 -5.2651 -11.8472, -5.4777 -5.2926 -11.85, -5.4816 -5.3258 -11.8472, -4.055 -4.2754 -11.6835, -4.0725 -3.9747 -11.6835, -4.1589 -3.6862 -11.6835, -4.3095 -3.4254 -11.6835, -4.5162 -3.2063 -11.6835, -4.7678 -3.0408 -11.6835, -5.0509 -2.9378 -11.6835, -5.35 -2.9028 -11.6835, -5.6491 -2.9378 -11.6835, -6.1838 -3.2063 -11.6835, -6.3905 -3.4254 -11.6835, -6.5411 -3.6862 -11.6835, -6.6275 -3.9747 -11.6835, -6.645 -4.2754 -11.6835, -6.5927 -4.572 -11.6835, -6.4734 -4.8486 -11.6835, -6.2935 -5.0902 -11.6835, -5.7937 -5.4189 -11.6835, -5.5006 -5.4884 -11.6835, -5.1994 -5.4884 -11.6835, -4.9063 -5.4189 -11.6835, -4.6372 -5.2838 -11.6835, -4.4065 -5.0902 -11.6835, -4.2266 -4.8486 -11.6835, -4.1073 -4.572 -11.6835, -5.35 -3.0193 -11.833, -5.0777 -3.0512 -11.833, -4.8201 -3.1449 -11.833, -4.5911 -3.2956 -11.833, -4.403 -3.495 -11.833, -4.2659 -3.7324 -11.833, -4.1873 -3.995 -11.833, -4.1713 -4.2686 -11.833, -4.2189 -4.5386 -11.833, -4.3275 -4.7903 -11.833, -4.4912 -5.0102 -11.833, -4.7012 -5.1864 -11.833, -4.9462 -5.3095 -11.833, -5.2129 -5.3727 -11.833, -5.4871 -5.3727 -11.833, -5.7538 -5.3095 -11.833, -5.9988 -5.1864 -11.833, -6.2088 -5.0102 -11.833, -6.3725 -4.7903 -11.833, -6.4811 -4.5386 -11.833, -6.5287 -4.2686 -11.833, -6.5127 -3.995 -11.833, -6.4341 -3.7324 -11.833, -6.297 -3.495 -11.833, -6.1089 -3.2956 -11.833, -5.8799 -3.1449 -11.833, -5.6223 -3.0512 -11.833, -5.35 -2.9771 -11.8078, -5.068 -3.01 -11.8078, -4.8011 -3.1071 -11.8078, -4.5639 -3.2632 -11.8078, -4.3691 -3.4697 -11.8078, -4.2271 -3.7156 -11.8078, -4.1456 -3.9876 -11.8078, -4.1291 -4.2711 -11.8078, -4.1784 -4.5507 -11.8078, -4.2909 -4.8115 -11.8078, -4.4605 -5.0392 -11.8078, -4.678 -5.2217 -11.8078, -4.9317 -5.3492 -11.8078, -5.208 -5.4147 -11.8078, -5.492 -5.4147 -11.8078, -5.7683 -5.3492 -11.8078, -6.022 -5.2217 -11.8078, -6.2395 -5.0392 -11.8078, -6.4091 -4.8115 -11.8078, -6.5216 -4.5507 -11.8078, -6.5709 -4.2711 -11.8078, -6.5544 -3.9876 -11.8078, -6.4729 -3.7156 -11.8078, -6.3309 -3.4697 -11.8078, -6.1361 -3.2632 -11.8078, -5.8989 -3.1071 -11.8078, -5.632 -3.01 -11.8078, -5.35 -2.9422 -11.7729, -5.0599 -2.9761 -11.7729, -4.7855 -3.076 -11.7729, -4.5415 -3.2365 -11.7729, -4.3411 -3.4489 -11.7729, -4.1951 -3.7018 -11.7729, -4.1114 -3.9816 -11.7729, -4.0944 -4.2731 -11.7729, -4.1451 -4.5607 -11.7729, -4.2608 -4.8289 -11.7729, -4.4351 -5.0631 -11.7729, -4.6589 -5.2508 -11.7729, -4.9198 -5.3819 -11.7729, -5.204 -5.4493 -11.7729, -5.496 -5.4493 -11.7729, -5.7802 -5.3819 -11.7729, -6.0411 -5.2508 -11.7729, -6.2649 -5.0631 -11.7729, -6.4392 -4.8289 -11.7729, -6.5549 -4.5607 -11.7729, -6.6056 -4.2731 -11.7729, -6.5886 -3.9816 -11.7729, -6.5049 -3.7018 -11.7729, -6.3589 -3.4489 -11.7729, -6.1585 -3.2365 -11.7729, -5.9145 -3.076 -11.7729, -5.6401 -2.9761 -11.7729, -5.35 -2.917 -11.7307, -5.0541 -2.9516 -11.7307, -4.7742 -3.0535 -11.7307, -4.5253 -3.2172 -11.7307, -4.3209 -3.4338 -11.7307, -4.1719 -3.6918 -11.7307, -4.0865 -3.9772 -11.7307, -4.0692 -4.2746 -11.7307, -4.1209 -4.568 -11.7307, -4.2389 -4.8415 -11.7307, -4.4168 -5.0805 -11.7307, -4.645 -5.2719 -11.7307, -4.9112 -5.4056 -11.7307, -5.2011 -5.4743 -11.7307, -5.4989 -5.4743 -11.7307, -5.7888 -5.4056 -11.7307, -6.055 -5.2719 -11.7307, -6.2832 -5.0805 -11.7307, -6.4611 -4.8415 -11.7307, -6.5791 -4.568 -11.7307, -6.6308 -4.2746 -11.7307, -6.6135 -3.9772 -11.7307, -6.5281 -3.6918 -11.7307, -6.3791 -3.4338 -11.7307, -6.1747 -3.2172 -11.7307, -5.9258 -3.0535 -11.7307, -5.6459 -2.9516 -11.7307, -5.1996 -2.8787 -11.4886, -5.2347 -2.8761 -11.4596, -5.2128 -2.8546 -11.4368, -5.2592 -2.8914 -11.4855, -5.0834 -2.7448 -11.4336, -5.0642 -2.751 -11.4384, -5.0713 -2.7852 -11.4456, -5.12 -2.7358 -11.4185, -5.1021 -2.7397 -11.4269, -5.1088 -2.7741 -11.4332, -5.0472 -2.7574 -11.441, -5.2827 -2.8991 -11.5106, -5.239 -2.9017 -11.5465, -5.1824 -2.9077 -11.5796, -5.1214 -2.9176 -11.6025, -5.0679 -2.9287 -11.6137, -5.0677 -2.9281 -11.6065, -5.066 -2.9203 -11.5797, -5.0627 -2.9055 -11.5443, -5.0647 -2.9143 -11.5593, -5.1143 -2.91 -11.5689, -5.0582 -2.8852 -11.5125, -5.0592 -2.8896 -11.5171, -5.1057 -2.8949 -11.5342, -5.0771 -2.8795 -11.5087, -5.0698 -2.8537 -11.483, -5.0516 -2.8556 -11.4822, -5.0622 -2.8239 -11.4628, -5.0459 -2.8296 -11.4663, -5.0313 -2.7642 -11.4425, -5.0323 -2.7683 -11.4428, -5.0546 -2.7914 -11.4487, -5.0388 -2.7976 -11.4518, -5.0425 -2.8144 -11.457, -5.1264 -2.7703 -11.4245, -5.1175 -2.807 -11.4455, -5.1355 -2.8033 -11.4363, -5.1283 -2.8373 -11.4636, -5.1473 -2.8337 -11.4535, -5.1406 -2.8634 -11.4869, -5.1613 -2.8599 -11.4758, -5.0903 -2.7791 -11.4403, -5.0793 -2.8178 -11.4591, -5.0987 -2.8119 -11.4531, -5.0879 -2.8478 -11.4786, -5.1084 -2.842 -11.472, -5.0968 -2.8737 -11.5037, -5.119 -2.868 -11.4962, -5.1768 -2.7295 -11.3735, -5.1833 -2.7641 -11.3787, -5.1945 -2.7972 -11.3881, -5.1945 -2.8283 -11.4181, -5.1798 -2.7979 -11.4034, -5.1693 -2.7648 -11.3933, -5.163 -2.7302 -11.3878, -5.1813 -2.8572 -11.4629, -5.1657 -2.831 -11.4418, -5.1528 -2.8006 -11.4254, -5.1432 -2.7675 -11.4142, -5.1369 -2.733 -11.4084, -5.2199 -2.894 -11.518, -5.169 -2.9 -11.5479, -5.1304 -2.8893 -11.5258, -5.1544 -2.8848 -11.5154, -4.7647 -2.8188 -11.44, -4.5953 -2.9058 -11.44, -4.6113 -2.9331 -11.4428, -4.5106 -3.2037 -11.6065, -4.8964 -2.9787 -11.6065, -4.8394 -2.8253 -11.4428, -4.8558 -2.8695 -11.457, -4.9612 -2.7512 -11.44, -4.8288 -2.7968 -11.44, -4.8827 -2.9417 -11.5171, -4.8706 -2.9091 -11.4822, -4.8915 -2.9654 -11.5593, -4.5014 -3.1928 -11.5593, -4.3729 -3.3261 -11.5797, -4.3789 -3.3314 -11.6065, -4.3796 -3.3321 -11.6172, -4.4852 -3.1735 -11.5171, -4.3619 -3.3162 -11.5448, -4.3684 -3.322 -11.5593, -4.4627 -3.1469 -11.4822, -4.3304 -3.2881 -11.4914, -4.3495 -3.3052 -11.5171, -4.4355 -3.1145 -11.457, -4.3087 -3.2686 -11.4703, -4.3236 -3.282 -11.4822, -4.2569 -3.2223 -11.4428, -4.2594 -3.2245 -11.4438, -4.4051 -3.0785 -11.4428, -4.2845 -3.2469 -11.4539, -4.2921 -3.2538 -11.457, -4.232 -3.2 -11.44, -4.3839 -3.0532 -11.44, -4.3902 -3.0471 -11.44, -4.5689 -2.9194 -11.44, -4.6938 -3.0745 -11.6065, -4.6866 -3.0623 -11.5593, -4.6739 -3.0405 -11.5171, -4.6564 -3.0104 -11.4822, -4.6351 -2.9739 -11.457, -4.2316 -3.5232 -11.5072, -4.2173 -3.544 -11.4764, -4.2125 -3.5677 -11.5019, -4.1936 -3.4254 -11.4142, -4.1784 -3.4378 -11.3936, -4.1947 -3.4611 -11.4077, -4.0703 -3.4241 -11.24, -4.0784 -3.4298 -11.24, -4.0794 -3.4286 -11.2545, -4.2435 -3.5171 -11.5662, -4.2624 -3.4878 -11.5948, -4.2877 -3.4469 -11.5868, -4.3134 -3.4142 -11.6105, -4.3413 -3.3798 -11.6306, -4.1925 -3.6029 -11.438, -4.1792 -3.6278 -11.3708, -4.1718 -3.6423 -11.3006, -4.1686 -3.6458 -11.24, -4.1426 -3.4905 -11.24, -4.1495 -3.5047 -11.24, -4.1527 -3.5019 -11.2782, -4.1643 -3.5348 -11.24, -4.1677 -3.5368 -11.283, -4.1733 -3.5773 -11.24, -4.1759 -3.5743 -11.2888, -4.1745 -3.5832 -11.24, -4.1768 -3.608 -11.2944, -4.1734 -3.6113 -11.24, -4.1726 -3.6326 -11.24, -4.1086 -3.4501 -11.2552, -4.1079 -3.4509 -11.24, -4.1106 -3.4528 -11.24, -4.1323 -3.4784 -11.24, -4.1354 -3.4756 -11.275, -4.1103 -3.4487 -11.2723, -4.0454 -3.4143 -11.24, -4.3098 -3.3027 -11.4842, -4.2875 -3.2824 -11.464, -4.2782 -3.3061 -11.4667, -4.2665 -3.2955 -11.458, -4.2359 -3.315 -11.4473, -4.2995 -3.3265 -11.4886, -4.2893 -3.3166 -11.4769, -4.2595 -3.3369 -11.464, -4.248 -3.326 -11.4549, -4.22 -3.3448 -11.441, -4.2074 -3.3336 -11.4344, -4.184 -3.3494 -11.4212, -4.2668 -3.4745 -11.5626, -4.0515 -3.3664 -11.3576, -4.0165 -3.3569 -11.3623, -4.0401 -3.3766 -11.3415, -4.0035 -3.3695 -11.3462, -4.0309 -3.385 -11.3249, -4.1974 -3.5743 -11.4182, -4.2056 -3.5331 -11.427, -4.1965 -3.5453 -11.4, -4.1979 -3.5019 -11.4053, -4.1886 -3.5122 -11.3814, -4.1835 -3.4715 -11.3871, -4.174 -3.4805 -11.3657, -4.167 -3.4474 -11.3747, -4.1572 -3.4557 -11.3552, -4.1842 -3.5956 -11.3575, -4.1891 -3.5554 -11.3731, -4.1832 -3.5636 -11.3453, -4.1812 -3.5207 -11.3575, -4.1752 -3.5277 -11.3329, -4.1664 -3.4879 -11.3445, -4.1604 -3.494 -11.3226, -4.1494 -3.4626 -11.3357, -4.1432 -3.4682 -11.3157, -4.2366 -3.2375 -11.4414, -4.1938 -3.3221 -11.4293, -4.2227 -3.3035 -11.441, -4.2538 -3.2841 -11.4506, -4.2624 -3.26 -11.4494, -4.329 -3.3208 -11.51, -4.3422 -3.3339 -11.5358, -4.3537 -3.3459 -11.5702, -4.3599 -3.3538 -11.6077, -4.1402 -3.2568 -11.4318, -4.1358 -3.2798 -11.4245, -4.1526 -3.2491 -11.4329, -4.1668 -3.2591 -11.4322, -4.1783 -3.2332 -11.4352, -4.1998 -3.2385 -11.4374, -4.1865 -3.2281 -11.4359, -4.2091 -3.2141 -11.438, -4.1555 -3.3273 -11.4143, -4.1798 -3.311 -11.4258, -4.2093 -3.2922 -11.4364, -4.2408 -3.2728 -11.4449, -4.3224 -3.3503 -11.5263, -4.3089 -3.3359 -11.5015, -4.2939 -3.3743 -11.5098, -4.2798 -3.3579 -11.4866, -4.2675 -3.3968 -11.4909, -4.253 -3.3786 -11.4694, -4.246 -3.4155 -11.4721, -4.3405 -3.3746 -11.5968, -4.3126 -3.4053 -11.5774, -4.2869 -3.4344 -11.5549, -4.1263 -3.3078 -11.4135, -4.1516 -3.2904 -11.4234, -4.182 -3.2705 -11.4321, -4.2145 -3.2505 -11.4384, -4.1216 -3.2706 -11.4253, -4.1094 -3.2798 -11.4211, -4.0956 -3.2901 -11.4163, -4.1032 -3.3247 -11.4016, -4.2589 -3.438 -11.5002, -4.2801 -3.4169 -11.521, -4.2745 -3.4072 -11.5055, -4.306 -3.3915 -11.5418, -4.3006 -3.3833 -11.5254, -4.3342 -3.3644 -11.5599, -4.329 -3.3578 -11.5428, -4.227 -3.5436 -11.5354, -4.248 -3.5001 -11.5358, -4.266 -3.4587 -11.5322, -4.2843 -3.4261 -11.5377, -4.3101 -3.3989 -11.5595, -4.3381 -3.3701 -11.5782, -4.1548 -3.4123 -11.3811, -4.1706 -3.4004 -11.3998, -4.1886 -3.3871 -11.4174, -4.2092 -3.3723 -11.4339, -4.211 -3.4114 -11.4337, -4.2095 -3.4476 -11.4303, -4.2088 -3.49 -11.4284, -4.2701 -3.3476 -11.4746, -4.2319 -3.3562 -11.449, -4.2429 -3.3674 -11.4585, -4.2309 -3.3957 -11.4523, -4.2265 -3.4325 -11.4517, -4.2233 -3.4746 -11.4537, -4.2164 -3.5192 -11.4528, -4.2399 -3.4574 -11.4775, -4.2307 -3.5012 -11.4809, -4.2471 -3.4811 -11.5073, -4.0692 -3.3098 -11.4072, -4.0548 -3.3222 -11.3969, -4.0829 -3.3404 -11.388, -4.05 -3.3264 -11.3934, -4.065 -3.3549 -11.3725, -4.0303 -3.3435 -11.3793, -4.0172 -3.3561 -11.3632, -4.1329 -3.4295 -11.3461, -4.143 -3.4215 -11.364, -4.1184 -3.4416 -11.3098, -4.1248 -3.4362 -11.3283, -3.9956 -3.3778 -11.3296, -3.9912 -3.3824 -11.3203, -4.0236 -3.392 -11.3075, -3.9869 -3.3868 -11.3114, -4.0182 -3.3973 -11.2897, -3.9822 -3.392 -11.2926, -4.0145 -3.401 -11.2714, -4.1136 -3.4458 -11.2913, -4.1386 -3.4726 -11.2955, -4.1708 -3.5331 -11.3082, -4.1558 -3.4987 -11.3006, -3.9752 -3.4 -11.24, -4.012 -3.4046 -11.24, -3.9764 -3.3986 -11.2557, -4.0127 -3.4029 -11.2548, -3.9778 -3.397 -11.2735, -3.9779 -3.3969 -11.2753, -4.1333 -3.3428 -11.4012, -4.1138 -3.357 -11.3867, -4.0966 -3.37 -11.3706, -4.0837 -3.3802 -11.3554, -4.0728 -3.3892 -11.3393, -4.064 -3.3967 -11.3229, -4.057 -3.4028 -11.3058, -4.0518 -3.4075 -11.2884, -4.0482 -3.4108 -11.2705, -4.0465 -3.4125 -11.2544, -4.0243 -3.4061 -11.24, -4.0811 -3.427 -11.2708, -4.0845 -3.424 -11.2889, -4.0895 -3.4198 -11.3065, -4.0962 -3.4141 -11.324, -4.1046 -3.4073 -11.3408, -4.1152 -3.399 -11.3576, -4.1275 -3.3896 -11.3735, -4.1439 -3.3775 -11.3906, -4.1626 -3.3642 -11.4065, -4.1745 -3.5832 -10.2007, -4.1684 -3.5482 -10.2068, -4.1643 -3.5348 -10.2109, -4.1484 -3.5 -10.2268, -4.1426 -3.4905 -10.2327, -4.0703 -3.4241 -10.3049, -4.0749 -3.4273 -10.3004, -4.1106 -3.4528 -10.2646, -4.116 -3.4591 -10.2592, -4.0269 -3.4071 -10.3483, -4.0243 -3.4061 -10.3509, -3.9752 -3.4 -10.4, -4.1726 -3.6326 -10.2, -4.1752 -3.6 -10.2, -1.2 -5.2757 -10.2, -1.2 -3.6 -10.2, -4.9628 -5.4444 -10.1068, -1.2 -5.3094 -10.1971, -1.2 -5.3129 -10.1961, -1.2 -5.3514 -10.1845, -1.2 -5.3569 -10.1828, -1.2 -5.3696 -10.1751, -1.2 -5.3911 -10.1622, -1.2 -5.3993 -10.1573, -1.2 -5.4304 -10.1259, -1.2 -5.4342 -10.1221, -1.2 -5.4348 -10.121, -1.2 -5.4593 -10.0794, -4.9336 -5.459 -10.0792, -4.9462 -5.4527 -10.0911, -1.2 -5.4619 -10.0704, -1.2 -5.4648 -10.0606, -4.9059 -5.4728 -10.0318, -1.2 -5.4732 -10.0318, -4.9026 -5.4744 -10.0227, -4.9113 -5.4701 -10.047, -4.913 -5.4693 -10.0497, -4.9214 -5.4651 -10.0626, -4.93 -5.4608 -10.0758, -4.9014 -5.475 -10.0121, -1.2 -5.4757 -10.0, -5.1552 -5.5001 -10.1441, -5.1224 -5.5123 -10.1189, -5.1395 -5.5367 -10.1259, -4.9486 -5.475 -10.0421, -4.941 -5.4778 -10.0246, -4.9377 -5.479 -10.0101, -4.9715 -5.4886 -10.0087, -5.1189 -5.5434 -10.1057, -5.0096 -5.4784 -10.072, -5.0249 -5.4735 -10.086, -4.9951 -5.4568 -10.0944, -5.1184 -5.6142 -10.0861, -5.1311 -5.6107 -10.1055, -5.1183 -5.5793 -10.0939, -5.0988 -5.6505 -10.0108, -5.1052 -5.6506 -10.047, -5.136 -5.5742 -10.1165, -5.1723 -5.5233 -10.151, -5.0755 -5.491 -10.0987, -5.0975 -5.4837 -10.1154, -5.0609 -5.478 -10.0999, -5.046 -5.4662 -10.1024, -5.1103 -5.4976 -10.1165, -5.1436 -5.4853 -10.1402, -5.1083 -5.616 -10.0664, -5.1006 -5.6507 -10.0265, -5.0772 -5.5824 -10.0079, -5.0062 -5.5059 -10.0076, -4.9788 -5.4634 -10.0802, -4.9745 -5.4879 -10.0211, -4.9646 -5.469 -10.0651, -4.9559 -5.4723 -10.0538, -4.9882 -5.4846 -10.0471, -4.9815 -5.4863 -10.0365, -5.0151 -5.505 -10.0327, -5.0088 -5.5056 -10.0186, -5.0388 -5.5291 -10.0177, -5.0364 -5.529 -10.0072, -5.0572 -5.5516 -10.0073, -5.0931 -5.6161 -10.0225, -5.0978 -5.6165 -10.0401, -5.0842 -5.5833 -10.0351, -5.0891 -5.5834 -10.0464, -5.07 -5.5523 -10.0424, -5.0765 -5.552 -10.0532, -5.057 -5.5283 -10.0515, -5.0686 -5.5267 -10.0664, -5.0411 -5.5003 -10.067, -5.0555 -5.4968 -10.0813, -5.0405 -5.4844 -10.0831, -5.0912 -5.6158 -10.0091, -5.0793 -5.5827 -10.0196, -5.0647 -5.5522 -10.0321, -5.0501 -5.5289 -10.0413, -5.0287 -5.5029 -10.0527, -4.9963 -5.4823 -10.0576, -5.0212 -5.5041 -10.0426, -5.0445 -5.5292 -10.0314, -5.0594 -5.5518 -10.018, -5.1484 -5.5518 -10.1318, -5.1024 -5.6164 -10.053, -5.0953 -5.5832 -10.0583, -5.1057 -5.5819 -10.0758, -5.0875 -5.5507 -10.0691, -5.1005 -5.5482 -10.0854, -5.0822 -5.5239 -10.0816, -5.1012 -5.519 -10.1004, 4.9897 -5.468 -10.077, 4.9923 -5.4556 -10.0953, 5.0236 -5.4726 -10.0863, 5.0877 -5.6058 -10.0088, 4.934 -5.4588 -10.0791, 4.9465 -5.4525 -10.0911, 4.9573 -5.4561 -10.0876, 4.9603 -5.4456 -10.1044, 5.1656 -5.5148 -10.1493, 5.0971 -5.6397 -10.0103, 5.0983 -5.6364 -10.0248, 5.1039 -5.6214 -10.0542, 5.1012 -5.6287 -10.0425, 5.1073 -5.6127 -10.0655, 5.113 -5.5984 -10.0807, 5.1196 -5.5821 -10.0949, 5.1296 -5.5222 -10.1213, 5.1391 -5.5362 -10.1256, 5.1288 -5.5601 -10.111, 5.1482 -5.5516 -10.1316, 5.1551 -5.5 -10.144, 5.1446 -5.4866 -10.1404, 5.058 -5.4756 -10.1002, 4.9281 -5.4617 -10.0735, 4.9304 -5.4606 -10.0757, 4.9555 -5.4662 -10.0677, 4.9549 -5.472 -10.0541, 4.9207 -5.47 -10.0481, 4.9213 -5.4651 -10.0627, 4.906 -5.4728 -10.0318, 4.911 -5.4703 -10.0462, 4.9132 -5.4692 -10.0498, 4.9888 -5.4943 -10.02, 4.9891 -5.4963 -10.0082, 4.9555 -5.4832 -10.0094, 5.0859 -5.5015 -10.0987, 5.0932 -5.4795 -10.1153, 5.1067 -5.4937 -10.1159, 5.0204 -5.5156 -10.0074, 5.0201 -5.5134 -10.0182, 5.0197 -5.5082 -10.0324, 5.0478 -5.5405 -10.0073, 5.0477 -5.5381 -10.0177, 5.0477 -5.5324 -10.0314, 5.0479 -5.5267 -10.0413, 5.0707 -5.571 -10.0077, 5.071 -5.5683 -10.0188, 5.0717 -5.5619 -10.0329, 5.0725 -5.5558 -10.0428, 5.0738 -5.5484 -10.0529, 5.0884 -5.6028 -10.0213, 5.0901 -5.5957 -10.0368, 5.0919 -5.589 -10.0474, 5.0942 -5.5809 -10.0579, 5.0982 -5.5675 -10.0723, 4.9629 -5.4443 -10.1068, 4.9884 -5.4784 -10.0592, 5.0212 -5.4856 -10.0697, 5.053 -5.4946 -10.0815, 5.0801 -5.5215 -10.0814, 5.0503 -5.5082 -10.0664, 5.0199 -5.4965 -10.0537, 4.9881 -5.4845 -10.0472, 4.9549 -5.4766 -10.041, 4.9205 -5.4746 -10.0272, 4.9023 -5.4746 -10.0212, 4.9013 -5.4751 -10.0123, 4.9206 -5.4764 -10.0111, 4.9552 -5.4813 -10.0231, 4.9882 -5.4894 -10.0357, 5.0196 -5.5029 -10.0428, 5.0486 -5.5198 -10.0515, 5.0765 -5.5359 -10.0672, 5.0923 -5.5366 -10.0833, 5.0988 -5.5161 -10.1, 5.1191 -5.5082 -10.118, 5.1032 -5.5522 -10.0863, 5.1105 -5.5312 -10.1026, 4.6372 -5.2838 -11.6835, 4.7678 -3.0408 -11.6835, 5.35 -5.3 -11.85, 5.4777 -5.2926 -11.85, 5.4816 -5.3258 -11.8472, 5.7262 -5.2337 -11.85, 5.7377 -5.2651 -11.8472, 5.9545 -5.119 -11.85, 5.9729 -5.147 -11.8472, 6.1501 -4.9549 -11.85, 6.1745 -4.9779 -11.8472, 6.3026 -4.75 -11.85, 6.3316 -4.7668 -11.8472, 6.4038 -4.5155 -11.85, 6.4359 -4.5251 -11.8472, 6.4481 -4.264 -11.85, 6.4816 -4.2659 -11.8472, 6.4333 -4.009 -11.85, 6.4663 -4.0032 -11.8472, 6.36 -3.7643 -11.85, 6.3908 -3.751 -11.8472, 6.2323 -3.5431 -11.85, 6.2592 -3.5231 -11.8472, 6.0571 -3.3574 -11.85, 6.0786 -3.3317 -11.8472, 5.8437 -3.217 -11.85, 5.8587 -3.1871 -11.8472, 5.6037 -3.1297 -11.85, 5.6114 -3.0971 -11.8472, 5.35 -3.1 -11.85, 5.35 -3.0665 -11.8472, 5.0963 -3.1297 -11.85, 5.0886 -3.0971 -11.8472, 4.8563 -3.217 -11.85, 4.8413 -3.1871 -11.8472, 4.6429 -3.3574 -11.85, 4.6214 -3.3317 -11.8472, 4.4677 -3.5431 -11.85, 4.4408 -3.5231 -11.8472, 4.34 -3.7643 -11.85, 4.3092 -3.751 -11.8472, 4.2667 -4.009 -11.85, 4.2337 -4.0032 -11.8472, 4.2519 -4.264 -11.85, 4.2184 -4.2659 -11.8472, 4.2962 -4.5155 -11.85, 4.2641 -4.5251 -11.8472, 4.3974 -4.75 -11.85, 4.3684 -4.7668 -11.8472, 4.5499 -4.9549 -11.85, 4.5255 -4.9779 -11.8472, 4.7455 -5.119 -11.85, 4.7271 -5.147 -11.8472, 4.9738 -5.2337 -11.85, 4.9623 -5.2651 -11.8472, 5.2223 -5.2926 -11.85, 5.2184 -5.3258 -11.8472, 6.645 -4.2754 -11.6835, 6.6275 -3.9747 -11.6835, 6.5411 -3.6862 -11.6835, 6.3905 -3.4254 -11.6835, 6.1838 -3.2063 -11.6835, 5.9322 -3.0408 -11.6835, 5.6491 -2.9378 -11.6835, 5.35 -2.9028 -11.6835, 5.0509 -2.9378 -11.6835, 4.5162 -3.2063 -11.6835, 4.3095 -3.4254 -11.6835, 4.1589 -3.6862 -11.6835, 4.0725 -3.9747 -11.6835, 4.055 -4.2754 -11.6835, 4.1073 -4.572 -11.6835, 4.2266 -4.8486 -11.6835, 4.4065 -5.0902 -11.6835, 4.9063 -5.4189 -11.6835, 5.1994 -5.4884 -11.6835, 5.5006 -5.4884 -11.6835, 5.7937 -5.4189 -11.6835, 6.0628 -5.2838 -11.6835, 6.2935 -5.0902 -11.6835, 6.4734 -4.8486 -11.6835, 6.5927 -4.572 -11.6835, 5.35 -3.0193 -11.833, 5.6223 -3.0512 -11.833, 5.8799 -3.1449 -11.833, 6.1089 -3.2956 -11.833, 6.297 -3.495 -11.833, 6.4341 -3.7324 -11.833, 6.5127 -3.995 -11.833, 6.5287 -4.2686 -11.833, 6.4811 -4.5386 -11.833, 6.3725 -4.7903 -11.833, 6.2088 -5.0102 -11.833, 5.9988 -5.1864 -11.833, 5.7538 -5.3095 -11.833, 5.4871 -5.3727 -11.833, 5.2129 -5.3727 -11.833, 4.9462 -5.3095 -11.833, 4.7012 -5.1864 -11.833, 4.4912 -5.0102 -11.833, 4.3275 -4.7903 -11.833, 4.2189 -4.5386 -11.833, 4.1713 -4.2686 -11.833, 4.1873 -3.995 -11.833, 4.2659 -3.7324 -11.833, 4.403 -3.495 -11.833, 4.5911 -3.2956 -11.833, 4.8201 -3.1449 -11.833, 5.0777 -3.0512 -11.833, 5.35 -2.9771 -11.8078, 5.632 -3.01 -11.8078, 5.8989 -3.1071 -11.8078, 6.1361 -3.2632 -11.8078, 6.3309 -3.4697 -11.8078, 6.4729 -3.7156 -11.8078, 6.5544 -3.9876 -11.8078, 6.5709 -4.2711 -11.8078, 6.5216 -4.5507 -11.8078, 6.4091 -4.8115 -11.8078, 6.2395 -5.0392 -11.8078, 6.022 -5.2217 -11.8078, 5.7683 -5.3492 -11.8078, 5.492 -5.4147 -11.8078, 5.208 -5.4147 -11.8078, 4.9317 -5.3492 -11.8078, 4.678 -5.2217 -11.8078, 4.4605 -5.0392 -11.8078, 4.2909 -4.8115 -11.8078, 4.1784 -4.5507 -11.8078, 4.1291 -4.2711 -11.8078, 4.1456 -3.9876 -11.8078, 4.2271 -3.7156 -11.8078, 4.3691 -3.4697 -11.8078, 4.5639 -3.2632 -11.8078, 4.8011 -3.1071 -11.8078, 5.068 -3.01 -11.8078, 5.35 -2.9422 -11.7729, 5.6401 -2.9761 -11.7729, 5.9145 -3.076 -11.7729, 6.1585 -3.2365 -11.7729, 6.3589 -3.4489 -11.7729, 6.5049 -3.7018 -11.7729, 6.5886 -3.9816 -11.7729, 6.6056 -4.2731 -11.7729, 6.5549 -4.5607 -11.7729, 6.4392 -4.8289 -11.7729, 6.2649 -5.0631 -11.7729, 6.0411 -5.2508 -11.7729, 5.7802 -5.3819 -11.7729, 5.496 -5.4493 -11.7729, 5.204 -5.4493 -11.7729, 4.9198 -5.3819 -11.7729, 4.6589 -5.2508 -11.7729, 4.4351 -5.0631 -11.7729, 4.2608 -4.8289 -11.7729, 4.1451 -4.5607 -11.7729, 4.0944 -4.2731 -11.7729, 4.1114 -3.9816 -11.7729, 4.1951 -3.7018 -11.7729, 4.3411 -3.4489 -11.7729, 4.5415 -3.2365 -11.7729, 4.7855 -3.076 -11.7729, 5.0599 -2.9761 -11.7729, 5.35 -2.917 -11.7307, 5.6459 -2.9516 -11.7307, 5.9258 -3.0535 -11.7307, 6.1747 -3.2172 -11.7307, 6.3791 -3.4338 -11.7307, 6.5281 -3.6918 -11.7307, 6.6135 -3.9772 -11.7307, 6.6308 -4.2746 -11.7307, 6.5791 -4.568 -11.7307, 6.4611 -4.8415 -11.7307, 6.2832 -5.0805 -11.7307, 6.055 -5.2719 -11.7307, 5.7888 -5.4056 -11.7307, 5.4989 -5.4743 -11.7307, 5.2011 -5.4743 -11.7307, 4.9112 -5.4056 -11.7307, 4.645 -5.2719 -11.7307, 4.4168 -5.0805 -11.7307, 4.2389 -4.8415 -11.7307, 4.1209 -4.568 -11.7307, 4.0692 -4.2746 -11.7307, 4.0865 -3.9772 -11.7307, 4.1719 -3.6918 -11.7307, 4.3209 -3.4338 -11.7307, 4.5253 -3.2172 -11.7307, 4.7742 -3.0535 -11.7307, 5.0541 -2.9516 -11.7307, 5.2209 -2.7014 -11.2733, 5.2213 -2.7014 -11.2701, 5.226 -2.7383 -11.271, 5.2328 -2.8104 -11.3453, 5.2162 -2.7744 -11.3366, 5.2289 -2.7751 -11.3057, 5.2187 -2.7377 -11.302, 5.3723 -2.898 -11.3528, 5.3286 -2.8982 -11.4578, 5.3282 -2.8982 -11.4576, 5.3131 -2.8697 -11.2853, 5.3023 -2.8691 -11.3302, 5.2716 -2.8432 -11.3201, 5.2562 -2.8425 -11.3574, 5.2467 -2.8111 -11.3118, 5.2552 -2.8117 -11.276, 5.2811 -2.8438 -11.2802, 5.2367 -2.7757 -11.2729, 5.3219 -2.8962 -11.453, 5.3009 -2.8895 -11.4379, 5.3367 -2.8875 -11.3413, 5.2913 -2.8865 -11.431, 5.285 -2.8684 -11.3721, 5.2911 -2.8864 -11.4309, 5.2722 -2.8739 -11.4174, 5.2364 -2.8411 -11.3917, 5.2267 -2.8303 -11.3847, 5.1999 -2.7737 -11.3655, 5.1971 -2.7634 -11.3635, 5.2067 -2.737 -11.3314, 5.1912 -2.7427 -11.3593, 5.2155 -2.8091 -11.3767, 5.2087 -2.7964 -11.3718, 5.2037 -2.787 -11.3682, 5.1875 -2.7 -11.3566, 5.2036 -2.7005 -11.33, 5.1901 -2.7291 -11.3584, 5.1907 -2.7366 -11.3589, 5.2622 -2.8673 -11.4102, 5.2563 -2.8634 -11.4059, 5.2468 -2.8527 -11.3991, 5.2038 -2.7005 -11.3296, 5.2072 -2.7006 -11.3204, 5.2147 -2.7009 -11.3003, 5.2189 -2.7011 -11.289, 1.2 -5.3569 -10.1828, 1.2 -5.451 -10.0934, 1.2 -5.4348 -10.121, 1.2 -5.4342 -10.1221, 1.2 -5.4182 -10.1381, 1.2 -5.3993 -10.1573, 1.2 -5.3817 -10.1679, 1.2 -5.3696 -10.1751, 1.2 -5.3453 -10.1863, 1.2 -5.3101 -10.1969, 1.2 -5.3094 -10.1971, 1.2 -5.2757 -10.2, 1.2 -5.4757 -10.0, 1.2 -5.4726 -10.0337, 1.2 -5.4648 -10.0606, 1.2 -5.4593 -10.0794, 1.2 -5.4732 -10.0318, 1.2 -3.6 -10.2, 4.1752 -3.6 -10.2, 4.1726 -3.6326 -10.2, 3.9752 -3.4 -10.4, 3.9752 -3.4 -11.24, 4.0197 -3.405 -10.3555, 4.012 -3.4046 -11.24, 4.0241 -3.4066 -10.3511, 4.0243 -3.4061 -11.24, 4.062 -3.4198 -10.3132, 4.0454 -3.4143 -11.24, 4.0699 -3.4248 -10.3053, 4.0703 -3.4241 -11.24, 4.0784 -3.4298 -11.24, 4.0999 -3.4436 -10.2753, 4.1106 -3.4528 -11.24, 4.1098 -3.4535 -10.2654, 4.1316 -3.4753 -10.2436, 4.1323 -3.4784 -11.24, 4.1415 -3.4911 -10.2337, 4.1426 -3.4905 -11.24, 4.1554 -3.5132 -10.2198, 4.1495 -3.5047 -11.24, 4.1643 -3.5348 -10.2109, 4.1643 -3.5348 -11.24, 4.1702 -3.5555 -10.205, 4.1733 -3.5773 -11.24, 4.1745 -3.5832 -10.2007, 4.1745 -3.5832 -11.24, 4.1734 -3.6113 -11.24, 4.1686 -3.6458 -11.24, 4.1726 -3.6326 -11.24, 4.0546 -3.3219 -11.3985, 4.064 -3.3146 -11.4026, 4.0965 -3.3298 -11.3975, 4.1833 -3.62 -11.3954, 4.1733 -3.6392 -11.3209, 4.1784 -3.6054 -11.3126, 4.2811 -3.3713 -11.4939, 4.2877 -3.3795 -11.5058, 4.2624 -3.4012 -11.4868, 4.2395 -3.4211 -11.4658, 4.2244 -3.4009 -11.4465, 4.2053 -3.416 -11.4277, 4.2139 -3.389 -11.437, 4.19 -3.3655 -11.422, 4.2024 -3.3771 -11.4288, 4.1827 -3.3915 -11.4119, 4.1627 -3.343 -11.4127, 4.1769 -3.3542 -11.4167, 4.1564 -3.3686 -11.4016, 4.0122 -3.4033 -11.2465, 4.046 -3.4128 -11.2463, 4.1082 -3.4505 -11.2467, 4.1508 -3.504 -11.2479, 4.1334 -3.4774 -11.2472, 4.174 -3.5771 -11.2501, 4.1659 -3.5391 -11.2489, 4.175 -3.6113 -11.2513, 4.1699 -3.646 -11.2525, 4.222 -3.5518 -11.5246, 4.1987 -3.5917 -11.461, 4.2562 -3.4973 -11.586, 4.238 -3.5257 -11.5567, 4.3074 -3.4217 -11.6054, 4.2828 -3.4533 -11.5815, 4.3424 -3.3784 -11.6314, 4.1749 -3.275 -11.4303, 4.1456 -3.2944 -11.4213, 4.1596 -3.2638 -11.4307, 4.1298 -3.284 -11.4227, 4.1886 -3.2855 -11.4315, 4.1741 -3.3148 -11.4233, 4.2024 -3.2965 -11.4342, 4.1882 -3.3258 -11.4266, 4.216 -3.3077 -11.4385, 4.2019 -3.3373 -11.4316, 4.2293 -3.3192 -11.4446, 4.2145 -3.3485 -11.4379, 4.2415 -3.3303 -11.4519, 4.2266 -3.3599 -11.4457, 4.2531 -3.3414 -11.4608, 4.2376 -3.3713 -11.455, 4.2638 -3.3522 -11.4712, 4.2478 -3.3826 -11.4657, 4.2736 -3.3627 -11.4829, 4.2344 -3.4631 -11.4701, 4.2468 -3.433 -11.479, 4.2526 -3.4444 -11.4931, 4.2695 -3.4118 -11.5012, 4.2751 -3.4218 -11.5164, 4.2945 -3.3888 -11.5211, 4.3 -3.3973 -11.5373, 4.2417 -3.4877 -11.4991, 4.257 -3.4556 -11.5086, 4.2597 -3.4661 -11.5245, 4.2794 -3.4314 -11.533, 4.282 -3.4401 -11.55, 4.3041 -3.4052 -11.5548, 4.3066 -3.412 -11.5726, 4.232 -3.2 -11.44, 4.2454 -3.212 -11.4415, 4.2012 -3.2377 -11.4376, 4.2158 -3.2497 -11.4386, 4.2569 -3.2223 -11.4428, 4.2289 -3.2607 -11.4411, 4.2717 -3.2355 -11.4488, 4.2421 -3.272 -11.4452, 4.2845 -3.2469 -11.4539, 4.2551 -3.2833 -11.451, 4.2921 -3.2538 -11.457, 4.2678 -3.2947 -11.4584, 4.3087 -3.2686 -11.4703, 4.2794 -3.3053 -11.4672, 4.3236 -3.282 -11.4822, 4.2905 -3.3157 -11.4774, 4.3304 -3.2881 -11.4914, 4.3008 -3.3256 -11.4891, 4.3401 -3.2967 -11.5044, 4.3101 -3.3349 -11.5021, 4.3495 -3.3052 -11.5171, 4.3498 -3.3054 -11.5176, 4.3796 -3.3321 -11.6172, 4.3417 -3.3733 -11.5975, 4.3789 -3.3314 -11.6065, 4.3393 -3.3689 -11.5789, 4.3729 -3.3261 -11.5797, 4.3353 -3.3632 -11.5606, 4.3684 -3.322 -11.5593, 4.3302 -3.3568 -11.5434, 4.3619 -3.3162 -11.5448, 4.3236 -3.3493 -11.527, 4.3173 -3.3424 -11.5141, 3.9756 -3.3996 -11.2469, 3.9766 -3.3984 -11.2655, 4.0136 -3.402 -11.2643, 4.1774 -3.572 -11.3051, 3.9803 -3.3942 -11.2844, 3.9834 -3.3907 -11.3004, 4.0215 -3.394 -11.3013, 4.1943 -3.5483 -11.3926, 4.1873 -3.5579 -11.3653, 4.1793 -3.5229 -11.3506, 4.1735 -3.5298 -11.3243, 4.1586 -3.4958 -11.3149, 4.1543 -3.5003 -11.291, 4.137 -3.474 -11.2867, 4.1346 -3.4763 -11.2671, 4.1094 -3.4494 -11.265, 4.079 -3.4289 -11.2464, 4.1883 -3.5889 -11.3797, 4.1815 -3.566 -11.3356, 4.1693 -3.5349 -11.2974, 4.2133 -3.5231 -11.446, 4.2027 -3.537 -11.4189, 4.1949 -3.5052 -11.3981, 4.1863 -3.5148 -11.3747, 4.1717 -3.4827 -11.3598, 4.1646 -3.4898 -11.3383, 4.1475 -3.4643 -11.3301, 4.1414 -3.4699 -11.3087, 4.1165 -3.4432 -11.3034, 4.112 -3.4472 -11.2831, 4.0829 -3.4255 -11.2811, 4.0802 -3.4278 -11.2638, 4.0473 -3.4116 -11.2636, 3.998 -3.375 -11.3368, 4.0131 -3.36 -11.3586, 4.0478 -3.3696 -11.3528, 4.0159 -3.3573 -11.3626, 4.2257 -3.5074 -11.4718, 4.2182 -3.4799 -11.4455, 4.2057 -3.4933 -11.4223, 4.1915 -3.464 -11.4022, 4.1805 -3.4744 -11.3806, 4.1638 -3.45 -11.3688, 4.1549 -3.4578 -11.3498, 4.1305 -3.4315 -11.3412, 4.1228 -3.4378 -11.3231, 4.0942 -3.4159 -11.3191, 4.0876 -3.4214 -11.3004, 4.055 -3.4046 -11.2997, 4.0501 -3.4091 -11.2807, 4.0164 -3.3991 -11.2819, 3.9782 -3.3966 -11.2734, 4.027 -3.3468 -11.3747, 4.0434 -3.332 -11.3889, 4.0767 -3.3453 -11.3831, 4.0536 -3.3228 -11.3977, 4.1482 -3.3324 -11.4103, 4.1268 -3.3474 -11.3967, 4.0199 -3.3532 -11.3685, 4.0612 -3.3581 -11.3687, 4.1078 -3.3614 -11.3815, 4.093 -3.3728 -11.3666, 4.1382 -3.3817 -11.3851, 3.9931 -3.3803 -11.3246, 4.0373 -3.3791 -11.3369, 4.0802 -3.3831 -11.3506, 4.124 -3.3923 -11.3693, 4.1651 -3.4045 -11.3938, 4.2209 -3.4375 -11.445, 4.1883 -3.4297 -11.4075, 4.1515 -3.4149 -11.3766, 4.1117 -3.4017 -11.3525, 4.0701 -3.3914 -11.3348, 4.0287 -3.3872 -11.3201, 3.9914 -3.3821 -11.3203, 4.2036 -3.5647 -11.439, 4.2143 -3.5485 -11.4689, 4.2266 -3.5303 -11.4972, 4.2426 -3.5077 -11.5269, 4.2606 -3.4829 -11.5543, 4.0878 -3.296 -11.413, 4.1082 -3.2801 -11.4219, 4.1187 -3.3133 -11.4099, 4.1023 -3.304 -11.412, 4.0618 -3.3986 -11.3181, 4.1021 -3.4093 -11.3361, 4.1397 -3.4241 -11.3586, 4.1752 -3.4405 -11.3886, 4.2044 -3.4523 -11.423, 4.1459 -3.2545 -11.4299, 4.18 -3.2329 -11.4339, 4.1884 -3.2276 -11.4349, 4.1194 -3.2714 -11.4268, 4.4319 -3.0137 -11.44, 4.593 -2.907 -11.44, 4.609 -2.9345 -11.4428, 4.6917 -3.0757 -11.6065, 4.4843 -3.1742 -11.5171, 4.4619 -3.1476 -11.4822, 4.4346 -3.1153 -11.457, 4.4042 -3.0793 -11.4428, 4.2768 -3.152 -11.44, 4.3845 -3.0559 -11.44, 4.5006 -3.1935 -11.5593, 4.5097 -3.2044 -11.6065, 4.8929 -2.98 -11.6065, 5.0677 -2.9281 -11.6065, 5.0679 -2.9287 -11.6137, 5.066 -2.9203 -11.5797, 4.8879 -2.9667 -11.5593, 5.0647 -2.9143 -11.5593, 4.879 -2.9431 -11.5171, 5.0592 -2.8896 -11.5171, 5.0627 -2.9055 -11.5443, 4.852 -2.8709 -11.457, 5.0459 -2.8296 -11.4663, 4.8668 -2.9105 -11.4822, 5.0516 -2.8556 -11.4822, 5.0582 -2.8852 -11.5125, 5.0313 -2.7642 -11.4425, 5.0323 -2.7683 -11.4428, 4.8354 -2.8267 -11.4428, 5.0388 -2.7976 -11.4518, 5.0425 -2.8144 -11.457, 5.025 -2.7356 -11.44, 4.8239 -2.7959 -11.44, 4.8142 -2.7988 -11.44, 4.6154 -2.8922 -11.44, 4.6845 -3.0635 -11.5593, 4.6718 -3.0417 -11.5171, 4.6542 -3.0117 -11.4822, 4.6328 -2.9752 -11.457, 5.2913 -2.8988 -11.5021, 5.2416 -2.8758 -11.4528, 5.1851 -2.7976 -11.3982, 5.1743 -2.7645 -11.3883, 5.1838 -2.8291 -11.4277, 5.2002 -2.828 -11.4125, 5.219 -2.8543 -11.4307, 5.1481 -2.8335 -11.4531, 5.1664 -2.8309 -11.4413, 5.1821 -2.8571 -11.4623, 5.0583 -2.7231 -11.4359, 5.0655 -2.7206 -11.4348, 5.0704 -2.7489 -11.437, 5.2401 -2.9016 -11.5457, 5.1836 -2.9075 -11.579, 5.1315 -2.9157 -11.5995, 5.0578 -2.7902 -11.4483, 5.0328 -2.7323 -11.4398, 5.0447 -2.728 -11.438, 5.0504 -2.7562 -11.4406, 5.0654 -2.8227 -11.4622, 5.0808 -2.8784 -11.5079, 5.0943 -2.9146 -11.5741, 5.1233 -2.9081 -11.5661, 5.0879 -2.8995 -11.5389, 5.0868 -2.7438 -11.4325, 5.0775 -2.7163 -11.433, 5.1029 -2.7395 -11.4266, 5.0856 -2.8158 -11.4573, 5.0946 -2.8458 -11.4767, 5.112 -2.8411 -11.4706, 5.1414 -2.8632 -11.4864, 5.1701 -2.8999 -11.5474, 5.1137 -2.893 -11.5317, 5.0988 -2.7111 -11.4246, 5.1053 -2.7096 -11.422, 5.1207 -2.7357 -11.4181, 5.1187 -2.7063 -11.4167, 5.1376 -2.7329 -11.4079, 5.1343 -2.7043 -11.406, 5.1534 -2.731 -11.3962, 5.0775 -2.7831 -11.4441, 5.1021 -2.8109 -11.4519, 5.1291 -2.8371 -11.4632, 5.1621 -2.8597 -11.4753, 5.2005 -2.8786 -11.488, 5.2208 -2.8939 -11.5173, 5.1553 -2.8846 -11.5149, 5.104 -2.8718 -11.5015, 5.0732 -2.8526 -11.4823, 5.1474 -2.7025 -11.397, 5.1557 -2.7014 -11.3914, 5.1679 -2.7299 -11.3829, 5.1651 -2.701 -11.381, 5.1822 -2.7002 -11.3624, 5.1596 -2.7656 -11.4018, 5.1438 -2.7674 -11.4138, 5.1271 -2.7702 -11.4242, 5.1095 -2.7739 -11.4329, 5.0937 -2.7781 -11.4391, 5.1698 -2.7987 -11.4124, 5.1535 -2.8005 -11.4249, 5.1363 -2.8032 -11.4358, 5.1183 -2.8069 -11.4451, 5.2669 -2.8911 -11.4779, 5.025 0.0 -11.44, 5.025 2.7356 -11.44, 5.0584 2.723 -11.4361, 5.025 -2.6518 -11.44, 5.0711 2.7182 -11.4346, 5.059 2.7228 -11.436, 5.0981 2.7113 -11.4249, 5.1054 2.7094 -11.4223, 5.1132 2.7074 -11.4195, 5.1337 2.7044 -11.4065, 5.1478 2.7023 -11.3975, 5.1502 2.7019 -11.396, 5.1601 2.7014 -11.3858, 5.1826 2.7001 -11.3628, 5.2026 2.7005 -11.3289, 5.2073 2.7006 -11.3203, 5.1875 2.7 -11.3566, 5.184 2.7 -11.3613, 5.2146 2.7009 -11.3003, 5.2111 2.7007 -11.3132, 5.2226 2.7014 -11.2702, 5.2226 2.7014 -11.271, 5.2219 2.7014 -11.2734, 5.2794 2.8801 -11.4225, 5.2916 2.8853 -11.4313, 5.285 2.8684 -11.3721, 5.226 2.7383 -11.271, 5.3131 2.8697 -11.2853, 5.2811 2.8438 -11.2802, 5.2552 2.8117 -11.276, 5.2367 2.7757 -11.2729, 5.3367 2.8875 -11.3413, 5.3723 2.898 -11.3528, 5.3218 2.8963 -11.4529, 5.3287 2.8972 -11.4579, 5.3023 2.8691 -11.3302, 5.2187 2.7377 -11.302, 5.2289 2.7751 -11.3057, 5.2467 2.8111 -11.3118, 5.2716 2.8432 -11.3201, 5.2174 2.8157 -11.3781, 5.2328 2.8104 -11.3453, 5.2089 2.7963 -11.372, 5.2162 2.7744 -11.3366, 5.1991 2.774 -11.3649, 5.2067 2.737 -11.3314, 5.1967 2.7636 -11.3632, 5.1987 2.7731 -11.3647, 5.1891 2.7276 -11.3577, 5.1894 2.7292 -11.358, 5.1909 2.7364 -11.359, 5.2722 2.8743 -11.4173, 5.2255 2.8266 -11.3839, 5.2364 2.8413 -11.3917, 5.2562 2.8425 -11.3574, 5.2444 2.852 -11.3974, 5.2627 2.8667 -11.4105, 5.301 2.8893 -11.438, 5.3154 2.8954 -11.4484, 4.6372 3.1162 -11.6835, 4.7678 5.3592 -11.6835, 6.645 4.1246 -11.6835, 6.6275 4.4253 -11.6835, 6.5411 4.7138 -11.6835, 6.3905 4.9746 -11.6835, 6.1838 5.1937 -11.6835, 5.9322 5.3592 -11.6835, 5.6491 5.4622 -11.6835, 5.35 5.4972 -11.6835, 5.0509 5.4622 -11.6835, 4.5162 5.1937 -11.6835, 4.3095 4.9746 -11.6835, 4.1589 4.7138 -11.6835, 4.0725 4.4253 -11.6835, 4.055 4.1246 -11.6835, 4.1073 3.828 -11.6835, 4.2266 3.5514 -11.6835, 4.4065 3.3098 -11.6835, 4.9063 2.9811 -11.6835, 5.1994 2.9116 -11.6835, 5.5006 2.9116 -11.6835, 5.7937 2.9811 -11.6835, 6.0628 3.1162 -11.6835, 6.2935 3.3098 -11.6835, 6.4734 3.5514 -11.6835, 6.5927 3.828 -11.6835, 5.35 3.1 -11.85, 5.4777 3.1074 -11.85, 5.4816 3.0742 -11.8472, 5.7262 3.1663 -11.85, 5.7377 3.1349 -11.8472, 5.9545 3.281 -11.85, 5.9729 3.253 -11.8472, 6.1501 3.4451 -11.85, 6.1745 3.4221 -11.8472, 6.3026 3.65 -11.85, 6.3316 3.6332 -11.8472, 6.4038 3.8845 -11.85, 6.4359 3.8749 -11.8472, 6.4481 4.136 -11.85, 6.4816 4.1341 -11.8472, 6.4333 4.391 -11.85, 6.4663 4.3968 -11.8472, 6.36 4.6357 -11.85, 6.3908 4.649 -11.8472, 6.2323 4.8569 -11.85, 6.2592 4.8769 -11.8472, 6.0571 5.0426 -11.85, 6.0786 5.0683 -11.8472, 5.8437 5.183 -11.85, 5.8587 5.2129 -11.8472, 5.6037 5.2703 -11.85, 5.6114 5.3029 -11.8472, 5.35 5.3 -11.85, 5.35 5.3335 -11.8472, 5.0963 5.2703 -11.85, 5.0886 5.3029 -11.8472, 4.8563 5.183 -11.85, 4.8413 5.2129 -11.8472, 4.6429 5.0426 -11.85, 4.6214 5.0683 -11.8472, 4.4677 4.8569 -11.85, 4.4408 4.8769 -11.8472, 4.34 4.6357 -11.85, 4.3092 4.649 -11.8472, 4.2667 4.391 -11.85, 4.2337 4.3968 -11.8472, 4.2519 4.136 -11.85, 4.2184 4.1341 -11.8472, 4.2962 3.8845 -11.85, 4.2641 3.8749 -11.8472, 4.3974 3.65 -11.85, 4.3684 3.6332 -11.8472, 4.5499 3.4451 -11.85, 4.5255 3.4221 -11.8472, 4.7455 3.281 -11.85, 4.7271 3.253 -11.8472, 4.9738 3.1663 -11.85, 4.9623 3.1349 -11.8472, 5.2223 3.1074 -11.85, 5.2184 3.0742 -11.8472, 5.35 5.3807 -11.833, 5.6223 5.3488 -11.833, 5.8799 5.2551 -11.833, 6.1089 5.1044 -11.833, 6.297 4.905 -11.833, 6.4341 4.6676 -11.833, 6.5127 4.405 -11.833, 6.5287 4.1314 -11.833, 6.4811 3.8614 -11.833, 6.3725 3.6097 -11.833, 6.2088 3.3898 -11.833, 5.9988 3.2136 -11.833, 5.7538 3.0905 -11.833, 5.4871 3.0273 -11.833, 5.2129 3.0273 -11.833, 4.9462 3.0905 -11.833, 4.7012 3.2136 -11.833, 4.4912 3.3898 -11.833, 4.3275 3.6097 -11.833, 4.2189 3.8614 -11.833, 4.1713 4.1314 -11.833, 4.1873 4.405 -11.833, 4.2659 4.6676 -11.833, 4.403 4.905 -11.833, 4.5911 5.1044 -11.833, 4.8201 5.2551 -11.833, 5.0777 5.3488 -11.833, 5.35 5.4229 -11.8078, 5.632 5.39 -11.8078, 5.8989 5.2929 -11.8078, 6.1361 5.1368 -11.8078, 6.3309 4.9303 -11.8078, 6.4729 4.6844 -11.8078, 6.5544 4.4124 -11.8078, 6.5709 4.1289 -11.8078, 6.5216 3.8493 -11.8078, 6.4091 3.5885 -11.8078, 6.2395 3.3608 -11.8078, 6.022 3.1783 -11.8078, 5.7683 3.0508 -11.8078, 5.492 2.9853 -11.8078, 5.208 2.9853 -11.8078, 4.9317 3.0508 -11.8078, 4.678 3.1783 -11.8078, 4.4605 3.3608 -11.8078, 4.2909 3.5885 -11.8078, 4.1784 3.8493 -11.8078, 4.1291 4.1289 -11.8078, 4.1456 4.4124 -11.8078, 4.2271 4.6844 -11.8078, 4.3691 4.9303 -11.8078, 4.5639 5.1368 -11.8078, 4.8011 5.2929 -11.8078, 5.068 5.39 -11.8078, 5.35 5.4578 -11.7729, 5.6401 5.4239 -11.7729, 5.9145 5.324 -11.7729, 6.1585 5.1635 -11.7729, 6.3589 4.9511 -11.7729, 6.5049 4.6982 -11.7729, 6.5886 4.4184 -11.7729, 6.6056 4.1269 -11.7729, 6.5549 3.8393 -11.7729, 6.4392 3.5711 -11.7729, 6.2649 3.3369 -11.7729, 6.0411 3.1492 -11.7729, 5.7802 3.0181 -11.7729, 5.496 2.9507 -11.7729, 5.204 2.9507 -11.7729, 4.9198 3.0181 -11.7729, 4.6589 3.1492 -11.7729, 4.4351 3.3369 -11.7729, 4.2608 3.5711 -11.7729, 4.1451 3.8393 -11.7729, 4.0944 4.1269 -11.7729, 4.1114 4.4184 -11.7729, 4.1951 4.6982 -11.7729, 4.3411 4.9511 -11.7729, 4.5415 5.1635 -11.7729, 4.7855 5.324 -11.7729, 5.0599 5.4239 -11.7729, 5.35 5.483 -11.7307, 5.6459 5.4484 -11.7307, 5.9258 5.3465 -11.7307, 6.1747 5.1828 -11.7307, 6.3791 4.9662 -11.7307, 6.5281 4.7082 -11.7307, 6.6135 4.4228 -11.7307, 6.6308 4.1254 -11.7307, 6.5791 3.832 -11.7307, 6.4611 3.5585 -11.7307, 6.2832 3.3195 -11.7307, 6.055 3.1281 -11.7307, 5.7888 2.9944 -11.7307, 5.4989 2.9257 -11.7307, 5.2011 2.9257 -11.7307, 4.9112 2.9944 -11.7307, 4.645 3.1281 -11.7307, 4.4168 3.3195 -11.7307, 4.2389 3.5585 -11.7307, 4.1209 3.832 -11.7307, 4.0692 4.1254 -11.7307, 4.0865 4.4228 -11.7307, 4.1719 4.7082 -11.7307, 4.3209 4.9662 -11.7307, 4.5253 5.1828 -11.7307, 4.7742 5.3465 -11.7307, 5.0541 5.4484 -11.7307, 5.1996 2.8787 -11.4886, 5.2347 2.8761 -11.4596, 5.2128 2.8546 -11.4368, 5.2592 2.8914 -11.4855, 5.0834 2.7448 -11.4336, 5.0642 2.751 -11.4384, 5.0713 2.7852 -11.4456, 5.12 2.7358 -11.4185, 5.1021 2.7397 -11.4269, 5.1088 2.7741 -11.4332, 5.0472 2.7574 -11.441, 5.2827 2.8991 -11.5106, 5.239 2.9017 -11.5465, 5.1824 2.9077 -11.5796, 5.1214 2.9176 -11.6025, 5.0679 2.9287 -11.6137, 5.0677 2.9281 -11.6065, 5.066 2.9203 -11.5797, 5.0627 2.9055 -11.5443, 5.0647 2.9143 -11.5593, 5.1143 2.91 -11.5689, 5.0582 2.8852 -11.5125, 5.0592 2.8896 -11.5171, 5.1057 2.8949 -11.5342, 5.0771 2.8795 -11.5087, 5.0698 2.8537 -11.483, 5.0516 2.8556 -11.4822, 5.0622 2.8239 -11.4628, 5.0459 2.8296 -11.4663, 5.0313 2.7642 -11.4425, 5.0323 2.7683 -11.4428, 5.0546 2.7914 -11.4487, 5.0388 2.7976 -11.4518, 5.0425 2.8144 -11.457, 5.1264 2.7703 -11.4245, 5.1175 2.807 -11.4455, 5.1355 2.8033 -11.4363, 5.1283 2.8373 -11.4636, 5.1473 2.8337 -11.4535, 5.1406 2.8634 -11.4869, 5.1613 2.8599 -11.4758, 5.0903 2.7791 -11.4403, 5.0793 2.8178 -11.4591, 5.0987 2.8119 -11.4531, 5.0879 2.8478 -11.4786, 5.1084 2.842 -11.472, 5.0968 2.8737 -11.5037, 5.119 2.868 -11.4962, 5.1768 2.7295 -11.3735, 5.1833 2.7641 -11.3787, 5.1945 2.7972 -11.3881, 5.1945 2.8283 -11.4181, 5.1798 2.7979 -11.4034, 5.1693 2.7648 -11.3933, 5.163 2.7302 -11.3878, 5.1813 2.8572 -11.4629, 5.1657 2.831 -11.4418, 5.1528 2.8006 -11.4254, 5.1432 2.7675 -11.4142, 5.1369 2.733 -11.4084, 5.2199 2.894 -11.518, 5.169 2.9 -11.5479, 5.1304 2.8893 -11.5258, 5.1544 2.8848 -11.5154, 4.7647 2.8188 -11.44, 4.5953 2.9058 -11.44, 4.6113 2.9331 -11.4428, 4.5106 3.2037 -11.6065, 4.8964 2.9787 -11.6065, 4.8394 2.8253 -11.4428, 4.8558 2.8695 -11.457, 4.9612 2.7512 -11.44, 4.8288 2.7968 -11.44, 4.8827 2.9417 -11.5171, 4.8706 2.9091 -11.4822, 4.8915 2.9654 -11.5593, 4.5014 3.1928 -11.5593, 4.3729 3.3261 -11.5797, 4.3789 3.3314 -11.6065, 4.3796 3.3321 -11.6172, 4.4852 3.1735 -11.5171, 4.3619 3.3162 -11.5448, 4.3684 3.322 -11.5593, 4.4627 3.1469 -11.4822, 4.3304 3.2881 -11.4914, 4.3495 3.3052 -11.5171, 4.4355 3.1145 -11.457, 4.3087 3.2686 -11.4703, 4.3236 3.282 -11.4822, 4.2569 3.2223 -11.4428, 4.2594 3.2245 -11.4438, 4.4051 3.0785 -11.4428, 4.2845 3.2469 -11.4539, 4.2921 3.2538 -11.457, 4.232 3.2 -11.44, 4.3839 3.0532 -11.44, 4.3902 3.0471 -11.44, 4.5689 2.9194 -11.44, 4.6938 3.0745 -11.6065, 4.6866 3.0623 -11.5593, 4.6739 3.0405 -11.5171, 4.6564 3.0104 -11.4822, 4.6351 2.9739 -11.457, 4.2316 3.5232 -11.5072, 4.2173 3.544 -11.4764, 4.2125 3.5677 -11.5019, 4.1936 3.4254 -11.4142, 4.1784 3.4378 -11.3936, 4.1947 3.4611 -11.4077, 4.0794 3.4286 -11.2545, 4.2435 3.5171 -11.5662, 4.2624 3.4878 -11.5948, 4.2877 3.4469 -11.5868, 4.3134 3.4142 -11.6105, 4.3413 3.3798 -11.6306, 4.1925 3.6029 -11.438, 4.1792 3.6278 -11.3708, 4.1718 3.6423 -11.3006, 4.1527 3.5019 -11.2782, 4.1677 3.5368 -11.283, 4.1759 3.5743 -11.2888, 4.1768 3.608 -11.2944, 4.1086 3.4501 -11.2552, 4.1354 3.4756 -11.275, 4.1103 3.4487 -11.2723, 4.3098 3.3027 -11.4842, 4.2875 3.2824 -11.464, 4.2782 3.3061 -11.4667, 4.2665 3.2955 -11.458, 4.2359 3.315 -11.4473, 4.2995 3.3265 -11.4886, 4.2893 3.3166 -11.4769, 4.2595 3.3369 -11.464, 4.248 3.326 -11.4549, 4.22 3.3448 -11.441, 4.2074 3.3336 -11.4344, 4.184 3.3494 -11.4212, 4.2668 3.4745 -11.5626, 4.0515 3.3664 -11.3576, 4.0165 3.3569 -11.3623, 4.0401 3.3766 -11.3415, 4.0035 3.3695 -11.3462, 4.0309 3.385 -11.3249, 4.1974 3.5743 -11.4182, 4.2056 3.5331 -11.427, 4.1965 3.5453 -11.4, 4.1979 3.5019 -11.4053, 4.1886 3.5122 -11.3814, 4.1835 3.4715 -11.3871, 4.174 3.4805 -11.3657, 4.167 3.4474 -11.3747, 4.1572 3.4557 -11.3552, 4.1842 3.5956 -11.3575, 4.1891 3.5554 -11.3731, 4.1832 3.5636 -11.3453, 4.1812 3.5207 -11.3575, 4.1752 3.5277 -11.3329, 4.1664 3.4879 -11.3445, 4.1604 3.494 -11.3226, 4.1494 3.4626 -11.3357, 4.1432 3.4682 -11.3157, 4.2366 3.2375 -11.4414, 4.1938 3.3221 -11.4293, 4.2227 3.3035 -11.441, 4.2538 3.2841 -11.4506, 4.2624 3.26 -11.4494, 4.329 3.3208 -11.51, 4.3422 3.3339 -11.5358, 4.3537 3.3459 -11.5702, 4.3599 3.3538 -11.6077, 4.1402 3.2568 -11.4318, 4.1358 3.2798 -11.4245, 4.1526 3.2491 -11.4329, 4.1668 3.2591 -11.4322, 4.1783 3.2332 -11.4352, 4.1998 3.2385 -11.4374, 4.1865 3.2281 -11.4359, 4.2091 3.2141 -11.438, 4.1555 3.3273 -11.4143, 4.1798 3.311 -11.4258, 4.2093 3.2922 -11.4364, 4.2408 3.2728 -11.4449, 4.3224 3.3503 -11.5263, 4.3089 3.3359 -11.5015, 4.2939 3.3743 -11.5098, 4.2798 3.3579 -11.4866, 4.2675 3.3968 -11.4909, 4.253 3.3786 -11.4694, 4.246 3.4155 -11.4721, 4.3405 3.3746 -11.5968, 4.3126 3.4053 -11.5774, 4.2869 3.4344 -11.5549, 4.1263 3.3078 -11.4135, 4.1516 3.2904 -11.4234, 4.182 3.2705 -11.4321, 4.2145 3.2505 -11.4384, 4.1216 3.2706 -11.4253, 4.1094 3.2798 -11.4211, 4.0956 3.2901 -11.4163, 4.1032 3.3247 -11.4016, 4.2589 3.438 -11.5002, 4.2801 3.4169 -11.521, 4.2745 3.4072 -11.5055, 4.306 3.3915 -11.5418, 4.3006 3.3833 -11.5254, 4.3342 3.3644 -11.5599, 4.329 3.3578 -11.5428, 4.227 3.5436 -11.5354, 4.248 3.5001 -11.5358, 4.266 3.4587 -11.5322, 4.2843 3.4261 -11.5377, 4.3101 3.3989 -11.5595, 4.3381 3.3701 -11.5782, 4.1548 3.4123 -11.3811, 4.1706 3.4004 -11.3998, 4.1886 3.3871 -11.4174, 4.2092 3.3723 -11.4339, 4.211 3.4114 -11.4337, 4.2095 3.4476 -11.4303, 4.2088 3.49 -11.4284, 4.2701 3.3476 -11.4746, 4.2319 3.3562 -11.449, 4.2429 3.3674 -11.4585, 4.2309 3.3957 -11.4523, 4.2265 3.4325 -11.4517, 4.2233 3.4746 -11.4537, 4.2164 3.5192 -11.4528, 4.2399 3.4574 -11.4775, 4.2307 3.5012 -11.4809, 4.2471 3.4811 -11.5073, 4.0692 3.3098 -11.4072, 4.0548 3.3222 -11.3969, 4.0829 3.3404 -11.388, 4.05 3.3264 -11.3934, 4.065 3.3549 -11.3725, 4.0303 3.3435 -11.3793, 4.0172 3.3561 -11.3632, 4.1329 3.4295 -11.3461, 4.143 3.4215 -11.364, 4.1184 3.4416 -11.3098, 4.1248 3.4362 -11.3283, 3.9956 3.3778 -11.3296, 3.9912 3.3824 -11.3203, 4.0236 3.392 -11.3075, 3.9869 3.3868 -11.3114, 4.0182 3.3973 -11.2897, 3.9822 3.392 -11.2926, 4.0145 3.401 -11.2714, 4.1136 3.4458 -11.2913, 4.1386 3.4726 -11.2955, 4.1708 3.5331 -11.3082, 4.1558 3.4987 -11.3006, 3.9764 3.3986 -11.2557, 4.0127 3.4029 -11.2548, 3.9778 3.397 -11.2735, 3.9779 3.3969 -11.2753, 4.1333 3.3428 -11.4012, 4.1138 3.357 -11.3867, 4.0966 3.37 -11.3706, 4.0837 3.3802 -11.3554, 4.0728 3.3892 -11.3393, 4.064 3.3967 -11.3229, 4.057 3.4028 -11.3058, 4.0518 3.4075 -11.2884, 4.0482 3.4108 -11.2705, 4.0465 3.4125 -11.2544, 4.0811 3.427 -11.2708, 4.0845 3.424 -11.2889, 4.0895 3.4198 -11.3065, 4.0962 3.4141 -11.324, 4.1046 3.4073 -11.3408, 4.1152 3.399 -11.3576, 4.1275 3.3896 -11.3735, 4.1439 3.3775 -11.3906, 4.1626 3.3642 -11.4065, 4.0793 3.2 -11.44, 1.95 3.2 -11.44, -1.95 3.2 -11.44, 0.0 3.2 -11.44, -1.0 -4.297 -8.8943, -1.0 -4.3913 -8.866, -1.0 -5.2757 -10.0, -1.0 -4.4759 -8.8155, -1.0 -4.5455 -8.7459, -1.0 -4.596 -8.6613, -1.0 -4.6243 -8.567, -1.0 -4.63 -8.5, -1.0 -4.23 -8.9, -1.0 -3.6 -10.0, -1.0 -3.6 -8.9, -0.8617 -4.5464 -7.3791, -0.8317 -4.5146 -7.3898, -0.8224 -4.5196 -7.3848, -0.8388 -4.508 -7.3963, -0.936 -4.5979 -7.4069, -0.9953 -4.5996 -7.5196, -0.9895 -4.5694 -7.55, -0.9857 -4.5602 -7.55, -0.9746 -4.5364 -7.5226, -0.9572 -4.5091 -7.55, -0.954 -4.505 -7.55, -0.936 -4.4869 -7.5179, -0.9414 -4.4886 -7.55, -0.9151 -4.4684 -7.55, -0.911 -4.4639 -7.5409, -0.8324 -4.4342 -7.5254, -0.8953 -4.4549 -7.55, -0.8755 -4.4466 -7.55, -0.8627 -4.443 -7.5165, -0.8518 -4.4368 -7.55, -0.8373 -4.4349 -7.55, -0.9808 -4.5695 -7.4895, -0.9746 -4.6026 -7.4564, -0.9517 -4.5712 -7.4337, -0.911 -4.6209 -7.3839, -0.8627 -4.5965 -7.363, -0.8324 -4.6054 -7.3542, -0.8116 -4.5227 -7.3816, -0.8226 -4.5624 -7.3631, -0.8436 -4.5562 -7.3693, -0.8756 -4.5336 -7.3919, -0.9085 -4.5641 -7.3955, -0.8432 -4.5004 -7.404, -0.8226 -4.4431 -7.4824, -0.8224 -4.4648 -7.4396, -0.8436 -4.4493 -7.4762, -0.8317 -4.4698 -7.4345, -0.8617 -4.4591 -7.4664, -0.8116 -4.4616 -7.4427, -0.8886 -4.5825 -7.3771, -0.8843 -4.5187 -7.4068, -0.9211 -4.5427 -7.4169, -0.9 -4.4568 -7.55, -0.8886 -4.4571 -7.5025, -0.9732 -4.53 -7.55, -0.9517 -4.5137 -7.4912, -0.9211 -4.4969 -7.4627, -0.9085 -4.4755 -7.4841, -0.8843 -4.4868 -7.4387, -0.8756 -4.4719 -7.4536, -0.8432 -4.484 -7.4204, -0.8388 -4.4763 -7.428, -0.957 -4.5424 -7.4624, -0.9253 -4.5198 -7.4398, -0.8873 -4.5027 -7.4227, -0.8448 -4.4922 -7.4122, -0.9932 -4.5782 -7.55, 0.8 -4.43 -8.5, -0.8 -4.43 -8.5, 0.8836 -4.5683 -7.3791, 0.9154 -4.5983 -7.3898, 0.9104 -4.6076 -7.3848, 0.922 -4.5912 -7.3963, 0.8321 -4.494 -7.4069, 0.8304 -4.4347 -7.5196, 0.8606 -4.4405 -7.55, 0.8698 -4.4443 -7.55, 0.8936 -4.4554 -7.5226, 0.9209 -4.4728 -7.55, 0.925 -4.476 -7.55, 0.9431 -4.494 -7.5179, 0.9414 -4.4886 -7.55, 0.9616 -4.5149 -7.55, 0.9661 -4.519 -7.5409, 0.9958 -4.5976 -7.5254, 0.9751 -4.5347 -7.55, 0.9834 -4.5545 -7.55, 0.987 -4.5673 -7.5165, 0.9932 -4.5782 -7.55, 0.9951 -4.5927 -7.55, 0.8605 -4.4492 -7.4895, 0.8274 -4.4554 -7.4564, 0.8588 -4.4783 -7.4337, 0.8091 -4.519 -7.3839, 0.8335 -4.5673 -7.363, 0.8246 -4.5976 -7.3542, 0.9073 -4.6184 -7.3816, 0.8676 -4.6074 -7.3631, 0.8738 -4.5864 -7.3693, 0.8964 -4.5544 -7.3919, 0.8659 -4.5215 -7.3955, 0.9296 -4.5868 -7.404, 0.9869 -4.6074 -7.4824, 0.9652 -4.6076 -7.4396, 0.9807 -4.5864 -7.4762, 0.9602 -4.5983 -7.4345, 0.9709 -4.5683 -7.4664, 0.9684 -4.6184 -7.4427, 0.8475 -4.5414 -7.3771, 0.9113 -4.5457 -7.4068, 0.8873 -4.5089 -7.4169, 0.9732 -4.53 -7.55, 0.9729 -4.5414 -7.5025, 0.9 -4.4568 -7.55, 0.9163 -4.4783 -7.4912, 0.9331 -4.5089 -7.4627, 0.9545 -4.5215 -7.4841, 0.9432 -4.5457 -7.4387, 0.9581 -4.5544 -7.4536, 0.946 -4.5868 -7.4204, 0.9537 -4.5912 -7.428, 0.8876 -4.473 -7.4624, 0.9102 -4.5047 -7.4398, 0.9273 -4.5427 -7.4227, 0.9378 -4.5852 -7.4122, 0.8518 -4.4368 -7.55, 1.0 -4.6243 -8.567, 1.0 -4.596 -8.6613, 1.0 -5.2757 -10.0, 1.0 -4.5455 -8.7459, 1.0 -4.4759 -8.8155, 1.0 -4.63 -8.5, 1.0 -4.3913 -8.866, 1.0 -4.297 -8.8943, 1.0 -3.6 -10.0, 1.0 -4.23 -8.9, 1.0 -3.6 -8.9, 1.0045 -5.3101 -10.0, 1.0068 -5.3275 -10.0, 1.0791 -5.4329 -10.0, 1.1 -5.4489 -10.0, 1.0141 -5.3452 -10.0, 1.0249 -5.3711 -10.0, 1.0268 -5.3757 -10.0, 1.0314 -5.3817 -10.0, 1.0586 -5.4172 -10.0, 1.0606 -5.4187 -10.0, 1.1059 -5.4514 -10.0, 1.1394 -5.4653 -10.0, 1.1482 -5.4689 -10.0, 1.1665 -5.4713 -10.0, -1.1482 -5.4689 -10.0, -1.1394 -5.4653 -10.0, -1.1302 -5.4614 -10.0, -1.1 -5.4489 -10.0, -1.0791 -5.4329 -10.0, -1.075 -5.4298 -10.0, -1.0586 -5.4172 -10.0, -1.0384 -5.3908 -10.0, -1.0268 -5.3757 -10.0, -1.0249 -5.3711 -10.0, -1.0166 -5.3512 -10.0, -1.0068 -5.3275 -10.0, -1.0049 -5.313 -10.0, -5.35 3.575 -11.85, -5.5118 3.5963 -11.85, -5.6625 3.6587 -11.85, -5.7919 3.7581 -11.85, -5.8913 3.8875 -11.85, -5.9537 4.0382 -11.85, -5.975 4.2 -11.85, -5.9537 4.3618 -11.85, -5.1882 3.5963 -11.85, -4.8087 4.5125 -11.85, -4.7463 4.3618 -11.85, -4.725 4.2 -11.85, -4.7463 4.0382 -11.85, -4.8087 3.8875 -11.85, -4.9081 3.7581 -11.85, -5.0375 3.6587 -11.85, -5.8913 4.5125 -11.85, -5.7919 4.6419 -11.85, -5.6625 4.7413 -11.85, -5.5118 4.8037 -11.85, -5.35 4.825 -11.85, -5.1882 4.8037 -11.85, -5.0375 4.7413 -11.85, -4.9081 4.6419 -11.85, 0.777 1.8748 -11.44, 0.7665 1.795 -11.44, -1.373 1.8748 -11.44, -1.3835 1.795 -11.44, -3.123 1.8748 -11.44, -3.1335 1.795 -11.44, 4.0793 -3.2 -11.44, -1.95 -2.6518 -11.44, 4.0793 -2.6518 -11.44, 4.0793 0.0 -11.44, -2.527 1.8748 -11.44, -2.5578 1.9492 -11.44, -2.6069 2.0131 -11.44, -2.6707 2.0622 -11.44, -3.0922 1.9492 -11.44, -3.123 1.7152 -11.44, -3.0922 1.6408 -11.44, -3.0431 1.5769 -11.44, -2.9048 2.093 -11.44, -2.825 2.1035 -11.44, -2.7452 2.093 -11.44, -2.9792 2.0622 -11.44, -3.0431 2.0131 -11.44, -1.95 0.0 -11.44, -2.7452 1.497 -11.44, -2.6707 1.5278 -11.44, -2.5165 1.795 -11.44, -2.527 1.7152 -11.44, -2.6069 1.5769 -11.44, -2.5578 1.6408 -11.44, -2.9792 1.5278 -11.44, -2.9048 1.497 -11.44, -2.825 1.4865 -11.44, -1.3422 1.6408 -11.44, -1.2931 1.5769 -11.44, -1.1548 2.093 -11.44, -1.2292 2.0622 -11.44, -1.373 1.7152 -11.44, -1.2931 2.0131 -11.44, -1.3422 1.9492 -11.44, -1.2292 1.5278 -11.44, -1.1548 1.497 -11.44, -1.075 1.4865 -11.44, -0.777 1.7152 -11.44, -0.7665 1.795 -11.44, -0.8569 2.0131 -11.44, -0.9207 2.0622 -11.44, -0.9952 2.093 -11.44, -1.075 2.1035 -11.44, -0.9952 1.497 -11.44, 0.0 0.0 -11.44, -0.9207 1.5278 -11.44, -0.8569 1.5769 -11.44, -0.8078 1.6408 -11.44, -0.777 1.8748 -11.44, -0.8078 1.9492 -11.44, 1.075 1.4865 -11.44, 1.1548 1.497 -11.44, 1.95 0.0 -11.44, 0.777 1.7152 -11.44, 0.8078 1.6408 -11.44, 0.8569 1.5769 -11.44, 0.9207 1.5278 -11.44, 0.9207 2.0622 -11.44, 0.8569 2.0131 -11.44, 0.8078 1.9492 -11.44, 1.2292 2.0622 -11.44, 1.2931 2.0131 -11.44, 1.3422 1.9492 -11.44, 0.9952 1.497 -11.44, 1.1548 2.093 -11.44, 1.075 2.1035 -11.44, 0.9952 2.093 -11.44, 1.2292 1.5278 -11.44, 1.2931 1.5769 -11.44, 1.3422 1.6408 -11.44, 1.373 1.7152 -11.44, 1.3835 1.795 -11.44, 1.373 1.8748 -11.44, 3.1335 1.795 -11.44, 3.123 1.8748 -11.44, 3.0922 1.9492 -11.44, 3.0431 2.0131 -11.44, 2.527 1.7152 -11.44, 2.5165 1.795 -11.44, 2.527 1.8748 -11.44, 2.5578 1.9492 -11.44, 3.123 1.7152 -11.44, 2.7452 2.093 -11.44, 2.6707 2.0622 -11.44, 2.6069 2.0131 -11.44, 2.5578 1.6408 -11.44, 2.6069 1.5769 -11.44, 2.6707 1.5278 -11.44, 2.9792 2.0622 -11.44, 2.9048 2.093 -11.44, 2.825 2.1035 -11.44, 2.9792 1.5278 -11.44, 3.0431 1.5769 -11.44, 3.0922 1.6408 -11.44, 2.7452 1.497 -11.44, 2.825 1.4865 -11.44, 2.9048 1.497 -11.44, -3.1335 -1.795 -11.44, -3.123 -1.7152 -11.44, -3.123 -1.8748 -11.44, -3.0922 -1.9492 -11.44, -3.0431 -2.0131 -11.44, -2.6707 -1.5278 -11.44, -2.6069 -1.5769 -11.44, -2.5578 -1.6408 -11.44, -2.7452 -2.093 -11.44, -2.6707 -2.0622 -11.44, -2.6069 -2.0131 -11.44, -2.5578 -1.9492 -11.44, -2.527 -1.8748 -11.44, -2.5165 -1.795 -11.44, -2.527 -1.7152 -11.44, -2.9792 -1.5278 -11.44, -3.0431 -1.5769 -11.44, -3.0922 -1.6408 -11.44, -2.9792 -2.0622 -11.44, -2.9048 -2.093 -11.44, -2.825 -2.1035 -11.44, -2.7452 -1.497 -11.44, -2.825 -1.4865 -11.44, -2.9048 -1.497 -11.44, -1.373 -1.8748 -11.44, -1.3422 -1.9492 -11.44, -1.2931 -2.0131 -11.44, -1.2292 -2.0622 -11.44, -0.9207 -2.0622 -11.44, -0.8569 -2.0131 -11.44, 0.0 -2.6518 -11.44, -0.8078 -1.9492 -11.44, -0.9952 -1.497 -11.44, -1.075 -1.4865 -11.44, -1.1548 -2.093 -11.44, -1.075 -2.1035 -11.44, -0.9952 -2.093 -11.44, -0.8078 -1.6408 -11.44, -0.8569 -1.5769 -11.44, -0.9207 -1.5278 -11.44, -1.1548 -1.497 -11.44, -1.2292 -1.5278 -11.44, -1.2931 -1.5769 -11.44, -1.3422 -1.6408 -11.44, -1.373 -1.7152 -11.44, -1.3835 -1.795 -11.44, -0.777 -1.8748 -11.44, -0.7665 -1.795 -11.44, -0.777 -1.7152 -11.44, 0.8569 -2.0131 -11.44, 0.8078 -1.9492 -11.44, 0.777 -1.8748 -11.44, 1.2931 -2.0131 -11.44, 1.95 -2.6518 -11.44, 1.2292 -2.0622 -11.44, 1.1548 -2.093 -11.44, 1.373 -1.7152 -11.44, 1.3422 -1.6408 -11.44, 1.1548 -1.497 -11.44, 1.075 -1.4865 -11.44, 0.9207 -2.0622 -11.44, 0.9952 -2.093 -11.44, 1.075 -2.1035 -11.44, 1.3835 -1.795 -11.44, 1.2931 -1.5769 -11.44, 1.2292 -1.5278 -11.44, 0.9952 -1.497 -11.44, 0.9207 -1.5278 -11.44, 0.8569 -1.5769 -11.44, 0.8078 -1.6408 -11.44, 0.777 -1.7152 -11.44, 0.7665 -1.795 -11.44, 1.3422 -1.9492 -11.44, 1.373 -1.8748 -11.44, 3.0431 -2.0131 -11.44, 3.0922 -1.9492 -11.44, 3.0922 -1.6408 -11.44, 3.0431 -1.5769 -11.44, 2.5165 -1.795 -11.44, 2.527 -1.8748 -11.44, 2.9792 -2.0622 -11.44, 2.5578 -1.9492 -11.44, 2.6069 -2.0131 -11.44, 2.6707 -2.0622 -11.44, 2.7452 -1.497 -11.44, 2.6707 -1.5278 -11.44, 2.527 -1.7152 -11.44, 3.123 -1.8748 -11.44, 3.1335 -1.795 -11.44, 3.123 -1.7152 -11.44, 2.6069 -1.5769 -11.44, 2.5578 -1.6408 -11.44, 2.7452 -2.093 -11.44, 2.825 -2.1035 -11.44, 2.9048 -2.093 -11.44, 2.9792 -1.5278 -11.44, 2.9048 -1.497 -11.44, 2.825 -1.4865 -11.44, 1.95 -3.2 -11.44, 0.0 -3.2 -11.44, -1.95 -3.2 -11.44, -5.35 -4.825 -11.85, -5.5118 -4.8037 -11.85, -5.6625 -4.7413 -11.85, -5.7919 -4.6419 -11.85, -5.8913 -4.5125 -11.85, -5.9537 -4.3618 -11.85, -5.975 -4.2 -11.85, -5.9537 -4.0382 -11.85, -5.1882 -4.8037 -11.85, -4.8087 -3.8875 -11.85, -4.7463 -4.0382 -11.85, -4.725 -4.2 -11.85, -4.7463 -4.3618 -11.85, -4.8087 -4.5125 -11.85, -4.9081 -4.6419 -11.85, -5.0375 -4.7413 -11.85, -5.8913 -3.8875 -11.85, -5.7919 -3.7581 -11.85, -5.6625 -3.6587 -11.85, -5.5118 -3.5963 -11.85, -5.35 -3.575 -11.85, -5.1882 -3.5963 -11.85, -5.0375 -3.6587 -11.85, -4.9081 -3.7581 -11.85, -0.9002 -3.4 -10.2648, -0.9557 -3.4 -10.3138, -0.9751 -3.4 -10.3309, -1.0395 -3.4 -10.3643, -1.0582 -3.4 -10.374, 1.0394 -3.4 -10.3641, 1.0155 -3.4 -10.355, 0.9554 -3.4 -10.3137, 0.9352 -3.4 -10.2998, 1.2 -3.4 -10.4, 1.1333 -3.4 -10.3917, 1.1022 -3.4 -10.3879, 0.8357 -3.4 -10.1605, -0.8121 -3.4 -10.0978, 0.8691 -3.4 -10.2249, -0.8359 -3.4 -10.1606, -0.845 -3.4 -10.1845, 0.8862 -3.4 -10.2443, -0.8863 -3.4 -10.2446, -1.1333 -3.4 -10.393, -1.1472 -3.4 -10.3966, -1.2 -3.4 -10.4, 0.826 -3.4 -10.1418, 0.807 -3.4 -10.0667, 0.8034 -3.4 -10.0528, 0.8 -3.4 -8.9, -0.8 -3.4 -8.9, 0.8 -3.4 -10.0, -0.8 -3.4 -10.0, -0.8083 -3.4 -10.0667, -1.2 -3.5665 -10.2028, -1.2 -3.5486 -10.2082, -1.2 -3.5193 -10.217, -1.2 -3.5008 -10.2281, -1.2 -3.4771 -10.2422, -1.2 -3.4597 -10.2597, -1.2 -3.4422 -10.2771, -1.2 -3.4281 -10.3008, -1.2 -3.417 -10.3193, -1.2 -3.4082 -10.3486, -1.2 -3.4028 -10.3665, -1.1784 -5.2757 -10.1988, -1.1665 -3.6 -10.1972, -1.1485 -5.2757 -10.1921, -1.1486 -3.6 -10.1918, -1.1345 -5.2757 -10.189, -1.1193 -3.6 -10.183, -1.1003 -5.2757 -10.1726, -1.1008 -3.6 -10.1719, -1.0938 -5.2757 -10.1695, -1.0771 -3.6 -10.1578, -1.0586 -5.2757 -10.1414, -1.0597 -3.6 -10.1403, -1.0305 -5.2757 -10.1062, -1.0422 -3.6 -10.1229, -1.0274 -5.2757 -10.0997, -1.0082 -3.6 -10.0514, -1.011 -5.2757 -10.0655, -1.017 -3.6 -10.0807, -1.0281 -3.6 -10.0992, -1.0028 -3.6 -10.0335, -1.0012 -5.2757 -10.0216, -1.0079 -5.2757 -10.0515, -1.0927 -5.2873 -10.1684, -1.0291 -5.3374 -10.0836, -1.0463 -5.3145 -10.122, -1.0398 -5.3074 -10.1154, -1.013 -5.3384 -10.0335, -1.0569 -5.4117 -10.0321, -1.1726 -5.4503 -10.0936, -1.1665 -5.3384 -10.187, -1.1909 -5.3868 -10.1661, -1.1525 -5.3644 -10.1729, -1.1679 -5.4117 -10.1431, -1.1412 -5.4274 -10.1163, -1.1696 -5.4711 -10.0304, -1.1395 -5.4565 -10.0605, -1.0837 -5.4274 -10.0588, -1.1064 -5.4503 -10.0274, -1.0271 -5.3644 -10.0475, -1.0339 -5.3868 -10.0091, -1.0042 -5.3082 -10.0246, -1.0316 -5.2873 -10.1073, -1.0131 -5.2983 -10.0677, -1.0193 -5.3194 -10.0738, -1.0348 -5.2981 -10.1104, -1.1324 -5.2983 -10.1869, -1.0846 -5.3074 -10.1602, -1.0896 -5.2981 -10.1652, -1.1164 -5.3374 -10.1709, -1.1262 -5.3194 -10.1807, -1.1754 -5.3082 -10.1958, -1.0419 -5.3513 -10.0964, -1.0455 -5.3843 -10.0659, -1.054 -5.319 -10.1296, -1.0568 -5.36 -10.1113, -1.0669 -5.3968 -10.0873, -1.0704 -5.319 -10.146, -1.078 -5.3145 -10.1537, -1.0887 -5.36 -10.1432, -1.1036 -5.3513 -10.1581, -1.1127 -5.3968 -10.1331, -1.1341 -5.3843 -10.1545, -1.0622 -5.3205 -10.1378, -1.0727 -5.363 -10.1273, -1.0898 -5.4011 -10.1102, -1.1124 -5.4328 -10.0876, 5.35 -4.825 -11.85, 5.1882 -4.8037 -11.85, 5.0375 -4.7413 -11.85, 4.9081 -4.6419 -11.85, 4.8087 -4.5125 -11.85, 4.7463 -4.3618 -11.85, 4.725 -4.2 -11.85, 4.7463 -4.0382 -11.85, 5.5118 -4.8037 -11.85, 5.7919 -3.7581 -11.85, 5.8913 -3.8875 -11.85, 5.9537 -4.0382 -11.85, 5.975 -4.2 -11.85, 5.9537 -4.3618 -11.85, 5.8913 -4.5125 -11.85, 5.7919 -4.6419 -11.85, 5.6625 -4.7413 -11.85, 4.8087 -3.8875 -11.85, 4.9081 -3.7581 -11.85, 5.0375 -3.6587 -11.85, 5.1882 -3.5963 -11.85, 5.35 -3.575 -11.85, 5.5118 -3.5963 -11.85, 5.6625 -3.6587 -11.85, 1.0314 -5.2864 -10.1071, 1.0305 -5.2757 -10.1062, 1.0586 -5.2757 -10.1414, 1.1189 -5.3336 -10.1734, 1.0801 -5.3126 -10.1558, 1.0859 -5.3054 -10.1615, 1.1955 -5.3799 -10.1707, 1.1755 -5.405 -10.1507, 1.153 -5.4696 -10.0137, 1.0293 -5.3799 -10.0045, 1.0037 -5.3057 -10.0242, 1.0113 -5.334 -10.0317, 1.0235 -5.3588 -10.0439, 1.0493 -5.405 -10.0245, 1.0942 -5.4448 -10.0152, 1.073 -5.4226 -10.0482, 1.1241 -5.4552 -10.0451, 1.1549 -5.4552 -10.0759, 1.1863 -5.4696 -10.047, 1.1518 -5.4226 -10.127, 1.1848 -5.4448 -10.1058, 1.1561 -5.3588 -10.1765, 1.0938 -5.2757 -10.1695, 1.0929 -5.2864 -10.1686, 1.1003 -5.2757 -10.1726, 1.1327 -5.2966 -10.1872, 1.1683 -5.334 -10.1887, 1.1274 -5.3163 -10.1819, 1.0902 -5.2965 -10.1659, 1.0128 -5.2966 -10.0673, 1.011 -5.2757 -10.0655, 1.0274 -5.2757 -10.0997, 1.1784 -5.2757 -10.1988, 1.1758 -5.3057 -10.1963, 1.1485 -5.2757 -10.1921, 1.1345 -5.2757 -10.189, 1.0385 -5.3054 -10.1141, 1.0341 -5.2965 -10.1098, 1.0266 -5.3336 -10.0811, 1.0181 -5.3163 -10.0726, 1.0012 -5.2757 -10.0216, 1.0079 -5.2757 -10.0515, 1.1078 -5.3476 -10.1623, 1.1401 -5.3789 -10.1606, 1.0734 -5.3176 -10.1491, 1.0946 -5.3573 -10.1491, 1.1212 -5.3929 -10.1416, 1.0509 -5.3176 -10.1266, 1.0442 -5.3126 -10.1199, 1.0509 -5.3573 -10.1054, 1.0377 -5.3476 -10.0922, 1.0584 -5.3929 -10.0788, 1.0394 -5.3789 -10.0599, 1.066 -5.3202 -10.1416, 1.0802 -5.3624 -10.1347, 1.1005 -5.4001 -10.1209, 1.1258 -5.4316 -10.101, 1.0584 -5.3202 -10.134, 1.0653 -5.3624 -10.1198, 1.0791 -5.4001 -10.0995, 1.099 -5.4316 -10.0742, 1.0028 -3.6 -10.0335, 1.0082 -3.6 -10.0514, 1.017 -3.6 -10.0807, 1.0281 -3.6 -10.0992, 1.0422 -3.6 -10.1229, 1.0597 -3.6 -10.1403, 1.0771 -3.6 -10.1578, 1.1008 -3.6 -10.1719, 1.1193 -3.6 -10.183, 1.1486 -3.6 -10.1918, 1.1665 -3.6 -10.1972, 1.2 -3.4755 -10.2438, 1.2 -3.4771 -10.2422, 1.2 -3.5136 -10.2204, 1.2 -3.5193 -10.217, 1.2 -3.5558 -10.206, 1.2 -3.5665 -10.2028, 1.2 -3.4438 -10.2755, 1.2 -3.4422 -10.2771, 1.2 -3.4204 -10.3136, 1.2 -3.417 -10.3193, 1.2 -3.406 -10.3558, 1.2 -3.4028 -10.3665, 5.35 3.575 -11.85, 5.1882 3.5963 -11.85, 5.0375 3.6587 -11.85, 4.9081 3.7581 -11.85, 4.8087 3.8875 -11.85, 4.7463 4.0382 -11.85, 4.725 4.2 -11.85, 4.7463 4.3618 -11.85, 5.5118 3.5963 -11.85, 5.7919 4.6419 -11.85, 5.8913 4.5125 -11.85, 5.9537 4.3618 -11.85, 5.975 4.2 -11.85, 5.9537 4.0382 -11.85, 5.8913 3.8875 -11.85, 5.7919 3.7581 -11.85, 5.6625 3.6587 -11.85, 4.8087 4.5125 -11.85, 4.9081 4.6419 -11.85, 5.0375 4.7413 -11.85, 5.1882 4.8037 -11.85, 5.35 4.825 -11.85, 5.5118 4.8037 -11.85, 5.6625 4.7413 -11.85, -0.8 -3.6 -8.7, -0.8 -4.23 -8.7, -0.8216 -3.6 -8.7012, -0.8335 -4.23 -8.7028, -0.8515 -3.6 -8.7079, -0.8514 -4.23 -8.7082, -0.8655 -3.6 -8.711, -0.8807 -4.23 -8.717, -0.8997 -3.6 -8.7274, -0.8992 -4.23 -8.7281, -0.9062 -3.6 -8.7305, -0.9229 -4.23 -8.7422, -0.9414 -3.6 -8.7586, -0.9918 -4.23 -8.8486, -0.989 -3.6 -8.8345, -0.983 -4.23 -8.8193, -0.9726 -3.6 -8.8003, -0.9719 -4.23 -8.8008, -0.9695 -3.6 -8.7938, -0.9578 -4.23 -8.7771, -0.9403 -4.23 -8.7597, -0.9972 -4.23 -8.8665, -0.9988 -3.6 -8.8784, -0.9921 -3.6 -8.8485, -0.8 -4.2814 -8.6918, -0.8 -4.3107 -8.683, -0.8335 -4.3118 -8.6856, -0.8 -4.3292 -8.6719, -0.8 -4.3529 -8.6578, -0.8335 -4.3547 -8.66, -0.8 -4.4019 -8.5992, -0.8 -4.413 -8.5807, -0.8335 -4.4156 -8.5818, -0.8 -4.4218 -8.5514, -0.8 -4.4272 -8.5335, -0.8335 -4.43 -8.534, -0.9972 -4.5913 -8.5614, -0.983 -4.5448 -8.5535, -0.9918 -4.5786 -8.5, -0.9972 -4.5965 -8.5, -0.9578 -4.5031 -8.5464, -0.9719 -4.5308 -8.5, -0.983 -4.5493 -8.5, -0.8992 -4.4581 -8.5, -0.9229 -4.4722 -8.5, -0.9229 -4.4688 -8.5406, -0.9403 -4.4897 -8.5, -0.9578 -4.5071 -8.5, -0.8807 -4.447 -8.5, -0.8807 -4.4439 -8.5363, -0.8514 -4.4382 -8.5, -0.8335 -4.4328 -8.5, -0.8 -4.3878 -8.6229, -0.8 -4.2635 -8.6972, -0.8335 -4.264 -8.7, -0.8807 -4.2663 -8.7139, -0.9229 -4.2706 -8.7388, -0.9578 -4.2764 -8.7731, -0.983 -4.2835 -8.8148, -0.9972 -4.2914 -8.8613, -0.9972 -4.3778 -8.8354, -0.983 -4.3588 -8.7922, -0.9578 -4.3417 -8.7535, -0.9229 -4.3277 -8.7217, -0.8807 -4.3175 -8.6986, -0.9972 -4.4553 -8.7891, -0.983 -4.4263 -8.7519, -0.9578 -4.4003 -8.7185, -0.9229 -4.3789 -8.6911, -0.8807 -4.3634 -8.6712, -0.9972 -4.5191 -8.7253, -0.983 -4.4819 -8.6963, -0.9578 -4.4485 -8.6703, -0.9229 -4.4211 -8.6489, -0.8807 -4.4012 -8.6334, -0.8335 -4.39 -8.6247, -0.8 -4.3703 -8.6403, -0.9972 -4.5654 -8.6478, -0.983 -4.5222 -8.6288, -0.9578 -4.4835 -8.6117, -0.9229 -4.4517 -8.5977, -0.8807 -4.4286 -8.5875, -0.8335 -3.4028 -10.0, -0.8518 -3.4068 -8.9, -0.8514 -3.4082 -10.0, -0.8606 -3.4105 -8.9, -0.8807 -3.417 -10.0, -0.8698 -3.4143 -8.9, -0.8992 -3.4281 -10.0, -0.9 -3.4268 -8.9, -0.9229 -3.4422 -10.0, -0.9209 -3.4428 -8.9, -0.9403 -3.4597 -10.0, -0.925 -3.446 -8.9, -0.9414 -3.4586 -8.9, -0.9578 -3.4771 -10.0, -0.9616 -3.4849 -8.9, -0.9719 -3.5008 -10.0, -0.9732 -3.5 -8.9, -0.983 -3.5193 -10.0, -0.9951 -3.5627 -8.9, -0.9972 -3.5665 -10.0, -0.9932 -3.5482 -8.9, -0.9918 -3.5486 -10.0, -0.9834 -3.5245 -8.9, -0.9751 -3.5047 -8.9, 0.8 -4.23 -8.7, 0.8 -4.2635 -8.6972, 0.8 -4.2814 -8.6918, 0.8 -4.3107 -8.683, 0.8 -4.3292 -8.6719, 0.8 -4.3529 -8.6578, 0.8 -4.3703 -8.6403, 0.8 -4.3878 -8.6229, 0.8 -4.4019 -8.5992, 0.8 -4.413 -8.5807, 0.8 -4.4218 -8.5514, 0.8 -4.4272 -8.5335, 0.8807 -4.447 -8.5, 0.8514 -4.4382 -8.5, 0.8335 -4.4328 -8.5, 0.9229 -4.4722 -8.5, 0.8992 -4.4581 -8.5, 0.983 -4.5493 -8.5, 0.9719 -4.5308 -8.5, 0.9578 -4.5071 -8.5, 0.9403 -4.4897 -8.5, 0.9972 -4.5965 -8.5, 0.9918 -4.5786 -8.5, 0.8335 -4.4156 -8.5818, 0.8335 -4.3118 -8.6856, 0.8335 -4.264 -8.7, 0.9972 -4.2914 -8.8613, 0.983 -4.2835 -8.8148, 0.9918 -4.23 -8.8486, 0.9972 -4.23 -8.8665, 0.9578 -4.2764 -8.7731, 0.9719 -4.23 -8.8008, 0.983 -4.23 -8.8193, 0.8992 -4.23 -8.7281, 0.9229 -4.23 -8.7422, 0.9229 -4.2706 -8.7388, 0.9403 -4.23 -8.7597, 0.9578 -4.23 -8.7771, 0.8807 -4.23 -8.717, 0.8807 -4.2663 -8.7139, 0.8514 -4.23 -8.7082, 0.8335 -4.23 -8.7028, 0.8335 -4.3547 -8.66, 0.8335 -4.43 -8.534, 0.8807 -4.4439 -8.5363, 0.9229 -4.4688 -8.5406, 0.9578 -4.5031 -8.5464, 0.983 -4.5448 -8.5535, 0.9972 -4.5913 -8.5614, 0.8807 -4.3175 -8.6986, 0.9229 -4.3277 -8.7217, 0.9578 -4.3417 -8.7535, 0.983 -4.3588 -8.7922, 0.9972 -4.3778 -8.8354, 0.8807 -4.3634 -8.6712, 0.9229 -4.3789 -8.6911, 0.9578 -4.4003 -8.7185, 0.983 -4.4263 -8.7519, 0.9972 -4.4553 -8.7891, 0.8335 -4.39 -8.6247, 0.8807 -4.4012 -8.6334, 0.9229 -4.4211 -8.6489, 0.9578 -4.4485 -8.6703, 0.983 -4.4819 -8.6963, 0.9972 -4.5191 -8.7253, 0.8807 -4.4286 -8.5875, 0.9229 -4.4517 -8.5977, 0.9578 -4.4835 -8.6117, 0.983 -4.5222 -8.6288, 0.9972 -4.5654 -8.6478, 0.8 -3.6 -8.7, 0.8373 -3.6 -8.7049, 0.8518 -3.6 -8.7068, 0.8755 -3.6 -8.7166, 0.8953 -3.6 -8.7249, 0.9 -3.6 -8.7268, 0.9151 -3.6 -8.7384, 0.9414 -3.6 -8.7586, 0.954 -3.6 -8.775, 0.9572 -3.6 -8.7791, 0.9732 -3.6 -8.8, 0.9857 -3.6 -8.8302, 0.9895 -3.6 -8.8394, 0.9932 -3.6 -8.8482, 0.8373 -3.4049 -8.9, 0.8335 -3.4028 -10.0, 0.8518 -3.4068 -8.9, 0.8514 -3.4082 -10.0, 0.8755 -3.4166 -8.9, 0.8807 -3.417 -10.0, 0.9403 -3.4597 -10.0, 0.9414 -3.4586 -8.9, 0.9229 -3.4422 -10.0, 0.9151 -3.4384 -8.9, 0.8992 -3.4281 -10.0, 0.9 -3.4268 -8.9, 0.8953 -3.4249 -8.9, 0.9972 -3.5665 -10.0, 0.9932 -3.5482 -8.9, 0.9918 -3.5486 -10.0, 0.9895 -3.5394 -8.9, 0.983 -3.5193 -10.0, 0.9857 -3.5302 -8.9, 0.9719 -3.5008 -10.0, 0.9732 -3.5 -8.9, 0.9578 -3.4771 -10.0, 0.9572 -3.4791 -8.9, 0.954 -3.475 -8.9, -4.725 4.2 -11.45, -4.7463 4.3618 -11.45, -4.8087 4.5125 -11.45, -4.9081 4.6419 -11.45, -5.0375 4.7413 -11.45, -5.1882 4.8037 -11.45, -5.35 4.825 -11.45, -5.5118 4.8037 -11.45, -5.6625 4.7413 -11.45, -5.7919 4.6419 -11.45, -5.8913 4.5125 -11.45, -5.9537 4.3618 -11.45, -5.975 4.2 -11.45, -5.9537 4.0382 -11.45, -5.8913 3.8875 -11.45, -5.7919 3.7581 -11.45, -5.6625 3.6587 -11.45, -5.5118 3.5963 -11.45, -5.35 3.575 -11.45, -5.1882 3.5963 -11.45, -5.0375 3.6587 -11.45, -4.9081 3.7581 -11.45, -4.8087 3.8875 -11.45, -4.7463 4.0382 -11.45, -4.7463 4.0382 -11.45
            ]
        }
        coordIndex [
            0,1,2,-1,2,1,3,-1,2,3,4,-1,4,3,5,-1,4,5,6,-1,6,5,7,-1,7,8,6,-1,6,8,9,-1,9,8,10,-1,10,8,11,-1,10,11,12,-1,12,11,13,-1,12,13,14,-1,14,13,15,-1,15,16,14,-1,14,16,17,-1,17,16,18,-1,18,16,19,-1,18,19,20,-1,20,19,21,-1,20,21,22,-1,22,21,23,-1,23,24,22,-1,22,24,25,-1,25,24,26,-1,26,24,27,-1,26,27,28,-1,28,27,29,-1,28,29,30,-1,30,29,31,-1,31,32,30,-1,30,32,33,-1,33,32,34,-1,34,32,35,-1,34,35,36,-1,36,35,37,-1,36,37,38,-1,38,37,39,-1,39,40,38,-1,38,40,41,-1,41,40,42,-1,42,40,43,-1,42,43,44,-1,44,43,45,-1,44,45,46,-1,46,45,47,-1,47,48,46,-1,46,48,49,-1,49,48,50,-1,50,48,51,-1,50,51,52,-1,52,51,53,-1,52,53,54,-1,54,53,55,-1,55,56,54,-1,54,56,57,-1,57,56,58,-1,58,56,59,-1,58,59,60,-1,60,59,61,-1,60,61,62,-1,62,61,63,-1,63,1,62,-1,62,1,0,-1,61,59,64,-1,65,53,51,-1,11,8,66,-1,66,8,67,-1,51,48,65,-1,65,48,47,-1,65,47,68,-1,68,47,45,-1,45,43,68,-1,68,43,40,-1,68,40,69,-1,29,27,70,-1,70,27,24,-1,70,24,71,-1,72,21,19,-1,67,8,73,-1,73,8,7,-1,73,7,5,-1,5,3,73,-1,73,3,1,-1,73,1,64,-1,64,1,63,-1,64,63,61,-1,74,56,65,-1,65,56,55,-1,65,55,53,-1,69,40,75,-1,75,40,39,-1,75,39,37,-1,71,24,72,-1,72,24,23,-1,72,23,21,-1,76,77,78,-1,37,35,75,-1,75,35,32,-1,75,32,70,-1,70,32,31,-1,70,31,29,-1,19,16,72,-1,72,16,15,-1,72,15,66,-1,66,15,13,-1,66,13,11,-1,79,80,81,-1,82,83,67,-1,67,83,84,-1,67,84,66,-1,59,56,64,-1,64,56,74,-1,64,74,78,-1,78,74,85,-1,78,85,76,-1,86,87,69,-1,69,87,88,-1,69,88,89,-1,89,90,69,-1,69,90,91,-1,69,91,68,-1,92,93,71,-1,71,93,94,-1,71,94,95,-1,95,96,71,-1,71,96,97,-1,71,97,70,-1,98,99,100,-1,100,99,101,-1,98,102,99,-1,99,102,103,-1,99,103,67,-1,67,103,104,-1,67,104,82,-1,105,106,107,-1,107,106,108,-1,77,109,78,-1,78,109,106,-1,78,106,110,-1,110,106,105,-1,86,111,87,-1,87,111,112,-1,87,112,113,-1,113,112,114,-1,92,71,81,-1,81,71,115,-1,81,115,79,-1,116,117,118,-1,119,120,121,-1,122,123,124,-1,125,126,127,-1,128,129,130,-1,131,132,133,-1,134,135,136,-1,137,138,139,-1,140,141,142,-1,73,143,144,-1,73,144,67,-1,67,144,145,-1,67,145,99,-1,99,145,146,-1,99,146,101,-1,101,146,147,-1,101,147,100,-1,100,147,148,-1,100,148,98,-1,98,148,149,-1,98,149,102,-1,102,149,150,-1,102,150,103,-1,103,150,151,-1,103,151,104,-1,104,151,152,-1,104,152,82,-1,82,152,153,-1,82,153,83,-1,83,153,142,-1,83,142,84,-1,84,142,141,-1,84,141,66,-1,154,155,156,-1,156,155,157,-1,156,157,158,-1,158,157,159,-1,158,159,160,-1,160,159,161,-1,160,161,162,-1,162,161,163,-1,163,161,164,-1,163,164,165,-1,165,164,166,-1,166,164,167,-1,166,167,168,-1,168,167,169,-1,168,169,170,-1,170,169,171,-1,170,171,172,-1,172,171,173,-1,173,171,174,-1,173,174,175,-1,175,174,176,-1,176,174,177,-1,176,177,178,-1,178,177,179,-1,178,179,180,-1,181,182,179,-1,179,182,183,-1,179,183,180,-1,184,182,185,-1,185,182,181,-1,185,181,186,-1,155,128,157,-1,157,128,130,-1,157,130,159,-1,159,130,187,-1,159,187,161,-1,161,187,188,-1,161,188,164,-1,164,188,189,-1,164,189,167,-1,167,189,190,-1,167,190,169,-1,169,190,191,-1,169,191,171,-1,171,191,192,-1,171,192,174,-1,174,192,193,-1,174,193,177,-1,177,193,194,-1,177,194,179,-1,179,194,195,-1,179,195,181,-1,181,195,127,-1,181,127,186,-1,186,127,126,-1,129,131,130,-1,130,131,133,-1,130,133,187,-1,187,133,196,-1,187,196,188,-1,188,196,197,-1,188,197,189,-1,189,197,198,-1,189,198,190,-1,190,198,199,-1,190,199,191,-1,191,199,200,-1,191,200,192,-1,192,200,201,-1,192,201,193,-1,193,201,202,-1,193,202,194,-1,194,202,203,-1,194,203,195,-1,195,203,204,-1,195,204,127,-1,127,204,124,-1,127,124,125,-1,125,124,123,-1,132,134,133,-1,133,134,136,-1,133,136,196,-1,196,136,205,-1,196,205,197,-1,197,205,206,-1,197,206,198,-1,198,206,207,-1,198,207,199,-1,199,207,208,-1,199,208,200,-1,200,208,209,-1,200,209,201,-1,201,209,210,-1,201,210,202,-1,202,210,211,-1,202,211,203,-1,203,211,212,-1,203,212,204,-1,204,212,213,-1,204,213,124,-1,124,213,121,-1,124,121,122,-1,122,121,120,-1,135,137,136,-1,136,137,139,-1,136,139,205,-1,205,139,214,-1,205,214,206,-1,206,214,215,-1,206,215,207,-1,207,215,216,-1,207,216,208,-1,208,216,217,-1,208,217,209,-1,209,217,218,-1,209,218,210,-1,210,218,219,-1,210,219,211,-1,211,219,220,-1,211,220,212,-1,212,220,221,-1,212,221,213,-1,213,221,222,-1,213,222,121,-1,121,222,118,-1,121,118,119,-1,119,118,117,-1,138,140,139,-1,139,140,142,-1,139,142,214,-1,214,142,153,-1,214,153,215,-1,215,153,152,-1,215,152,216,-1,216,152,151,-1,216,151,217,-1,217,151,150,-1,217,150,218,-1,218,150,149,-1,218,149,219,-1,219,149,148,-1,219,148,220,-1,220,148,147,-1,220,147,221,-1,221,147,146,-1,221,146,222,-1,222,146,145,-1,222,145,118,-1,118,145,144,-1,118,144,116,-1,116,144,143,-1,154,223,155,-1,155,223,224,-1,155,224,128,-1,128,224,225,-1,128,225,129,-1,129,225,226,-1,129,226,131,-1,131,226,227,-1,131,227,132,-1,132,227,228,-1,132,228,134,-1,134,228,229,-1,134,229,135,-1,135,229,230,-1,135,230,137,-1,137,230,231,-1,137,231,138,-1,138,231,232,-1,138,232,140,-1,140,232,233,-1,140,233,141,-1,141,233,234,-1,141,234,66,-1,66,234,72,-1,233,232,235,-1,231,230,236,-1,229,228,237,-1,227,226,238,-1,239,240,241,-1,242,243,244,-1,245,246,247,-1,248,249,250,-1,251,252,253,-1,72,234,254,-1,72,254,71,-1,71,254,255,-1,71,255,115,-1,115,255,256,-1,115,256,79,-1,79,256,257,-1,79,257,80,-1,80,257,258,-1,80,258,81,-1,81,258,259,-1,81,259,92,-1,92,259,260,-1,92,260,93,-1,93,260,261,-1,93,261,94,-1,94,261,262,-1,94,262,95,-1,95,262,263,-1,95,263,96,-1,96,263,253,-1,96,253,97,-1,97,253,252,-1,97,252,70,-1,264,265,266,-1,266,265,267,-1,266,267,268,-1,268,267,269,-1,268,269,270,-1,270,269,271,-1,270,271,272,-1,272,271,273,-1,273,271,274,-1,273,274,275,-1,275,274,276,-1,276,274,277,-1,276,277,278,-1,278,277,279,-1,278,279,280,-1,280,279,281,-1,280,281,282,-1,282,281,283,-1,283,281,284,-1,283,284,285,-1,285,284,286,-1,286,284,287,-1,286,287,288,-1,288,287,289,-1,288,289,290,-1,291,292,289,-1,289,292,293,-1,289,293,290,-1,223,292,224,-1,224,292,291,-1,224,291,225,-1,265,239,267,-1,267,239,241,-1,267,241,269,-1,269,241,294,-1,269,294,271,-1,271,294,295,-1,271,295,274,-1,274,295,296,-1,274,296,277,-1,277,296,297,-1,277,297,279,-1,279,297,298,-1,279,298,281,-1,281,298,299,-1,281,299,284,-1,284,299,300,-1,284,300,287,-1,287,300,301,-1,287,301,289,-1,289,301,302,-1,289,302,291,-1,291,302,238,-1,291,238,225,-1,225,238,226,-1,240,242,241,-1,241,242,244,-1,241,244,294,-1,294,244,303,-1,294,303,295,-1,295,303,304,-1,295,304,296,-1,296,304,305,-1,296,305,297,-1,297,305,306,-1,297,306,298,-1,298,306,307,-1,298,307,299,-1,299,307,308,-1,299,308,300,-1,300,308,309,-1,300,309,301,-1,301,309,310,-1,301,310,302,-1,302,310,311,-1,302,311,238,-1,238,311,237,-1,238,237,227,-1,227,237,228,-1,243,245,244,-1,244,245,247,-1,244,247,303,-1,303,247,312,-1,303,312,304,-1,304,312,313,-1,304,313,305,-1,305,313,314,-1,305,314,306,-1,306,314,315,-1,306,315,307,-1,307,315,316,-1,307,316,308,-1,308,316,317,-1,308,317,309,-1,309,317,318,-1,309,318,310,-1,310,318,319,-1,310,319,311,-1,311,319,320,-1,311,320,237,-1,237,320,236,-1,237,236,229,-1,229,236,230,-1,246,248,247,-1,247,248,250,-1,247,250,312,-1,312,250,321,-1,312,321,313,-1,313,321,322,-1,313,322,314,-1,314,322,323,-1,314,323,315,-1,315,323,324,-1,315,324,316,-1,316,324,325,-1,316,325,317,-1,317,325,326,-1,317,326,318,-1,318,326,327,-1,318,327,319,-1,319,327,328,-1,319,328,320,-1,320,328,329,-1,320,329,236,-1,236,329,235,-1,236,235,231,-1,231,235,232,-1,249,251,250,-1,250,251,253,-1,250,253,321,-1,321,253,263,-1,321,263,322,-1,322,263,262,-1,322,262,323,-1,323,262,261,-1,323,261,324,-1,324,261,260,-1,324,260,325,-1,325,260,259,-1,325,259,326,-1,326,259,258,-1,326,258,327,-1,327,258,257,-1,327,257,328,-1,328,257,256,-1,328,256,329,-1,329,256,255,-1,329,255,235,-1,235,255,254,-1,235,254,233,-1,233,254,234,-1,75,70,330,-1,330,70,252,-1,330,252,331,-1,331,252,251,-1,331,251,332,-1,332,251,249,-1,332,249,333,-1,333,249,248,-1,333,248,334,-1,334,248,246,-1,334,246,335,-1,335,246,245,-1,335,245,336,-1,336,245,243,-1,336,243,337,-1,337,243,242,-1,337,242,338,-1,338,242,240,-1,338,240,339,-1,339,240,239,-1,339,239,340,-1,340,239,265,-1,340,265,341,-1,341,265,264,-1,331,332,342,-1,333,334,343,-1,335,336,344,-1,337,338,345,-1,346,347,348,-1,349,350,351,-1,352,353,354,-1,355,356,357,-1,358,359,360,-1,75,330,361,-1,75,361,69,-1,69,361,362,-1,69,362,86,-1,86,362,363,-1,86,363,111,-1,111,363,364,-1,111,364,112,-1,112,364,365,-1,112,365,114,-1,114,365,366,-1,114,366,113,-1,113,366,367,-1,113,367,87,-1,87,367,368,-1,87,368,88,-1,88,368,369,-1,88,369,89,-1,89,369,370,-1,89,370,90,-1,90,370,360,-1,90,360,91,-1,91,360,359,-1,91,359,68,-1,371,372,373,-1,373,372,374,-1,373,374,375,-1,375,374,376,-1,375,376,377,-1,377,376,378,-1,377,378,379,-1,379,378,380,-1,380,378,381,-1,380,381,382,-1,382,381,383,-1,383,381,384,-1,383,384,385,-1,385,384,386,-1,385,386,387,-1,387,386,388,-1,387,388,389,-1,389,388,390,-1,390,388,391,-1,390,391,392,-1,392,391,393,-1,393,391,394,-1,393,394,395,-1,395,394,396,-1,395,396,397,-1,398,399,396,-1,396,399,400,-1,396,400,397,-1,341,399,340,-1,340,399,398,-1,340,398,339,-1,372,346,374,-1,374,346,348,-1,374,348,376,-1,376,348,401,-1,376,401,378,-1,378,401,402,-1,378,402,381,-1,381,402,403,-1,381,403,384,-1,384,403,404,-1,384,404,386,-1,386,404,405,-1,386,405,388,-1,388,405,406,-1,388,406,391,-1,391,406,407,-1,391,407,394,-1,394,407,408,-1,394,408,396,-1,396,408,409,-1,396,409,398,-1,398,409,345,-1,398,345,339,-1,339,345,338,-1,347,349,348,-1,348,349,351,-1,348,351,401,-1,401,351,410,-1,401,410,402,-1,402,410,411,-1,402,411,403,-1,403,411,412,-1,403,412,404,-1,404,412,413,-1,404,413,405,-1,405,413,414,-1,405,414,406,-1,406,414,415,-1,406,415,407,-1,407,415,416,-1,407,416,408,-1,408,416,417,-1,408,417,409,-1,409,417,418,-1,409,418,345,-1,345,418,344,-1,345,344,337,-1,337,344,336,-1,350,352,351,-1,351,352,354,-1,351,354,410,-1,410,354,419,-1,410,419,411,-1,411,419,420,-1,411,420,412,-1,412,420,421,-1,412,421,413,-1,413,421,422,-1,413,422,414,-1,414,422,423,-1,414,423,415,-1,415,423,424,-1,415,424,416,-1,416,424,425,-1,416,425,417,-1,417,425,426,-1,417,426,418,-1,418,426,427,-1,418,427,344,-1,344,427,343,-1,344,343,335,-1,335,343,334,-1,353,355,354,-1,354,355,357,-1,354,357,419,-1,419,357,428,-1,419,428,420,-1,420,428,429,-1,420,429,421,-1,421,429,430,-1,421,430,422,-1,422,430,431,-1,422,431,423,-1,423,431,432,-1,423,432,424,-1,424,432,433,-1,424,433,425,-1,425,433,434,-1,425,434,426,-1,426,434,435,-1,426,435,427,-1,427,435,436,-1,427,436,343,-1,343,436,342,-1,343,342,333,-1,333,342,332,-1,356,358,357,-1,357,358,360,-1,357,360,428,-1,428,360,370,-1,428,370,429,-1,429,370,369,-1,429,369,430,-1,430,369,368,-1,430,368,431,-1,431,368,367,-1,431,367,432,-1,432,367,366,-1,432,366,433,-1,433,366,365,-1,433,365,434,-1,434,365,364,-1,434,364,435,-1,435,364,363,-1,435,363,436,-1,436,363,362,-1,436,362,342,-1,342,362,361,-1,342,361,331,-1,331,361,330,-1,65,68,437,-1,437,68,359,-1,437,359,438,-1,438,359,358,-1,438,358,439,-1,439,358,356,-1,439,356,440,-1,440,356,355,-1,440,355,441,-1,441,355,353,-1,441,353,442,-1,442,353,352,-1,442,352,443,-1,443,352,350,-1,443,350,444,-1,444,350,349,-1,444,349,445,-1,445,349,347,-1,445,347,446,-1,446,347,346,-1,446,346,447,-1,447,346,372,-1,447,372,448,-1,448,372,371,-1,438,439,449,-1,440,441,450,-1,442,443,451,-1,444,445,452,-1,453,454,455,-1,456,457,458,-1,459,460,461,-1,462,463,464,-1,465,466,467,-1,65,437,468,-1,65,468,74,-1,74,468,469,-1,74,469,85,-1,85,469,470,-1,85,470,76,-1,76,470,471,-1,76,471,77,-1,77,471,472,-1,77,472,109,-1,109,472,473,-1,109,473,106,-1,106,473,474,-1,106,474,108,-1,108,474,475,-1,108,475,107,-1,107,475,476,-1,107,476,105,-1,105,476,477,-1,105,477,110,-1,110,477,467,-1,110,467,78,-1,78,467,466,-1,78,466,64,-1,478,479,480,-1,480,479,481,-1,480,481,482,-1,482,481,483,-1,482,483,484,-1,484,483,485,-1,484,485,486,-1,486,485,487,-1,487,485,488,-1,487,488,489,-1,489,488,490,-1,490,488,491,-1,490,491,492,-1,492,491,493,-1,492,493,494,-1,494,493,495,-1,494,495,496,-1,496,495,497,-1,497,495,498,-1,497,498,499,-1,499,498,500,-1,500,498,501,-1,500,501,502,-1,502,501,503,-1,502,503,504,-1,505,506,503,-1,503,506,507,-1,503,507,504,-1,448,506,447,-1,447,506,505,-1,447,505,446,-1,479,453,481,-1,481,453,455,-1,481,455,483,-1,483,455,508,-1,483,508,485,-1,485,508,509,-1,485,509,488,-1,488,509,510,-1,488,510,491,-1,491,510,511,-1,491,511,493,-1,493,511,512,-1,493,512,495,-1,495,512,513,-1,495,513,498,-1,498,513,514,-1,498,514,501,-1,501,514,515,-1,501,515,503,-1,503,515,516,-1,503,516,505,-1,505,516,452,-1,505,452,446,-1,446,452,445,-1,454,456,455,-1,455,456,458,-1,455,458,508,-1,508,458,517,-1,508,517,509,-1,509,517,518,-1,509,518,510,-1,510,518,519,-1,510,519,511,-1,511,519,520,-1,511,520,512,-1,512,520,521,-1,512,521,513,-1,513,521,522,-1,513,522,514,-1,514,522,523,-1,514,523,515,-1,515,523,524,-1,515,524,516,-1,516,524,525,-1,516,525,452,-1,452,525,451,-1,452,451,444,-1,444,451,443,-1,457,459,458,-1,458,459,461,-1,458,461,517,-1,517,461,526,-1,517,526,518,-1,518,526,527,-1,518,527,519,-1,519,527,528,-1,519,528,520,-1,520,528,529,-1,520,529,521,-1,521,529,530,-1,521,530,522,-1,522,530,531,-1,522,531,523,-1,523,531,532,-1,523,532,524,-1,524,532,533,-1,524,533,525,-1,525,533,534,-1,525,534,451,-1,451,534,450,-1,451,450,442,-1,442,450,441,-1,460,462,461,-1,461,462,464,-1,461,464,526,-1,526,464,535,-1,526,535,527,-1,527,535,536,-1,527,536,528,-1,528,536,537,-1,528,537,529,-1,529,537,538,-1,529,538,530,-1,530,538,539,-1,530,539,531,-1,531,539,540,-1,531,540,532,-1,532,540,541,-1,532,541,533,-1,533,541,542,-1,533,542,534,-1,534,542,543,-1,534,543,450,-1,450,543,449,-1,450,449,440,-1,440,449,439,-1,463,465,464,-1,464,465,467,-1,464,467,535,-1,535,467,477,-1,535,477,536,-1,536,477,476,-1,536,476,537,-1,537,476,475,-1,537,475,538,-1,538,475,474,-1,538,474,539,-1,539,474,473,-1,539,473,540,-1,540,473,472,-1,540,472,541,-1,541,472,471,-1,541,471,542,-1,542,471,470,-1,542,470,543,-1,543,470,469,-1,543,469,449,-1,449,469,468,-1,449,468,438,-1,438,468,437,-1,73,64,143,-1,143,64,466,-1,143,466,116,-1,116,466,465,-1,116,465,117,-1,117,465,463,-1,117,463,119,-1,119,463,462,-1,119,462,120,-1,120,462,460,-1,120,460,122,-1,122,460,459,-1,122,459,123,-1,123,459,457,-1,123,457,125,-1,125,457,456,-1,125,456,126,-1,126,456,454,-1,126,454,186,-1,186,454,453,-1,186,453,185,-1,185,453,479,-1,185,479,184,-1,184,479,478,-1,544,154,545,-1,545,154,156,-1,545,156,546,-1,546,156,158,-1,546,158,547,-1,547,158,160,-1,547,160,548,-1,548,160,162,-1,548,162,549,-1,549,162,163,-1,549,163,550,-1,550,163,165,-1,550,165,551,-1,551,165,166,-1,551,166,552,-1,552,166,168,-1,552,168,553,-1,553,168,170,-1,553,170,554,-1,554,170,172,-1,554,172,555,-1,555,172,173,-1,555,173,556,-1,556,173,175,-1,556,175,557,-1,557,175,176,-1,557,176,558,-1,558,176,178,-1,558,178,559,-1,559,178,180,-1,559,180,560,-1,560,180,183,-1,560,183,561,-1,561,183,182,-1,561,182,562,-1,562,182,184,-1,544,563,154,-1,154,563,223,-1,564,264,565,-1,565,264,266,-1,565,266,566,-1,566,266,268,-1,566,268,567,-1,567,268,270,-1,567,270,568,-1,568,270,272,-1,568,272,569,-1,569,272,273,-1,569,273,570,-1,570,273,275,-1,570,275,571,-1,571,275,276,-1,571,276,572,-1,572,276,278,-1,572,278,573,-1,573,278,280,-1,573,280,574,-1,574,280,282,-1,574,282,575,-1,575,282,283,-1,575,283,576,-1,576,283,285,-1,576,285,577,-1,577,285,286,-1,577,286,578,-1,578,286,288,-1,578,288,579,-1,579,288,290,-1,579,290,580,-1,580,290,293,-1,580,293,581,-1,581,293,292,-1,581,292,563,-1,563,292,223,-1,582,583,341,-1,584,585,264,-1,564,586,264,-1,264,586,587,-1,264,587,588,-1,588,589,264,-1,264,589,590,-1,264,590,591,-1,591,592,264,-1,264,592,593,-1,264,593,584,-1,583,594,341,-1,341,594,595,-1,341,595,596,-1,597,598,341,-1,341,598,599,-1,341,599,600,-1,600,601,341,-1,341,601,602,-1,341,602,582,-1,603,604,605,-1,605,604,341,-1,605,341,606,-1,606,341,596,-1,585,607,264,-1,264,607,608,-1,264,608,609,-1,609,610,264,-1,264,610,611,-1,264,611,341,-1,341,611,612,-1,341,612,597,-1,613,371,614,-1,614,371,373,-1,614,373,615,-1,615,373,375,-1,615,375,616,-1,616,375,377,-1,616,377,617,-1,617,377,379,-1,617,379,618,-1,618,379,380,-1,618,380,619,-1,619,380,382,-1,619,382,620,-1,620,382,383,-1,620,383,621,-1,621,383,385,-1,621,385,622,-1,622,385,387,-1,622,387,623,-1,623,387,389,-1,623,389,624,-1,624,389,390,-1,624,390,625,-1,625,390,392,-1,625,392,626,-1,626,392,393,-1,626,393,627,-1,627,393,395,-1,627,395,628,-1,628,395,397,-1,628,397,629,-1,629,397,400,-1,629,400,630,-1,630,400,399,-1,630,399,604,-1,604,399,341,-1,613,631,371,-1,371,631,448,-1,632,478,633,-1,633,478,480,-1,633,480,634,-1,634,480,482,-1,634,482,635,-1,635,482,484,-1,635,484,636,-1,636,484,486,-1,636,486,637,-1,637,486,487,-1,637,487,638,-1,638,487,489,-1,638,489,639,-1,639,489,490,-1,639,490,640,-1,640,490,492,-1,640,492,641,-1,641,492,494,-1,641,494,642,-1,642,494,496,-1,642,496,643,-1,643,496,497,-1,643,497,644,-1,644,497,499,-1,644,499,645,-1,645,499,500,-1,645,500,646,-1,646,500,502,-1,646,502,647,-1,647,502,504,-1,647,504,648,-1,648,504,507,-1,648,507,649,-1,649,507,506,-1,649,506,631,-1,631,506,448,-1,184,478,562,-1,562,478,632,-1,650,651,652,-1,653,654,655,-1,656,657,658,-1,659,660,661,-1,662,663,664,-1,665,666,667,-1,668,669,670,-1,671,672,673,-1,674,675,676,-1,677,678,562,-1,562,678,561,-1,561,678,560,-1,560,678,679,-1,560,679,559,-1,559,679,680,-1,559,680,558,-1,558,680,557,-1,557,680,681,-1,557,681,556,-1,556,681,555,-1,555,681,682,-1,555,682,554,-1,554,682,683,-1,554,683,553,-1,553,683,684,-1,553,684,552,-1,552,684,551,-1,551,684,685,-1,551,685,550,-1,550,685,549,-1,549,685,686,-1,549,686,548,-1,548,686,687,-1,548,687,547,-1,688,545,687,-1,687,545,546,-1,687,546,547,-1,544,545,689,-1,689,545,688,-1,689,688,690,-1,691,692,693,-1,693,694,691,-1,691,694,695,-1,691,695,696,-1,696,695,697,-1,696,697,698,-1,698,697,699,-1,698,699,700,-1,700,699,701,-1,700,701,702,-1,702,701,703,-1,702,703,704,-1,704,703,705,-1,704,705,706,-1,706,705,707,-1,706,707,708,-1,708,707,709,-1,708,709,710,-1,710,709,711,-1,710,711,712,-1,712,711,664,-1,712,664,713,-1,713,664,663,-1,713,663,714,-1,693,665,694,-1,694,665,667,-1,694,667,695,-1,695,667,715,-1,695,715,697,-1,697,715,716,-1,697,716,699,-1,699,716,717,-1,699,717,701,-1,701,717,718,-1,701,718,703,-1,703,718,719,-1,703,719,705,-1,705,719,720,-1,705,720,707,-1,707,720,721,-1,707,721,709,-1,709,721,722,-1,709,722,711,-1,711,722,723,-1,711,723,664,-1,664,723,661,-1,664,661,662,-1,662,661,660,-1,666,668,667,-1,667,668,670,-1,667,670,715,-1,715,670,724,-1,715,724,716,-1,716,724,725,-1,716,725,717,-1,717,725,726,-1,717,726,718,-1,718,726,727,-1,718,727,719,-1,719,727,728,-1,719,728,720,-1,720,728,729,-1,720,729,721,-1,721,729,730,-1,721,730,722,-1,722,730,731,-1,722,731,723,-1,723,731,732,-1,723,732,661,-1,661,732,658,-1,661,658,659,-1,659,658,657,-1,669,671,670,-1,670,671,673,-1,670,673,724,-1,724,673,733,-1,724,733,725,-1,725,733,734,-1,725,734,726,-1,726,734,735,-1,726,735,727,-1,727,735,736,-1,727,736,728,-1,728,736,737,-1,728,737,729,-1,729,737,738,-1,729,738,730,-1,730,738,739,-1,730,739,731,-1,731,739,740,-1,731,740,732,-1,732,740,741,-1,732,741,658,-1,658,741,655,-1,658,655,656,-1,656,655,654,-1,672,674,673,-1,673,674,676,-1,673,676,733,-1,733,676,742,-1,733,742,734,-1,734,742,743,-1,734,743,735,-1,735,743,744,-1,735,744,736,-1,736,744,745,-1,736,745,737,-1,737,745,746,-1,737,746,738,-1,738,746,747,-1,738,747,739,-1,739,747,748,-1,739,748,740,-1,740,748,749,-1,740,749,741,-1,741,749,750,-1,741,750,655,-1,655,750,652,-1,655,652,653,-1,653,652,651,-1,675,690,676,-1,676,690,688,-1,676,688,742,-1,742,688,687,-1,742,687,743,-1,743,687,686,-1,743,686,744,-1,744,686,685,-1,744,685,745,-1,745,685,684,-1,745,684,746,-1,746,684,683,-1,746,683,747,-1,747,683,682,-1,747,682,748,-1,748,682,681,-1,748,681,749,-1,749,681,680,-1,749,680,750,-1,750,680,679,-1,750,679,652,-1,652,679,678,-1,652,678,650,-1,650,678,677,-1,563,544,751,-1,751,544,689,-1,751,689,752,-1,752,689,690,-1,752,690,753,-1,753,690,675,-1,753,675,754,-1,754,675,674,-1,754,674,755,-1,755,674,672,-1,755,672,756,-1,756,672,671,-1,756,671,757,-1,757,671,669,-1,757,669,758,-1,758,669,668,-1,758,668,759,-1,759,668,666,-1,759,666,760,-1,760,666,665,-1,760,665,761,-1,761,665,693,-1,761,693,762,-1,762,693,692,-1,752,753,763,-1,754,755,764,-1,756,757,765,-1,758,759,766,-1,760,761,767,-1,768,769,770,-1,771,772,773,-1,774,775,776,-1,777,778,779,-1,751,780,563,-1,563,780,581,-1,581,780,580,-1,580,780,781,-1,580,781,579,-1,579,781,782,-1,579,782,578,-1,578,782,577,-1,577,782,783,-1,577,783,576,-1,576,783,575,-1,575,783,784,-1,575,784,574,-1,574,784,785,-1,574,785,573,-1,573,785,786,-1,573,786,572,-1,572,786,571,-1,571,786,787,-1,571,787,570,-1,570,787,569,-1,569,787,788,-1,569,788,568,-1,568,788,789,-1,568,789,567,-1,790,565,789,-1,789,565,566,-1,789,566,567,-1,564,565,791,-1,791,565,790,-1,791,790,792,-1,793,794,795,-1,795,796,793,-1,793,796,797,-1,793,797,798,-1,798,797,799,-1,798,799,800,-1,800,799,801,-1,800,801,802,-1,802,801,803,-1,802,803,804,-1,804,803,805,-1,804,805,806,-1,806,805,807,-1,806,807,808,-1,808,807,809,-1,808,809,810,-1,810,809,811,-1,810,811,812,-1,812,811,813,-1,812,813,814,-1,814,813,767,-1,814,767,815,-1,815,767,761,-1,815,761,762,-1,795,768,796,-1,796,768,770,-1,796,770,797,-1,797,770,816,-1,797,816,799,-1,799,816,817,-1,799,817,801,-1,801,817,818,-1,801,818,803,-1,803,818,819,-1,803,819,805,-1,805,819,820,-1,805,820,807,-1,807,820,821,-1,807,821,809,-1,809,821,822,-1,809,822,811,-1,811,822,823,-1,811,823,813,-1,813,823,824,-1,813,824,767,-1,767,824,766,-1,767,766,760,-1,760,766,759,-1,769,771,770,-1,770,771,773,-1,770,773,816,-1,816,773,825,-1,816,825,817,-1,817,825,826,-1,817,826,818,-1,818,826,827,-1,818,827,819,-1,819,827,828,-1,819,828,820,-1,820,828,829,-1,820,829,821,-1,821,829,830,-1,821,830,822,-1,822,830,831,-1,822,831,823,-1,823,831,832,-1,823,832,824,-1,824,832,833,-1,824,833,766,-1,766,833,765,-1,766,765,758,-1,758,765,757,-1,772,774,773,-1,773,774,776,-1,773,776,825,-1,825,776,834,-1,825,834,826,-1,826,834,835,-1,826,835,827,-1,827,835,836,-1,827,836,828,-1,828,836,837,-1,828,837,829,-1,829,837,838,-1,829,838,830,-1,830,838,839,-1,830,839,831,-1,831,839,840,-1,831,840,832,-1,832,840,841,-1,832,841,833,-1,833,841,842,-1,833,842,765,-1,765,842,764,-1,765,764,756,-1,756,764,755,-1,775,777,776,-1,776,777,779,-1,776,779,834,-1,834,779,843,-1,834,843,835,-1,835,843,844,-1,835,844,836,-1,836,844,845,-1,836,845,837,-1,837,845,846,-1,837,846,838,-1,838,846,847,-1,838,847,839,-1,839,847,848,-1,839,848,840,-1,840,848,849,-1,840,849,841,-1,841,849,850,-1,841,850,842,-1,842,850,851,-1,842,851,764,-1,764,851,763,-1,764,763,754,-1,754,763,753,-1,778,792,779,-1,779,792,790,-1,779,790,843,-1,843,790,789,-1,843,789,844,-1,844,789,788,-1,844,788,845,-1,845,788,787,-1,845,787,846,-1,846,787,786,-1,846,786,847,-1,847,786,785,-1,847,785,848,-1,848,785,784,-1,848,784,849,-1,849,784,783,-1,849,783,850,-1,850,783,782,-1,850,782,851,-1,851,782,781,-1,851,781,763,-1,763,781,780,-1,763,780,752,-1,752,780,751,-1,792,852,791,-1,791,852,853,-1,791,853,564,-1,564,853,586,-1,774,854,775,-1,775,854,855,-1,775,855,777,-1,777,855,856,-1,777,856,778,-1,778,856,857,-1,778,857,792,-1,792,857,858,-1,792,858,852,-1,771,859,772,-1,772,859,860,-1,772,860,774,-1,774,860,861,-1,774,861,854,-1,794,862,795,-1,795,862,863,-1,795,863,768,-1,768,863,864,-1,768,864,769,-1,769,864,865,-1,769,865,771,-1,771,865,866,-1,771,866,859,-1,867,868,869,-1,869,868,870,-1,869,870,871,-1,871,870,872,-1,871,872,873,-1,873,872,874,-1,873,874,875,-1,875,874,876,-1,875,876,877,-1,877,876,878,-1,877,878,879,-1,879,878,880,-1,879,880,881,-1,881,880,882,-1,881,882,883,-1,884,885,886,-1,886,885,883,-1,886,883,887,-1,887,883,882,-1,587,586,888,-1,888,586,889,-1,888,889,884,-1,884,889,890,-1,884,890,885,-1,891,892,893,-1,894,895,896,-1,897,898,899,-1,900,901,902,-1,884,886,903,-1,887,882,904,-1,880,878,905,-1,876,874,906,-1,872,870,907,-1,908,909,910,-1,911,912,913,-1,913,912,914,-1,914,912,915,-1,915,912,916,-1,915,916,917,-1,910,909,916,-1,916,909,918,-1,916,918,917,-1,908,910,919,-1,919,910,920,-1,919,920,921,-1,921,920,922,-1,921,922,923,-1,923,922,924,-1,924,922,907,-1,924,907,925,-1,925,907,870,-1,925,870,868,-1,587,888,588,-1,588,888,926,-1,588,926,589,-1,589,926,590,-1,590,926,927,-1,590,927,591,-1,591,927,928,-1,591,928,592,-1,592,928,593,-1,593,928,929,-1,593,929,584,-1,584,929,585,-1,585,929,930,-1,585,930,607,-1,607,930,608,-1,608,930,902,-1,608,902,609,-1,609,902,610,-1,610,902,901,-1,610,901,611,-1,891,893,931,-1,888,884,926,-1,926,884,903,-1,926,903,927,-1,927,903,932,-1,927,932,928,-1,928,932,933,-1,928,933,929,-1,929,933,934,-1,929,934,930,-1,930,934,935,-1,930,935,902,-1,902,935,899,-1,902,899,900,-1,900,899,898,-1,886,887,903,-1,903,887,904,-1,903,904,932,-1,932,904,936,-1,932,936,933,-1,933,936,937,-1,933,937,934,-1,934,937,938,-1,934,938,935,-1,935,938,939,-1,935,939,899,-1,899,939,896,-1,899,896,897,-1,897,896,895,-1,882,880,904,-1,904,880,905,-1,904,905,936,-1,936,905,940,-1,936,940,937,-1,937,940,941,-1,937,941,938,-1,938,941,942,-1,938,942,939,-1,939,942,943,-1,939,943,896,-1,896,943,893,-1,896,893,894,-1,894,893,892,-1,878,876,905,-1,905,876,906,-1,905,906,940,-1,940,906,944,-1,940,944,941,-1,941,944,945,-1,941,945,942,-1,942,945,946,-1,942,946,943,-1,943,946,947,-1,943,947,893,-1,893,947,948,-1,893,948,931,-1,931,948,949,-1,874,872,906,-1,906,872,907,-1,906,907,944,-1,944,907,922,-1,944,922,945,-1,945,922,920,-1,945,920,946,-1,946,920,910,-1,946,910,947,-1,947,910,916,-1,947,916,948,-1,948,916,912,-1,948,912,949,-1,949,912,911,-1,612,611,950,-1,950,611,901,-1,950,901,951,-1,951,901,900,-1,951,900,952,-1,952,900,898,-1,952,898,953,-1,953,898,897,-1,953,897,954,-1,954,897,895,-1,954,895,955,-1,955,895,894,-1,955,894,956,-1,956,894,892,-1,956,892,957,-1,957,892,891,-1,957,891,958,-1,958,891,931,-1,958,931,959,-1,959,931,949,-1,959,949,960,-1,960,949,911,-1,960,911,961,-1,961,911,913,-1,962,963,964,-1,965,966,967,-1,968,969,970,-1,971,972,973,-1,951,952,974,-1,953,954,975,-1,955,956,976,-1,957,958,977,-1,959,960,978,-1,979,980,981,-1,982,983,984,-1,984,983,985,-1,984,985,981,-1,981,985,986,-1,981,986,979,-1,982,984,987,-1,987,984,988,-1,987,988,989,-1,989,988,990,-1,989,990,991,-1,991,990,992,-1,992,990,993,-1,992,993,994,-1,994,993,995,-1,995,993,978,-1,995,978,996,-1,996,978,960,-1,996,960,961,-1,612,950,597,-1,597,950,997,-1,597,997,598,-1,598,997,599,-1,599,997,998,-1,599,998,600,-1,600,998,999,-1,600,999,601,-1,601,999,602,-1,602,999,1000,-1,602,1000,582,-1,582,1000,583,-1,583,1000,1001,-1,583,1001,594,-1,594,1001,595,-1,595,1001,973,-1,595,973,596,-1,596,973,606,-1,606,973,972,-1,606,972,605,-1,962,964,1002,-1,980,1003,981,-1,981,1003,1004,-1,981,1004,984,-1,984,1004,1005,-1,984,1005,988,-1,988,1005,1006,-1,988,1006,990,-1,990,1006,1007,-1,990,1007,993,-1,993,1007,1008,-1,993,1008,978,-1,978,1008,977,-1,978,977,959,-1,959,977,958,-1,1003,1002,1004,-1,1004,1002,964,-1,1004,964,1005,-1,1005,964,1009,-1,1005,1009,1006,-1,1006,1009,1010,-1,1006,1010,1007,-1,1007,1010,1011,-1,1007,1011,1008,-1,1008,1011,1012,-1,1008,1012,977,-1,977,1012,976,-1,977,976,957,-1,957,976,956,-1,963,965,964,-1,964,965,967,-1,964,967,1009,-1,1009,967,1013,-1,1009,1013,1010,-1,1010,1013,1014,-1,1010,1014,1011,-1,1011,1014,1015,-1,1011,1015,1012,-1,1012,1015,1016,-1,1012,1016,976,-1,976,1016,975,-1,976,975,955,-1,955,975,954,-1,966,968,967,-1,967,968,970,-1,967,970,1013,-1,1013,970,1017,-1,1013,1017,1014,-1,1014,1017,1018,-1,1014,1018,1015,-1,1015,1018,1019,-1,1015,1019,1016,-1,1016,1019,1020,-1,1016,1020,975,-1,975,1020,974,-1,975,974,953,-1,953,974,952,-1,969,971,970,-1,970,971,973,-1,970,973,1017,-1,1017,973,1001,-1,1017,1001,1018,-1,1018,1001,1000,-1,1018,1000,1019,-1,1019,1000,999,-1,1019,999,1020,-1,1020,999,998,-1,1020,998,974,-1,974,998,997,-1,974,997,951,-1,951,997,950,-1,979,1021,980,-1,980,1021,1022,-1,980,1022,1003,-1,1003,1022,1023,-1,1003,1023,1002,-1,1002,1023,1024,-1,1002,1024,962,-1,1024,1025,962,-1,962,1025,1026,-1,962,1026,963,-1,963,1026,1027,-1,963,1027,965,-1,1027,1028,965,-1,965,1028,1029,-1,965,1029,966,-1,966,1029,1030,-1,966,1030,968,-1,968,1030,1031,-1,968,1031,969,-1,1031,1032,969,-1,969,1032,1033,-1,969,1033,971,-1,971,1033,1034,-1,971,1034,972,-1,972,1034,603,-1,972,603,605,-1,604,603,1035,-1,1035,603,1036,-1,1035,1036,1037,-1,1037,1036,1038,-1,1038,1036,1039,-1,1038,1039,1040,-1,1039,1041,1040,-1,1040,1041,1042,-1,1040,1042,1043,-1,1043,1042,1044,-1,1043,1044,1045,-1,1044,1046,1045,-1,1045,1046,1047,-1,1045,1047,1048,-1,1048,1047,1049,-1,1048,1049,1050,-1,1050,1049,1051,-1,1050,1051,1052,-1,1052,1051,1053,-1,1052,1053,1054,-1,1053,1055,1054,-1,1054,1055,1056,-1,1054,1056,1057,-1,1057,1056,1058,-1,1057,1058,1059,-1,1059,1058,1060,-1,1037,1038,1061,-1,1040,1043,1062,-1,1045,1048,1063,-1,1050,1052,1064,-1,1054,1057,1065,-1,1066,1067,1068,-1,1069,1070,1071,-1,1072,1073,1074,-1,1075,1076,1077,-1,1035,1078,604,-1,604,1078,630,-1,630,1078,629,-1,629,1078,1079,-1,629,1079,628,-1,628,1079,1080,-1,628,1080,627,-1,627,1080,626,-1,626,1080,1081,-1,626,1081,625,-1,625,1081,624,-1,624,1081,1082,-1,624,1082,623,-1,623,1082,1083,-1,623,1083,622,-1,622,1083,1084,-1,622,1084,621,-1,621,1084,620,-1,620,1084,1085,-1,620,1085,619,-1,619,1085,618,-1,618,1085,1086,-1,618,1086,617,-1,617,1086,1087,-1,617,1087,616,-1,1088,614,1087,-1,1087,614,615,-1,1087,615,616,-1,613,614,1089,-1,1089,614,1088,-1,1089,1088,1090,-1,1091,1092,1093,-1,1093,1094,1091,-1,1091,1094,1095,-1,1091,1095,1096,-1,1096,1095,1097,-1,1096,1097,1098,-1,1098,1097,1099,-1,1098,1099,1100,-1,1100,1099,1101,-1,1100,1101,1102,-1,1102,1101,1103,-1,1102,1103,1104,-1,1104,1103,1105,-1,1104,1105,1106,-1,1106,1105,1107,-1,1106,1107,1108,-1,1108,1107,1109,-1,1108,1109,1110,-1,1110,1109,1111,-1,1110,1111,1112,-1,1112,1111,1065,-1,1112,1065,1113,-1,1113,1065,1057,-1,1113,1057,1059,-1,1093,1066,1094,-1,1094,1066,1068,-1,1094,1068,1095,-1,1095,1068,1114,-1,1095,1114,1097,-1,1097,1114,1115,-1,1097,1115,1099,-1,1099,1115,1116,-1,1099,1116,1101,-1,1101,1116,1117,-1,1101,1117,1103,-1,1103,1117,1118,-1,1103,1118,1105,-1,1105,1118,1119,-1,1105,1119,1107,-1,1107,1119,1120,-1,1107,1120,1109,-1,1109,1120,1121,-1,1109,1121,1111,-1,1111,1121,1122,-1,1111,1122,1065,-1,1065,1122,1064,-1,1065,1064,1054,-1,1054,1064,1052,-1,1067,1069,1068,-1,1068,1069,1071,-1,1068,1071,1114,-1,1114,1071,1123,-1,1114,1123,1115,-1,1115,1123,1124,-1,1115,1124,1116,-1,1116,1124,1125,-1,1116,1125,1117,-1,1117,1125,1126,-1,1117,1126,1118,-1,1118,1126,1127,-1,1118,1127,1119,-1,1119,1127,1128,-1,1119,1128,1120,-1,1120,1128,1129,-1,1120,1129,1121,-1,1121,1129,1130,-1,1121,1130,1122,-1,1122,1130,1131,-1,1122,1131,1064,-1,1064,1131,1063,-1,1064,1063,1050,-1,1050,1063,1048,-1,1070,1072,1071,-1,1071,1072,1074,-1,1071,1074,1123,-1,1123,1074,1132,-1,1123,1132,1124,-1,1124,1132,1133,-1,1124,1133,1125,-1,1125,1133,1134,-1,1125,1134,1126,-1,1126,1134,1135,-1,1126,1135,1127,-1,1127,1135,1136,-1,1127,1136,1128,-1,1128,1136,1137,-1,1128,1137,1129,-1,1129,1137,1138,-1,1129,1138,1130,-1,1130,1138,1139,-1,1130,1139,1131,-1,1131,1139,1140,-1,1131,1140,1063,-1,1063,1140,1062,-1,1063,1062,1045,-1,1045,1062,1043,-1,1073,1075,1074,-1,1074,1075,1077,-1,1074,1077,1132,-1,1132,1077,1141,-1,1132,1141,1133,-1,1133,1141,1142,-1,1133,1142,1134,-1,1134,1142,1143,-1,1134,1143,1135,-1,1135,1143,1144,-1,1135,1144,1136,-1,1136,1144,1145,-1,1136,1145,1137,-1,1137,1145,1146,-1,1137,1146,1138,-1,1138,1146,1147,-1,1138,1147,1139,-1,1139,1147,1148,-1,1139,1148,1140,-1,1140,1148,1149,-1,1140,1149,1062,-1,1062,1149,1061,-1,1062,1061,1040,-1,1040,1061,1038,-1,1076,1090,1077,-1,1077,1090,1088,-1,1077,1088,1141,-1,1141,1088,1087,-1,1141,1087,1142,-1,1142,1087,1086,-1,1142,1086,1143,-1,1143,1086,1085,-1,1143,1085,1144,-1,1144,1085,1084,-1,1144,1084,1145,-1,1145,1084,1083,-1,1145,1083,1146,-1,1146,1083,1082,-1,1146,1082,1147,-1,1147,1082,1081,-1,1147,1081,1148,-1,1148,1081,1080,-1,1148,1080,1149,-1,1149,1080,1079,-1,1149,1079,1061,-1,1061,1079,1078,-1,1061,1078,1037,-1,1037,1078,1035,-1,631,613,1150,-1,1150,613,1089,-1,1150,1089,1151,-1,1151,1089,1090,-1,1151,1090,1152,-1,1152,1090,1076,-1,1152,1076,1153,-1,1153,1076,1075,-1,1153,1075,1154,-1,1154,1075,1073,-1,1154,1073,1155,-1,1155,1073,1072,-1,1155,1072,1156,-1,1156,1072,1070,-1,1156,1070,1157,-1,1157,1070,1069,-1,1157,1069,1158,-1,1158,1069,1067,-1,1158,1067,1159,-1,1159,1067,1066,-1,1159,1066,1160,-1,1160,1066,1093,-1,1160,1093,1161,-1,1161,1093,1092,-1,1151,1152,1162,-1,1153,1154,1163,-1,1155,1156,1164,-1,1157,1158,1165,-1,1159,1160,1166,-1,1167,1168,1169,-1,1170,1171,1172,-1,1173,1174,1175,-1,1176,1177,1178,-1,1150,1179,631,-1,631,1179,649,-1,649,1179,648,-1,648,1179,1180,-1,648,1180,647,-1,647,1180,1181,-1,647,1181,646,-1,646,1181,645,-1,645,1181,1182,-1,645,1182,644,-1,644,1182,643,-1,643,1182,1183,-1,643,1183,642,-1,642,1183,1184,-1,642,1184,641,-1,641,1184,1185,-1,641,1185,640,-1,640,1185,639,-1,639,1185,1186,-1,639,1186,638,-1,638,1186,637,-1,637,1186,1187,-1,637,1187,636,-1,636,1187,1188,-1,636,1188,635,-1,1189,633,1188,-1,1188,633,634,-1,1188,634,635,-1,632,633,1190,-1,1190,633,1189,-1,1190,1189,1191,-1,1192,1193,1194,-1,1194,1195,1192,-1,1192,1195,1196,-1,1192,1196,1197,-1,1197,1196,1198,-1,1197,1198,1199,-1,1199,1198,1200,-1,1199,1200,1201,-1,1201,1200,1202,-1,1201,1202,1203,-1,1203,1202,1204,-1,1203,1204,1205,-1,1205,1204,1206,-1,1205,1206,1207,-1,1207,1206,1208,-1,1207,1208,1209,-1,1209,1208,1210,-1,1209,1210,1211,-1,1211,1210,1212,-1,1211,1212,1213,-1,1213,1212,1166,-1,1213,1166,1214,-1,1214,1166,1160,-1,1214,1160,1161,-1,1194,1167,1195,-1,1195,1167,1169,-1,1195,1169,1196,-1,1196,1169,1215,-1,1196,1215,1198,-1,1198,1215,1216,-1,1198,1216,1200,-1,1200,1216,1217,-1,1200,1217,1202,-1,1202,1217,1218,-1,1202,1218,1204,-1,1204,1218,1219,-1,1204,1219,1206,-1,1206,1219,1220,-1,1206,1220,1208,-1,1208,1220,1221,-1,1208,1221,1210,-1,1210,1221,1222,-1,1210,1222,1212,-1,1212,1222,1223,-1,1212,1223,1166,-1,1166,1223,1165,-1,1166,1165,1159,-1,1159,1165,1158,-1,1168,1170,1169,-1,1169,1170,1172,-1,1169,1172,1215,-1,1215,1172,1224,-1,1215,1224,1216,-1,1216,1224,1225,-1,1216,1225,1217,-1,1217,1225,1226,-1,1217,1226,1218,-1,1218,1226,1227,-1,1218,1227,1219,-1,1219,1227,1228,-1,1219,1228,1220,-1,1220,1228,1229,-1,1220,1229,1221,-1,1221,1229,1230,-1,1221,1230,1222,-1,1222,1230,1231,-1,1222,1231,1223,-1,1223,1231,1232,-1,1223,1232,1165,-1,1165,1232,1164,-1,1165,1164,1157,-1,1157,1164,1156,-1,1171,1173,1172,-1,1172,1173,1175,-1,1172,1175,1224,-1,1224,1175,1233,-1,1224,1233,1225,-1,1225,1233,1234,-1,1225,1234,1226,-1,1226,1234,1235,-1,1226,1235,1227,-1,1227,1235,1236,-1,1227,1236,1228,-1,1228,1236,1237,-1,1228,1237,1229,-1,1229,1237,1238,-1,1229,1238,1230,-1,1230,1238,1239,-1,1230,1239,1231,-1,1231,1239,1240,-1,1231,1240,1232,-1,1232,1240,1241,-1,1232,1241,1164,-1,1164,1241,1163,-1,1164,1163,1155,-1,1155,1163,1154,-1,1174,1176,1175,-1,1175,1176,1178,-1,1175,1178,1233,-1,1233,1178,1242,-1,1233,1242,1234,-1,1234,1242,1243,-1,1234,1243,1235,-1,1235,1243,1244,-1,1235,1244,1236,-1,1236,1244,1245,-1,1236,1245,1237,-1,1237,1245,1246,-1,1237,1246,1238,-1,1238,1246,1247,-1,1238,1247,1239,-1,1239,1247,1248,-1,1239,1248,1240,-1,1240,1248,1249,-1,1240,1249,1241,-1,1241,1249,1250,-1,1241,1250,1163,-1,1163,1250,1162,-1,1163,1162,1153,-1,1153,1162,1152,-1,1177,1191,1178,-1,1178,1191,1189,-1,1178,1189,1242,-1,1242,1189,1188,-1,1242,1188,1243,-1,1243,1188,1187,-1,1243,1187,1244,-1,1244,1187,1186,-1,1244,1186,1245,-1,1245,1186,1185,-1,1245,1185,1246,-1,1246,1185,1184,-1,1246,1184,1247,-1,1247,1184,1183,-1,1247,1183,1248,-1,1248,1183,1182,-1,1248,1182,1249,-1,1249,1182,1181,-1,1249,1181,1250,-1,1250,1181,1180,-1,1250,1180,1162,-1,1162,1180,1179,-1,1162,1179,1151,-1,1151,1179,1150,-1,562,632,677,-1,677,632,1190,-1,677,1190,650,-1,650,1190,1191,-1,650,1191,651,-1,651,1191,1177,-1,651,1177,653,-1,653,1177,1176,-1,653,1176,654,-1,654,1176,1174,-1,654,1174,656,-1,656,1174,1173,-1,656,1173,657,-1,657,1173,1171,-1,657,1171,659,-1,659,1171,1170,-1,659,1170,660,-1,660,1170,1168,-1,660,1168,662,-1,662,1168,1167,-1,662,1167,663,-1,663,1167,1194,-1,663,1194,714,-1,714,1194,1193,-1,1251,1252,1253,-1,1254,1255,862,-1,1256,1257,1207,-1,1258,1259,794,-1,1260,1261,1161,-1,692,1262,762,-1,762,1262,1263,-1,762,1263,1264,-1,1265,1266,1267,-1,1267,1266,1268,-1,1267,1268,1269,-1,1269,1268,1270,-1,812,1271,810,-1,810,1271,1272,-1,810,1272,808,-1,794,1259,862,-1,862,1259,1273,-1,862,1273,1254,-1,1274,1275,1060,-1,1060,1275,1276,-1,1060,1276,1059,-1,1253,1252,1277,-1,1277,1252,1278,-1,1277,1278,1279,-1,1264,1280,762,-1,762,1280,1281,-1,762,1281,1282,-1,1282,1265,762,-1,762,1265,1267,-1,762,1267,815,-1,815,1267,1271,-1,815,1271,814,-1,814,1271,812,-1,1283,804,1272,-1,1272,804,806,-1,1272,806,808,-1,1284,1285,1092,-1,1092,1285,1286,-1,1092,1286,1287,-1,1260,1161,1288,-1,1288,1161,1092,-1,1288,1092,1289,-1,1290,1193,1291,-1,1291,1193,1292,-1,1293,1294,1295,-1,1258,794,1283,-1,1283,794,793,-1,1283,793,798,-1,1276,1296,1059,-1,1059,1296,1297,-1,1059,1297,1113,-1,1113,1297,1298,-1,1278,1299,1300,-1,1287,1301,1092,-1,1092,1301,1302,-1,1092,1302,1289,-1,1303,1304,1193,-1,1193,1304,1305,-1,1306,1307,692,-1,1308,1309,1294,-1,1294,1309,1310,-1,1294,1310,1295,-1,798,800,1283,-1,1283,800,802,-1,1283,802,804,-1,1108,1110,1298,-1,1298,1110,1112,-1,1298,1112,1113,-1,1108,1298,1106,-1,1106,1298,1311,-1,1106,1311,1104,-1,1312,1284,1313,-1,1313,1284,1092,-1,1313,1092,1314,-1,1314,1092,1091,-1,1314,1091,1096,-1,1305,1315,1193,-1,1193,1315,1316,-1,1193,1316,1292,-1,1292,1316,1317,-1,1292,1317,1318,-1,1318,1319,1292,-1,1292,1319,1320,-1,1292,1320,1321,-1,1321,1320,1322,-1,1321,1322,1323,-1,1294,1324,1325,-1,1324,1326,1325,-1,1325,1326,1327,-1,1325,1327,1328,-1,1307,1329,692,-1,692,1329,1330,-1,692,1330,1262,-1,1096,1098,1314,-1,1314,1098,1100,-1,1314,1100,1311,-1,1311,1100,1102,-1,1311,1102,1104,-1,1256,1207,1331,-1,1290,1332,1193,-1,1193,1332,1333,-1,1193,1333,714,-1,714,1333,1334,-1,714,1334,1335,-1,1336,692,1337,-1,1337,692,691,-1,1337,691,696,-1,1270,1268,1295,-1,1295,1268,1338,-1,1295,1338,1293,-1,1278,1339,1299,-1,1299,1339,1340,-1,1299,1340,1341,-1,1341,1340,1312,-1,1341,1312,1342,-1,1342,1312,1313,-1,1343,1331,1344,-1,1344,1331,1207,-1,1344,1207,1345,-1,1345,1207,1209,-1,1345,1209,1211,-1,1346,1347,1348,-1,1348,1347,1349,-1,1348,1349,1350,-1,1350,1349,1351,-1,1350,1351,1352,-1,1352,1351,1353,-1,1352,1353,1343,-1,1343,1353,1354,-1,1343,1354,1331,-1,1355,1203,1257,-1,1257,1203,1205,-1,1257,1205,1207,-1,1197,1199,1355,-1,1355,1199,1201,-1,1355,1201,1203,-1,702,1356,700,-1,700,1356,1337,-1,700,1337,698,-1,698,1337,696,-1,1300,1357,1278,-1,1278,1357,1358,-1,1278,1358,1359,-1,1360,1361,1348,-1,1348,1361,1362,-1,1348,1362,1346,-1,1261,1363,1161,-1,1161,1363,1364,-1,1161,1364,1214,-1,1214,1364,1345,-1,1214,1345,1213,-1,1213,1345,1211,-1,1303,1193,1355,-1,1355,1193,1192,-1,1355,1192,1197,-1,1323,1365,1366,-1,1366,1365,1367,-1,1366,1367,1368,-1,1368,1367,1369,-1,1368,1369,1370,-1,1336,1371,1372,-1,1336,1372,692,-1,692,1372,1373,-1,692,1373,1306,-1,1325,1374,1294,-1,1294,1374,1375,-1,1294,1375,1376,-1,1359,1377,1278,-1,1278,1377,1378,-1,1278,1378,1279,-1,1379,1380,1381,-1,702,704,1356,-1,1356,704,706,-1,1356,706,1382,-1,1382,706,708,-1,1382,708,710,-1,1376,1383,1294,-1,1294,1383,1384,-1,1294,1384,1308,-1,1251,1253,1348,-1,1348,1253,1385,-1,1348,1385,1360,-1,1322,1386,1323,-1,1323,1386,1387,-1,1323,1387,1365,-1,1365,1387,1388,-1,1365,1388,1389,-1,1389,1388,1390,-1,1335,1391,714,-1,714,1391,1392,-1,714,1392,713,-1,713,1392,1382,-1,713,1382,712,-1,712,1382,710,-1,1393,1394,1327,-1,1327,1394,1395,-1,1327,1395,1396,-1,1393,1327,1397,-1,1397,1327,1398,-1,1397,1398,1399,-1,1399,1398,1400,-1,1399,1400,1371,-1,1371,1400,1401,-1,1371,1401,1372,-1,1370,1369,1381,-1,1381,1369,1402,-1,1381,1402,1379,-1,1388,1403,1390,-1,1390,1403,1404,-1,1390,1404,1405,-1,1405,1404,1406,-1,1396,1407,1327,-1,1327,1407,1408,-1,1327,1408,1328,-1,879,1409,1410,-1,1411,1409,879,-1,881,1411,879,-1,879,1412,1413,-1,1414,1412,879,-1,1410,1414,879,-1,879,1415,1416,-1,1417,1415,879,-1,1413,1417,879,-1,879,1418,1419,-1,1420,1418,879,-1,1416,1420,879,-1,883,885,1421,-1,890,889,1422,-1,873,875,1419,-1,1419,875,877,-1,1419,877,879,-1,869,871,1423,-1,1424,1425,1426,-1,1426,1425,1427,-1,1426,1427,1428,-1,1428,1427,1429,-1,1429,1427,1430,-1,1429,1430,1431,-1,1432,1433,1434,-1,1434,1433,1435,-1,1434,1435,1436,-1,1436,1435,1437,-1,1437,1435,1438,-1,1437,1438,1439,-1,1440,1441,1442,-1,1442,1441,1443,-1,1442,1443,1444,-1,1445,1446,1447,-1,1447,1446,1448,-1,1447,1448,862,-1,865,864,1448,-1,1448,864,863,-1,1448,863,862,-1,860,859,1449,-1,1449,859,866,-1,1449,866,1450,-1,1451,1452,861,-1,857,856,1453,-1,1453,856,855,-1,1453,855,1452,-1,1452,855,854,-1,1452,854,861,-1,852,1454,1422,-1,852,1422,853,-1,853,1422,889,-1,853,889,586,-1,1445,1444,1446,-1,1446,1444,1443,-1,1446,1443,1448,-1,1448,1443,1450,-1,1448,1450,865,-1,865,1450,866,-1,1440,1439,1441,-1,1441,1439,1438,-1,1441,1438,1443,-1,1443,1438,1455,-1,1443,1455,1450,-1,1450,1455,1456,-1,1450,1456,1449,-1,1449,1456,1451,-1,1449,1451,860,-1,860,1451,861,-1,1432,1431,1433,-1,1433,1431,1430,-1,1433,1430,1435,-1,1435,1430,1457,-1,1435,1457,1438,-1,1438,1457,1458,-1,1438,1458,1455,-1,1455,1458,1459,-1,1455,1459,1456,-1,1456,1459,1460,-1,1456,1460,1451,-1,1451,1460,1461,-1,1451,1461,1452,-1,1452,1461,1462,-1,1452,1462,1453,-1,1453,1462,1463,-1,1453,1463,857,-1,857,1463,1454,-1,857,1454,858,-1,858,1454,852,-1,885,890,1421,-1,1421,890,1422,-1,1421,1422,1464,-1,1464,1422,1454,-1,1464,1454,1465,-1,1465,1454,1463,-1,1465,1463,1466,-1,1466,1463,1462,-1,1466,1462,1467,-1,1467,1462,1461,-1,1467,1461,1468,-1,1468,1461,1460,-1,1468,1460,1469,-1,1469,1460,1459,-1,1469,1459,1470,-1,1470,1459,1458,-1,1470,1458,1471,-1,1471,1458,1457,-1,1471,1457,1472,-1,1472,1457,1430,-1,1472,1430,1473,-1,1473,1430,1427,-1,1473,1427,1423,-1,1423,1427,1425,-1,1423,1425,869,-1,869,1425,1424,-1,869,1424,867,-1,881,883,1411,-1,1411,883,1421,-1,1411,1421,1409,-1,1409,1421,1464,-1,1409,1464,1410,-1,1410,1464,1465,-1,1410,1465,1414,-1,1414,1465,1466,-1,1414,1466,1412,-1,1412,1466,1467,-1,1412,1467,1413,-1,1413,1467,1468,-1,1413,1468,1417,-1,1417,1468,1469,-1,1417,1469,1415,-1,1415,1469,1470,-1,1415,1470,1416,-1,1416,1470,1471,-1,1416,1471,1420,-1,1420,1471,1472,-1,1420,1472,1418,-1,1418,1472,1473,-1,1418,1473,1419,-1,1419,1473,1423,-1,1419,1423,873,-1,873,1423,871,-1,1474,1475,867,-1,867,1475,868,-1,1476,913,1477,-1,1477,913,914,-1,1477,914,1478,-1,1478,914,915,-1,1478,915,1479,-1,1479,915,917,-1,1479,917,1480,-1,1480,917,918,-1,1480,918,1481,-1,1481,918,909,-1,1481,909,1482,-1,924,1483,923,-1,923,1483,1484,-1,923,1484,921,-1,921,1484,1485,-1,921,1485,919,-1,919,1485,1482,-1,919,1482,908,-1,908,1482,909,-1,868,1475,925,-1,925,1475,1486,-1,925,1486,924,-1,924,1486,1487,-1,924,1487,1483,-1,1488,913,1489,-1,1489,913,1490,-1,1491,1492,1490,-1,1490,1492,1493,-1,1490,1493,1494,-1,1488,1495,913,-1,913,1495,1496,-1,913,1496,1497,-1,1476,1498,913,-1,913,1498,1499,-1,913,1499,1490,-1,1490,1499,1500,-1,1490,1500,1491,-1,1501,1502,1503,-1,1503,1502,1504,-1,1503,1504,1505,-1,1494,1506,1490,-1,1490,1506,1503,-1,1490,1503,1507,-1,1507,1503,1505,-1,1497,1508,913,-1,913,1508,1509,-1,913,1509,961,-1,961,1509,1510,-1,1501,1511,1502,-1,1502,1511,1512,-1,1502,1512,1513,-1,1514,1515,1516,-1,1516,1515,1517,-1,1516,1517,1513,-1,1513,1517,1518,-1,1513,1518,1502,-1,961,1510,996,-1,996,1510,1519,-1,996,1519,995,-1,995,1519,1520,-1,995,1520,994,-1,994,1520,1521,-1,994,1521,992,-1,992,1521,1522,-1,992,1522,991,-1,991,1522,1523,-1,991,1523,989,-1,989,1523,1524,-1,989,1524,987,-1,987,1524,1525,-1,987,1525,982,-1,982,1525,1526,-1,982,1526,983,-1,983,1526,1527,-1,983,1527,985,-1,985,1527,1528,-1,985,1528,986,-1,986,1528,1529,-1,986,1529,979,-1,979,1529,1530,-1,1531,1532,1533,-1,1534,1532,1531,-1,1535,1534,1531,-1,1531,1536,1537,-1,1538,1536,1531,-1,1533,1538,1531,-1,1539,1531,1540,-1,1541,1542,1543,-1,1051,1049,1544,-1,1036,603,1545,-1,1033,1032,1546,-1,1025,1024,1547,-1,1023,1022,1548,-1,1027,1542,1028,-1,1028,1542,1541,-1,1028,1541,1029,-1,1029,1541,1030,-1,603,1034,1545,-1,1545,1034,1033,-1,1545,1033,1549,-1,1549,1033,1546,-1,1549,1546,1550,-1,1036,1545,1039,-1,1039,1545,1549,-1,1039,1549,1041,-1,1551,1044,1042,-1,1552,1553,1046,-1,1544,1049,1553,-1,1553,1049,1047,-1,1553,1047,1046,-1,1056,1055,1554,-1,1554,1055,1053,-1,1555,1058,1056,-1,1046,1044,1552,-1,1552,1044,1551,-1,1552,1551,1556,-1,1557,1544,1558,-1,1558,1544,1553,-1,1558,1553,1559,-1,1559,1553,1552,-1,1559,1552,1560,-1,1560,1552,1556,-1,1560,1556,1561,-1,1022,1021,1548,-1,1548,1021,1562,-1,1548,1562,1563,-1,1024,1023,1547,-1,1547,1023,1548,-1,1547,1548,1564,-1,1564,1548,1563,-1,1027,1026,1542,-1,1542,1026,1025,-1,1542,1025,1543,-1,1543,1025,1547,-1,1543,1547,1565,-1,1565,1547,1564,-1,1565,1564,1540,-1,1566,1557,1567,-1,1567,1557,1558,-1,1567,1558,1568,-1,1568,1558,1559,-1,1568,1559,1569,-1,1569,1559,1560,-1,1569,1560,1570,-1,1570,1560,1561,-1,1570,1561,1571,-1,1060,1058,1572,-1,1572,1058,1555,-1,1572,1555,1573,-1,1573,1555,1574,-1,1573,1574,1575,-1,1032,1031,1546,-1,1546,1031,1030,-1,1546,1030,1550,-1,1550,1030,1541,-1,1550,1541,1576,-1,1576,1541,1543,-1,1576,1543,1577,-1,1577,1543,1565,-1,1577,1565,1578,-1,1578,1565,1540,-1,1578,1540,1531,-1,1535,1566,1534,-1,1534,1566,1567,-1,1534,1567,1532,-1,1532,1567,1568,-1,1532,1568,1533,-1,1533,1568,1569,-1,1533,1569,1538,-1,1538,1569,1570,-1,1538,1570,1536,-1,1536,1570,1571,-1,1536,1571,1537,-1,1563,1579,1564,-1,1564,1579,1580,-1,1564,1580,1540,-1,1540,1580,1581,-1,1540,1581,1539,-1,1042,1041,1551,-1,1551,1041,1549,-1,1551,1549,1556,-1,1556,1549,1550,-1,1556,1550,1561,-1,1561,1550,1576,-1,1561,1576,1571,-1,1571,1576,1577,-1,1571,1577,1537,-1,1537,1577,1578,-1,1537,1578,1531,-1,1531,1582,1583,-1,1583,1582,1584,-1,1583,1584,1574,-1,1574,1584,1585,-1,1574,1585,1575,-1,1056,1554,1555,-1,1555,1554,1586,-1,1555,1586,1574,-1,1574,1586,1587,-1,1574,1587,1583,-1,1583,1587,1531,-1,1051,1544,1053,-1,1053,1544,1557,-1,1053,1557,1554,-1,1554,1557,1566,-1,1554,1566,1586,-1,1586,1566,1535,-1,1586,1535,1587,-1,1587,1535,1531,-1,979,1530,1021,-1,1021,1530,1588,-1,1589,1590,1263,-1,1263,1590,1591,-1,1263,1591,1264,-1,1591,1592,1264,-1,1264,1592,1593,-1,1264,1593,1280,-1,1593,1594,1280,-1,1280,1594,1595,-1,1280,1595,1281,-1,1281,1595,1596,-1,1281,1596,1282,-1,1282,1596,1597,-1,1282,1597,1598,-1,1598,1599,1282,-1,1282,1599,1600,-1,1282,1600,1265,-1,1600,1601,1265,-1,1265,1601,1602,-1,1265,1602,1266,-1,1602,1603,1266,-1,1266,1603,1604,-1,1266,1604,1268,-1,1268,1604,1605,-1,1268,1605,1338,-1,1338,1605,1606,-1,1338,1606,1607,-1,1607,1608,1338,-1,1338,1608,1609,-1,1338,1609,1293,-1,1609,1610,1293,-1,1293,1610,1611,-1,1293,1611,1294,-1,1611,1612,1294,-1,1294,1612,1613,-1,1294,1613,1324,-1,1324,1613,1614,-1,1324,1614,1326,-1,1326,1614,1615,-1,1326,1615,1616,-1,1616,1617,1326,-1,1326,1617,1618,-1,1326,1618,1327,-1,1618,1619,1327,-1,1327,1619,1620,-1,1327,1620,1398,-1,1620,1621,1398,-1,1398,1621,1622,-1,1398,1622,1400,-1,1400,1622,1623,-1,1400,1623,1401,-1,1401,1623,1624,-1,1401,1624,1625,-1,1625,1626,1401,-1,1401,1626,1627,-1,1401,1627,1372,-1,1627,1628,1372,-1,1372,1628,1629,-1,1372,1629,1373,-1,1629,1630,1373,-1,1373,1630,1631,-1,1373,1631,1306,-1,1306,1631,1632,-1,1306,1632,1307,-1,1307,1632,1633,-1,1307,1633,1634,-1,1634,1635,1307,-1,1307,1635,1636,-1,1307,1636,1329,-1,1636,1637,1329,-1,1329,1637,1638,-1,1329,1638,1330,-1,1638,1639,1330,-1,1330,1639,1640,-1,1330,1640,1262,-1,1262,1640,1641,-1,1262,1641,1263,-1,1263,1641,1642,-1,1263,1642,1589,-1,1643,1644,1278,-1,1278,1644,1645,-1,1278,1645,1339,-1,1645,1646,1339,-1,1339,1646,1647,-1,1339,1647,1340,-1,1647,1648,1340,-1,1340,1648,1649,-1,1340,1649,1312,-1,1312,1649,1650,-1,1312,1650,1284,-1,1284,1650,1651,-1,1284,1651,1652,-1,1652,1653,1284,-1,1284,1653,1654,-1,1284,1654,1285,-1,1654,1655,1285,-1,1285,1655,1656,-1,1285,1656,1286,-1,1656,1657,1286,-1,1286,1657,1658,-1,1286,1658,1287,-1,1287,1658,1659,-1,1287,1659,1301,-1,1301,1659,1660,-1,1301,1660,1661,-1,1661,1662,1301,-1,1301,1662,1663,-1,1301,1663,1302,-1,1663,1664,1302,-1,1302,1664,1665,-1,1302,1665,1289,-1,1665,1666,1289,-1,1289,1666,1667,-1,1289,1667,1288,-1,1288,1667,1668,-1,1288,1668,1260,-1,1260,1668,1669,-1,1260,1669,1670,-1,1670,1671,1260,-1,1260,1671,1672,-1,1260,1672,1261,-1,1672,1673,1261,-1,1261,1673,1674,-1,1261,1674,1363,-1,1674,1675,1363,-1,1363,1675,1676,-1,1363,1676,1364,-1,1364,1676,1677,-1,1364,1677,1345,-1,1345,1677,1678,-1,1345,1678,1679,-1,1679,1680,1345,-1,1345,1680,1681,-1,1345,1681,1344,-1,1681,1682,1344,-1,1344,1682,1683,-1,1344,1683,1343,-1,1683,1684,1343,-1,1343,1684,1685,-1,1343,1685,1352,-1,1352,1685,1686,-1,1352,1686,1350,-1,1350,1686,1687,-1,1350,1687,1688,-1,1688,1689,1350,-1,1350,1689,1690,-1,1350,1690,1348,-1,1690,1691,1348,-1,1348,1691,1692,-1,1348,1692,1251,-1,1692,1693,1251,-1,1251,1693,1694,-1,1251,1694,1252,-1,1252,1694,1695,-1,1252,1695,1278,-1,1278,1695,1696,-1,1278,1696,1643,-1,1697,1394,1393,-1,1698,1699,1700,-1,1700,1699,1701,-1,1700,1701,1702,-1,1702,1701,1703,-1,1702,1703,1704,-1,1705,1706,1707,-1,1707,1706,1708,-1,1707,1708,1698,-1,1698,1708,1709,-1,1698,1709,1710,-1,1710,1711,1698,-1,1698,1711,1712,-1,1698,1712,1699,-1,1713,1714,1715,-1,1715,1714,1716,-1,1715,1716,1707,-1,1707,1716,1717,-1,1707,1717,1705,-1,1718,1719,1720,-1,1720,1721,1718,-1,1718,1721,1722,-1,1718,1722,1723,-1,1723,1724,1718,-1,1718,1724,1725,-1,1718,1725,1726,-1,1726,1727,1718,-1,1718,1727,1728,-1,1718,1728,1729,-1,1729,1728,1730,-1,1729,1730,1731,-1,1731,1730,1732,-1,1731,1732,1733,-1,1733,1732,1734,-1,1733,1734,1735,-1,1735,1734,1736,-1,1735,1736,1713,-1,1713,1736,1737,-1,1713,1737,1714,-1,1366,1738,1739,-1,1739,1738,1740,-1,1740,1741,1739,-1,1739,1741,1742,-1,1739,1742,1743,-1,1743,1744,1739,-1,1739,1744,1745,-1,1739,1745,1746,-1,1745,1747,1746,-1,1746,1747,1748,-1,1746,1748,1718,-1,1718,1748,1749,-1,1718,1749,1719,-1,1366,1739,1323,-1,1323,1739,1750,-1,1323,1750,1321,-1,1704,1697,1702,-1,1702,1697,1393,-1,1702,1393,1751,-1,1751,1393,1397,-1,1399,1752,1397,-1,1397,1752,1753,-1,1397,1753,1751,-1,1371,1754,1399,-1,1399,1754,1755,-1,1399,1755,1752,-1,1336,1756,1371,-1,1371,1756,1757,-1,1371,1757,1754,-1,1337,1758,1336,-1,1336,1758,1759,-1,1336,1759,1756,-1,1356,1760,1337,-1,1337,1760,1761,-1,1337,1761,1758,-1,1382,1762,1356,-1,1356,1762,1763,-1,1356,1763,1760,-1,1392,1764,1382,-1,1382,1764,1765,-1,1382,1765,1762,-1,1391,1766,1392,-1,1392,1766,1767,-1,1392,1767,1764,-1,1335,1768,1391,-1,1391,1768,1769,-1,1391,1769,1766,-1,1334,1770,1335,-1,1335,1770,1771,-1,1335,1771,1768,-1,1333,1772,1334,-1,1334,1772,1773,-1,1334,1773,1770,-1,1332,1774,1333,-1,1333,1774,1775,-1,1333,1775,1772,-1,1290,1776,1332,-1,1332,1776,1777,-1,1332,1777,1774,-1,1291,1778,1290,-1,1290,1778,1779,-1,1290,1779,1776,-1,1292,1780,1291,-1,1291,1780,1781,-1,1291,1781,1778,-1,1750,1782,1321,-1,1321,1782,1783,-1,1321,1783,1292,-1,1292,1783,1784,-1,1292,1784,1780,-1,1394,1697,1785,-1,1394,1785,1395,-1,1785,1786,1395,-1,1395,1786,1787,-1,1395,1787,1396,-1,1396,1787,1788,-1,1396,1788,1407,-1,1407,1788,1789,-1,1789,1790,1407,-1,1407,1790,1791,-1,1407,1791,1408,-1,1791,1792,1408,-1,1408,1792,1793,-1,1408,1793,1328,-1,1794,1325,1795,-1,1795,1325,1328,-1,1795,1328,1796,-1,1796,1328,1793,-1,1794,1797,1325,-1,1325,1797,1374,-1,1798,1309,1799,-1,1799,1309,1308,-1,1799,1308,1800,-1,1800,1308,1801,-1,1801,1308,1384,-1,1801,1384,1802,-1,1802,1384,1803,-1,1803,1384,1383,-1,1803,1383,1804,-1,1804,1383,1805,-1,1805,1383,1376,-1,1805,1376,1806,-1,1806,1376,1807,-1,1807,1376,1375,-1,1807,1375,1808,-1,1808,1375,1809,-1,1809,1375,1374,-1,1809,1374,1797,-1,1810,1811,1812,-1,1813,1814,1815,-1,1815,1816,1813,-1,1813,1816,1817,-1,1813,1817,1818,-1,1818,1819,1813,-1,1813,1819,1820,-1,1813,1820,1821,-1,1821,1822,1813,-1,1813,1822,1823,-1,1813,1823,1824,-1,1825,1826,1827,-1,1827,1826,1828,-1,1827,1828,1829,-1,1829,1828,1830,-1,1829,1830,1813,-1,1813,1830,1831,-1,1831,1832,1813,-1,1813,1832,1833,-1,1813,1833,1834,-1,1834,1835,1813,-1,1813,1835,1836,-1,1813,1836,1814,-1,1825,1827,1837,-1,1837,1827,1838,-1,1837,1838,1839,-1,1838,1840,1839,-1,1839,1840,1841,-1,1839,1841,1842,-1,1841,1843,1842,-1,1842,1843,1844,-1,1842,1844,1845,-1,1844,1846,1845,-1,1845,1846,1847,-1,1845,1847,1848,-1,1849,1850,1851,-1,1851,1852,1849,-1,1849,1852,1853,-1,1849,1853,1854,-1,1854,1855,1849,-1,1849,1855,1856,-1,1849,1856,1857,-1,1857,1810,1849,-1,1849,1810,1812,-1,1849,1812,1858,-1,1858,1812,1848,-1,1858,1848,1859,-1,1859,1848,1847,-1,1860,1861,1862,-1,1862,1861,1863,-1,1864,1865,1866,-1,1864,1866,1867,-1,1860,1868,1861,-1,1861,1868,1869,-1,1861,1869,1866,-1,1866,1869,1870,-1,1866,1870,1867,-1,1865,1871,1866,-1,1866,1871,1872,-1,1866,1872,1850,-1,1850,1872,1873,-1,1850,1873,1851,-1,1874,1875,1876,-1,1876,1875,1877,-1,1876,1877,1878,-1,1878,1877,1879,-1,1878,1879,1880,-1,1880,1879,1881,-1,1880,1881,1863,-1,1863,1881,1882,-1,1863,1882,1862,-1,1883,1884,1885,-1,1885,1884,1886,-1,1885,1886,1887,-1,1887,1888,1885,-1,1885,1888,1889,-1,1885,1889,1890,-1,1890,1891,1885,-1,1885,1891,1892,-1,1885,1892,1893,-1,1893,1892,1894,-1,1893,1894,1874,-1,1874,1894,1895,-1,1874,1895,1875,-1,1309,1798,1896,-1,1798,1897,1896,-1,1896,1897,1898,-1,1896,1898,1899,-1,1883,1885,1899,-1,1899,1885,1900,-1,1899,1900,1896,-1,1309,1896,1310,-1,1310,1896,1901,-1,1310,1901,1295,-1,1901,1902,1295,-1,1295,1902,1903,-1,1295,1903,1270,-1,1903,1904,1270,-1,1270,1904,1905,-1,1270,1905,1269,-1,1905,1906,1269,-1,1269,1906,1907,-1,1269,1907,1267,-1,1907,1908,1267,-1,1267,1908,1909,-1,1267,1909,1271,-1,1909,1910,1271,-1,1271,1910,1911,-1,1271,1911,1272,-1,1911,1912,1272,-1,1272,1912,1913,-1,1272,1913,1283,-1,1913,1914,1283,-1,1283,1914,1915,-1,1283,1915,1258,-1,1915,1916,1258,-1,1258,1916,1917,-1,1258,1917,1259,-1,1917,1918,1259,-1,1259,1918,1919,-1,1259,1919,1273,-1,1824,1920,1813,-1,1813,1920,1921,-1,1813,1921,1922,-1,1922,1921,1255,-1,1922,1255,1923,-1,1923,1255,1254,-1,1923,1254,1924,-1,1924,1254,1273,-1,1924,1273,1925,-1,1925,1273,1919,-1,1440,1442,1920,-1,1920,1824,1926,-1,1442,1444,1920,-1,1920,1444,1445,-1,1920,1445,1921,-1,1445,1447,1921,-1,1921,1447,862,-1,1921,862,1255,-1,1474,867,1927,-1,1927,867,1424,-1,1927,1424,1928,-1,1928,1424,1929,-1,1930,1931,1429,-1,1429,1931,1932,-1,1429,1932,1933,-1,1426,1934,1424,-1,1424,1934,1935,-1,1424,1935,1929,-1,1933,1936,1429,-1,1429,1936,1934,-1,1429,1934,1428,-1,1428,1934,1426,-1,1937,1429,1938,-1,1938,1429,1939,-1,1937,1940,1429,-1,1429,1940,1941,-1,1429,1941,1930,-1,1942,1943,1437,-1,1440,1920,1439,-1,1439,1920,1926,-1,1439,1926,1437,-1,1437,1926,1944,-1,1437,1944,1942,-1,1943,1945,1437,-1,1437,1945,1946,-1,1437,1946,1947,-1,1429,1431,1939,-1,1939,1431,1432,-1,1939,1432,1948,-1,1948,1432,1434,-1,1948,1434,1947,-1,1947,1434,1436,-1,1947,1436,1437,-1,1060,1572,1274,-1,1274,1572,1949,-1,1950,1951,1531,-1,1531,1951,1582,-1,1572,1573,1949,-1,1949,1573,1575,-1,1949,1575,1952,-1,1952,1575,1585,-1,1952,1585,1953,-1,1953,1585,1584,-1,1953,1584,1954,-1,1954,1584,1582,-1,1954,1582,1955,-1,1955,1582,1951,-1,1956,1539,1581,-1,1956,1957,1539,-1,1539,1957,1958,-1,1539,1958,1531,-1,1531,1958,1959,-1,1531,1959,1950,-1,1960,1961,1580,-1,1580,1961,1962,-1,1580,1962,1581,-1,1581,1962,1963,-1,1581,1963,1956,-1,1021,1588,1562,-1,1562,1588,1964,-1,1562,1964,1563,-1,1563,1964,1965,-1,1965,1966,1563,-1,1563,1966,1967,-1,1563,1967,1579,-1,1579,1967,1968,-1,1579,1968,1580,-1,1580,1968,1969,-1,1580,1969,1960,-1,1970,1357,1300,-1,1971,1972,1973,-1,1971,1974,1972,-1,1972,1974,1975,-1,1972,1975,1976,-1,1976,1977,1972,-1,1972,1977,1978,-1,1972,1978,1979,-1,1980,1981,1982,-1,1982,1981,1983,-1,1982,1983,1984,-1,1984,1983,1985,-1,1984,1985,1986,-1,1986,1985,1987,-1,1986,1987,1973,-1,1973,1987,1988,-1,1973,1988,1971,-1,1989,1990,1991,-1,1991,1990,1992,-1,1989,1993,1990,-1,1990,1993,1994,-1,1990,1994,1995,-1,1994,1996,1995,-1,1995,1996,1997,-1,1995,1997,1998,-1,1998,1999,1995,-1,1995,1999,2000,-1,1995,2000,2001,-1,2001,2000,2002,-1,2001,2002,1980,-1,1980,2002,2003,-1,1980,2003,1981,-1,2004,2005,2006,-1,2006,2005,2007,-1,2007,2008,2006,-1,2006,2008,2009,-1,2006,2009,2010,-1,2010,2011,2006,-1,2006,2011,2012,-1,2006,2012,2013,-1,2012,2014,2013,-1,2013,2014,2015,-1,2013,2015,1990,-1,1990,2015,2016,-1,1990,2016,1992,-1,2004,2006,2017,-1,2017,2006,2018,-1,2017,2018,2019,-1,2018,2020,2019,-1,2019,2020,2021,-1,2019,2021,2022,-1,2021,2023,2022,-1,2022,2023,2024,-1,2022,2024,2025,-1,2024,2026,2025,-1,2025,2026,2027,-1,2025,2027,2028,-1,2029,2030,2031,-1,2031,2030,2028,-1,2031,2028,2032,-1,2032,2028,2027,-1,2033,2034,2035,-1,2035,2034,2036,-1,2033,2037,2034,-1,2034,2037,2038,-1,2034,2038,2039,-1,2039,2040,2034,-1,2034,2040,2041,-1,2034,2041,2042,-1,2042,2041,2043,-1,2042,2043,2029,-1,2029,2043,2044,-1,2029,2044,2030,-1,1275,1274,2045,-1,2045,1274,2034,-1,2034,1274,1949,-1,2034,1949,1952,-1,1952,1953,2034,-1,2034,1953,2046,-1,2034,2046,2047,-1,2047,2048,2034,-1,2034,2048,2049,-1,2034,2049,2050,-1,2050,2051,2034,-1,2034,2051,2052,-1,2034,2052,2053,-1,2053,2054,2034,-1,2034,2054,2055,-1,2034,2055,2056,-1,2056,2057,2034,-1,2034,2057,2058,-1,2034,2058,2036,-1,2045,2059,1275,-1,1275,2059,2060,-1,1275,2060,1276,-1,2060,2061,1276,-1,1276,2061,2062,-1,1276,2062,1296,-1,2062,2063,1296,-1,1296,2063,2064,-1,1296,2064,1297,-1,2064,2065,1297,-1,1297,2065,2066,-1,1297,2066,1298,-1,2066,2067,1298,-1,1298,2067,2068,-1,1298,2068,1311,-1,2068,2069,1311,-1,1311,2069,2070,-1,1311,2070,1314,-1,2070,2071,1314,-1,1314,2071,2072,-1,1314,2072,1313,-1,2072,2073,1313,-1,1313,2073,2074,-1,1313,2074,1342,-1,2074,2075,1342,-1,1342,2075,2076,-1,1342,2076,1341,-1,2076,2077,1341,-1,1341,2077,2078,-1,1341,2078,1299,-1,1979,2079,1972,-1,1972,2079,2080,-1,1972,2080,2081,-1,2081,2080,2082,-1,2081,2082,2083,-1,2083,2082,2084,-1,2083,2084,2085,-1,2085,1970,2083,-1,2083,1970,1300,-1,2083,1300,2086,-1,2086,1300,1299,-1,2086,1299,2087,-1,2087,1299,2078,-1,1357,1970,2088,-1,1357,2088,1358,-1,2088,2089,1358,-1,1358,2089,2090,-1,1358,2090,1359,-1,1359,2090,2091,-1,1359,2091,1377,-1,1377,2091,2092,-1,2092,2093,1377,-1,1377,2093,2094,-1,1377,2094,1378,-1,2094,2095,1378,-1,1378,2095,2096,-1,1378,2096,1279,-1,2097,1277,2098,-1,2098,1277,1279,-1,2098,1279,2099,-1,2099,1279,2096,-1,1253,1277,2100,-1,2100,1277,2097,-1,2101,1347,2102,-1,2102,1347,1346,-1,2102,1346,2103,-1,2103,1346,2104,-1,2104,1346,1362,-1,2104,1362,2105,-1,2105,1362,2106,-1,2106,1362,1361,-1,2106,1361,2107,-1,2107,1361,2108,-1,2108,1361,1360,-1,2108,1360,2109,-1,2109,1360,2110,-1,2110,1360,1385,-1,2110,1385,2111,-1,2111,1385,2112,-1,2112,1385,1253,-1,2112,1253,2100,-1,2113,1387,1386,-1,2114,2115,2116,-1,2116,2115,2117,-1,2117,2115,2118,-1,2117,2118,2119,-1,2119,2120,2117,-1,2117,2120,2121,-1,2117,2121,2122,-1,2123,2124,2125,-1,2125,2124,2126,-1,2126,2127,2125,-1,2125,2127,2128,-1,2125,2128,2129,-1,2129,2130,2125,-1,2125,2130,2131,-1,2125,2131,2116,-1,2116,2131,2132,-1,2116,2132,2114,-1,2133,2134,2135,-1,2135,2134,2136,-1,2135,2136,2137,-1,2137,2136,2138,-1,2137,2138,2139,-1,2139,2138,2140,-1,2139,2140,2125,-1,2125,2140,2141,-1,2125,2141,2123,-1,2142,2143,2144,-1,2144,2143,2145,-1,2142,2146,2143,-1,2143,2146,2147,-1,2143,2147,2148,-1,2148,2147,2149,-1,2148,2149,2150,-1,2150,2151,2148,-1,2148,2151,2152,-1,2148,2152,2153,-1,2152,2154,2153,-1,2153,2154,2155,-1,2153,2155,2156,-1,2156,2155,2157,-1,2156,2157,2133,-1,2133,2157,2158,-1,2133,2158,2134,-1,2101,2159,2160,-1,2160,2159,2161,-1,2160,2161,2162,-1,2145,2143,2162,-1,2162,2143,2163,-1,2162,2163,2160,-1,2164,2165,1331,-1,1331,2165,1256,-1,2164,1331,2166,-1,2166,1331,1354,-1,2166,1354,2167,-1,2167,1354,2168,-1,2168,1354,1353,-1,2168,1353,2169,-1,2169,1353,2170,-1,2170,1353,1351,-1,2170,1351,2171,-1,2171,1351,2172,-1,2172,1351,1349,-1,2172,1349,2160,-1,2160,1349,1347,-1,2160,1347,2101,-1,2122,2113,2117,-1,2117,2113,1386,-1,2117,1386,2173,-1,2173,1386,1322,-1,1320,2174,1322,-1,1322,2174,2175,-1,1322,2175,2173,-1,1319,2176,1320,-1,1320,2176,2177,-1,1320,2177,2174,-1,1318,2178,1319,-1,1319,2178,2179,-1,1319,2179,2176,-1,1317,2180,1318,-1,1318,2180,2181,-1,1318,2181,2178,-1,1316,2182,1317,-1,1317,2182,2183,-1,1317,2183,2180,-1,1315,2184,1316,-1,1316,2184,2185,-1,1316,2185,2182,-1,1305,2186,1315,-1,1315,2186,2187,-1,1315,2187,2184,-1,1304,2188,1305,-1,1305,2188,2189,-1,1305,2189,2186,-1,1303,2190,1304,-1,1304,2190,2191,-1,1304,2191,2188,-1,1355,2192,1303,-1,1303,2192,2193,-1,1303,2193,2190,-1,1257,2194,1355,-1,1355,2194,2195,-1,1355,2195,2192,-1,2165,2196,1256,-1,1256,2196,2197,-1,1256,2197,1257,-1,1257,2197,2198,-1,1257,2198,2194,-1,2113,2199,1387,-1,1387,2199,1388,-1,2199,2200,1388,-1,1388,2200,2201,-1,1388,2201,1403,-1,2201,2202,1403,-1,1403,2202,2203,-1,1403,2203,1404,-1,2203,2204,1404,-1,1404,2204,2205,-1,1404,2205,1406,-1,2205,2206,1406,-1,1406,2206,2207,-1,1406,2207,1405,-1,1405,2207,2208,-1,1405,2208,1390,-1,1390,2208,2209,-1,1390,2209,2210,-1,2210,2211,1390,-1,1390,2211,2212,-1,1390,2212,1389,-1,2213,1365,2214,-1,2214,1365,1389,-1,2214,1389,2215,-1,2215,1389,2212,-1,1367,1365,2216,-1,2216,1365,2213,-1,1738,1366,2217,-1,2217,1366,1368,-1,2218,2219,1370,-1,1370,2219,2220,-1,1370,2220,1368,-1,1368,2220,2221,-1,1368,2221,2217,-1,2218,1370,2222,-1,2222,1370,1381,-1,2222,1381,2223,-1,2223,1381,1380,-1,2223,1380,2224,-1,2224,1380,2225,-1,2225,1380,1379,-1,2225,1379,2226,-1,2226,1379,2227,-1,2227,1379,1402,-1,2227,1402,2228,-1,2228,1402,2229,-1,2229,1402,1369,-1,2229,1369,2230,-1,2230,1369,2231,-1,2231,1369,1367,-1,2231,1367,2216,-1,2232,2233,2234,-1,2234,2233,2235,-1,2234,2235,2236,-1,2236,2235,2237,-1,2235,2238,2237,-1,2237,2238,2239,-1,2237,2239,2240,-1,2240,2239,2241,-1,2240,2241,2242,-1,2241,2243,2242,-1,2242,2243,2244,-1,2242,2244,2245,-1,2245,2244,2246,-1,2245,2246,2247,-1,2247,2246,2248,-1,2247,2248,2249,-1,2249,2248,2250,-1,2249,2250,2251,-1,1475,1474,2252,-1,2252,1474,2253,-1,2252,2253,2254,-1,2254,2253,2255,-1,2254,2255,2256,-1,2256,2255,2251,-1,2256,2251,2257,-1,2257,2251,2250,-1,2258,2259,2260,-1,2260,2259,1482,-1,2261,1482,2259,-1,2262,2263,2264,-1,2265,2266,2267,-1,2268,2269,2270,-1,1476,1477,2271,-1,2246,2244,2272,-1,2235,2233,2273,-1,2235,2273,2238,-1,2238,2273,2274,-1,2238,2274,2239,-1,2241,2275,2243,-1,2243,2275,2276,-1,2243,2276,2244,-1,2248,2277,2250,-1,2250,2277,2257,-1,2254,2278,2279,-1,2254,2279,2252,-1,2252,2279,1486,-1,2252,1486,1475,-1,2280,2281,2282,-1,2282,2281,2283,-1,2282,2283,2271,-1,2271,2283,2284,-1,2271,2284,1476,-1,2285,2286,2287,-1,2261,2259,2288,-1,2288,2259,2258,-1,2288,2258,2289,-1,2290,1482,2261,-1,2291,2292,2293,-1,2293,2292,2294,-1,2293,2294,2295,-1,1479,1480,2296,-1,2296,1480,1481,-1,2296,1481,1482,-1,1482,1485,2285,-1,2285,1485,1484,-1,2285,1484,2286,-1,2286,1484,1483,-1,2286,1483,1487,-1,2297,2287,2278,-1,2278,2287,2286,-1,2278,2286,2279,-1,2279,2286,1487,-1,2279,1487,1486,-1,2290,2261,2298,-1,2298,2261,2288,-1,2298,2288,2299,-1,2299,2288,2289,-1,2299,2289,2276,-1,2269,2300,2270,-1,2270,2300,2280,-1,2270,2280,2301,-1,2301,2280,2282,-1,2301,2282,2295,-1,2295,2282,2293,-1,2293,2282,2271,-1,2293,2271,2291,-1,2291,2271,1477,-1,2291,1477,1478,-1,2254,2256,2278,-1,2278,2256,2257,-1,2278,2257,2297,-1,2297,2257,2277,-1,2297,2277,2272,-1,2272,2277,2248,-1,2272,2248,2246,-1,2244,2276,2272,-1,2272,2276,2289,-1,2272,2289,2297,-1,2297,2289,2258,-1,2297,2258,2287,-1,2287,2258,2260,-1,2287,2260,2285,-1,2285,2260,1482,-1,2263,2302,2264,-1,2264,2302,2265,-1,2264,2265,2303,-1,2303,2265,2267,-1,2303,2267,2304,-1,2304,2267,2305,-1,2304,2305,2306,-1,2306,2305,2307,-1,2306,2307,2308,-1,2308,2307,2309,-1,2308,2309,1482,-1,2266,2268,2267,-1,2267,2268,2270,-1,2267,2270,2305,-1,2305,2270,2301,-1,2305,2301,2307,-1,2307,2301,2295,-1,2307,2295,2309,-1,2309,2295,2294,-1,2309,2294,1482,-1,2292,1482,2294,-1,1478,1479,2291,-1,2291,1479,2296,-1,2291,2296,2292,-1,2292,2296,1482,-1,2241,2239,2275,-1,2275,2239,2274,-1,2275,2274,2276,-1,2276,2274,2310,-1,2276,2310,2299,-1,2299,2310,2311,-1,2299,2311,2298,-1,2298,2311,2312,-1,2298,2312,2290,-1,2290,2312,2313,-1,2290,2313,1482,-1,2233,2314,2273,-1,2273,2314,2262,-1,2273,2262,2274,-1,2274,2262,2264,-1,2274,2264,2310,-1,2310,2264,2303,-1,2310,2303,2311,-1,2311,2303,2304,-1,2311,2304,2312,-1,2312,2304,2306,-1,2312,2306,2313,-1,2313,2306,2308,-1,2313,2308,1482,-1,2315,2316,2317,-1,2317,2316,2318,-1,2317,2318,2319,-1,2319,2318,2320,-1,2319,2320,2321,-1,2321,2320,2322,-1,2321,2322,2323,-1,2323,2322,2324,-1,2323,2324,2325,-1,2324,2326,2325,-1,2325,2326,2327,-1,2325,2327,2328,-1,2328,2327,2329,-1,2328,2329,2330,-1,2330,2329,2331,-1,2330,2331,2332,-1,2331,2333,2332,-1,2332,2333,2334,-1,2332,2334,2335,-1,2335,2334,2336,-1,2335,2336,2337,-1,2337,2336,2338,-1,2337,2338,2339,-1,2339,2338,2340,-1,2339,2340,1516,-1,1516,2340,1514,-1,2341,2342,2343,-1,2341,2343,2344,-1,2344,2343,1515,-1,2344,1515,1514,-1,2345,2346,2347,-1,2347,2346,2348,-1,2347,2348,2349,-1,2349,2348,2350,-1,2349,2350,2351,-1,2351,2350,2352,-1,2351,2352,2341,-1,2341,2352,2353,-1,2341,2353,2342,-1,2354,2355,2356,-1,2356,2355,2357,-1,2356,2357,2358,-1,2358,2357,2359,-1,2358,2359,2360,-1,2360,2359,2361,-1,2360,2361,2362,-1,2362,2361,2363,-1,2362,2363,2364,-1,2364,2363,2365,-1,2364,2365,2345,-1,2345,2365,2366,-1,2345,2366,2346,-1,1517,1515,2367,-1,2367,1515,2368,-1,2367,2368,2369,-1,2368,2370,2369,-1,2369,2370,2371,-1,2369,2371,2372,-1,2372,2371,2373,-1,2372,2373,2374,-1,2374,2373,2375,-1,2374,2375,2376,-1,2376,2375,2377,-1,2378,2379,2380,-1,2380,2379,2381,-1,2380,2381,2382,-1,2382,2381,2383,-1,2382,2383,2384,-1,2384,2383,2385,-1,2384,2385,2386,-1,2386,2385,2387,-1,2386,2387,2388,-1,2388,2387,2389,-1,2388,2389,2377,-1,2377,2389,2390,-1,2377,2390,2376,-1,2391,2392,2393,-1,2394,2395,2396,-1,2397,2398,2399,-1,2400,2401,2402,-1,1508,1497,2403,-1,1496,1495,2404,-1,1488,1489,2405,-1,1490,1507,2406,-1,2407,2408,2379,-1,2379,2408,2381,-1,2381,2408,2383,-1,2383,2408,2409,-1,2383,2409,2385,-1,2385,2409,2387,-1,2387,2409,2410,-1,2387,2410,2389,-1,2389,2410,2390,-1,2390,2410,2411,-1,2390,2411,2376,-1,2376,2411,2374,-1,2374,2411,2412,-1,2374,2412,2372,-1,2372,2412,2369,-1,2369,2412,2413,-1,2369,2413,2367,-1,1517,2367,1518,-1,1518,2367,2413,-1,1518,2413,1502,-1,1502,2413,1504,-1,1509,1508,2414,-1,2414,1508,2403,-1,2414,2403,2415,-1,2415,2403,2416,-1,2417,2418,2416,-1,2416,2418,2419,-1,2416,2419,2415,-1,2420,2421,2422,-1,2422,2421,2423,-1,2422,2423,2417,-1,2417,2423,2424,-1,2417,2424,2418,-1,2420,2422,2425,-1,2425,2422,2426,-1,2425,2426,2427,-1,2427,2426,2402,-1,2427,2402,2428,-1,2428,2402,2401,-1,2428,2401,2429,-1,2397,2399,2430,-1,1505,1504,2431,-1,2431,1504,2413,-1,2431,2413,2432,-1,2432,2413,2412,-1,2432,2412,2433,-1,2433,2412,2411,-1,2433,2411,2434,-1,2434,2411,2410,-1,2434,2410,2435,-1,2435,2410,2409,-1,2435,2409,2393,-1,2393,2409,2408,-1,2393,2408,2391,-1,2391,2408,2407,-1,1507,1505,2406,-1,2406,1505,2431,-1,2406,2431,2436,-1,2436,2431,2432,-1,2436,2432,2437,-1,2437,2432,2433,-1,2437,2433,2438,-1,2438,2433,2434,-1,2438,2434,2439,-1,2439,2434,2435,-1,2439,2435,2396,-1,2396,2435,2393,-1,2396,2393,2394,-1,2394,2393,2392,-1,1489,1490,2405,-1,2405,1490,2406,-1,2405,2406,2440,-1,2440,2406,2436,-1,2440,2436,2441,-1,2441,2436,2437,-1,2441,2437,2442,-1,2442,2437,2438,-1,2442,2438,2443,-1,2443,2438,2439,-1,2443,2439,2444,-1,2444,2439,2396,-1,2444,2396,2445,-1,2445,2396,2395,-1,1495,1488,2404,-1,2404,1488,2405,-1,2404,2405,2446,-1,2446,2405,2440,-1,2446,2440,2447,-1,2447,2440,2441,-1,2447,2441,2448,-1,2448,2441,2442,-1,2448,2442,2449,-1,2449,2442,2443,-1,2449,2443,2399,-1,2399,2443,2444,-1,2399,2444,2430,-1,2430,2444,2445,-1,1497,1496,2403,-1,2403,1496,2404,-1,2403,2404,2416,-1,2416,2404,2446,-1,2416,2446,2417,-1,2417,2446,2447,-1,2417,2447,2422,-1,2422,2447,2448,-1,2422,2448,2426,-1,2426,2448,2449,-1,2426,2449,2402,-1,2402,2449,2399,-1,2402,2399,2400,-1,2400,2399,2398,-1,1510,1509,2450,-1,2450,1509,2414,-1,2450,2414,2451,-1,2451,2414,2415,-1,2451,2415,2452,-1,2452,2415,2419,-1,2423,2453,2424,-1,2424,2453,2454,-1,2424,2454,2418,-1,2418,2454,2455,-1,2418,2455,2419,-1,2419,2455,2456,-1,2419,2456,2452,-1,2420,2457,2421,-1,2421,2457,2458,-1,2421,2458,2423,-1,2423,2458,2459,-1,2423,2459,2453,-1,2429,2460,2428,-1,2428,2460,2461,-1,2428,2461,2427,-1,2427,2461,2462,-1,2427,2462,2425,-1,2425,2462,2463,-1,2425,2463,2420,-1,2420,2463,2464,-1,2420,2464,2457,-1,2465,2262,2466,-1,2466,2262,2314,-1,2466,2314,2467,-1,2467,2314,2233,-1,2467,2233,2468,-1,2469,2266,2470,-1,2470,2266,2265,-1,2470,2265,2471,-1,2471,2265,2302,-1,2471,2302,2465,-1,2465,2302,2263,-1,2465,2263,2262,-1,2472,2280,2473,-1,2473,2280,2300,-1,2473,2300,2474,-1,2474,2300,2269,-1,2474,2269,2469,-1,2469,2269,2268,-1,2469,2268,2266,-1,1498,1476,2475,-1,2475,1476,2284,-1,2475,2284,2476,-1,2476,2284,2283,-1,2476,2283,2472,-1,2472,2283,2281,-1,2472,2281,2280,-1,1513,1512,2477,-1,1511,1501,2478,-1,1503,1506,2479,-1,1494,1493,2480,-1,2481,2482,2483,-1,2484,2485,2486,-1,2487,2488,2489,-1,2490,2491,2492,-1,2492,2491,2315,-1,2487,2489,2493,-1,2468,2494,2467,-1,2467,2494,2495,-1,2467,2495,2466,-1,2466,2495,2496,-1,2466,2496,2465,-1,2465,2496,2471,-1,2471,2496,2497,-1,2471,2497,2470,-1,2470,2497,2469,-1,2469,2497,2498,-1,2469,2498,2474,-1,2474,2498,2473,-1,2473,2498,2499,-1,2473,2499,2472,-1,2472,2499,2476,-1,2476,2499,2500,-1,2476,2500,2475,-1,1498,2475,1499,-1,1499,2475,2500,-1,1499,2500,1500,-1,1500,2500,1491,-1,1516,1513,2339,-1,2339,1513,2477,-1,2339,2477,2337,-1,2337,2477,2501,-1,2337,2501,2335,-1,2335,2501,2332,-1,2332,2501,2502,-1,2332,2502,2330,-1,2330,2502,2328,-1,2328,2502,2503,-1,2328,2503,2325,-1,2315,2317,2492,-1,2492,2317,2319,-1,2492,2319,2504,-1,2504,2319,2321,-1,2504,2321,2503,-1,2503,2321,2323,-1,2503,2323,2325,-1,1492,1491,2505,-1,2505,1491,2500,-1,2505,2500,2506,-1,2506,2500,2499,-1,2506,2499,2507,-1,2507,2499,2498,-1,2507,2498,2508,-1,2508,2498,2497,-1,2508,2497,2509,-1,2509,2497,2496,-1,2509,2496,2483,-1,2483,2496,2495,-1,2483,2495,2481,-1,2481,2495,2494,-1,1493,1492,2480,-1,2480,1492,2505,-1,2480,2505,2510,-1,2510,2505,2506,-1,2510,2506,2511,-1,2511,2506,2507,-1,2511,2507,2512,-1,2512,2507,2508,-1,2512,2508,2513,-1,2513,2508,2509,-1,2513,2509,2486,-1,2486,2509,2483,-1,2486,2483,2484,-1,2484,2483,2482,-1,1506,1494,2479,-1,2479,1494,2480,-1,2479,2480,2514,-1,2514,2480,2510,-1,2514,2510,2515,-1,2515,2510,2511,-1,2515,2511,2516,-1,2516,2511,2512,-1,2516,2512,2517,-1,2517,2512,2513,-1,2517,2513,2518,-1,2518,2513,2486,-1,2518,2486,2519,-1,2519,2486,2485,-1,1501,1503,2478,-1,2478,1503,2479,-1,2478,2479,2520,-1,2520,2479,2514,-1,2520,2514,2521,-1,2521,2514,2515,-1,2521,2515,2522,-1,2522,2515,2516,-1,2522,2516,2523,-1,2523,2516,2517,-1,2523,2517,2489,-1,2489,2517,2518,-1,2489,2518,2493,-1,2493,2518,2519,-1,1512,1511,2477,-1,2477,1511,2478,-1,2477,2478,2501,-1,2501,2478,2520,-1,2501,2520,2502,-1,2502,2520,2521,-1,2502,2521,2503,-1,2503,2521,2522,-1,2503,2522,2504,-1,2504,2522,2523,-1,2504,2523,2492,-1,2492,2523,2489,-1,2492,2489,2490,-1,2490,2489,2488,-1,2524,2525,2526,-1,2526,2525,1524,-1,2527,1524,2525,-1,2528,2529,2530,-1,2531,2532,2533,-1,2534,2535,2536,-1,1530,1529,2537,-1,2453,2459,2538,-1,2462,2461,2539,-1,2539,2461,2460,-1,2462,2539,2463,-1,2463,2539,2540,-1,2463,2540,2464,-1,2457,2541,2458,-1,2458,2541,2542,-1,2458,2542,2459,-1,2454,2543,2455,-1,2455,2543,2456,-1,2451,2544,2545,-1,2451,2545,2450,-1,2450,2545,1519,-1,2450,1519,1510,-1,2546,2547,2548,-1,2548,2547,2549,-1,2548,2549,2537,-1,2537,2549,2550,-1,2537,2550,1530,-1,2551,2552,2553,-1,2527,2525,2554,-1,2554,2525,2524,-1,2554,2524,2555,-1,2556,1524,2527,-1,2557,2558,2559,-1,2559,2558,2560,-1,2559,2560,2561,-1,1527,1526,2562,-1,2562,1526,1525,-1,2562,1525,1524,-1,1524,1523,2551,-1,2551,1523,1522,-1,2551,1522,2552,-1,2552,1522,1521,-1,2552,1521,1520,-1,2563,2553,2544,-1,2544,2553,2552,-1,2544,2552,2545,-1,2545,2552,1520,-1,2545,1520,1519,-1,2556,2527,2564,-1,2564,2527,2554,-1,2564,2554,2565,-1,2565,2554,2555,-1,2565,2555,2542,-1,2535,2566,2536,-1,2536,2566,2546,-1,2536,2546,2567,-1,2567,2546,2548,-1,2567,2548,2561,-1,2561,2548,2559,-1,2559,2548,2537,-1,2559,2537,2557,-1,2557,2537,1529,-1,2557,1529,1528,-1,2451,2452,2544,-1,2544,2452,2456,-1,2544,2456,2563,-1,2563,2456,2543,-1,2563,2543,2538,-1,2538,2543,2454,-1,2538,2454,2453,-1,2459,2542,2538,-1,2538,2542,2555,-1,2538,2555,2563,-1,2563,2555,2524,-1,2563,2524,2553,-1,2553,2524,2526,-1,2553,2526,2551,-1,2551,2526,1524,-1,2529,2568,2530,-1,2530,2568,2531,-1,2530,2531,2569,-1,2569,2531,2533,-1,2569,2533,2570,-1,2570,2533,2571,-1,2570,2571,2572,-1,2572,2571,2573,-1,2572,2573,2574,-1,2574,2573,2575,-1,2574,2575,1524,-1,2532,2534,2533,-1,2533,2534,2536,-1,2533,2536,2571,-1,2571,2536,2567,-1,2571,2567,2573,-1,2573,2567,2561,-1,2573,2561,2575,-1,2575,2561,2560,-1,2575,2560,1524,-1,2558,1524,2560,-1,1528,1527,2557,-1,2557,1527,2562,-1,2557,2562,2558,-1,2558,2562,1524,-1,2457,2464,2541,-1,2541,2464,2540,-1,2541,2540,2542,-1,2542,2540,2576,-1,2542,2576,2565,-1,2565,2576,2577,-1,2565,2577,2564,-1,2564,2577,2578,-1,2564,2578,2556,-1,2556,2578,2579,-1,2556,2579,1524,-1,2580,2581,2582,-1,2582,2581,2528,-1,2582,2528,2583,-1,2583,2528,2530,-1,2583,2530,2584,-1,2584,2530,2569,-1,2584,2569,2585,-1,2585,2569,2570,-1,2585,2570,2586,-1,2586,2570,2572,-1,2586,2572,2587,-1,2587,2572,2574,-1,2587,2574,1524,-1,2460,2580,2539,-1,2539,2580,2582,-1,2539,2582,2540,-1,2540,2582,2583,-1,2540,2583,2576,-1,2576,2583,2584,-1,2576,2584,2577,-1,2577,2584,2585,-1,2577,2585,2578,-1,2578,2585,2586,-1,2578,2586,2579,-1,2579,2586,2587,-1,2579,2587,1524,-1,1588,1530,2588,-1,2588,1530,2550,-1,2588,2550,2589,-1,2589,2550,2549,-1,2589,2549,2590,-1,2549,2547,2590,-1,2590,2547,2546,-1,2590,2546,2591,-1,2591,2546,2566,-1,2591,2566,2592,-1,2592,2566,2593,-1,2566,2535,2593,-1,2593,2535,2534,-1,2593,2534,2594,-1,2594,2534,2532,-1,2594,2532,2595,-1,2532,2531,2595,-1,2595,2531,2568,-1,2595,2568,2596,-1,2568,2529,2596,-1,2596,2529,2528,-1,2596,2528,2597,-1,2597,2528,2581,-1,2597,2581,2598,-1,2598,2581,2580,-1,2598,2580,2599,-1,2599,2580,2460,-1,2600,2601,2602,-1,2602,2601,2603,-1,2602,2603,2604,-1,2605,2606,2603,-1,2603,2606,2607,-1,2603,2607,2604,-1,2608,2609,2605,-1,2605,2609,2610,-1,2605,2610,2606,-1,2611,2612,2613,-1,2613,2612,2614,-1,2613,2614,2608,-1,2608,2614,2615,-1,2608,2615,2609,-1,2611,2613,2616,-1,2616,2613,2617,-1,2616,2617,2618,-1,2618,2617,2619,-1,2619,2617,2620,-1,2619,2620,2621,-1,2621,2620,2622,-1,2622,2620,2623,-1,2622,2623,2624,-1,2624,2623,2625,-1,2625,2623,2626,-1,2625,2626,2627,-1,2627,2626,2628,-1,2628,2626,2629,-1,2628,2629,2630,-1,2631,2632,2633,-1,2631,2633,2629,-1,2629,2633,2634,-1,2629,2634,2630,-1,2632,2631,2635,-1,2635,2631,2636,-1,2635,2636,2637,-1,2637,2636,2638,-1,2638,2636,2639,-1,2638,2639,2640,-1,2641,2642,2639,-1,2639,2642,2643,-1,2639,2643,2640,-1,2644,2645,2641,-1,2641,2645,2646,-1,2641,2646,2642,-1,2647,2648,2644,-1,2644,2648,2649,-1,2644,2649,2645,-1,2650,2651,2647,-1,2647,2651,2652,-1,2647,2652,2648,-1,2600,2653,2601,-1,2601,2653,2654,-1,2601,2654,2655,-1,2655,2654,2656,-1,2655,2656,2657,-1,2657,2656,2658,-1,2657,2658,2659,-1,2659,2658,2660,-1,2659,2660,2661,-1,2661,2660,2662,-1,2661,2662,2663,-1,2663,2662,2664,-1,2663,2664,2665,-1,2665,2664,2666,-1,2665,2666,2667,-1,2667,2666,2668,-1,2667,2668,2669,-1,2669,2668,2670,-1,2669,2670,2671,-1,2671,2670,2672,-1,2671,2672,2673,-1,2673,2672,2674,-1,2673,2674,2675,-1,2675,2674,2676,-1,2675,2676,2677,-1,2677,2676,2678,-1,2677,2678,2679,-1,2679,2678,2650,-1,2679,2650,2680,-1,2680,2650,2647,-1,1590,1589,2681,-1,2681,1589,1642,-1,2681,1642,2682,-1,2682,1642,1641,-1,2682,1641,2683,-1,1590,2681,1591,-1,1591,2681,2684,-1,1591,2684,1592,-1,1592,2684,2685,-1,1592,2685,1593,-1,1593,2685,1594,-1,1594,2685,2686,-1,1594,2686,1595,-1,1595,2686,1596,-1,1596,2686,2687,-1,1596,2687,1597,-1,1597,2687,2688,-1,1597,2688,1598,-1,2689,1601,2690,-1,2690,1601,1600,-1,2690,1600,2688,-1,2688,1600,1599,-1,2688,1599,1598,-1,2691,1603,2689,-1,2689,1603,1602,-1,2689,1602,1601,-1,1608,1607,2692,-1,2692,1607,1606,-1,2692,1606,2693,-1,2693,1606,1605,-1,2693,1605,2691,-1,2691,1605,1604,-1,2691,1604,1603,-1,1608,2692,1609,-1,1609,2692,2694,-1,1609,2694,1610,-1,1610,2694,2695,-1,1610,2695,1611,-1,1611,2695,1612,-1,1612,2695,2696,-1,1612,2696,1613,-1,1613,2696,1614,-1,1614,2696,2697,-1,1614,2697,1615,-1,1615,2697,2698,-1,1615,2698,1616,-1,2699,1619,2700,-1,2700,1619,1618,-1,2700,1618,2698,-1,2698,1618,1617,-1,2698,1617,1616,-1,2701,1621,2699,-1,2699,1621,1620,-1,2699,1620,1619,-1,1626,1625,2702,-1,2702,1625,1624,-1,2702,1624,2703,-1,2703,1624,1623,-1,2703,1623,2701,-1,2701,1623,1622,-1,2701,1622,1621,-1,1626,2702,1627,-1,1627,2702,2704,-1,1627,2704,1628,-1,1628,2704,2705,-1,1628,2705,1629,-1,1629,2705,1630,-1,1630,2705,2706,-1,1630,2706,1631,-1,1631,2706,1632,-1,1632,2706,2707,-1,1632,2707,1633,-1,1633,2707,2708,-1,1633,2708,1634,-1,2709,1637,2710,-1,2710,1637,1636,-1,2710,1636,2708,-1,2708,1636,1635,-1,2708,1635,1634,-1,1641,1640,2683,-1,2683,1640,1639,-1,2683,1639,2709,-1,2709,1639,1638,-1,2709,1638,1637,-1,2682,2711,2681,-1,2681,2711,2712,-1,2681,2712,2684,-1,2684,2712,2713,-1,2684,2713,2685,-1,2685,2713,2714,-1,2685,2714,2686,-1,2686,2714,2715,-1,2686,2715,2687,-1,2687,2715,2716,-1,2687,2716,2688,-1,2688,2716,2717,-1,2688,2717,2690,-1,2690,2717,2718,-1,2690,2718,2689,-1,2689,2718,2719,-1,2689,2719,2691,-1,2691,2719,2720,-1,2691,2720,2693,-1,2693,2720,2721,-1,2693,2721,2692,-1,2692,2721,2722,-1,2692,2722,2694,-1,2694,2722,2723,-1,2694,2723,2695,-1,2695,2723,2724,-1,2695,2724,2696,-1,2696,2724,2725,-1,2696,2725,2697,-1,2697,2725,2726,-1,2697,2726,2698,-1,2698,2726,2727,-1,2698,2727,2700,-1,2700,2727,2728,-1,2700,2728,2699,-1,2699,2728,2729,-1,2699,2729,2701,-1,2701,2729,2730,-1,2701,2730,2703,-1,2703,2730,2731,-1,2703,2731,2702,-1,2702,2731,2732,-1,2702,2732,2704,-1,2704,2732,2733,-1,2704,2733,2705,-1,2705,2733,2734,-1,2705,2734,2706,-1,2706,2734,2735,-1,2706,2735,2707,-1,2707,2735,2736,-1,2707,2736,2708,-1,2708,2736,2737,-1,2708,2737,2710,-1,2710,2737,2738,-1,2710,2738,2709,-1,2709,2738,2739,-1,2709,2739,2683,-1,2683,2739,2740,-1,2683,2740,2682,-1,2682,2740,2711,-1,2711,2741,2712,-1,2712,2741,2742,-1,2712,2742,2713,-1,2713,2742,2743,-1,2713,2743,2714,-1,2714,2743,2744,-1,2714,2744,2715,-1,2715,2744,2745,-1,2715,2745,2716,-1,2716,2745,2746,-1,2716,2746,2717,-1,2717,2746,2747,-1,2717,2747,2718,-1,2718,2747,2748,-1,2718,2748,2719,-1,2719,2748,2749,-1,2719,2749,2720,-1,2720,2749,2750,-1,2720,2750,2721,-1,2721,2750,2751,-1,2721,2751,2722,-1,2722,2751,2752,-1,2722,2752,2723,-1,2723,2752,2753,-1,2723,2753,2724,-1,2724,2753,2754,-1,2724,2754,2725,-1,2725,2754,2755,-1,2725,2755,2726,-1,2726,2755,2756,-1,2726,2756,2727,-1,2727,2756,2757,-1,2727,2757,2728,-1,2728,2757,2758,-1,2728,2758,2729,-1,2729,2758,2759,-1,2729,2759,2730,-1,2730,2759,2760,-1,2730,2760,2731,-1,2731,2760,2761,-1,2731,2761,2732,-1,2732,2761,2762,-1,2732,2762,2733,-1,2733,2762,2763,-1,2733,2763,2734,-1,2734,2763,2764,-1,2734,2764,2735,-1,2735,2764,2765,-1,2735,2765,2736,-1,2736,2765,2766,-1,2736,2766,2737,-1,2737,2766,2767,-1,2737,2767,2738,-1,2738,2767,2768,-1,2738,2768,2739,-1,2739,2768,2769,-1,2739,2769,2740,-1,2740,2769,2770,-1,2740,2770,2711,-1,2711,2770,2741,-1,2741,2771,2742,-1,2742,2771,2772,-1,2742,2772,2743,-1,2743,2772,2773,-1,2743,2773,2744,-1,2744,2773,2774,-1,2744,2774,2745,-1,2745,2774,2775,-1,2745,2775,2746,-1,2746,2775,2776,-1,2746,2776,2747,-1,2747,2776,2777,-1,2747,2777,2748,-1,2748,2777,2778,-1,2748,2778,2749,-1,2749,2778,2779,-1,2749,2779,2750,-1,2750,2779,2780,-1,2750,2780,2751,-1,2751,2780,2781,-1,2751,2781,2752,-1,2752,2781,2782,-1,2752,2782,2753,-1,2753,2782,2783,-1,2753,2783,2754,-1,2754,2783,2784,-1,2754,2784,2755,-1,2755,2784,2785,-1,2755,2785,2756,-1,2756,2785,2786,-1,2756,2786,2757,-1,2757,2786,2787,-1,2757,2787,2758,-1,2758,2787,2788,-1,2758,2788,2759,-1,2759,2788,2789,-1,2759,2789,2760,-1,2760,2789,2790,-1,2760,2790,2761,-1,2761,2790,2791,-1,2761,2791,2762,-1,2762,2791,2792,-1,2762,2792,2763,-1,2763,2792,2793,-1,2763,2793,2764,-1,2764,2793,2794,-1,2764,2794,2765,-1,2765,2794,2795,-1,2765,2795,2766,-1,2766,2795,2796,-1,2766,2796,2767,-1,2767,2796,2797,-1,2767,2797,2768,-1,2768,2797,2798,-1,2768,2798,2769,-1,2769,2798,2799,-1,2769,2799,2770,-1,2770,2799,2800,-1,2770,2800,2741,-1,2741,2800,2771,-1,2771,2801,2772,-1,2772,2801,2802,-1,2772,2802,2773,-1,2773,2802,2803,-1,2773,2803,2774,-1,2774,2803,2804,-1,2774,2804,2775,-1,2775,2804,2805,-1,2775,2805,2776,-1,2776,2805,2806,-1,2776,2806,2777,-1,2777,2806,2807,-1,2777,2807,2778,-1,2778,2807,2808,-1,2778,2808,2779,-1,2779,2808,2809,-1,2779,2809,2780,-1,2780,2809,2810,-1,2780,2810,2781,-1,2781,2810,2811,-1,2781,2811,2782,-1,2782,2811,2812,-1,2782,2812,2783,-1,2783,2812,2813,-1,2783,2813,2784,-1,2784,2813,2814,-1,2784,2814,2785,-1,2785,2814,2815,-1,2785,2815,2786,-1,2786,2815,2816,-1,2786,2816,2787,-1,2787,2816,2817,-1,2787,2817,2788,-1,2788,2817,2818,-1,2788,2818,2789,-1,2789,2818,2819,-1,2789,2819,2790,-1,2790,2819,2820,-1,2790,2820,2791,-1,2791,2820,2821,-1,2791,2821,2792,-1,2792,2821,2822,-1,2792,2822,2793,-1,2793,2822,2823,-1,2793,2823,2794,-1,2794,2823,2824,-1,2794,2824,2795,-1,2795,2824,2825,-1,2795,2825,2796,-1,2796,2825,2826,-1,2796,2826,2797,-1,2797,2826,2827,-1,2797,2827,2798,-1,2798,2827,2828,-1,2798,2828,2799,-1,2799,2828,2829,-1,2799,2829,2800,-1,2800,2829,2830,-1,2800,2830,2771,-1,2771,2830,2801,-1,2801,2647,2802,-1,2802,2647,2644,-1,2802,2644,2803,-1,2803,2644,2641,-1,2803,2641,2804,-1,2804,2641,2639,-1,2804,2639,2805,-1,2805,2639,2636,-1,2805,2636,2806,-1,2806,2636,2631,-1,2806,2631,2807,-1,2807,2631,2629,-1,2807,2629,2808,-1,2808,2629,2626,-1,2808,2626,2809,-1,2809,2626,2623,-1,2809,2623,2810,-1,2810,2623,2620,-1,2810,2620,2811,-1,2811,2620,2617,-1,2811,2617,2812,-1,2812,2617,2613,-1,2812,2613,2813,-1,2813,2613,2608,-1,2813,2608,2814,-1,2814,2608,2605,-1,2814,2605,2815,-1,2815,2605,2603,-1,2815,2603,2816,-1,2816,2603,2601,-1,2816,2601,2817,-1,2817,2601,2655,-1,2817,2655,2818,-1,2818,2655,2657,-1,2818,2657,2819,-1,2819,2657,2659,-1,2819,2659,2820,-1,2820,2659,2661,-1,2820,2661,2821,-1,2821,2661,2663,-1,2821,2663,2822,-1,2822,2663,2665,-1,2822,2665,2823,-1,2823,2665,2667,-1,2823,2667,2824,-1,2824,2667,2669,-1,2824,2669,2825,-1,2825,2669,2671,-1,2825,2671,2826,-1,2826,2671,2673,-1,2826,2673,2827,-1,2827,2673,2675,-1,2827,2675,2828,-1,2828,2675,2677,-1,2828,2677,2829,-1,2829,2677,2679,-1,2829,2679,2830,-1,2830,2679,2680,-1,2830,2680,2801,-1,2801,2680,2647,-1,2831,2832,2833,-1,2833,2832,2834,-1,2833,2834,2835,-1,2836,2837,2834,-1,2834,2837,2838,-1,2834,2838,2835,-1,2839,2840,2836,-1,2836,2840,2841,-1,2836,2841,2837,-1,2842,2843,2844,-1,2844,2843,2845,-1,2844,2845,2839,-1,2839,2845,2846,-1,2839,2846,2840,-1,2842,2844,2847,-1,2847,2844,2848,-1,2847,2848,2849,-1,2849,2848,2850,-1,2850,2848,2851,-1,2850,2851,2852,-1,2852,2851,2853,-1,2853,2851,2854,-1,2853,2854,2855,-1,2855,2854,2856,-1,2856,2854,2857,-1,2856,2857,2858,-1,2858,2857,2859,-1,2859,2857,2860,-1,2859,2860,2861,-1,2862,2863,2864,-1,2862,2864,2860,-1,2860,2864,2865,-1,2860,2865,2861,-1,2863,2862,2866,-1,2866,2862,2867,-1,2866,2867,2868,-1,2868,2867,2869,-1,2869,2867,2870,-1,2869,2870,2871,-1,2872,2873,2870,-1,2870,2873,2874,-1,2870,2874,2871,-1,2875,2876,2872,-1,2872,2876,2877,-1,2872,2877,2873,-1,2878,2879,2875,-1,2875,2879,2880,-1,2875,2880,2876,-1,2881,2882,2878,-1,2878,2882,2883,-1,2878,2883,2879,-1,2831,2884,2832,-1,2832,2884,2885,-1,2832,2885,2886,-1,2886,2885,2887,-1,2886,2887,2888,-1,2888,2887,2889,-1,2888,2889,2890,-1,2890,2889,2891,-1,2890,2891,2892,-1,2892,2891,2893,-1,2892,2893,2894,-1,2894,2893,2895,-1,2894,2895,2896,-1,2896,2895,2897,-1,2896,2897,2898,-1,2898,2897,2899,-1,2898,2899,2900,-1,2900,2899,2901,-1,2900,2901,2902,-1,2902,2901,2903,-1,2902,2903,2904,-1,2904,2903,2905,-1,2904,2905,2906,-1,2906,2905,2907,-1,2906,2907,2908,-1,2908,2907,2909,-1,2908,2909,2910,-1,2910,2909,2881,-1,2910,2881,2911,-1,2911,2881,2878,-1,1644,1643,2912,-1,2912,1643,1696,-1,2912,1696,2913,-1,2913,1696,1695,-1,2913,1695,2914,-1,1644,2912,1645,-1,1645,2912,2915,-1,1645,2915,1646,-1,1646,2915,2916,-1,1646,2916,1647,-1,1647,2916,1648,-1,1648,2916,2917,-1,1648,2917,1649,-1,1649,2917,1650,-1,1650,2917,2918,-1,1650,2918,1651,-1,1651,2918,2919,-1,1651,2919,1652,-1,2920,1655,2921,-1,2921,1655,1654,-1,2921,1654,2919,-1,2919,1654,1653,-1,2919,1653,1652,-1,2922,1657,2920,-1,2920,1657,1656,-1,2920,1656,1655,-1,1662,1661,2923,-1,2923,1661,1660,-1,2923,1660,2924,-1,2924,1660,1659,-1,2924,1659,2922,-1,2922,1659,1658,-1,2922,1658,1657,-1,1662,2923,1663,-1,1663,2923,2925,-1,1663,2925,1664,-1,1664,2925,2926,-1,1664,2926,1665,-1,1665,2926,1666,-1,1666,2926,2927,-1,1666,2927,1667,-1,1667,2927,1668,-1,1668,2927,2928,-1,1668,2928,1669,-1,1669,2928,2929,-1,1669,2929,1670,-1,2930,1673,2931,-1,2931,1673,1672,-1,2931,1672,2929,-1,2929,1672,1671,-1,2929,1671,1670,-1,2932,1675,2930,-1,2930,1675,1674,-1,2930,1674,1673,-1,1680,1679,2933,-1,2933,1679,1678,-1,2933,1678,2934,-1,2934,1678,1677,-1,2934,1677,2932,-1,2932,1677,1676,-1,2932,1676,1675,-1,1680,2933,1681,-1,1681,2933,2935,-1,1681,2935,1682,-1,1682,2935,2936,-1,1682,2936,1683,-1,1683,2936,1684,-1,1684,2936,2937,-1,1684,2937,1685,-1,1685,2937,1686,-1,1686,2937,2938,-1,1686,2938,1687,-1,1687,2938,2939,-1,1687,2939,1688,-1,2940,1691,2941,-1,2941,1691,1690,-1,2941,1690,2939,-1,2939,1690,1689,-1,2939,1689,1688,-1,1695,1694,2914,-1,2914,1694,1693,-1,2914,1693,2940,-1,2940,1693,1692,-1,2940,1692,1691,-1,2913,2942,2912,-1,2912,2942,2943,-1,2912,2943,2915,-1,2915,2943,2944,-1,2915,2944,2916,-1,2916,2944,2945,-1,2916,2945,2917,-1,2917,2945,2946,-1,2917,2946,2918,-1,2918,2946,2947,-1,2918,2947,2919,-1,2919,2947,2948,-1,2919,2948,2921,-1,2921,2948,2949,-1,2921,2949,2920,-1,2920,2949,2950,-1,2920,2950,2922,-1,2922,2950,2951,-1,2922,2951,2924,-1,2924,2951,2952,-1,2924,2952,2923,-1,2923,2952,2953,-1,2923,2953,2925,-1,2925,2953,2954,-1,2925,2954,2926,-1,2926,2954,2955,-1,2926,2955,2927,-1,2927,2955,2956,-1,2927,2956,2928,-1,2928,2956,2957,-1,2928,2957,2929,-1,2929,2957,2958,-1,2929,2958,2931,-1,2931,2958,2959,-1,2931,2959,2930,-1,2930,2959,2960,-1,2930,2960,2932,-1,2932,2960,2961,-1,2932,2961,2934,-1,2934,2961,2962,-1,2934,2962,2933,-1,2933,2962,2963,-1,2933,2963,2935,-1,2935,2963,2964,-1,2935,2964,2936,-1,2936,2964,2965,-1,2936,2965,2937,-1,2937,2965,2966,-1,2937,2966,2938,-1,2938,2966,2967,-1,2938,2967,2939,-1,2939,2967,2968,-1,2939,2968,2941,-1,2941,2968,2969,-1,2941,2969,2940,-1,2940,2969,2970,-1,2940,2970,2914,-1,2914,2970,2971,-1,2914,2971,2913,-1,2913,2971,2942,-1,2942,2972,2943,-1,2943,2972,2973,-1,2943,2973,2944,-1,2944,2973,2974,-1,2944,2974,2945,-1,2945,2974,2975,-1,2945,2975,2946,-1,2946,2975,2976,-1,2946,2976,2947,-1,2947,2976,2977,-1,2947,2977,2948,-1,2948,2977,2978,-1,2948,2978,2949,-1,2949,2978,2979,-1,2949,2979,2950,-1,2950,2979,2980,-1,2950,2980,2951,-1,2951,2980,2981,-1,2951,2981,2952,-1,2952,2981,2982,-1,2952,2982,2953,-1,2953,2982,2983,-1,2953,2983,2954,-1,2954,2983,2984,-1,2954,2984,2955,-1,2955,2984,2985,-1,2955,2985,2956,-1,2956,2985,2986,-1,2956,2986,2957,-1,2957,2986,2987,-1,2957,2987,2958,-1,2958,2987,2988,-1,2958,2988,2959,-1,2959,2988,2989,-1,2959,2989,2960,-1,2960,2989,2990,-1,2960,2990,2961,-1,2961,2990,2991,-1,2961,2991,2962,-1,2962,2991,2992,-1,2962,2992,2963,-1,2963,2992,2993,-1,2963,2993,2964,-1,2964,2993,2994,-1,2964,2994,2965,-1,2965,2994,2995,-1,2965,2995,2966,-1,2966,2995,2996,-1,2966,2996,2967,-1,2967,2996,2997,-1,2967,2997,2968,-1,2968,2997,2998,-1,2968,2998,2969,-1,2969,2998,2999,-1,2969,2999,2970,-1,2970,2999,3000,-1,2970,3000,2971,-1,2971,3000,3001,-1,2971,3001,2942,-1,2942,3001,2972,-1,2972,3002,2973,-1,2973,3002,3003,-1,2973,3003,2974,-1,2974,3003,3004,-1,2974,3004,2975,-1,2975,3004,3005,-1,2975,3005,2976,-1,2976,3005,3006,-1,2976,3006,2977,-1,2977,3006,3007,-1,2977,3007,2978,-1,2978,3007,3008,-1,2978,3008,2979,-1,2979,3008,3009,-1,2979,3009,2980,-1,2980,3009,3010,-1,2980,3010,2981,-1,2981,3010,3011,-1,2981,3011,2982,-1,2982,3011,3012,-1,2982,3012,2983,-1,2983,3012,3013,-1,2983,3013,2984,-1,2984,3013,3014,-1,2984,3014,2985,-1,2985,3014,3015,-1,2985,3015,2986,-1,2986,3015,3016,-1,2986,3016,2987,-1,2987,3016,3017,-1,2987,3017,2988,-1,2988,3017,3018,-1,2988,3018,2989,-1,2989,3018,3019,-1,2989,3019,2990,-1,2990,3019,3020,-1,2990,3020,2991,-1,2991,3020,3021,-1,2991,3021,2992,-1,2992,3021,3022,-1,2992,3022,2993,-1,2993,3022,3023,-1,2993,3023,2994,-1,2994,3023,3024,-1,2994,3024,2995,-1,2995,3024,3025,-1,2995,3025,2996,-1,2996,3025,3026,-1,2996,3026,2997,-1,2997,3026,3027,-1,2997,3027,2998,-1,2998,3027,3028,-1,2998,3028,2999,-1,2999,3028,3029,-1,2999,3029,3000,-1,3000,3029,3030,-1,3000,3030,3001,-1,3001,3030,3031,-1,3001,3031,2972,-1,2972,3031,3002,-1,3002,3032,3003,-1,3003,3032,3033,-1,3003,3033,3004,-1,3004,3033,3034,-1,3004,3034,3005,-1,3005,3034,3035,-1,3005,3035,3006,-1,3006,3035,3036,-1,3006,3036,3007,-1,3007,3036,3037,-1,3007,3037,3008,-1,3008,3037,3038,-1,3008,3038,3009,-1,3009,3038,3039,-1,3009,3039,3010,-1,3010,3039,3040,-1,3010,3040,3011,-1,3011,3040,3041,-1,3011,3041,3012,-1,3012,3041,3042,-1,3012,3042,3013,-1,3013,3042,3043,-1,3013,3043,3014,-1,3014,3043,3044,-1,3014,3044,3015,-1,3015,3044,3045,-1,3015,3045,3016,-1,3016,3045,3046,-1,3016,3046,3017,-1,3017,3046,3047,-1,3017,3047,3018,-1,3018,3047,3048,-1,3018,3048,3019,-1,3019,3048,3049,-1,3019,3049,3020,-1,3020,3049,3050,-1,3020,3050,3021,-1,3021,3050,3051,-1,3021,3051,3022,-1,3022,3051,3052,-1,3022,3052,3023,-1,3023,3052,3053,-1,3023,3053,3024,-1,3024,3053,3054,-1,3024,3054,3025,-1,3025,3054,3055,-1,3025,3055,3026,-1,3026,3055,3056,-1,3026,3056,3027,-1,3027,3056,3057,-1,3027,3057,3028,-1,3028,3057,3058,-1,3028,3058,3029,-1,3029,3058,3059,-1,3029,3059,3030,-1,3030,3059,3060,-1,3030,3060,3031,-1,3031,3060,3061,-1,3031,3061,3002,-1,3002,3061,3032,-1,3032,2878,3033,-1,3033,2878,2875,-1,3033,2875,3034,-1,3034,2875,2872,-1,3034,2872,3035,-1,3035,2872,2870,-1,3035,2870,3036,-1,3036,2870,2867,-1,3036,2867,3037,-1,3037,2867,2862,-1,3037,2862,3038,-1,3038,2862,2860,-1,3038,2860,3039,-1,3039,2860,2857,-1,3039,2857,3040,-1,3040,2857,2854,-1,3040,2854,3041,-1,3041,2854,2851,-1,3041,2851,3042,-1,3042,2851,2848,-1,3042,2848,3043,-1,3043,2848,2844,-1,3043,2844,3044,-1,3044,2844,2839,-1,3044,2839,3045,-1,3045,2839,2836,-1,3045,2836,3046,-1,3046,2836,2834,-1,3046,2834,3047,-1,3047,2834,2832,-1,3047,2832,3048,-1,3048,2832,2886,-1,3048,2886,3049,-1,3049,2886,2888,-1,3049,2888,3050,-1,3050,2888,2890,-1,3050,2890,3051,-1,3051,2890,2892,-1,3051,2892,3052,-1,3052,2892,2894,-1,3052,2894,3053,-1,3053,2894,2896,-1,3053,2896,3054,-1,3054,2896,2898,-1,3054,2898,3055,-1,3055,2898,2900,-1,3055,2900,3056,-1,3056,2900,2902,-1,3056,2902,3057,-1,3057,2902,2904,-1,3057,2904,3058,-1,3058,2904,2906,-1,3058,2906,3059,-1,3059,2906,2908,-1,3059,2908,3060,-1,3060,2908,2910,-1,3060,2910,3061,-1,3061,2910,2911,-1,3061,2911,3032,-1,3032,2911,2878,-1,1753,1752,3062,-1,1769,1768,3063,-1,3064,3065,1783,-1,1783,3065,1784,-1,1784,3065,3066,-1,1784,3066,1780,-1,1780,3066,1781,-1,1781,3066,3067,-1,1781,3067,1778,-1,1778,3067,1779,-1,1779,3067,3068,-1,1779,3068,1776,-1,1776,3068,1777,-1,1777,3068,3069,-1,1777,3069,1774,-1,1774,3069,1775,-1,1775,3069,3070,-1,1775,3070,1772,-1,1772,3070,3071,-1,1772,3071,1773,-1,1773,3071,3072,-1,1773,3072,1770,-1,3063,1768,3072,-1,3072,1768,1771,-1,3072,1771,1770,-1,1769,3063,1766,-1,1766,3063,3073,-1,1766,3073,1767,-1,1767,3073,3074,-1,1767,3074,1764,-1,1764,3074,1765,-1,1765,3074,3075,-1,1765,3075,1762,-1,1762,3075,1763,-1,1763,3075,3076,-1,1763,3076,1760,-1,1760,3076,1761,-1,1761,3076,3077,-1,1761,3077,1758,-1,1758,3077,1759,-1,1759,3077,3078,-1,1759,3078,1756,-1,1756,3078,3079,-1,1756,3079,1757,-1,1757,3079,3080,-1,1757,3080,1754,-1,3062,1752,3080,-1,3080,1752,1755,-1,3080,1755,1754,-1,1753,3062,1751,-1,1751,3062,3081,-1,1751,3081,1702,-1,1702,3081,3082,-1,1702,3082,1700,-1,1700,3082,1698,-1,1698,3082,3083,-1,1698,3083,1707,-1,1707,3083,1715,-1,1715,3083,3084,-1,1715,3084,1713,-1,1713,3084,1735,-1,1735,3084,3085,-1,1735,3085,1733,-1,1733,3085,1731,-1,1731,3085,3086,-1,1731,3086,1729,-1,1729,3086,3087,-1,1729,3087,1718,-1,1718,3087,3088,-1,1718,3088,1746,-1,1783,1782,3064,-1,3064,1782,1750,-1,3064,1750,3088,-1,3088,1750,1739,-1,3088,1739,1746,-1,3089,3090,3091,-1,3091,3090,3092,-1,3091,3092,3093,-1,3093,3092,3094,-1,3093,3094,3095,-1,3095,3094,3096,-1,3095,3096,3097,-1,3097,3096,3098,-1,3097,3098,3099,-1,3099,3098,3100,-1,3099,3100,3101,-1,3101,3100,3102,-1,3101,3102,3103,-1,3103,3102,3104,-1,3103,3104,3105,-1,3105,3104,3106,-1,3105,3106,3107,-1,3107,3106,3108,-1,3107,3108,3109,-1,3109,3108,3110,-1,3109,3110,3111,-1,3111,3110,3112,-1,3111,3112,3113,-1,3113,3112,3114,-1,3113,3114,3115,-1,3115,3114,3116,-1,3115,3116,3117,-1,3117,3116,3118,-1,3117,3118,3119,-1,3119,3118,3120,-1,3119,3120,3121,-1,3121,3120,3122,-1,3121,3122,3123,-1,3123,3122,3124,-1,3123,3124,3125,-1,3125,3124,3126,-1,3125,3126,3127,-1,3127,3126,3128,-1,3127,3128,3129,-1,3129,3128,3130,-1,3129,3130,3131,-1,3131,3130,3132,-1,3131,3132,3133,-1,3133,3132,3134,-1,3133,3134,3135,-1,3135,3134,3136,-1,3135,3136,3137,-1,3137,3136,3138,-1,3137,3138,3139,-1,3139,3138,3140,-1,3139,3140,3141,-1,3141,3140,3142,-1,3141,3142,3143,-1,3143,3142,3089,-1,3143,3089,3091,-1,3117,3144,3115,-1,3115,3144,3145,-1,3115,3145,3113,-1,3113,3145,3146,-1,3113,3146,3111,-1,3111,3146,3147,-1,3111,3147,3109,-1,3109,3147,3148,-1,3109,3148,3107,-1,3107,3148,3149,-1,3107,3149,3105,-1,3105,3149,3150,-1,3105,3150,3103,-1,3103,3150,3151,-1,3103,3151,3101,-1,3101,3151,3152,-1,3101,3152,3099,-1,3099,3152,3153,-1,3099,3153,3097,-1,3097,3153,3154,-1,3097,3154,3095,-1,3095,3154,3155,-1,3095,3155,3093,-1,3093,3155,3156,-1,3093,3156,3091,-1,3091,3156,3157,-1,3091,3157,3143,-1,3143,3157,3158,-1,3143,3158,3141,-1,3141,3158,3159,-1,3141,3159,3139,-1,3139,3159,3160,-1,3139,3160,3137,-1,3137,3160,3161,-1,3137,3161,3135,-1,3135,3161,3162,-1,3135,3162,3133,-1,3133,3162,3163,-1,3133,3163,3131,-1,3131,3163,3164,-1,3131,3164,3129,-1,3129,3164,3165,-1,3129,3165,3127,-1,3127,3165,3166,-1,3127,3166,3125,-1,3125,3166,3167,-1,3125,3167,3123,-1,3123,3167,3168,-1,3123,3168,3121,-1,3121,3168,3169,-1,3121,3169,3119,-1,3119,3169,3170,-1,3119,3170,3117,-1,3117,3170,3144,-1,3144,3171,3145,-1,3145,3171,3172,-1,3145,3172,3146,-1,3146,3172,3173,-1,3146,3173,3147,-1,3147,3173,3174,-1,3147,3174,3148,-1,3148,3174,3175,-1,3148,3175,3149,-1,3149,3175,3176,-1,3149,3176,3150,-1,3150,3176,3177,-1,3150,3177,3151,-1,3151,3177,3178,-1,3151,3178,3152,-1,3152,3178,3179,-1,3152,3179,3153,-1,3153,3179,3180,-1,3153,3180,3154,-1,3154,3180,3181,-1,3154,3181,3155,-1,3155,3181,3182,-1,3155,3182,3156,-1,3156,3182,3183,-1,3156,3183,3157,-1,3157,3183,3184,-1,3157,3184,3158,-1,3158,3184,3185,-1,3158,3185,3159,-1,3159,3185,3186,-1,3159,3186,3160,-1,3160,3186,3187,-1,3160,3187,3161,-1,3161,3187,3188,-1,3161,3188,3162,-1,3162,3188,3189,-1,3162,3189,3163,-1,3163,3189,3190,-1,3163,3190,3164,-1,3164,3190,3191,-1,3164,3191,3165,-1,3165,3191,3192,-1,3165,3192,3166,-1,3166,3192,3193,-1,3166,3193,3167,-1,3167,3193,3194,-1,3167,3194,3168,-1,3168,3194,3195,-1,3168,3195,3169,-1,3169,3195,3196,-1,3169,3196,3170,-1,3170,3196,3197,-1,3170,3197,3144,-1,3144,3197,3171,-1,3171,3198,3172,-1,3172,3198,3199,-1,3172,3199,3173,-1,3173,3199,3200,-1,3173,3200,3174,-1,3174,3200,3201,-1,3174,3201,3175,-1,3175,3201,3202,-1,3175,3202,3176,-1,3176,3202,3203,-1,3176,3203,3177,-1,3177,3203,3204,-1,3177,3204,3178,-1,3178,3204,3205,-1,3178,3205,3179,-1,3179,3205,3206,-1,3179,3206,3180,-1,3180,3206,3207,-1,3180,3207,3181,-1,3181,3207,3208,-1,3181,3208,3182,-1,3182,3208,3209,-1,3182,3209,3183,-1,3183,3209,3210,-1,3183,3210,3184,-1,3184,3210,3211,-1,3184,3211,3185,-1,3185,3211,3212,-1,3185,3212,3186,-1,3186,3212,3213,-1,3186,3213,3187,-1,3187,3213,3214,-1,3187,3214,3188,-1,3188,3214,3215,-1,3188,3215,3189,-1,3189,3215,3216,-1,3189,3216,3190,-1,3190,3216,3217,-1,3190,3217,3191,-1,3191,3217,3218,-1,3191,3218,3192,-1,3192,3218,3219,-1,3192,3219,3193,-1,3193,3219,3220,-1,3193,3220,3194,-1,3194,3220,3221,-1,3194,3221,3195,-1,3195,3221,3222,-1,3195,3222,3196,-1,3196,3222,3223,-1,3196,3223,3197,-1,3197,3223,3224,-1,3197,3224,3171,-1,3171,3224,3198,-1,3198,3225,3199,-1,3199,3225,3226,-1,3199,3226,3200,-1,3200,3226,3227,-1,3200,3227,3201,-1,3201,3227,3228,-1,3201,3228,3202,-1,3202,3228,3229,-1,3202,3229,3203,-1,3203,3229,3230,-1,3203,3230,3204,-1,3204,3230,3231,-1,3204,3231,3205,-1,3205,3231,3232,-1,3205,3232,3206,-1,3206,3232,3233,-1,3206,3233,3207,-1,3207,3233,3234,-1,3207,3234,3208,-1,3208,3234,3235,-1,3208,3235,3209,-1,3209,3235,3236,-1,3209,3236,3210,-1,3210,3236,3237,-1,3210,3237,3211,-1,3211,3237,3238,-1,3211,3238,3212,-1,3212,3238,3239,-1,3212,3239,3213,-1,3213,3239,3240,-1,3213,3240,3214,-1,3214,3240,3241,-1,3214,3241,3215,-1,3215,3241,3242,-1,3215,3242,3216,-1,3216,3242,3243,-1,3216,3243,3217,-1,3217,3243,3244,-1,3217,3244,3218,-1,3218,3244,3245,-1,3218,3245,3219,-1,3219,3245,3246,-1,3219,3246,3220,-1,3220,3246,3247,-1,3220,3247,3221,-1,3221,3247,3248,-1,3221,3248,3222,-1,3222,3248,3249,-1,3222,3249,3223,-1,3223,3249,3250,-1,3223,3250,3224,-1,3224,3250,3251,-1,3224,3251,3198,-1,3198,3251,3225,-1,3225,3071,3226,-1,3226,3071,3070,-1,3226,3070,3227,-1,3227,3070,3069,-1,3227,3069,3228,-1,3228,3069,3068,-1,3228,3068,3229,-1,3229,3068,3067,-1,3229,3067,3230,-1,3230,3067,3066,-1,3230,3066,3231,-1,3231,3066,3065,-1,3231,3065,3232,-1,3232,3065,3064,-1,3232,3064,3233,-1,3233,3064,3088,-1,3233,3088,3234,-1,3234,3088,3087,-1,3234,3087,3235,-1,3235,3087,3086,-1,3235,3086,3236,-1,3236,3086,3085,-1,3236,3085,3237,-1,3237,3085,3084,-1,3237,3084,3238,-1,3238,3084,3083,-1,3238,3083,3239,-1,3239,3083,3082,-1,3239,3082,3240,-1,3240,3082,3081,-1,3240,3081,3241,-1,3241,3081,3062,-1,3241,3062,3242,-1,3242,3062,3080,-1,3242,3080,3243,-1,3243,3080,3079,-1,3243,3079,3244,-1,3244,3079,3078,-1,3244,3078,3245,-1,3245,3078,3077,-1,3245,3077,3246,-1,3246,3077,3076,-1,3246,3076,3247,-1,3247,3076,3075,-1,3247,3075,3248,-1,3248,3075,3074,-1,3248,3074,3249,-1,3249,3074,3073,-1,3249,3073,3250,-1,3250,3073,3063,-1,3250,3063,3251,-1,3251,3063,3072,-1,3251,3072,3225,-1,3225,3072,3071,-1,3252,3253,3254,-1,3255,3256,3257,-1,3258,3259,3260,-1,3260,3261,3262,-1,3262,3261,3263,-1,3262,3263,3264,-1,3265,3266,3267,-1,3268,3269,3270,-1,3271,2231,2216,-1,3272,2229,2230,-1,3273,2226,2227,-1,3274,2225,2226,-1,2225,3274,2224,-1,2224,3274,3275,-1,2224,3275,2223,-1,2222,3276,2218,-1,2218,3276,3277,-1,2218,3277,2219,-1,2219,3277,3278,-1,2219,3278,2220,-1,2220,3278,2221,-1,2221,3278,3279,-1,2221,3279,2217,-1,1744,1743,3255,-1,3255,1743,1742,-1,3255,1742,3256,-1,3256,1742,1741,-1,3256,1741,1740,-1,1719,1749,3280,-1,3280,1749,1748,-1,3280,1748,3281,-1,3281,1748,1747,-1,3281,1747,1745,-1,1721,1720,3282,-1,3282,1720,1719,-1,3282,1719,3283,-1,3283,1719,3280,-1,1724,1723,3284,-1,3284,1723,3285,-1,1724,3284,1725,-1,1725,3284,3286,-1,1725,3286,1726,-1,3287,3288,3289,-1,3289,3288,3290,-1,3287,3291,3292,-1,3292,3291,3293,-1,3292,3293,3294,-1,3294,3293,3295,-1,3294,3295,3296,-1,3296,3295,3297,-1,3296,3297,3298,-1,3298,3297,3299,-1,3298,3299,3300,-1,3300,3299,3301,-1,3300,3301,3302,-1,3302,3301,3303,-1,3302,3303,3304,-1,3304,3303,3305,-1,3258,3260,3305,-1,3306,3307,3308,-1,3308,3307,3309,-1,3308,3309,3310,-1,3310,3309,3311,-1,3310,3311,3312,-1,3313,3314,3315,-1,3315,3314,3316,-1,3315,3316,3317,-1,3317,3316,3318,-1,3317,3318,3319,-1,3320,3321,3322,-1,3322,3321,3323,-1,3323,3321,3324,-1,3323,3324,3325,-1,3325,3324,3326,-1,3325,3326,3327,-1,3327,3326,3328,-1,3327,3328,3329,-1,3329,3328,3330,-1,3329,3330,3331,-1,3331,3330,3332,-1,3331,3332,3333,-1,3333,3332,3334,-1,3333,3334,3335,-1,3335,3334,3336,-1,3335,3336,3337,-1,3337,3336,3338,-1,3337,3338,3339,-1,3339,3338,3340,-1,3339,3340,3341,-1,1728,1727,3342,-1,3342,1727,3343,-1,3342,3343,3344,-1,3344,3343,3345,-1,3344,3345,3346,-1,3346,3345,3347,-1,3346,3347,3348,-1,3348,3347,3349,-1,3348,3349,3350,-1,3350,3349,3351,-1,3350,3351,3341,-1,3341,3351,3352,-1,3341,3352,3339,-1,3353,3354,3355,-1,3276,3356,3277,-1,3277,3356,3257,-1,3277,3257,3278,-1,3278,3257,3256,-1,3278,3256,3279,-1,3279,3256,1740,-1,3279,1740,2217,-1,2217,1740,1738,-1,3357,3358,3359,-1,3360,3361,3362,-1,3362,3361,3363,-1,3362,3363,3364,-1,3364,3363,3365,-1,3364,3365,3366,-1,3366,3365,3367,-1,3366,3367,3368,-1,3368,3367,3273,-1,3368,3273,3369,-1,3369,3273,2227,-1,3369,2227,2228,-1,1745,1744,3281,-1,3281,1744,3255,-1,3281,3255,3370,-1,3370,3255,3257,-1,3370,3257,3371,-1,3371,3257,3356,-1,3371,3356,3372,-1,3372,3356,3276,-1,3372,3276,3275,-1,3275,3276,2222,-1,3275,2222,2223,-1,3373,3374,3375,-1,3375,3374,3376,-1,3375,3376,3377,-1,3377,3376,3378,-1,3377,3378,3379,-1,3379,3378,3380,-1,3379,3380,3381,-1,3381,3380,3382,-1,3381,3382,3383,-1,3383,3382,3384,-1,3383,3384,3385,-1,3385,3384,3272,-1,3385,3272,3271,-1,3271,3272,2230,-1,3271,2230,2231,-1,3374,3360,3376,-1,3376,3360,3362,-1,3376,3362,3378,-1,3378,3362,3364,-1,3378,3364,3380,-1,3380,3364,3366,-1,3380,3366,3382,-1,3382,3366,3368,-1,3382,3368,3384,-1,3384,3368,3369,-1,3384,3369,3272,-1,3272,3369,2228,-1,3272,2228,2229,-1,3386,3387,3388,-1,3388,3387,3389,-1,3313,3390,3391,-1,3391,3390,3392,-1,3391,3392,3393,-1,3393,3392,3394,-1,3393,3394,3395,-1,3395,3394,3396,-1,3395,3396,3397,-1,3397,3396,3398,-1,3397,3398,3399,-1,3399,3398,3400,-1,3399,3400,3401,-1,3401,3400,3402,-1,3401,3402,3403,-1,3403,3402,3355,-1,3403,3355,3404,-1,3404,3355,3354,-1,3390,3373,3392,-1,3392,3373,3375,-1,3392,3375,3394,-1,3394,3375,3377,-1,3394,3377,3396,-1,3396,3377,3379,-1,3396,3379,3398,-1,3398,3379,3381,-1,3398,3381,3400,-1,3400,3381,3383,-1,3400,3383,3402,-1,3402,3383,3385,-1,3402,3385,3355,-1,3355,3385,3271,-1,3355,3271,3353,-1,3353,3271,2216,-1,3405,3406,3407,-1,3407,3406,3408,-1,3409,3410,3254,-1,3254,3410,3407,-1,3254,3407,3252,-1,3252,3407,3408,-1,3411,3405,3412,-1,3412,3405,3407,-1,3412,3407,3413,-1,3413,3407,3410,-1,3413,3410,3270,-1,3270,3410,3409,-1,3270,3409,3268,-1,3389,3411,3388,-1,3388,3411,3412,-1,3388,3412,3414,-1,3414,3412,3413,-1,3414,3413,3415,-1,3415,3413,3270,-1,3415,3270,3267,-1,3267,3270,3269,-1,3267,3269,3265,-1,3416,3386,3417,-1,3417,3386,3388,-1,3417,3388,3418,-1,3418,3388,3414,-1,3418,3414,3419,-1,3419,3414,3415,-1,3419,3415,3420,-1,3420,3415,3267,-1,3420,3267,3263,-1,3263,3267,3266,-1,3263,3266,3264,-1,3261,3421,3263,-1,3263,3421,3422,-1,3263,3422,3420,-1,3420,3422,3423,-1,3420,3423,3419,-1,3419,3423,3424,-1,3419,3424,3418,-1,3418,3424,3425,-1,3418,3425,3417,-1,3417,3425,3426,-1,3417,3426,3416,-1,3416,3426,3427,-1,3370,3428,3281,-1,3281,3428,3429,-1,3281,3429,3280,-1,3280,3429,3430,-1,3280,3430,3283,-1,3283,3430,3431,-1,3283,3431,3282,-1,3282,3431,3432,-1,3282,3432,1721,-1,1721,3432,3285,-1,1721,3285,1722,-1,1722,3285,1723,-1,3433,3434,3290,-1,3287,3292,3288,-1,3288,3292,3435,-1,3288,3435,3290,-1,3290,3435,3436,-1,3290,3436,3433,-1,3305,3260,3304,-1,3304,3260,3262,-1,3304,3262,3302,-1,3302,3262,3264,-1,3302,3264,3300,-1,3300,3264,3266,-1,3300,3266,3298,-1,3298,3266,3265,-1,3298,3265,3296,-1,3296,3265,3269,-1,3296,3269,3294,-1,3294,3269,3268,-1,3294,3268,3292,-1,3292,3268,3409,-1,3292,3409,3435,-1,3435,3409,3254,-1,3435,3254,3436,-1,3436,3254,3253,-1,3436,3253,3433,-1,3358,3427,3359,-1,3359,3427,3426,-1,3359,3426,3437,-1,3437,3426,3425,-1,3437,3425,3438,-1,3438,3425,3424,-1,3438,3424,3439,-1,3439,3424,3423,-1,3439,3423,3440,-1,3440,3423,3422,-1,3440,3422,3441,-1,3441,3422,3421,-1,3441,3421,3306,-1,3306,3421,3261,-1,3306,3261,3307,-1,3307,3261,3260,-1,3307,3260,3309,-1,3309,3260,3259,-1,3309,3259,3311,-1,3404,3357,3403,-1,3403,3357,3359,-1,3403,3359,3401,-1,3401,3359,3437,-1,3401,3437,3399,-1,3399,3437,3438,-1,3399,3438,3397,-1,3397,3438,3439,-1,3397,3439,3395,-1,3395,3439,3440,-1,3395,3440,3393,-1,3393,3440,3441,-1,3393,3441,3391,-1,3391,3441,3306,-1,3391,3306,3313,-1,3313,3306,3308,-1,3313,3308,3314,-1,3314,3308,3310,-1,3314,3310,3316,-1,3316,3310,3312,-1,3316,3312,3318,-1,2226,3273,3274,-1,3274,3273,3367,-1,3274,3367,3275,-1,3275,3367,3365,-1,3275,3365,3372,-1,3372,3365,3363,-1,3372,3363,3371,-1,3371,3363,3361,-1,3371,3361,3370,-1,3370,3361,3360,-1,3370,3360,3428,-1,3428,3360,3374,-1,3428,3374,3429,-1,3429,3374,3373,-1,3429,3373,3430,-1,3430,3373,3390,-1,3430,3390,3431,-1,3431,3390,3313,-1,3431,3313,3432,-1,3432,3313,3315,-1,3432,3315,3285,-1,3285,3315,3317,-1,3285,3317,3284,-1,3284,3317,3319,-1,3284,3319,3286,-1,3442,3443,3322,-1,3322,3443,3444,-1,3322,3444,3320,-1,3434,3445,3290,-1,3290,3445,3442,-1,3290,3442,3289,-1,3289,3442,3322,-1,3289,3322,3287,-1,3287,3322,3323,-1,3287,3323,3291,-1,3291,3323,3325,-1,3291,3325,3293,-1,3293,3325,3327,-1,3293,3327,3295,-1,3295,3327,3329,-1,3295,3329,3297,-1,3297,3329,3331,-1,3297,3331,3299,-1,3299,3331,3333,-1,3299,3333,3301,-1,3301,3333,3335,-1,3301,3335,3303,-1,3303,3335,3337,-1,3303,3337,3305,-1,3305,3337,3339,-1,3305,3339,3258,-1,3258,3339,3352,-1,3258,3352,3259,-1,3259,3352,3351,-1,3259,3351,3311,-1,3311,3351,3349,-1,3311,3349,3312,-1,3312,3349,3347,-1,3312,3347,3318,-1,3318,3347,3345,-1,3318,3345,3319,-1,3319,3345,3343,-1,3319,3343,3286,-1,3286,3343,1727,-1,3286,1727,1726,-1,3446,3447,3448,-1,1736,1734,3449,-1,3341,3340,3450,-1,3336,3334,3451,-1,3452,3330,3328,-1,3452,3328,3453,-1,3320,3454,3321,-1,3321,3454,3455,-1,3321,3455,3324,-1,3324,3455,3453,-1,3324,3453,3326,-1,3326,3453,3328,-1,3451,3334,3452,-1,3452,3334,3332,-1,3452,3332,3330,-1,3450,3340,3451,-1,3451,3340,3338,-1,3451,3338,3336,-1,3341,3450,3350,-1,3350,3450,3456,-1,3350,3456,3348,-1,3348,3456,3346,-1,3346,3456,3457,-1,3346,3457,3344,-1,3457,1732,3344,-1,3344,1732,1730,-1,3344,1730,3342,-1,3342,1730,1728,-1,3458,3459,3460,-1,1737,3458,1714,-1,1714,3458,3460,-1,1714,3460,1716,-1,3459,3458,3461,-1,3461,3458,3462,-1,3461,3462,3463,-1,3464,3465,3462,-1,3462,3465,3466,-1,3462,3466,3463,-1,3467,3468,3469,-1,3469,3468,3470,-1,3469,3470,3464,-1,3464,3470,3471,-1,3464,3471,3465,-1,3472,3473,3474,-1,3474,3473,3475,-1,3474,3475,3467,-1,3467,3475,3476,-1,3467,3476,3468,-1,3477,3472,3478,-1,3478,3472,3474,-1,3478,3474,3479,-1,3479,3474,3480,-1,1734,1732,3449,-1,3449,1732,3457,-1,3449,3457,3481,-1,3481,3457,3456,-1,3481,3456,3482,-1,3482,3456,3450,-1,3482,3450,3483,-1,3483,3450,3451,-1,3483,3451,3484,-1,3484,3451,3452,-1,3484,3452,3448,-1,3448,3452,3453,-1,3448,3453,3446,-1,3446,3453,3455,-1,1737,1736,3458,-1,3458,1736,3449,-1,3458,3449,3462,-1,3462,3449,3481,-1,3462,3481,3464,-1,3464,3481,3482,-1,3464,3482,3469,-1,3469,3482,3483,-1,3469,3483,3467,-1,3467,3483,3484,-1,3467,3484,3474,-1,3474,3484,3448,-1,3474,3448,3480,-1,3480,3448,3447,-1,3485,3486,3487,-1,3488,3489,3490,-1,3491,3492,3493,-1,3494,3495,3496,-1,3497,3498,3499,-1,1710,1709,3500,-1,1708,1706,3501,-1,1705,1717,3502,-1,3476,3475,3503,-1,3504,3505,3506,-1,3477,3504,3472,-1,3472,3504,3506,-1,3472,3506,3473,-1,3507,3468,3476,-1,3465,3471,3508,-1,3508,3471,3470,-1,3509,3461,3463,-1,3461,3509,3459,-1,3459,3509,3502,-1,3459,3502,3460,-1,3460,3502,1717,-1,3460,1717,1716,-1,1711,3487,1712,-1,1712,3487,3486,-1,1712,3486,1699,-1,1706,1705,3501,-1,3501,1705,3502,-1,3501,3502,3510,-1,3510,3502,3509,-1,3510,3509,3511,-1,3511,3509,3463,-1,3511,3463,3466,-1,3512,3513,3514,-1,3476,3503,3507,-1,3507,3503,3515,-1,3507,3515,3516,-1,3516,3515,3517,-1,3516,3517,3518,-1,1709,1708,3500,-1,3500,1708,3501,-1,3500,3501,3519,-1,3519,3501,3510,-1,3519,3510,3520,-1,3520,3510,3511,-1,3520,3511,3508,-1,3508,3511,3466,-1,3508,3466,3465,-1,3521,3522,3523,-1,3523,3522,3524,-1,3523,3524,3525,-1,3525,3524,3526,-1,3525,3526,3527,-1,3527,3526,3528,-1,3527,3528,3529,-1,3529,3528,3506,-1,3529,3506,3530,-1,3530,3506,3505,-1,1711,1710,3487,-1,3487,1710,3500,-1,3487,3500,3531,-1,3531,3500,3519,-1,3531,3519,3532,-1,3532,3519,3520,-1,3532,3520,3533,-1,3533,3520,3508,-1,3533,3508,3534,-1,3534,3508,3470,-1,3534,3470,3468,-1,3535,3536,3497,-1,3497,3536,3537,-1,3497,3537,3498,-1,3496,3538,3539,-1,3539,3538,3540,-1,3539,3540,3541,-1,3541,3540,3542,-1,3541,3542,3543,-1,3543,3542,3514,-1,3543,3514,3544,-1,3544,3514,3513,-1,3530,3545,3529,-1,3529,3545,3546,-1,3529,3546,3527,-1,3527,3546,3547,-1,3527,3547,3525,-1,3525,3547,3548,-1,3525,3548,3523,-1,3523,3548,3549,-1,3523,3549,3521,-1,3521,3549,3493,-1,3550,3490,3551,-1,3468,3507,3534,-1,3534,3507,3516,-1,3534,3516,3533,-1,3533,3516,3518,-1,3533,3518,3532,-1,3532,3518,3550,-1,3532,3550,3531,-1,3531,3550,3551,-1,3531,3551,3487,-1,3552,3553,3554,-1,3554,3553,3498,-1,3554,3498,3555,-1,3555,3498,3537,-1,3553,3556,3498,-1,3498,3556,3557,-1,3498,3557,3499,-1,3499,3557,3558,-1,3499,3558,3559,-1,3560,3535,3561,-1,3561,3535,3497,-1,3561,3497,3562,-1,3562,3497,3499,-1,3562,3499,3563,-1,3563,3499,3559,-1,3563,3559,3564,-1,3544,3560,3543,-1,3543,3560,3561,-1,3543,3561,3541,-1,3541,3561,3562,-1,3541,3562,3539,-1,3539,3562,3563,-1,3539,3563,3496,-1,3496,3563,3564,-1,3496,3564,3494,-1,3495,3491,3496,-1,3496,3491,3493,-1,3496,3493,3538,-1,3538,3493,3549,-1,3538,3549,3540,-1,3540,3549,3548,-1,3540,3548,3542,-1,3542,3548,3547,-1,3542,3547,3514,-1,3514,3547,3546,-1,3514,3546,3512,-1,3512,3546,3545,-1,3492,3488,3493,-1,3493,3488,3490,-1,3493,3490,3521,-1,3521,3490,3550,-1,3521,3550,3522,-1,3522,3550,3518,-1,3522,3518,3524,-1,3524,3518,3517,-1,3524,3517,3526,-1,3526,3517,3515,-1,3526,3515,3528,-1,3528,3515,3503,-1,3528,3503,3506,-1,3506,3503,3475,-1,3506,3475,3473,-1,3489,3565,3490,-1,3490,3565,3566,-1,3490,3566,3551,-1,3551,3566,3567,-1,3551,3567,3487,-1,3487,3567,3568,-1,3487,3568,3485,-1,3569,3570,3571,-1,3492,3491,3572,-1,3573,3574,3575,-1,3575,3574,3576,-1,1786,1785,3577,-1,3486,3485,3577,-1,1701,1699,3486,-1,1701,3486,1703,-1,1703,3486,3577,-1,1703,3577,1704,-1,1704,3577,1785,-1,1704,1785,1697,-1,1788,1787,3578,-1,3578,1787,3579,-1,3578,3579,3580,-1,3580,3579,3572,-1,3580,3572,3581,-1,1792,1791,3582,-1,3582,1791,1790,-1,3582,1790,3583,-1,3583,1790,1789,-1,1792,3582,1793,-1,1793,3582,3584,-1,1793,3584,1796,-1,1796,3584,3571,-1,1796,3571,1795,-1,1795,3571,3570,-1,1795,3570,1794,-1,3489,3488,3585,-1,3485,3568,3577,-1,3577,3568,3567,-1,3577,3567,3586,-1,3586,3567,3566,-1,3586,3566,3585,-1,3585,3566,3565,-1,3585,3565,3489,-1,3491,3495,3572,-1,3572,3495,3573,-1,3572,3573,3581,-1,3581,3573,3575,-1,3576,3574,3587,-1,3587,3574,3558,-1,3587,3558,3557,-1,3495,3494,3573,-1,3573,3494,3564,-1,3573,3564,3574,-1,3574,3564,3559,-1,3574,3559,3558,-1,3552,3588,3553,-1,3553,3588,3587,-1,3553,3587,3556,-1,3556,3587,3557,-1,1786,3577,1787,-1,1787,3577,3586,-1,1787,3586,3579,-1,3579,3586,3585,-1,3579,3585,3572,-1,3572,3585,3488,-1,3572,3488,3492,-1,3588,3589,3587,-1,3587,3589,3590,-1,3587,3590,3576,-1,3576,3590,3591,-1,3576,3591,3592,-1,3592,3569,3576,-1,3576,3569,3571,-1,3576,3571,3575,-1,3575,3571,3584,-1,3575,3584,3581,-1,3581,3584,3582,-1,3581,3582,3580,-1,3580,3582,3583,-1,3580,3583,3578,-1,3578,3583,1789,-1,3578,1789,1788,-1,3504,3477,3593,-1,1797,1794,3594,-1,3594,1794,3570,-1,3594,3570,3595,-1,3595,3570,3569,-1,3595,3569,3596,-1,3596,3569,3597,-1,3597,3569,3598,-1,3598,3569,3592,-1,3598,3592,3599,-1,3589,3588,3600,-1,3592,3591,3599,-1,3599,3591,3590,-1,3599,3590,3601,-1,3601,3590,3602,-1,3589,3600,3590,-1,3590,3600,3603,-1,3590,3603,3602,-1,3554,3555,3604,-1,3604,3555,3605,-1,3588,3552,3600,-1,3600,3552,3554,-1,3600,3554,3606,-1,3606,3554,3604,-1,3536,3535,3607,-1,3607,3535,3608,-1,3555,3537,3605,-1,3605,3537,3536,-1,3605,3536,3609,-1,3609,3536,3607,-1,3513,3512,3610,-1,3513,3610,3544,-1,3544,3610,3611,-1,3544,3611,3612,-1,3535,3560,3608,-1,3608,3560,3544,-1,3608,3544,3613,-1,3613,3544,3612,-1,3614,3615,3610,-1,3614,3610,3593,-1,3512,3545,3610,-1,3610,3545,3530,-1,3610,3530,3593,-1,3593,3530,3505,-1,3593,3505,3504,-1,3616,3617,3618,-1,3594,3619,1797,-1,1797,3619,1809,-1,3620,1804,3621,-1,3621,1804,1805,-1,3621,1805,3622,-1,3622,1805,1806,-1,3622,1806,3623,-1,3623,1806,1807,-1,3623,1807,3619,-1,3619,1807,1808,-1,3619,1808,1809,-1,1801,1802,3620,-1,3620,1802,1803,-1,3620,1803,1804,-1,3624,3625,1800,-1,3625,1898,1897,-1,1800,3625,1799,-1,1799,3625,1897,-1,1799,1897,1798,-1,3625,3626,1898,-1,1898,3626,3627,-1,1898,3627,1899,-1,1899,3627,1883,-1,1800,1801,3624,-1,3624,1801,3620,-1,3624,3620,3628,-1,3628,3620,3621,-1,3619,3629,3623,-1,3623,3629,3630,-1,3623,3630,3622,-1,3622,3630,3631,-1,3622,3631,3621,-1,3621,3631,3632,-1,3621,3632,3628,-1,3633,3634,3635,-1,3635,3634,3636,-1,3635,3636,3637,-1,3638,3639,3636,-1,3636,3639,3640,-1,3636,3640,3637,-1,3599,3601,3638,-1,3638,3601,3602,-1,3638,3602,3641,-1,3641,3642,3638,-1,3638,3642,3643,-1,3638,3643,3639,-1,3616,3618,3644,-1,3645,3646,3647,-1,3647,3646,3648,-1,3647,3648,3618,-1,3618,3648,3649,-1,3618,3649,3644,-1,3594,3595,3619,-1,3619,3595,3596,-1,3619,3596,3629,-1,3629,3596,3597,-1,3629,3597,3598,-1,3598,3599,3629,-1,3629,3599,3638,-1,3629,3638,3630,-1,3630,3638,3636,-1,3630,3636,3631,-1,3631,3636,3634,-1,3631,3634,3632,-1,3633,3645,3634,-1,3634,3645,3647,-1,3634,3647,3632,-1,3632,3647,3618,-1,3632,3618,3628,-1,3628,3618,3617,-1,3628,3617,3624,-1,3624,3617,3650,-1,3624,3650,3625,-1,3625,3650,3651,-1,3625,3651,3626,-1,1918,1917,3652,-1,1902,1901,3653,-1,3654,3655,3656,-1,3656,3655,3657,-1,3656,3657,3658,-1,3658,3657,3659,-1,3658,3659,3660,-1,3660,3659,3661,-1,3660,3661,3662,-1,3662,3661,3663,-1,3662,3663,3664,-1,3664,3663,3665,-1,3664,3665,3666,-1,3666,3665,3667,-1,3666,3667,3668,-1,3668,3667,3669,-1,3668,3669,3670,-1,3670,3669,3671,-1,3670,3671,3672,-1,3672,3671,3673,-1,3672,3673,3674,-1,3674,3673,3675,-1,3674,3675,3676,-1,3676,3675,3677,-1,3676,3677,3678,-1,3678,3677,3679,-1,3678,3679,3680,-1,3680,3679,3681,-1,3680,3681,3682,-1,3682,3681,3683,-1,3682,3683,3684,-1,3684,3683,3685,-1,3684,3685,3686,-1,3686,3685,3687,-1,3686,3687,3688,-1,3688,3687,3689,-1,3688,3689,3690,-1,3690,3689,3691,-1,3690,3691,3692,-1,3692,3691,3693,-1,3692,3693,3694,-1,3694,3693,3695,-1,3694,3695,3696,-1,3696,3695,3697,-1,3696,3697,3698,-1,3698,3697,3699,-1,3698,3699,3700,-1,3700,3699,3701,-1,3700,3701,3702,-1,3702,3701,3703,-1,3702,3703,3704,-1,3704,3703,3705,-1,3704,3705,3706,-1,3706,3705,3707,-1,3706,3707,3708,-1,3708,3707,3654,-1,3708,3654,3656,-1,3709,3710,1858,-1,1858,3710,1849,-1,1849,3710,3711,-1,1849,3711,1850,-1,1850,3711,1866,-1,1866,3711,3712,-1,1866,3712,1861,-1,1861,3712,1863,-1,1863,3712,3713,-1,1863,3713,1880,-1,1880,3713,1878,-1,1878,3713,3714,-1,1878,3714,1876,-1,1876,3714,1874,-1,1874,3714,3715,-1,1874,3715,1893,-1,1893,3715,3716,-1,1893,3716,1885,-1,1885,3716,3717,-1,1885,3717,1900,-1,3653,1901,3717,-1,3717,1901,1896,-1,3717,1896,1900,-1,1902,3653,1903,-1,1903,3653,3718,-1,1903,3718,1904,-1,1904,3718,3719,-1,1904,3719,1905,-1,1905,3719,1906,-1,1906,3719,3720,-1,1906,3720,1907,-1,1907,3720,1908,-1,1908,3720,3721,-1,1908,3721,1909,-1,1909,3721,1910,-1,1910,3721,3722,-1,1910,3722,1911,-1,1911,3722,1912,-1,1912,3722,3723,-1,1912,3723,1913,-1,1913,3723,3724,-1,1913,3724,1914,-1,1914,3724,3725,-1,1914,3725,1915,-1,3652,1917,3725,-1,3725,1917,1916,-1,3725,1916,1915,-1,1918,3652,1919,-1,1919,3652,3726,-1,1919,3726,1925,-1,1925,3726,3727,-1,1925,3727,1924,-1,1924,3727,1923,-1,1923,3727,3728,-1,1923,3728,1922,-1,1922,3728,1813,-1,1813,3728,3729,-1,1813,3729,1829,-1,1829,3729,1827,-1,1827,3729,3730,-1,1827,3730,1838,-1,1838,3730,1840,-1,1840,3730,3731,-1,1840,3731,1841,-1,1841,3731,3732,-1,1841,3732,1843,-1,1843,3732,3733,-1,1843,3733,1844,-1,1858,1859,3709,-1,3709,1859,1847,-1,3709,1847,3733,-1,3733,1847,1846,-1,3733,1846,1844,-1,3682,3734,3680,-1,3680,3734,3735,-1,3680,3735,3678,-1,3678,3735,3736,-1,3678,3736,3676,-1,3676,3736,3737,-1,3676,3737,3674,-1,3674,3737,3738,-1,3674,3738,3672,-1,3672,3738,3739,-1,3672,3739,3670,-1,3670,3739,3740,-1,3670,3740,3668,-1,3668,3740,3741,-1,3668,3741,3666,-1,3666,3741,3742,-1,3666,3742,3664,-1,3664,3742,3743,-1,3664,3743,3662,-1,3662,3743,3744,-1,3662,3744,3660,-1,3660,3744,3745,-1,3660,3745,3658,-1,3658,3745,3746,-1,3658,3746,3656,-1,3656,3746,3747,-1,3656,3747,3708,-1,3708,3747,3748,-1,3708,3748,3706,-1,3706,3748,3749,-1,3706,3749,3704,-1,3704,3749,3750,-1,3704,3750,3702,-1,3702,3750,3751,-1,3702,3751,3700,-1,3700,3751,3752,-1,3700,3752,3698,-1,3698,3752,3753,-1,3698,3753,3696,-1,3696,3753,3754,-1,3696,3754,3694,-1,3694,3754,3755,-1,3694,3755,3692,-1,3692,3755,3756,-1,3692,3756,3690,-1,3690,3756,3757,-1,3690,3757,3688,-1,3688,3757,3758,-1,3688,3758,3686,-1,3686,3758,3759,-1,3686,3759,3684,-1,3684,3759,3760,-1,3684,3760,3682,-1,3682,3760,3734,-1,3734,3761,3735,-1,3735,3761,3762,-1,3735,3762,3736,-1,3736,3762,3763,-1,3736,3763,3737,-1,3737,3763,3764,-1,3737,3764,3738,-1,3738,3764,3765,-1,3738,3765,3739,-1,3739,3765,3766,-1,3739,3766,3740,-1,3740,3766,3767,-1,3740,3767,3741,-1,3741,3767,3768,-1,3741,3768,3742,-1,3742,3768,3769,-1,3742,3769,3743,-1,3743,3769,3770,-1,3743,3770,3744,-1,3744,3770,3771,-1,3744,3771,3745,-1,3745,3771,3772,-1,3745,3772,3746,-1,3746,3772,3773,-1,3746,3773,3747,-1,3747,3773,3774,-1,3747,3774,3748,-1,3748,3774,3775,-1,3748,3775,3749,-1,3749,3775,3776,-1,3749,3776,3750,-1,3750,3776,3777,-1,3750,3777,3751,-1,3751,3777,3778,-1,3751,3778,3752,-1,3752,3778,3779,-1,3752,3779,3753,-1,3753,3779,3780,-1,3753,3780,3754,-1,3754,3780,3781,-1,3754,3781,3755,-1,3755,3781,3782,-1,3755,3782,3756,-1,3756,3782,3783,-1,3756,3783,3757,-1,3757,3783,3784,-1,3757,3784,3758,-1,3758,3784,3785,-1,3758,3785,3759,-1,3759,3785,3786,-1,3759,3786,3760,-1,3760,3786,3787,-1,3760,3787,3734,-1,3734,3787,3761,-1,3761,3788,3762,-1,3762,3788,3789,-1,3762,3789,3763,-1,3763,3789,3790,-1,3763,3790,3764,-1,3764,3790,3791,-1,3764,3791,3765,-1,3765,3791,3792,-1,3765,3792,3766,-1,3766,3792,3793,-1,3766,3793,3767,-1,3767,3793,3794,-1,3767,3794,3768,-1,3768,3794,3795,-1,3768,3795,3769,-1,3769,3795,3796,-1,3769,3796,3770,-1,3770,3796,3797,-1,3770,3797,3771,-1,3771,3797,3798,-1,3771,3798,3772,-1,3772,3798,3799,-1,3772,3799,3773,-1,3773,3799,3800,-1,3773,3800,3774,-1,3774,3800,3801,-1,3774,3801,3775,-1,3775,3801,3802,-1,3775,3802,3776,-1,3776,3802,3803,-1,3776,3803,3777,-1,3777,3803,3804,-1,3777,3804,3778,-1,3778,3804,3805,-1,3778,3805,3779,-1,3779,3805,3806,-1,3779,3806,3780,-1,3780,3806,3807,-1,3780,3807,3781,-1,3781,3807,3808,-1,3781,3808,3782,-1,3782,3808,3809,-1,3782,3809,3783,-1,3783,3809,3810,-1,3783,3810,3784,-1,3784,3810,3811,-1,3784,3811,3785,-1,3785,3811,3812,-1,3785,3812,3786,-1,3786,3812,3813,-1,3786,3813,3787,-1,3787,3813,3814,-1,3787,3814,3761,-1,3761,3814,3788,-1,3788,3815,3789,-1,3789,3815,3816,-1,3789,3816,3790,-1,3790,3816,3817,-1,3790,3817,3791,-1,3791,3817,3818,-1,3791,3818,3792,-1,3792,3818,3819,-1,3792,3819,3793,-1,3793,3819,3820,-1,3793,3820,3794,-1,3794,3820,3821,-1,3794,3821,3795,-1,3795,3821,3822,-1,3795,3822,3796,-1,3796,3822,3823,-1,3796,3823,3797,-1,3797,3823,3824,-1,3797,3824,3798,-1,3798,3824,3825,-1,3798,3825,3799,-1,3799,3825,3826,-1,3799,3826,3800,-1,3800,3826,3827,-1,3800,3827,3801,-1,3801,3827,3828,-1,3801,3828,3802,-1,3802,3828,3829,-1,3802,3829,3803,-1,3803,3829,3830,-1,3803,3830,3804,-1,3804,3830,3831,-1,3804,3831,3805,-1,3805,3831,3832,-1,3805,3832,3806,-1,3806,3832,3833,-1,3806,3833,3807,-1,3807,3833,3834,-1,3807,3834,3808,-1,3808,3834,3835,-1,3808,3835,3809,-1,3809,3835,3836,-1,3809,3836,3810,-1,3810,3836,3837,-1,3810,3837,3811,-1,3811,3837,3838,-1,3811,3838,3812,-1,3812,3838,3839,-1,3812,3839,3813,-1,3813,3839,3840,-1,3813,3840,3814,-1,3814,3840,3841,-1,3814,3841,3788,-1,3788,3841,3815,-1,3815,3716,3816,-1,3816,3716,3715,-1,3816,3715,3817,-1,3817,3715,3714,-1,3817,3714,3818,-1,3818,3714,3713,-1,3818,3713,3819,-1,3819,3713,3712,-1,3819,3712,3820,-1,3820,3712,3711,-1,3820,3711,3821,-1,3821,3711,3710,-1,3821,3710,3822,-1,3822,3710,3709,-1,3822,3709,3823,-1,3823,3709,3733,-1,3823,3733,3824,-1,3824,3733,3732,-1,3824,3732,3825,-1,3825,3732,3731,-1,3825,3731,3826,-1,3826,3731,3730,-1,3826,3730,3827,-1,3827,3730,3729,-1,3827,3729,3828,-1,3828,3729,3728,-1,3828,3728,3829,-1,3829,3728,3727,-1,3829,3727,3830,-1,3830,3727,3726,-1,3830,3726,3831,-1,3831,3726,3652,-1,3831,3652,3832,-1,3832,3652,3725,-1,3832,3725,3833,-1,3833,3725,3724,-1,3833,3724,3834,-1,3834,3724,3723,-1,3834,3723,3835,-1,3835,3723,3722,-1,3835,3722,3836,-1,3836,3722,3721,-1,3836,3721,3837,-1,3837,3721,3720,-1,3837,3720,3838,-1,3838,3720,3719,-1,3838,3719,3839,-1,3839,3719,3718,-1,3839,3718,3840,-1,3840,3718,3653,-1,3840,3653,3841,-1,3841,3653,3717,-1,3841,3717,3815,-1,3815,3717,3716,-1,3842,3843,3844,-1,3651,3650,3845,-1,3846,3847,3848,-1,3849,3850,3851,-1,3610,3615,3852,-1,1884,3853,1886,-1,1886,3853,3854,-1,3855,1888,3854,-1,3854,1888,1887,-1,3854,1887,1886,-1,1892,1891,3856,-1,3856,1891,1890,-1,3856,1890,3855,-1,3855,1890,1889,-1,3855,1889,1888,-1,1894,1892,3857,-1,3857,1892,3856,-1,3857,3856,3858,-1,3858,3856,3859,-1,3860,3861,3862,-1,3863,3864,3865,-1,3865,3866,3863,-1,3863,3866,3867,-1,3863,3867,3868,-1,3868,3867,3869,-1,3868,3869,3870,-1,3615,3871,3852,-1,3852,3871,3872,-1,3852,3872,3873,-1,3873,3872,3874,-1,3873,3874,3869,-1,3869,3874,3875,-1,3869,3875,3870,-1,3847,3611,3610,-1,3849,3851,3876,-1,3876,3851,3877,-1,3876,3877,3878,-1,3878,3877,3879,-1,3878,3879,3880,-1,3880,3879,3881,-1,3880,3881,3882,-1,3846,3848,3883,-1,3883,3848,3884,-1,3883,3884,3885,-1,3885,3884,3886,-1,3885,3886,3887,-1,3887,3886,3888,-1,3887,3888,3889,-1,3890,3642,3641,-1,3641,3602,3603,-1,3642,3890,3643,-1,3643,3890,3891,-1,3643,3891,3639,-1,3633,3635,3892,-1,3892,3635,3637,-1,3892,3637,3891,-1,3891,3637,3640,-1,3891,3640,3639,-1,3645,3633,3893,-1,3893,3633,3892,-1,3893,3892,3894,-1,3894,3892,3891,-1,3894,3891,3895,-1,3895,3891,3890,-1,3895,3890,3896,-1,3843,3649,3844,-1,3844,3649,3648,-1,3844,3648,3646,-1,3617,3616,3843,-1,3843,3616,3644,-1,3843,3644,3649,-1,1884,1883,3853,-1,3853,1883,3627,-1,3853,3627,3626,-1,3604,3605,3896,-1,3641,3603,3890,-1,3890,3603,3600,-1,3890,3600,3896,-1,3896,3600,3606,-1,3896,3606,3604,-1,3897,3893,3898,-1,3898,3893,3894,-1,3898,3894,3899,-1,3899,3894,3895,-1,3899,3895,3900,-1,3900,3895,3896,-1,3900,3896,3901,-1,3901,3896,3605,-1,3901,3605,3609,-1,3650,3617,3845,-1,3845,3617,3843,-1,3845,3843,3902,-1,3902,3843,3842,-1,3902,3842,3903,-1,3613,3850,3608,-1,3608,3850,3849,-1,3608,3849,3607,-1,3607,3849,3609,-1,3609,3849,3901,-1,3901,3849,3876,-1,3901,3876,3900,-1,3900,3876,3878,-1,3900,3878,3899,-1,3899,3878,3880,-1,3899,3880,3898,-1,3898,3880,3882,-1,3898,3882,3897,-1,3611,3847,3612,-1,3612,3847,3846,-1,3612,3846,3613,-1,3613,3846,3850,-1,3850,3846,3883,-1,3850,3883,3851,-1,3851,3883,3885,-1,3851,3885,3877,-1,3877,3885,3887,-1,3877,3887,3879,-1,3879,3887,3889,-1,3879,3889,3881,-1,3864,3860,3865,-1,3865,3860,3862,-1,3865,3862,3904,-1,3904,3862,3903,-1,3904,3903,3905,-1,3905,3903,3842,-1,3626,3651,3853,-1,3853,3651,3845,-1,3853,3845,3854,-1,3854,3845,3902,-1,3854,3902,3855,-1,3855,3902,3903,-1,3855,3903,3856,-1,3856,3903,3862,-1,3856,3862,3859,-1,3859,3862,3861,-1,3610,3852,3847,-1,3847,3852,3873,-1,3847,3873,3848,-1,3848,3873,3869,-1,3848,3869,3884,-1,3884,3869,3867,-1,3884,3867,3886,-1,3886,3867,3866,-1,3886,3866,3888,-1,3888,3866,3865,-1,3888,3865,3889,-1,3889,3865,3904,-1,3889,3904,3881,-1,3881,3904,3905,-1,3881,3905,3882,-1,3882,3905,3842,-1,3882,3842,3897,-1,3897,3842,3844,-1,3897,3844,3893,-1,3893,3844,3646,-1,3893,3646,3645,-1,3906,3907,3908,-1,1882,1881,3909,-1,1877,1875,3910,-1,3911,3912,3875,-1,3615,3913,3871,-1,3871,3913,3914,-1,3871,3914,3872,-1,3872,3914,3911,-1,3872,3911,3874,-1,3874,3911,3875,-1,3915,3863,3916,-1,3916,3863,3868,-1,3916,3868,3912,-1,3912,3868,3870,-1,3912,3870,3875,-1,3859,3861,3917,-1,3917,3861,3860,-1,3917,3860,3915,-1,3915,3860,3864,-1,3915,3864,3863,-1,1895,1894,3857,-1,3859,3917,3858,-1,3858,3917,3910,-1,3858,3910,3857,-1,3857,3910,1875,-1,3857,1875,1895,-1,3918,3919,3909,-1,3909,3919,3920,-1,3909,3920,1882,-1,1882,3920,3921,-1,1882,3921,1862,-1,3922,3923,3918,-1,3918,3923,3924,-1,3918,3924,3919,-1,3925,3926,3922,-1,3922,3926,3927,-1,3922,3927,3923,-1,3928,3929,3925,-1,3925,3929,3930,-1,3925,3930,3926,-1,3931,3932,3933,-1,3933,3932,3934,-1,3933,3934,3928,-1,3928,3934,3935,-1,3928,3935,3929,-1,3936,3931,3937,-1,3937,3931,3933,-1,3937,3933,3938,-1,3938,3933,3939,-1,1879,1877,3940,-1,3940,1877,3910,-1,3940,3910,3941,-1,3941,3910,3917,-1,3941,3917,3942,-1,3942,3917,3915,-1,3942,3915,3943,-1,3943,3915,3916,-1,3943,3916,3944,-1,3944,3916,3912,-1,3944,3912,3908,-1,3908,3912,3911,-1,3908,3911,3906,-1,3906,3911,3914,-1,1881,1879,3909,-1,3909,1879,3940,-1,3909,3940,3918,-1,3918,3940,3941,-1,3918,3941,3922,-1,3922,3941,3942,-1,3922,3942,3925,-1,3925,3942,3943,-1,3925,3943,3928,-1,3928,3943,3944,-1,3928,3944,3933,-1,3933,3944,3908,-1,3933,3908,3939,-1,3939,3908,3907,-1,3945,3946,3947,-1,3948,3949,3950,-1,3951,3952,3953,-1,1872,1871,3954,-1,1865,1864,3955,-1,3955,1864,1867,-1,3956,1869,3957,-1,3957,1869,1868,-1,3957,1868,3958,-1,3958,1868,1860,-1,3959,1853,1852,-1,3960,1855,1854,-1,1856,3961,1857,-1,1857,3961,3962,-1,1857,3962,1810,-1,3963,3964,3965,-1,3965,3964,3966,-1,3965,3966,3967,-1,3967,3966,3968,-1,3967,3968,3969,-1,3969,3968,3970,-1,3969,3970,3971,-1,3971,3970,3972,-1,3971,3972,3961,-1,3961,3972,3973,-1,3961,3973,3962,-1,3974,3975,3976,-1,3963,3965,3977,-1,3977,3965,3978,-1,3977,3978,3976,-1,3976,3978,3979,-1,3976,3979,3974,-1,3951,3953,3980,-1,3981,3982,3983,-1,3983,3982,3984,-1,3983,3984,3985,-1,3986,3987,3988,-1,3988,3987,3989,-1,3988,3989,3990,-1,3990,3989,3991,-1,3990,3991,3992,-1,1871,1865,3954,-1,3954,1865,3955,-1,3954,3955,3993,-1,3993,3955,1867,-1,3993,1867,3956,-1,3956,1867,1870,-1,3956,1870,1869,-1,3994,3995,3996,-1,3996,3995,3997,-1,3996,3997,3998,-1,3999,4000,4001,-1,4001,4000,4002,-1,4001,4002,4003,-1,4003,4002,4004,-1,4003,4004,4005,-1,4005,4004,4006,-1,4005,4006,4007,-1,4008,4009,4010,-1,4010,4009,4011,-1,4010,4011,4012,-1,4012,4011,4013,-1,4012,4013,4014,-1,4014,4013,4015,-1,4014,4015,4016,-1,4017,3932,3931,-1,3982,3929,3935,-1,4018,3985,4019,-1,4019,3985,3984,-1,4019,3984,4020,-1,4020,3984,3982,-1,4020,3982,4021,-1,4021,3982,3935,-1,4021,3935,3934,-1,3929,3982,3930,-1,3930,3982,3981,-1,3930,3981,3926,-1,3926,3981,4022,-1,3926,4022,3927,-1,3927,4022,4023,-1,3927,4023,3923,-1,3923,4023,3924,-1,3924,4023,4024,-1,3924,4024,3919,-1,4025,3921,3920,-1,4026,4027,4028,-1,4028,4027,4029,-1,4028,4029,4030,-1,4030,4029,4031,-1,4030,4031,4032,-1,4032,4031,4033,-1,4034,4018,4035,-1,4035,4018,4019,-1,4035,4019,4036,-1,4036,4019,4020,-1,4036,4020,4037,-1,4037,4020,4021,-1,4038,4039,4040,-1,4040,4039,4041,-1,4040,4041,4042,-1,4042,4041,4043,-1,4042,4043,4044,-1,1862,3921,1860,-1,1860,3921,4025,-1,1860,4025,3958,-1,3958,4025,4045,-1,3958,4045,3957,-1,3957,4045,4046,-1,3957,4046,3956,-1,3956,4046,4047,-1,3956,4047,3993,-1,4048,4049,4027,-1,4027,4049,4050,-1,4027,4050,4029,-1,4029,4050,4051,-1,4029,4051,4031,-1,4031,4051,4017,-1,4031,4017,4033,-1,4033,4017,3931,-1,4033,3931,3936,-1,4026,4052,4027,-1,4027,4052,4053,-1,4027,4053,4048,-1,4048,4053,4054,-1,4048,4054,4055,-1,4056,4057,4058,-1,4058,4057,4059,-1,4058,4059,4060,-1,4060,4059,4061,-1,4060,4061,4062,-1,1873,1872,4063,-1,4063,1872,3954,-1,4063,3954,4064,-1,4064,3954,3993,-1,4064,3993,4065,-1,4065,3993,4047,-1,4065,4047,4066,-1,4066,4047,4046,-1,4066,4046,4067,-1,4067,4046,4045,-1,4067,4045,4068,-1,4068,4045,4025,-1,4068,4025,4024,-1,4024,4025,3920,-1,4024,3920,3919,-1,4069,3949,4070,-1,4070,3949,3948,-1,4070,3948,4071,-1,4072,4071,4073,-1,4073,4071,3948,-1,4073,3948,4074,-1,4074,3948,3950,-1,4074,3950,4075,-1,4076,4077,4078,-1,4078,4077,4072,-1,4078,4072,4079,-1,4079,4072,4073,-1,4079,4073,4080,-1,4080,4073,4074,-1,4080,4074,4081,-1,4081,4074,4075,-1,4081,4075,4082,-1,4039,4076,4041,-1,4041,4076,4078,-1,4041,4078,4043,-1,4043,4078,4079,-1,4043,4079,4044,-1,4044,4079,4080,-1,4044,4080,4083,-1,4083,4080,4081,-1,4083,4081,4084,-1,4084,4081,4082,-1,4084,4082,3946,-1,3946,3945,4084,-1,4084,3945,4085,-1,4084,4085,4083,-1,4083,4085,4056,-1,4083,4056,4044,-1,4044,4056,4058,-1,4044,4058,4042,-1,4042,4058,4060,-1,4042,4060,4040,-1,4040,4060,4062,-1,4040,4062,4038,-1,4054,4086,4055,-1,4055,4086,4087,-1,4055,4087,4088,-1,4088,4087,4089,-1,4088,4089,4090,-1,4090,4089,4091,-1,4090,4091,3994,-1,3994,4091,4092,-1,3994,4092,3995,-1,4093,4007,4094,-1,4094,4007,4006,-1,4094,4006,4069,-1,4069,4006,3949,-1,3949,4006,4004,-1,3949,4004,3950,-1,3950,4004,4002,-1,3950,4002,4075,-1,4075,4002,4000,-1,4075,4000,4082,-1,4082,4000,3999,-1,4082,3999,3946,-1,3946,3999,3959,-1,3946,3959,3947,-1,3947,3959,1852,-1,3947,1852,1851,-1,4095,4016,4096,-1,4096,4016,4015,-1,4096,4015,4093,-1,4093,4015,4007,-1,4007,4015,4013,-1,4007,4013,4005,-1,4005,4013,4011,-1,4005,4011,4003,-1,4003,4011,4009,-1,4003,4009,4001,-1,4001,4009,4008,-1,4001,4008,3999,-1,3999,4008,3960,-1,3999,3960,3959,-1,3959,3960,1854,-1,3959,1854,1853,-1,3997,4097,3998,-1,3998,4097,4098,-1,3998,4098,4099,-1,4099,4098,4100,-1,4099,4100,4101,-1,4101,4100,4102,-1,4101,4102,4103,-1,4095,4104,4105,-1,3969,4106,3967,-1,3967,4106,4107,-1,3967,4107,3965,-1,3965,4107,4105,-1,3965,4105,3978,-1,3978,4105,4104,-1,3978,4104,3979,-1,4095,4105,4016,-1,4016,4105,4107,-1,4016,4107,4014,-1,4014,4107,4106,-1,4014,4106,4012,-1,4012,4106,3969,-1,4012,3969,4010,-1,4010,3969,3971,-1,4010,3971,4008,-1,4008,3971,3961,-1,4008,3961,3960,-1,3960,3961,1856,-1,3960,1856,1855,-1,4108,4109,4110,-1,4110,4109,4111,-1,4110,4111,4112,-1,4112,4111,4103,-1,4112,4103,4113,-1,4113,4103,4102,-1,3934,3932,4021,-1,4021,3932,4017,-1,4021,4017,4037,-1,4037,4017,4051,-1,4037,4051,4036,-1,4036,4051,4050,-1,4036,4050,4035,-1,4035,4050,4049,-1,4035,4049,4034,-1,4034,4049,4048,-1,4034,4048,4114,-1,4114,4048,4055,-1,4114,4055,4115,-1,4115,4055,4088,-1,4115,4088,4116,-1,4116,4088,4090,-1,4116,4090,4117,-1,4117,4090,3994,-1,4117,3994,4118,-1,4118,3994,3996,-1,4118,3996,4119,-1,4119,3996,3998,-1,4119,3998,4120,-1,4120,3998,4099,-1,4120,4099,4121,-1,4121,4099,4101,-1,4121,4101,4122,-1,4122,4101,4103,-1,4122,4103,4123,-1,4123,4103,4111,-1,4123,4111,4124,-1,4124,4111,4109,-1,4124,3980,4123,-1,4123,3980,3953,-1,4123,3953,4122,-1,4122,3953,4125,-1,4122,4125,4121,-1,4121,4125,4126,-1,4121,4126,4120,-1,4120,4126,4127,-1,4120,4127,4119,-1,4119,4127,4128,-1,4119,4128,4118,-1,4118,4128,4129,-1,4118,4129,4117,-1,4117,4129,4130,-1,4117,4130,4116,-1,4116,4130,4131,-1,4116,4131,4115,-1,4115,4131,4132,-1,4115,4132,4114,-1,4114,4132,4133,-1,4114,4133,4034,-1,4034,4133,3992,-1,4034,3992,4018,-1,4018,3992,3991,-1,4018,3991,3985,-1,3985,3991,3989,-1,3985,3989,3983,-1,3983,3989,3987,-1,3983,3987,3981,-1,3981,3987,3986,-1,3981,3986,4022,-1,1851,1873,3947,-1,3947,1873,4063,-1,3947,4063,3945,-1,3945,4063,4064,-1,3945,4064,4085,-1,4085,4064,4065,-1,4085,4065,4056,-1,4056,4065,4066,-1,4056,4066,4057,-1,4057,4066,4067,-1,4057,4067,4059,-1,4059,4067,4068,-1,4059,4068,4061,-1,4061,4068,4024,-1,4061,4024,4062,-1,4062,4024,4023,-1,4062,4023,4038,-1,4038,4023,4022,-1,4038,4022,4039,-1,4039,4022,3986,-1,4039,3986,4076,-1,4076,3986,3988,-1,4076,3988,4077,-1,4077,3988,3990,-1,4077,3990,4072,-1,4072,3990,3992,-1,4072,3992,4071,-1,4071,3992,4133,-1,4071,4133,4070,-1,4070,4133,4132,-1,4070,4132,4069,-1,4069,4132,4131,-1,4069,4131,4094,-1,4094,4131,4130,-1,4094,4130,4093,-1,4093,4130,4129,-1,4093,4129,4096,-1,4096,4129,4128,-1,4096,4128,4095,-1,4095,4128,4127,-1,4095,4127,4104,-1,4104,4127,4126,-1,4104,4126,3979,-1,3979,4126,4125,-1,3979,4125,3974,-1,3974,4125,3953,-1,3974,3953,3975,-1,3975,3953,3952,-1,4134,3968,4135,-1,4135,3968,3966,-1,4135,3966,4136,-1,4136,3966,4137,-1,4137,3966,3964,-1,4137,3964,4138,-1,4138,3964,3963,-1,4138,3963,3977,-1,3976,3975,4139,-1,4139,4140,3976,-1,3976,4140,4141,-1,3976,4141,3977,-1,3977,4141,4142,-1,3977,4142,4138,-1,3975,3952,4139,-1,4139,3952,3951,-1,4139,3951,4143,-1,4143,3951,3980,-1,4143,3980,4144,-1,4108,4145,4109,-1,4109,4145,4144,-1,4109,4144,4124,-1,4124,4144,3980,-1,4146,1811,1810,-1,1810,3962,4146,-1,4146,3962,3973,-1,4146,3973,4147,-1,4147,3973,3972,-1,4147,3972,4134,-1,4134,3972,3970,-1,4134,3970,3968,-1,4148,1837,1839,-1,1839,1842,4148,-1,4148,1842,1845,-1,4148,1845,4149,-1,4149,1845,1848,-1,4149,1848,1812,-1,1812,1811,4149,-1,4149,1811,4146,-1,4149,4146,4147,-1,4150,1832,1831,-1,1837,4148,1825,-1,1825,4148,4151,-1,1825,4151,1826,-1,1826,4151,4152,-1,1826,4152,1828,-1,4152,4153,1828,-1,1828,4153,4154,-1,1828,4154,1830,-1,1830,4154,4155,-1,4155,4156,1830,-1,1830,4156,4157,-1,1830,4157,1831,-1,1831,4157,4158,-1,1831,4158,4159,-1,4160,4161,4162,-1,4160,4162,4159,-1,4159,4162,1831,-1,1831,4162,4163,-1,1831,4163,4150,-1,4164,4165,4166,-1,4166,4165,4167,-1,4166,4167,4168,-1,4164,4166,4161,-1,4161,4166,4169,-1,4161,4169,4170,-1,4170,4171,4161,-1,4161,4171,4172,-1,4161,4172,4162,-1,4168,4167,4173,-1,4173,4167,4174,-1,4173,4174,2232,-1,4175,4176,4177,-1,4171,4170,4178,-1,4179,4180,4181,-1,4177,4176,4182,-1,4183,4184,4185,-1,4186,4187,4188,-1,1927,1928,4189,-1,1934,1936,4190,-1,1948,1947,4191,-1,1943,1942,4192,-1,4192,1942,1944,-1,1833,1832,4150,-1,1814,1836,4184,-1,4184,1836,1835,-1,4184,1835,4185,-1,4185,1835,1834,-1,4185,1834,1833,-1,4193,4194,1818,-1,4193,1818,4195,-1,1815,4196,1816,-1,1816,4196,4195,-1,1816,4195,1817,-1,1817,4195,1818,-1,1819,4197,1820,-1,1820,4197,4198,-1,1820,4198,1821,-1,1822,4175,1823,-1,1823,4175,1926,-1,1823,1926,1824,-1,1941,1940,4186,-1,4186,1940,1937,-1,4186,1937,4187,-1,4187,1937,1938,-1,4187,1938,4188,-1,4188,1938,1939,-1,4199,1931,1930,-1,1931,4199,1932,-1,4200,1929,1935,-1,2249,2251,4201,-1,4201,2251,2255,-1,2240,2242,4202,-1,4202,2242,2245,-1,2237,4181,2236,-1,2236,4181,4180,-1,2236,4180,2234,-1,4150,4163,4203,-1,2232,2234,4173,-1,4173,2234,4180,-1,4173,4180,4168,-1,4168,4180,4179,-1,4168,4179,4166,-1,4166,4179,4169,-1,4170,4169,4178,-1,4178,4169,4179,-1,4178,4179,4204,-1,4204,4179,4181,-1,4204,4181,4202,-1,4202,4181,2237,-1,4202,2237,2240,-1,4162,4172,4205,-1,4205,4172,4206,-1,4205,4206,4207,-1,4207,4206,4208,-1,4207,4208,4209,-1,4209,4208,4210,-1,4209,4210,4211,-1,4211,4210,4212,-1,4211,4212,4213,-1,4213,4212,2247,-1,4172,4171,4206,-1,4206,4171,4178,-1,4206,4178,4208,-1,4208,4178,4204,-1,4208,4204,4210,-1,4210,4204,4202,-1,4210,4202,4212,-1,4212,4202,2245,-1,4212,2245,2247,-1,1928,1929,4189,-1,4189,1929,4200,-1,4189,4200,4214,-1,4214,4200,4215,-1,4214,4215,4216,-1,4216,4215,4217,-1,4216,4217,4218,-1,4218,4217,4219,-1,4218,4219,4220,-1,4220,4219,4221,-1,4220,4221,4222,-1,4222,4221,4223,-1,4222,4223,4224,-1,1474,1927,2253,-1,2253,1927,4189,-1,2253,4189,4225,-1,4225,4189,4214,-1,4225,4214,4226,-1,4226,4214,4216,-1,4226,4216,4227,-1,4227,4216,4218,-1,4227,4218,4228,-1,4228,4218,4220,-1,4228,4220,4229,-1,4229,4220,4222,-1,4229,4222,4183,-1,4183,4222,4224,-1,4183,4224,4184,-1,1833,4150,4185,-1,4185,4150,4203,-1,4185,4203,4183,-1,4183,4203,4230,-1,4183,4230,4229,-1,4229,4230,4231,-1,4229,4231,4228,-1,4228,4231,4232,-1,4228,4232,4227,-1,4227,4232,4233,-1,4227,4233,4226,-1,4226,4233,4201,-1,4226,4201,4225,-1,4225,4201,2255,-1,4225,2255,2253,-1,4163,4162,4203,-1,4203,4162,4205,-1,4203,4205,4230,-1,4230,4205,4207,-1,4230,4207,4231,-1,4231,4207,4209,-1,4231,4209,4232,-1,4232,4209,4211,-1,4232,4211,4233,-1,4233,4211,4213,-1,4233,4213,4201,-1,4201,4213,2247,-1,4201,2247,2249,-1,1939,1948,4188,-1,4188,1948,4191,-1,4188,4191,4182,-1,4182,4191,4234,-1,4182,4234,4177,-1,1936,1933,4190,-1,4190,1933,1932,-1,4190,1932,4235,-1,4235,1932,4199,-1,4235,4199,4236,-1,4236,4199,4237,-1,4236,4237,4238,-1,4238,4237,4239,-1,4238,4239,4240,-1,4240,4239,4241,-1,4240,4241,4193,-1,4193,4241,4197,-1,4193,4197,4194,-1,4194,4197,1819,-1,4194,1819,1818,-1,1935,1934,4200,-1,4200,1934,4190,-1,4200,4190,4215,-1,4215,4190,4235,-1,4215,4235,4217,-1,4217,4235,4236,-1,4217,4236,4219,-1,4219,4236,4238,-1,4219,4238,4221,-1,4221,4238,4240,-1,4221,4240,4223,-1,4223,4240,4193,-1,4223,4193,4224,-1,4224,4193,4195,-1,4224,4195,4184,-1,4184,4195,4196,-1,4184,4196,1814,-1,1814,4196,1815,-1,1947,1946,4191,-1,4191,1946,1945,-1,4191,1945,4234,-1,4234,1945,1943,-1,4234,1943,4177,-1,4177,1943,4192,-1,4177,4192,4175,-1,4175,4192,1944,-1,4175,1944,1926,-1,1930,1941,4199,-1,4199,1941,4186,-1,4199,4186,4237,-1,4237,4186,4188,-1,4237,4188,4239,-1,4239,4188,4182,-1,4239,4182,4241,-1,4241,4182,4176,-1,4241,4176,4197,-1,4197,4176,4175,-1,4197,4175,4198,-1,4198,4175,1822,-1,4198,1822,1821,-1,4242,4243,4244,-1,2589,2590,4245,-1,4246,4247,4248,-1,4248,4247,4249,-1,1954,1955,4250,-1,1588,2588,4251,-1,4252,1965,4251,-1,4251,1965,1964,-1,4251,1964,1588,-1,4253,1968,4254,-1,4254,1968,1967,-1,4254,1967,4252,-1,4252,1967,1966,-1,4252,1966,1965,-1,4255,1960,4253,-1,4253,1960,1969,-1,4253,1969,1968,-1,4256,1962,4255,-1,4255,1962,1961,-1,4255,1961,1960,-1,4257,1956,4256,-1,4256,1956,1963,-1,4256,1963,1962,-1,4258,4259,4260,-1,4260,4259,4261,-1,1951,1950,4261,-1,4261,1950,1959,-1,4261,1959,4260,-1,4260,1959,1958,-1,4260,1958,4257,-1,4257,1958,1957,-1,4257,1957,1956,-1,2046,1953,1954,-1,1954,4250,2046,-1,2046,4250,4262,-1,2046,4262,2047,-1,2047,4262,4263,-1,2047,4263,2048,-1,2056,2055,4264,-1,4264,2055,2054,-1,4264,2054,2053,-1,4243,2035,4244,-1,4244,2035,2036,-1,4244,2036,2058,-1,2038,2037,4243,-1,4243,2037,2033,-1,4243,2033,2035,-1,4265,4266,4267,-1,4268,4269,4270,-1,4271,4272,4269,-1,4269,4272,4273,-1,4269,4273,4270,-1,4274,4275,4276,-1,4276,4275,2597,-1,4276,2597,2598,-1,2594,2595,4275,-1,4275,2595,2596,-1,4275,2596,2597,-1,4277,4278,4279,-1,4279,4278,2051,-1,4279,2051,2050,-1,2593,2594,4280,-1,4280,2594,4275,-1,4280,4275,4281,-1,4281,4275,4274,-1,4281,4274,4282,-1,2592,2593,4283,-1,4283,2593,4280,-1,4283,4280,4284,-1,4284,4280,4281,-1,4284,4281,4285,-1,4285,4281,4282,-1,4285,4282,4286,-1,2591,2592,4287,-1,4287,2592,4283,-1,4287,4283,4288,-1,4288,4283,4284,-1,4288,4284,4289,-1,4289,4284,4285,-1,4289,4285,4290,-1,4290,4285,4286,-1,4290,4286,4291,-1,2590,2591,4245,-1,4245,2591,4287,-1,4245,4287,4292,-1,4292,4287,4288,-1,4292,4288,4293,-1,4293,4288,4289,-1,4293,4289,4294,-1,4294,4289,4290,-1,4294,4290,4295,-1,4295,4290,4291,-1,4295,4291,4296,-1,4266,4246,4267,-1,4267,4246,4248,-1,4267,4248,4242,-1,4242,4248,4249,-1,4242,4249,4243,-1,4243,4249,4297,-1,4243,4297,2038,-1,4270,4265,4268,-1,4268,4265,4267,-1,4268,4267,4298,-1,4298,4267,4242,-1,4298,4242,4299,-1,4299,4242,4244,-1,4299,4244,4300,-1,4277,4301,4300,-1,4300,4301,4302,-1,4300,4302,4299,-1,4299,4302,4303,-1,4299,4303,4298,-1,4298,4303,4304,-1,4298,4304,4268,-1,4268,4304,4305,-1,4268,4305,4269,-1,4269,4305,4306,-1,4269,4306,4271,-1,4271,4306,4307,-1,2058,2057,4244,-1,4244,2057,2056,-1,4244,2056,4300,-1,4300,2056,4264,-1,4300,4264,4277,-1,4277,4264,2053,-1,4277,2053,4278,-1,4278,2053,2052,-1,4278,2052,2051,-1,4308,4307,4309,-1,4309,4307,4306,-1,4309,4306,4310,-1,4310,4306,4305,-1,4310,4305,4311,-1,4311,4305,4304,-1,4311,4304,4312,-1,4312,4304,4303,-1,4312,4303,4313,-1,4313,4303,4302,-1,4313,4302,4314,-1,4314,4302,4301,-1,4314,4301,4315,-1,4315,4301,4277,-1,4315,4277,4316,-1,4316,4277,4279,-1,4316,4279,4317,-1,4317,4279,2050,-1,4317,2050,4263,-1,4263,2050,2049,-1,4263,2049,2048,-1,2588,2589,4251,-1,4251,2589,4245,-1,4251,4245,4252,-1,4252,4245,4292,-1,4252,4292,4254,-1,4254,4292,4293,-1,4254,4293,4253,-1,4253,4293,4294,-1,4253,4294,4255,-1,4255,4294,4295,-1,4255,4295,4256,-1,4256,4295,4296,-1,4256,4296,4257,-1,4257,4296,4318,-1,4257,4318,4260,-1,4260,4318,4319,-1,4260,4319,4258,-1,2599,4308,2598,-1,2598,4308,4309,-1,2598,4309,4276,-1,4276,4309,4310,-1,4276,4310,4274,-1,4274,4310,4311,-1,4274,4311,4282,-1,4282,4311,4312,-1,4282,4312,4286,-1,4286,4312,4313,-1,4286,4313,4291,-1,4291,4313,4314,-1,4291,4314,4296,-1,4296,4314,4315,-1,4296,4315,4318,-1,4318,4315,4316,-1,4318,4316,4319,-1,4319,4316,4317,-1,4319,4317,4258,-1,4258,4317,4263,-1,4258,4263,4259,-1,4259,4263,4262,-1,4259,4262,4261,-1,4261,4262,4250,-1,4261,4250,1951,-1,1951,4250,1955,-1,2029,2031,4320,-1,1982,1984,4321,-1,4322,4323,4324,-1,4324,4323,4325,-1,4324,4325,4326,-1,4326,4325,4327,-1,4326,4327,4328,-1,4328,4327,4329,-1,4328,4329,4330,-1,4330,4329,4331,-1,4330,4331,4332,-1,4332,4331,4333,-1,4332,4333,4334,-1,4334,4333,4335,-1,4334,4335,4336,-1,4336,4335,4337,-1,4336,4337,4338,-1,4338,4337,4339,-1,4338,4339,4340,-1,4340,4339,4341,-1,4340,4341,4342,-1,4342,4341,4343,-1,4342,4343,4344,-1,4344,4343,4345,-1,4344,4345,4346,-1,4346,4345,4347,-1,4346,4347,4348,-1,4348,4347,4349,-1,4348,4349,4350,-1,4350,4349,4351,-1,4350,4351,4352,-1,4352,4351,4353,-1,4352,4353,4354,-1,4354,4353,4355,-1,4354,4355,4356,-1,4356,4355,4357,-1,4356,4357,4358,-1,4358,4357,4359,-1,4358,4359,4360,-1,4360,4359,4361,-1,4360,4361,4362,-1,4362,4361,4363,-1,4362,4363,4364,-1,4364,4363,4365,-1,4364,4365,4366,-1,4366,4365,4367,-1,4366,4367,4368,-1,4368,4367,4369,-1,4368,4369,4370,-1,4370,4369,4371,-1,4370,4371,4372,-1,4372,4371,4373,-1,4372,4373,4374,-1,4374,4373,4375,-1,4374,4375,4376,-1,4376,4375,4322,-1,4376,4322,4324,-1,4377,4378,2072,-1,2072,4378,2073,-1,2073,4378,4379,-1,2073,4379,2074,-1,2074,4379,2075,-1,2075,4379,4380,-1,2075,4380,2076,-1,2076,4380,2077,-1,2077,4380,4381,-1,2077,4381,2078,-1,2078,4381,2087,-1,2087,4381,4382,-1,2087,4382,2086,-1,2086,4382,2083,-1,2083,4382,4383,-1,2083,4383,2081,-1,2081,4383,4384,-1,2081,4384,1972,-1,1972,4384,4385,-1,1972,4385,1973,-1,4321,1984,4385,-1,4385,1984,1986,-1,4385,1986,1973,-1,1982,4321,1980,-1,1980,4321,4386,-1,1980,4386,2001,-1,2001,4386,4387,-1,2001,4387,1995,-1,1995,4387,1990,-1,1990,4387,4388,-1,1990,4388,2013,-1,2013,4388,2006,-1,2006,4388,4389,-1,2006,4389,2018,-1,2018,4389,2020,-1,2020,4389,4390,-1,2020,4390,2021,-1,2021,4390,2023,-1,2023,4390,4391,-1,2023,4391,2024,-1,2024,4391,4392,-1,2024,4392,2026,-1,2026,4392,4393,-1,2026,4393,2027,-1,4320,2031,4393,-1,4393,2031,2032,-1,4393,2032,2027,-1,2029,4320,2042,-1,2042,4320,4394,-1,2042,4394,2034,-1,2034,4394,4395,-1,2034,4395,2045,-1,2045,4395,2059,-1,2059,4395,4396,-1,2059,4396,2060,-1,2060,4396,2061,-1,2061,4396,4397,-1,2061,4397,2062,-1,2062,4397,2063,-1,2063,4397,4398,-1,2063,4398,2064,-1,2064,4398,2065,-1,2065,4398,4399,-1,2065,4399,2066,-1,2066,4399,4400,-1,2066,4400,2067,-1,2067,4400,4401,-1,2067,4401,2068,-1,2072,2071,4377,-1,4377,2071,2070,-1,4377,2070,4401,-1,4401,2070,2069,-1,4401,2069,2068,-1,4350,4402,4348,-1,4348,4402,4403,-1,4348,4403,4346,-1,4346,4403,4404,-1,4346,4404,4344,-1,4344,4404,4405,-1,4344,4405,4342,-1,4342,4405,4406,-1,4342,4406,4340,-1,4340,4406,4407,-1,4340,4407,4338,-1,4338,4407,4408,-1,4338,4408,4336,-1,4336,4408,4409,-1,4336,4409,4334,-1,4334,4409,4410,-1,4334,4410,4332,-1,4332,4410,4411,-1,4332,4411,4330,-1,4330,4411,4412,-1,4330,4412,4328,-1,4328,4412,4413,-1,4328,4413,4326,-1,4326,4413,4414,-1,4326,4414,4324,-1,4324,4414,4415,-1,4324,4415,4376,-1,4376,4415,4416,-1,4376,4416,4374,-1,4374,4416,4417,-1,4374,4417,4372,-1,4372,4417,4418,-1,4372,4418,4370,-1,4370,4418,4419,-1,4370,4419,4368,-1,4368,4419,4420,-1,4368,4420,4366,-1,4366,4420,4421,-1,4366,4421,4364,-1,4364,4421,4422,-1,4364,4422,4362,-1,4362,4422,4423,-1,4362,4423,4360,-1,4360,4423,4424,-1,4360,4424,4358,-1,4358,4424,4425,-1,4358,4425,4356,-1,4356,4425,4426,-1,4356,4426,4354,-1,4354,4426,4427,-1,4354,4427,4352,-1,4352,4427,4428,-1,4352,4428,4350,-1,4350,4428,4402,-1,4402,4429,4403,-1,4403,4429,4430,-1,4403,4430,4404,-1,4404,4430,4431,-1,4404,4431,4405,-1,4405,4431,4432,-1,4405,4432,4406,-1,4406,4432,4433,-1,4406,4433,4407,-1,4407,4433,4434,-1,4407,4434,4408,-1,4408,4434,4435,-1,4408,4435,4409,-1,4409,4435,4436,-1,4409,4436,4410,-1,4410,4436,4437,-1,4410,4437,4411,-1,4411,4437,4438,-1,4411,4438,4412,-1,4412,4438,4439,-1,4412,4439,4413,-1,4413,4439,4440,-1,4413,4440,4414,-1,4414,4440,4441,-1,4414,4441,4415,-1,4415,4441,4442,-1,4415,4442,4416,-1,4416,4442,4443,-1,4416,4443,4417,-1,4417,4443,4444,-1,4417,4444,4418,-1,4418,4444,4445,-1,4418,4445,4419,-1,4419,4445,4446,-1,4419,4446,4420,-1,4420,4446,4447,-1,4420,4447,4421,-1,4421,4447,4448,-1,4421,4448,4422,-1,4422,4448,4449,-1,4422,4449,4423,-1,4423,4449,4450,-1,4423,4450,4424,-1,4424,4450,4451,-1,4424,4451,4425,-1,4425,4451,4452,-1,4425,4452,4426,-1,4426,4452,4453,-1,4426,4453,4427,-1,4427,4453,4454,-1,4427,4454,4428,-1,4428,4454,4455,-1,4428,4455,4402,-1,4402,4455,4429,-1,4429,4456,4430,-1,4430,4456,4457,-1,4430,4457,4431,-1,4431,4457,4458,-1,4431,4458,4432,-1,4432,4458,4459,-1,4432,4459,4433,-1,4433,4459,4460,-1,4433,4460,4434,-1,4434,4460,4461,-1,4434,4461,4435,-1,4435,4461,4462,-1,4435,4462,4436,-1,4436,4462,4463,-1,4436,4463,4437,-1,4437,4463,4464,-1,4437,4464,4438,-1,4438,4464,4465,-1,4438,4465,4439,-1,4439,4465,4466,-1,4439,4466,4440,-1,4440,4466,4467,-1,4440,4467,4441,-1,4441,4467,4468,-1,4441,4468,4442,-1,4442,4468,4469,-1,4442,4469,4443,-1,4443,4469,4470,-1,4443,4470,4444,-1,4444,4470,4471,-1,4444,4471,4445,-1,4445,4471,4472,-1,4445,4472,4446,-1,4446,4472,4473,-1,4446,4473,4447,-1,4447,4473,4474,-1,4447,4474,4448,-1,4448,4474,4475,-1,4448,4475,4449,-1,4449,4475,4476,-1,4449,4476,4450,-1,4450,4476,4477,-1,4450,4477,4451,-1,4451,4477,4478,-1,4451,4478,4452,-1,4452,4478,4479,-1,4452,4479,4453,-1,4453,4479,4480,-1,4453,4480,4454,-1,4454,4480,4481,-1,4454,4481,4455,-1,4455,4481,4482,-1,4455,4482,4429,-1,4429,4482,4456,-1,4456,4483,4457,-1,4457,4483,4484,-1,4457,4484,4458,-1,4458,4484,4485,-1,4458,4485,4459,-1,4459,4485,4486,-1,4459,4486,4460,-1,4460,4486,4487,-1,4460,4487,4461,-1,4461,4487,4488,-1,4461,4488,4462,-1,4462,4488,4489,-1,4462,4489,4463,-1,4463,4489,4490,-1,4463,4490,4464,-1,4464,4490,4491,-1,4464,4491,4465,-1,4465,4491,4492,-1,4465,4492,4466,-1,4466,4492,4493,-1,4466,4493,4467,-1,4467,4493,4494,-1,4467,4494,4468,-1,4468,4494,4495,-1,4468,4495,4469,-1,4469,4495,4496,-1,4469,4496,4470,-1,4470,4496,4497,-1,4470,4497,4471,-1,4471,4497,4498,-1,4471,4498,4472,-1,4472,4498,4499,-1,4472,4499,4473,-1,4473,4499,4500,-1,4473,4500,4474,-1,4474,4500,4501,-1,4474,4501,4475,-1,4475,4501,4502,-1,4475,4502,4476,-1,4476,4502,4503,-1,4476,4503,4477,-1,4477,4503,4504,-1,4477,4504,4478,-1,4478,4504,4505,-1,4478,4505,4479,-1,4479,4505,4506,-1,4479,4506,4480,-1,4480,4506,4507,-1,4480,4507,4481,-1,4481,4507,4508,-1,4481,4508,4482,-1,4482,4508,4509,-1,4482,4509,4456,-1,4456,4509,4483,-1,4483,4384,4484,-1,4484,4384,4383,-1,4484,4383,4485,-1,4485,4383,4382,-1,4485,4382,4486,-1,4486,4382,4381,-1,4486,4381,4487,-1,4487,4381,4380,-1,4487,4380,4488,-1,4488,4380,4379,-1,4488,4379,4489,-1,4489,4379,4378,-1,4489,4378,4490,-1,4490,4378,4377,-1,4490,4377,4491,-1,4491,4377,4401,-1,4491,4401,4492,-1,4492,4401,4400,-1,4492,4400,4493,-1,4493,4400,4399,-1,4493,4399,4494,-1,4494,4399,4398,-1,4494,4398,4495,-1,4495,4398,4397,-1,4495,4397,4496,-1,4496,4397,4396,-1,4496,4396,4497,-1,4497,4396,4395,-1,4497,4395,4498,-1,4498,4395,4394,-1,4498,4394,4499,-1,4499,4394,4320,-1,4499,4320,4500,-1,4500,4320,4393,-1,4500,4393,4501,-1,4501,4393,4392,-1,4501,4392,4502,-1,4502,4392,4391,-1,4502,4391,4503,-1,4503,4391,4390,-1,4503,4390,4504,-1,4504,4390,4389,-1,4504,4389,4505,-1,4505,4389,4388,-1,4505,4388,4506,-1,4506,4388,4387,-1,4506,4387,4507,-1,4507,4387,4386,-1,4507,4386,4508,-1,4508,4386,4321,-1,4508,4321,4509,-1,4509,4321,4385,-1,4509,4385,4483,-1,4483,4385,4384,-1,4510,4511,4512,-1,4513,4514,4515,-1,4515,4514,4516,-1,2089,2088,4517,-1,2080,4518,2082,-1,2082,4518,2084,-1,4518,4519,2084,-1,2084,4519,4517,-1,2084,4517,2085,-1,2085,4517,2088,-1,2085,2088,1970,-1,2091,2090,4520,-1,4520,2090,4521,-1,4520,4521,4522,-1,4522,4521,4523,-1,4522,4523,4524,-1,2095,2094,4525,-1,4525,2094,2093,-1,4525,2093,4526,-1,4526,2093,2092,-1,2095,4525,2096,-1,2096,4525,4527,-1,2096,4527,2099,-1,2099,4527,4512,-1,2099,4512,2098,-1,2098,4512,4511,-1,2098,4511,2097,-1,4519,4528,4517,-1,4517,4528,4529,-1,4517,4529,4530,-1,4530,4529,4531,-1,4530,4531,4532,-1,4532,4531,4533,-1,4532,4533,4534,-1,4535,4536,4523,-1,4523,4536,4513,-1,4523,4513,4524,-1,4524,4513,4515,-1,4514,4537,4538,-1,4516,4514,4539,-1,4539,4514,4538,-1,4539,4538,4540,-1,4536,4541,4513,-1,4513,4541,4542,-1,4513,4542,4514,-1,4514,4542,4543,-1,4514,4543,4537,-1,4544,4545,4546,-1,4546,4545,4539,-1,4546,4539,4547,-1,4547,4539,4540,-1,4534,4548,4532,-1,4532,4548,4549,-1,4532,4549,4550,-1,2089,4517,2090,-1,2090,4517,4530,-1,2090,4530,4521,-1,4521,4530,4532,-1,4521,4532,4523,-1,4523,4532,4550,-1,4523,4550,4535,-1,4545,4551,4539,-1,4539,4551,4552,-1,4539,4552,4516,-1,4516,4552,4553,-1,4516,4553,4554,-1,4554,4510,4516,-1,4516,4510,4512,-1,4516,4512,4515,-1,4515,4512,4527,-1,4515,4527,4524,-1,4524,4527,4525,-1,4524,4525,4522,-1,4522,4525,4526,-1,4522,4526,4520,-1,4520,4526,2092,-1,4520,2092,2091,-1,2043,2041,4555,-1,2039,2038,4297,-1,4556,4557,4247,-1,4247,4557,2039,-1,4247,2039,4249,-1,4249,2039,4297,-1,4557,4558,2039,-1,2039,4558,4559,-1,2039,4559,2040,-1,4559,4560,2040,-1,2040,4560,4561,-1,2040,4561,2041,-1,2041,4561,4562,-1,2041,4562,4555,-1,2043,4555,2044,-1,2044,4555,4563,-1,2044,4563,4564,-1,4564,4565,2044,-1,2044,4565,4566,-1,2044,4566,2030,-1,4308,2599,4567,-1,4568,4569,4265,-1,4556,4247,4570,-1,4570,4247,4246,-1,4570,4246,4569,-1,4569,4246,4266,-1,4569,4266,4265,-1,4273,4272,4571,-1,4571,4272,4271,-1,4571,4271,4567,-1,4567,4271,4307,-1,4567,4307,4308,-1,4568,4265,4571,-1,4571,4265,4270,-1,4571,4270,4273,-1,2022,2025,4566,-1,4566,2025,2028,-1,4566,2028,2030,-1,2022,4566,2019,-1,2019,4566,4572,-1,2019,4572,2017,-1,4573,4574,4572,-1,4572,4574,2004,-1,4572,2004,2017,-1,4575,4576,4577,-1,4577,4576,4578,-1,4577,4578,4579,-1,4579,4578,4580,-1,4579,4580,4581,-1,4581,4580,4582,-1,4581,4582,4583,-1,4582,4584,4583,-1,4583,4584,4585,-1,4583,4585,4586,-1,4586,4585,4587,-1,4586,4587,4588,-1,4588,4587,4589,-1,4589,4587,4590,-1,4589,4590,4591,-1,4591,4590,4592,-1,4591,4592,4593,-1,4593,4592,4594,-1,4593,4594,4595,-1,4595,4594,4596,-1,4595,4596,4597,-1,4597,4596,4598,-1,4597,4598,4599,-1,4599,4598,4600,-1,4599,4600,4573,-1,4573,4600,4601,-1,4573,4601,4574,-1,2005,2004,4602,-1,4602,2004,4574,-1,4602,4574,4603,-1,4603,4574,4601,-1,4604,4605,4606,-1,4607,4608,4609,-1,4610,4611,4612,-1,4612,4613,4614,-1,4614,4613,4615,-1,4614,4615,4616,-1,4617,4618,4619,-1,4620,4621,4622,-1,4623,4578,4576,-1,4624,4582,4580,-1,4625,4587,4585,-1,4626,4592,4627,-1,4627,4592,4590,-1,4627,4590,4587,-1,4600,4598,4628,-1,4628,4598,4596,-1,4628,4596,4629,-1,4629,4596,4594,-1,4600,4628,4601,-1,4601,4628,4630,-1,4601,4630,4603,-1,4603,4630,4631,-1,4603,4631,4602,-1,2011,2010,4607,-1,4607,2010,2009,-1,4607,2009,4608,-1,4608,2009,2008,-1,4608,2008,2007,-1,1992,2016,4632,-1,4632,2016,2015,-1,4632,2015,4633,-1,4633,2015,2014,-1,4633,2014,2012,-1,1989,1991,4634,-1,4634,1991,1992,-1,4634,1992,4635,-1,4635,1992,4632,-1,1996,1994,4636,-1,4636,1994,4637,-1,1996,4636,1997,-1,1997,4636,4638,-1,1997,4638,1998,-1,4639,4640,4641,-1,4641,4640,4642,-1,4639,4643,4644,-1,4644,4643,4645,-1,4644,4645,4646,-1,4646,4645,4647,-1,4646,4647,4648,-1,4648,4647,4649,-1,4648,4649,4650,-1,4650,4649,4651,-1,4650,4651,4652,-1,4652,4651,4653,-1,4652,4653,4654,-1,4654,4653,4655,-1,4654,4655,4656,-1,4656,4655,4657,-1,4610,4612,4657,-1,4658,4659,4660,-1,4660,4659,4661,-1,4660,4661,4662,-1,4662,4661,4663,-1,4662,4663,4664,-1,4665,4666,4667,-1,4667,4666,4668,-1,4667,4668,4669,-1,4669,4668,4670,-1,4669,4670,4671,-1,4672,4673,4674,-1,4674,4673,4675,-1,4675,4673,4676,-1,4675,4676,4677,-1,4677,4676,4678,-1,4677,4678,4679,-1,4679,4678,4680,-1,4679,4680,4681,-1,4681,4680,4682,-1,4681,4682,4683,-1,4683,4682,4684,-1,4683,4684,4685,-1,4685,4684,4686,-1,4685,4686,4687,-1,4687,4686,4688,-1,4687,4688,4689,-1,4689,4688,4690,-1,4689,4690,4691,-1,4691,4690,4692,-1,4691,4692,4693,-1,2000,1999,4694,-1,4694,1999,4695,-1,4694,4695,4696,-1,4696,4695,4697,-1,4696,4697,4698,-1,4698,4697,4699,-1,4698,4699,4700,-1,4700,4699,4701,-1,4700,4701,4702,-1,4702,4701,4703,-1,4702,4703,4693,-1,4693,4703,4704,-1,4693,4704,4691,-1,4705,4706,4707,-1,4629,4708,4628,-1,4628,4708,4609,-1,4628,4609,4630,-1,4630,4609,4608,-1,4630,4608,4631,-1,4631,4608,2007,-1,4631,2007,4602,-1,4602,2007,2005,-1,4709,4710,4711,-1,4712,4713,4714,-1,4714,4713,4715,-1,4714,4715,4716,-1,4716,4715,4717,-1,4716,4717,4718,-1,4718,4717,4719,-1,4718,4719,4720,-1,4720,4719,4625,-1,4720,4625,4721,-1,4721,4625,4585,-1,4721,4585,4584,-1,2012,2011,4633,-1,4633,2011,4607,-1,4633,4607,4722,-1,4722,4607,4609,-1,4722,4609,4723,-1,4723,4609,4708,-1,4723,4708,4724,-1,4724,4708,4629,-1,4724,4629,4626,-1,4626,4629,4594,-1,4626,4594,4592,-1,4725,4726,4727,-1,4727,4726,4728,-1,4727,4728,4729,-1,4729,4728,4730,-1,4729,4730,4731,-1,4731,4730,4732,-1,4731,4732,4733,-1,4733,4732,4734,-1,4733,4734,4735,-1,4735,4734,4736,-1,4735,4736,4737,-1,4737,4736,4624,-1,4737,4624,4623,-1,4623,4624,4580,-1,4623,4580,4578,-1,4726,4712,4728,-1,4728,4712,4714,-1,4728,4714,4730,-1,4730,4714,4716,-1,4730,4716,4732,-1,4732,4716,4718,-1,4732,4718,4734,-1,4734,4718,4720,-1,4734,4720,4736,-1,4736,4720,4721,-1,4736,4721,4624,-1,4624,4721,4584,-1,4624,4584,4582,-1,4738,4739,4740,-1,4740,4739,4741,-1,4665,4742,4743,-1,4743,4742,4744,-1,4743,4744,4745,-1,4745,4744,4746,-1,4745,4746,4747,-1,4747,4746,4748,-1,4747,4748,4749,-1,4749,4748,4750,-1,4749,4750,4751,-1,4751,4750,4752,-1,4751,4752,4753,-1,4753,4752,4754,-1,4753,4754,4755,-1,4755,4754,4707,-1,4755,4707,4756,-1,4756,4707,4706,-1,4742,4725,4744,-1,4744,4725,4727,-1,4744,4727,4746,-1,4746,4727,4729,-1,4746,4729,4748,-1,4748,4729,4731,-1,4748,4731,4750,-1,4750,4731,4733,-1,4750,4733,4752,-1,4752,4733,4735,-1,4752,4735,4754,-1,4754,4735,4737,-1,4754,4737,4707,-1,4707,4737,4623,-1,4707,4623,4705,-1,4705,4623,4576,-1,4757,4758,4759,-1,4759,4758,4760,-1,4761,4762,4606,-1,4606,4762,4759,-1,4606,4759,4604,-1,4604,4759,4760,-1,4763,4757,4764,-1,4764,4757,4759,-1,4764,4759,4765,-1,4765,4759,4762,-1,4765,4762,4622,-1,4622,4762,4761,-1,4622,4761,4620,-1,4741,4763,4740,-1,4740,4763,4764,-1,4740,4764,4766,-1,4766,4764,4765,-1,4766,4765,4767,-1,4767,4765,4622,-1,4767,4622,4619,-1,4619,4622,4621,-1,4619,4621,4617,-1,4768,4738,4769,-1,4769,4738,4740,-1,4769,4740,4770,-1,4770,4740,4766,-1,4770,4766,4771,-1,4771,4766,4767,-1,4771,4767,4772,-1,4772,4767,4619,-1,4772,4619,4615,-1,4615,4619,4618,-1,4615,4618,4616,-1,4613,4773,4615,-1,4615,4773,4774,-1,4615,4774,4772,-1,4772,4774,4775,-1,4772,4775,4771,-1,4771,4775,4776,-1,4771,4776,4770,-1,4770,4776,4777,-1,4770,4777,4769,-1,4769,4777,4778,-1,4769,4778,4768,-1,4768,4778,4779,-1,4722,4780,4633,-1,4633,4780,4781,-1,4633,4781,4632,-1,4632,4781,4782,-1,4632,4782,4635,-1,4635,4782,4783,-1,4635,4783,4634,-1,4634,4783,4784,-1,4634,4784,1989,-1,1989,4784,4637,-1,1989,4637,1993,-1,1993,4637,1994,-1,4785,4786,4642,-1,4639,4644,4640,-1,4640,4644,4787,-1,4640,4787,4642,-1,4642,4787,4788,-1,4642,4788,4785,-1,4657,4612,4656,-1,4656,4612,4614,-1,4656,4614,4654,-1,4654,4614,4616,-1,4654,4616,4652,-1,4652,4616,4618,-1,4652,4618,4650,-1,4650,4618,4617,-1,4650,4617,4648,-1,4648,4617,4621,-1,4648,4621,4646,-1,4646,4621,4620,-1,4646,4620,4644,-1,4644,4620,4761,-1,4644,4761,4787,-1,4787,4761,4606,-1,4787,4606,4788,-1,4788,4606,4605,-1,4788,4605,4785,-1,4710,4779,4711,-1,4711,4779,4778,-1,4711,4778,4789,-1,4789,4778,4777,-1,4789,4777,4790,-1,4790,4777,4776,-1,4790,4776,4791,-1,4791,4776,4775,-1,4791,4775,4792,-1,4792,4775,4774,-1,4792,4774,4793,-1,4793,4774,4773,-1,4793,4773,4658,-1,4658,4773,4613,-1,4658,4613,4659,-1,4659,4613,4612,-1,4659,4612,4661,-1,4661,4612,4611,-1,4661,4611,4663,-1,4756,4709,4755,-1,4755,4709,4711,-1,4755,4711,4753,-1,4753,4711,4789,-1,4753,4789,4751,-1,4751,4789,4790,-1,4751,4790,4749,-1,4749,4790,4791,-1,4749,4791,4747,-1,4747,4791,4792,-1,4747,4792,4745,-1,4745,4792,4793,-1,4745,4793,4743,-1,4743,4793,4658,-1,4743,4658,4665,-1,4665,4658,4660,-1,4665,4660,4666,-1,4666,4660,4662,-1,4666,4662,4668,-1,4668,4662,4664,-1,4668,4664,4670,-1,4587,4625,4627,-1,4627,4625,4719,-1,4627,4719,4626,-1,4626,4719,4717,-1,4626,4717,4724,-1,4724,4717,4715,-1,4724,4715,4723,-1,4723,4715,4713,-1,4723,4713,4722,-1,4722,4713,4712,-1,4722,4712,4780,-1,4780,4712,4726,-1,4780,4726,4781,-1,4781,4726,4725,-1,4781,4725,4782,-1,4782,4725,4742,-1,4782,4742,4783,-1,4783,4742,4665,-1,4783,4665,4784,-1,4784,4665,4667,-1,4784,4667,4637,-1,4637,4667,4669,-1,4637,4669,4636,-1,4636,4669,4671,-1,4636,4671,4638,-1,4794,4795,4674,-1,4674,4795,4796,-1,4674,4796,4672,-1,4786,4797,4642,-1,4642,4797,4794,-1,4642,4794,4641,-1,4641,4794,4674,-1,4641,4674,4639,-1,4639,4674,4675,-1,4639,4675,4643,-1,4643,4675,4677,-1,4643,4677,4645,-1,4645,4677,4679,-1,4645,4679,4647,-1,4647,4679,4681,-1,4647,4681,4649,-1,4649,4681,4683,-1,4649,4683,4651,-1,4651,4683,4685,-1,4651,4685,4653,-1,4653,4685,4687,-1,4653,4687,4655,-1,4655,4687,4689,-1,4655,4689,4657,-1,4657,4689,4691,-1,4657,4691,4610,-1,4610,4691,4704,-1,4610,4704,4611,-1,4611,4704,4703,-1,4611,4703,4663,-1,4663,4703,4701,-1,4663,4701,4664,-1,4664,4701,4699,-1,4664,4699,4670,-1,4670,4699,4697,-1,4670,4697,4671,-1,4671,4697,4695,-1,4671,4695,4638,-1,4638,4695,1999,-1,4638,1999,1998,-1,4798,4799,4800,-1,1983,1981,4801,-1,4693,4692,4802,-1,4688,4686,4803,-1,4804,4682,4680,-1,4804,4680,4805,-1,4672,4806,4673,-1,4673,4806,4807,-1,4673,4807,4676,-1,4676,4807,4805,-1,4676,4805,4678,-1,4678,4805,4680,-1,4803,4686,4804,-1,4804,4686,4684,-1,4804,4684,4682,-1,4802,4692,4803,-1,4803,4692,4690,-1,4803,4690,4688,-1,4693,4802,4702,-1,4702,4802,4808,-1,4702,4808,4700,-1,4700,4808,4698,-1,4698,4808,4809,-1,4698,4809,4696,-1,4809,2003,4696,-1,4696,2003,2002,-1,4696,2002,4694,-1,4694,2002,2000,-1,4810,4811,4812,-1,1985,4810,1987,-1,1987,4810,4812,-1,1987,4812,1988,-1,4811,4810,4813,-1,4813,4810,4814,-1,4813,4814,4815,-1,4816,4817,4814,-1,4814,4817,4818,-1,4814,4818,4815,-1,4819,4820,4821,-1,4821,4820,4822,-1,4821,4822,4816,-1,4816,4822,4823,-1,4816,4823,4817,-1,4824,4825,4826,-1,4826,4825,4827,-1,4826,4827,4819,-1,4819,4827,4828,-1,4819,4828,4820,-1,4829,4824,4830,-1,4830,4824,4826,-1,4830,4826,4831,-1,4831,4826,4832,-1,1981,2003,4801,-1,4801,2003,4809,-1,4801,4809,4833,-1,4833,4809,4808,-1,4833,4808,4834,-1,4834,4808,4802,-1,4834,4802,4835,-1,4835,4802,4803,-1,4835,4803,4836,-1,4836,4803,4804,-1,4836,4804,4800,-1,4800,4804,4805,-1,4800,4805,4798,-1,4798,4805,4807,-1,1985,1983,4810,-1,4810,1983,4801,-1,4810,4801,4814,-1,4814,4801,4833,-1,4814,4833,4816,-1,4816,4833,4834,-1,4816,4834,4821,-1,4821,4834,4835,-1,4821,4835,4819,-1,4819,4835,4836,-1,4819,4836,4826,-1,4826,4836,4800,-1,4826,4800,4832,-1,4832,4800,4799,-1,4519,4518,4837,-1,4548,4534,4838,-1,4543,4542,4839,-1,4540,4538,4840,-1,4841,4842,4843,-1,4844,4845,4846,-1,4847,4848,4849,-1,1978,1977,4850,-1,1976,1975,4851,-1,1974,1971,4852,-1,4828,4827,4853,-1,4854,4855,4856,-1,4829,4854,4824,-1,4824,4854,4856,-1,4824,4856,4825,-1,4825,4856,4827,-1,4857,4820,4828,-1,4817,4823,4858,-1,4858,4823,4822,-1,4859,4813,4815,-1,4813,4859,4811,-1,4811,4859,4852,-1,4811,4852,4812,-1,4812,4852,1971,-1,4812,1971,1988,-1,1979,4837,2079,-1,2079,4837,4518,-1,2079,4518,2080,-1,1975,1974,4851,-1,4851,1974,4852,-1,4851,4852,4860,-1,4860,4852,4859,-1,4860,4859,4861,-1,4861,4859,4815,-1,4861,4815,4818,-1,4849,4848,4862,-1,4862,4848,4863,-1,4862,4863,4864,-1,4828,4853,4857,-1,4857,4853,4865,-1,4857,4865,4866,-1,4866,4865,4867,-1,4866,4867,4868,-1,1977,1976,4850,-1,4850,1976,4851,-1,4850,4851,4869,-1,4869,4851,4860,-1,4869,4860,4870,-1,4870,4860,4861,-1,4870,4861,4858,-1,4858,4861,4818,-1,4858,4818,4817,-1,4863,4871,4864,-1,4864,4871,4872,-1,4864,4872,4873,-1,4873,4872,4874,-1,4873,4874,4875,-1,4875,4874,4876,-1,4875,4876,4877,-1,4827,4856,4853,-1,4853,4856,4878,-1,4853,4878,4865,-1,4865,4878,4879,-1,4865,4879,4867,-1,4867,4879,4880,-1,4867,4880,4868,-1,4868,4880,4881,-1,4868,4881,4882,-1,1979,1978,4837,-1,4837,1978,4850,-1,4837,4850,4883,-1,4883,4850,4869,-1,4883,4869,4884,-1,4884,4869,4870,-1,4884,4870,4885,-1,4885,4870,4858,-1,4885,4858,4886,-1,4886,4858,4822,-1,4886,4822,4820,-1,4838,4846,4843,-1,4843,4846,4845,-1,4843,4845,4841,-1,4876,4887,4877,-1,4877,4887,4888,-1,4877,4888,4889,-1,4889,4888,4890,-1,4889,4890,4891,-1,4547,4889,4546,-1,4546,4889,4891,-1,4546,4891,4544,-1,4547,4540,4889,-1,4889,4540,4840,-1,4889,4840,4877,-1,4877,4840,4892,-1,4877,4892,4875,-1,4875,4892,4893,-1,4875,4893,4873,-1,4873,4893,4894,-1,4873,4894,4864,-1,4864,4894,4895,-1,4864,4895,4862,-1,4862,4895,4896,-1,4862,4896,4849,-1,4543,4839,4537,-1,4538,4537,4840,-1,4840,4537,4839,-1,4840,4839,4892,-1,4892,4839,4897,-1,4892,4897,4893,-1,4893,4897,4898,-1,4893,4898,4894,-1,4894,4898,4899,-1,4894,4899,4895,-1,4895,4899,4900,-1,4895,4900,4896,-1,4542,4541,4839,-1,4839,4541,4842,-1,4839,4842,4897,-1,4897,4842,4841,-1,4897,4841,4898,-1,4898,4841,4845,-1,4898,4845,4899,-1,4899,4845,4844,-1,4899,4844,4900,-1,4541,4536,4842,-1,4842,4536,4535,-1,4842,4535,4843,-1,4843,4535,4550,-1,4843,4550,4838,-1,4838,4550,4549,-1,4838,4549,4548,-1,4855,4847,4856,-1,4856,4847,4849,-1,4856,4849,4878,-1,4878,4849,4896,-1,4878,4896,4879,-1,4879,4896,4900,-1,4879,4900,4880,-1,4880,4900,4844,-1,4880,4844,4881,-1,4881,4844,4846,-1,4881,4846,4882,-1,4882,4846,4838,-1,4882,4838,4901,-1,4901,4838,4534,-1,4901,4534,4533,-1,4533,4531,4901,-1,4901,4531,4529,-1,4901,4529,4528,-1,4820,4857,4886,-1,4886,4857,4866,-1,4886,4866,4885,-1,4885,4866,4868,-1,4885,4868,4884,-1,4884,4868,4882,-1,4884,4882,4883,-1,4883,4882,4901,-1,4883,4901,4837,-1,4837,4901,4528,-1,4837,4528,4519,-1,4902,4903,4904,-1,4847,4855,4905,-1,4905,4855,4854,-1,4905,4854,4829,-1,4905,4902,4847,-1,4847,4902,4904,-1,4847,4904,4848,-1,4906,4872,4907,-1,4907,4872,4871,-1,4907,4871,4904,-1,4904,4871,4863,-1,4904,4863,4848,-1,4906,4908,4872,-1,4872,4908,4909,-1,4872,4909,4874,-1,4874,4909,4876,-1,4876,4909,4910,-1,4876,4910,4887,-1,4910,4911,4887,-1,4887,4911,4912,-1,4887,4912,4888,-1,4888,4912,4890,-1,4890,4912,4913,-1,4890,4913,4891,-1,4891,4913,4914,-1,4891,4914,4915,-1,4551,4545,4915,-1,4915,4545,4544,-1,4915,4544,4891,-1,4916,4917,4552,-1,4916,4552,4918,-1,4551,4915,4552,-1,4552,4915,4919,-1,4552,4919,4918,-1,4920,4510,4921,-1,4921,4510,4554,-1,4921,4554,4917,-1,4917,4554,4553,-1,4917,4553,4552,-1,2100,2097,4922,-1,4922,2097,4511,-1,4922,4511,4923,-1,4923,4511,4510,-1,4923,4510,4924,-1,4924,4510,4920,-1,4925,4926,4927,-1,4922,4928,2100,-1,2100,4928,2112,-1,4929,2107,4930,-1,4930,2107,2108,-1,4930,2108,4931,-1,4931,2108,2109,-1,4931,2109,4932,-1,4932,2109,2110,-1,4932,2110,4928,-1,4928,2110,2111,-1,4928,2111,2112,-1,2104,2105,4929,-1,4929,2105,2106,-1,4929,2106,2107,-1,4933,4934,2103,-1,4934,2161,2159,-1,2103,4934,2102,-1,2102,4934,2159,-1,2102,2159,2101,-1,4934,4935,2161,-1,2161,4935,4936,-1,2161,4936,2162,-1,2162,4936,2145,-1,2103,2104,4933,-1,4933,2104,4929,-1,4933,4929,4937,-1,4937,4929,4930,-1,4928,4938,4932,-1,4932,4938,4939,-1,4932,4939,4931,-1,4931,4939,4940,-1,4931,4940,4930,-1,4930,4940,4941,-1,4930,4941,4937,-1,4942,4943,4944,-1,4944,4943,4945,-1,4944,4945,4946,-1,4947,4948,4945,-1,4945,4948,4949,-1,4945,4949,4946,-1,4917,4916,4947,-1,4947,4916,4918,-1,4947,4918,4950,-1,4950,4951,4947,-1,4947,4951,4952,-1,4947,4952,4948,-1,4925,4927,4953,-1,4954,4955,4956,-1,4956,4955,4957,-1,4956,4957,4927,-1,4927,4957,4958,-1,4927,4958,4953,-1,4922,4923,4928,-1,4928,4923,4924,-1,4928,4924,4938,-1,4938,4924,4920,-1,4938,4920,4921,-1,4921,4917,4938,-1,4938,4917,4947,-1,4938,4947,4939,-1,4939,4947,4945,-1,4939,4945,4940,-1,4940,4945,4943,-1,4940,4943,4941,-1,4942,4954,4943,-1,4943,4954,4956,-1,4943,4956,4941,-1,4941,4956,4927,-1,4941,4927,4937,-1,4937,4927,4926,-1,4937,4926,4933,-1,4933,4926,4959,-1,4933,4959,4934,-1,4934,4959,4960,-1,4934,4960,4935,-1,2133,2135,4961,-1,2183,2182,4962,-1,4963,4964,2197,-1,2197,4964,2198,-1,2198,4964,4965,-1,2198,4965,2194,-1,2194,4965,2195,-1,2195,4965,4966,-1,2195,4966,2192,-1,2192,4966,2193,-1,2193,4966,4967,-1,2193,4967,2190,-1,2190,4967,2191,-1,2191,4967,4968,-1,2191,4968,2188,-1,2188,4968,2189,-1,2189,4968,4969,-1,2189,4969,2186,-1,2186,4969,4970,-1,2186,4970,2187,-1,2187,4970,4971,-1,2187,4971,2184,-1,4962,2182,4971,-1,4971,2182,2185,-1,4971,2185,2184,-1,2183,4962,2180,-1,2180,4962,4972,-1,2180,4972,2181,-1,2181,4972,4973,-1,2181,4973,2178,-1,2178,4973,2179,-1,2179,4973,4974,-1,2179,4974,2176,-1,2176,4974,2177,-1,2177,4974,4975,-1,2177,4975,2174,-1,2174,4975,2175,-1,2175,4975,4976,-1,2175,4976,2173,-1,2173,4976,2117,-1,2117,4976,4977,-1,2117,4977,2116,-1,2116,4977,4978,-1,2116,4978,2125,-1,2125,4978,4979,-1,2125,4979,2139,-1,4961,2135,4979,-1,4979,2135,2137,-1,4979,2137,2139,-1,2133,4961,2156,-1,2156,4961,4980,-1,2156,4980,2153,-1,2153,4980,4981,-1,2153,4981,2148,-1,2148,4981,2143,-1,2143,4981,4982,-1,2143,4982,2163,-1,2163,4982,2160,-1,2160,4982,4983,-1,2160,4983,2172,-1,2172,4983,2171,-1,2171,4983,4984,-1,2171,4984,2170,-1,2170,4984,2169,-1,2169,4984,4985,-1,2169,4985,2168,-1,2168,4985,4986,-1,2168,4986,2167,-1,2167,4986,4987,-1,2167,4987,2166,-1,2197,2196,4963,-1,4963,2196,2165,-1,4963,2165,4987,-1,4987,2165,2164,-1,4987,2164,2166,-1,4988,4989,4990,-1,4990,4989,4991,-1,4990,4991,4992,-1,4992,4991,4993,-1,4992,4993,4994,-1,4994,4993,4995,-1,4994,4995,4996,-1,4996,4995,4997,-1,4996,4997,4998,-1,4998,4997,4999,-1,4998,4999,5000,-1,5000,4999,5001,-1,5000,5001,5002,-1,5002,5001,5003,-1,5002,5003,5004,-1,5004,5003,5005,-1,5004,5005,5006,-1,5006,5005,5007,-1,5006,5007,5008,-1,5008,5007,5009,-1,5008,5009,5010,-1,5010,5009,5011,-1,5010,5011,5012,-1,5012,5011,5013,-1,5012,5013,5014,-1,5014,5013,5015,-1,5014,5015,5016,-1,5016,5015,5017,-1,5016,5017,5018,-1,5018,5017,5019,-1,5018,5019,5020,-1,5020,5019,5021,-1,5020,5021,5022,-1,5022,5021,5023,-1,5022,5023,5024,-1,5024,5023,5025,-1,5024,5025,5026,-1,5026,5025,5027,-1,5026,5027,5028,-1,5028,5027,5029,-1,5028,5029,5030,-1,5030,5029,5031,-1,5030,5031,5032,-1,5032,5031,5033,-1,5032,5033,5034,-1,5034,5033,5035,-1,5034,5035,5036,-1,5036,5035,5037,-1,5036,5037,5038,-1,5038,5037,5039,-1,5038,5039,5040,-1,5040,5039,5041,-1,5040,5041,5042,-1,5042,5041,4988,-1,5042,4988,4990,-1,5016,5043,5014,-1,5014,5043,5044,-1,5014,5044,5012,-1,5012,5044,5045,-1,5012,5045,5010,-1,5010,5045,5046,-1,5010,5046,5008,-1,5008,5046,5047,-1,5008,5047,5006,-1,5006,5047,5048,-1,5006,5048,5004,-1,5004,5048,5049,-1,5004,5049,5002,-1,5002,5049,5050,-1,5002,5050,5000,-1,5000,5050,5051,-1,5000,5051,4998,-1,4998,5051,5052,-1,4998,5052,4996,-1,4996,5052,5053,-1,4996,5053,4994,-1,4994,5053,5054,-1,4994,5054,4992,-1,4992,5054,5055,-1,4992,5055,4990,-1,4990,5055,5056,-1,4990,5056,5042,-1,5042,5056,5057,-1,5042,5057,5040,-1,5040,5057,5058,-1,5040,5058,5038,-1,5038,5058,5059,-1,5038,5059,5036,-1,5036,5059,5060,-1,5036,5060,5034,-1,5034,5060,5061,-1,5034,5061,5032,-1,5032,5061,5062,-1,5032,5062,5030,-1,5030,5062,5063,-1,5030,5063,5028,-1,5028,5063,5064,-1,5028,5064,5026,-1,5026,5064,5065,-1,5026,5065,5024,-1,5024,5065,5066,-1,5024,5066,5022,-1,5022,5066,5067,-1,5022,5067,5020,-1,5020,5067,5068,-1,5020,5068,5018,-1,5018,5068,5069,-1,5018,5069,5016,-1,5016,5069,5043,-1,5043,5070,5044,-1,5044,5070,5071,-1,5044,5071,5045,-1,5045,5071,5072,-1,5045,5072,5046,-1,5046,5072,5073,-1,5046,5073,5047,-1,5047,5073,5074,-1,5047,5074,5048,-1,5048,5074,5075,-1,5048,5075,5049,-1,5049,5075,5076,-1,5049,5076,5050,-1,5050,5076,5077,-1,5050,5077,5051,-1,5051,5077,5078,-1,5051,5078,5052,-1,5052,5078,5079,-1,5052,5079,5053,-1,5053,5079,5080,-1,5053,5080,5054,-1,5054,5080,5081,-1,5054,5081,5055,-1,5055,5081,5082,-1,5055,5082,5056,-1,5056,5082,5083,-1,5056,5083,5057,-1,5057,5083,5084,-1,5057,5084,5058,-1,5058,5084,5085,-1,5058,5085,5059,-1,5059,5085,5086,-1,5059,5086,5060,-1,5060,5086,5087,-1,5060,5087,5061,-1,5061,5087,5088,-1,5061,5088,5062,-1,5062,5088,5089,-1,5062,5089,5063,-1,5063,5089,5090,-1,5063,5090,5064,-1,5064,5090,5091,-1,5064,5091,5065,-1,5065,5091,5092,-1,5065,5092,5066,-1,5066,5092,5093,-1,5066,5093,5067,-1,5067,5093,5094,-1,5067,5094,5068,-1,5068,5094,5095,-1,5068,5095,5069,-1,5069,5095,5096,-1,5069,5096,5043,-1,5043,5096,5070,-1,5070,5097,5071,-1,5071,5097,5098,-1,5071,5098,5072,-1,5072,5098,5099,-1,5072,5099,5073,-1,5073,5099,5100,-1,5073,5100,5074,-1,5074,5100,5101,-1,5074,5101,5075,-1,5075,5101,5102,-1,5075,5102,5076,-1,5076,5102,5103,-1,5076,5103,5077,-1,5077,5103,5104,-1,5077,5104,5078,-1,5078,5104,5105,-1,5078,5105,5079,-1,5079,5105,5106,-1,5079,5106,5080,-1,5080,5106,5107,-1,5080,5107,5081,-1,5081,5107,5108,-1,5081,5108,5082,-1,5082,5108,5109,-1,5082,5109,5083,-1,5083,5109,5110,-1,5083,5110,5084,-1,5084,5110,5111,-1,5084,5111,5085,-1,5085,5111,5112,-1,5085,5112,5086,-1,5086,5112,5113,-1,5086,5113,5087,-1,5087,5113,5114,-1,5087,5114,5088,-1,5088,5114,5115,-1,5088,5115,5089,-1,5089,5115,5116,-1,5089,5116,5090,-1,5090,5116,5117,-1,5090,5117,5091,-1,5091,5117,5118,-1,5091,5118,5092,-1,5092,5118,5119,-1,5092,5119,5093,-1,5093,5119,5120,-1,5093,5120,5094,-1,5094,5120,5121,-1,5094,5121,5095,-1,5095,5121,5122,-1,5095,5122,5096,-1,5096,5122,5123,-1,5096,5123,5070,-1,5070,5123,5097,-1,5097,5124,5098,-1,5098,5124,5125,-1,5098,5125,5099,-1,5099,5125,5126,-1,5099,5126,5100,-1,5100,5126,5127,-1,5100,5127,5101,-1,5101,5127,5128,-1,5101,5128,5102,-1,5102,5128,5129,-1,5102,5129,5103,-1,5103,5129,5130,-1,5103,5130,5104,-1,5104,5130,5131,-1,5104,5131,5105,-1,5105,5131,5132,-1,5105,5132,5106,-1,5106,5132,5133,-1,5106,5133,5107,-1,5107,5133,5134,-1,5107,5134,5108,-1,5108,5134,5135,-1,5108,5135,5109,-1,5109,5135,5136,-1,5109,5136,5110,-1,5110,5136,5137,-1,5110,5137,5111,-1,5111,5137,5138,-1,5111,5138,5112,-1,5112,5138,5139,-1,5112,5139,5113,-1,5113,5139,5140,-1,5113,5140,5114,-1,5114,5140,5141,-1,5114,5141,5115,-1,5115,5141,5142,-1,5115,5142,5116,-1,5116,5142,5143,-1,5116,5143,5117,-1,5117,5143,5144,-1,5117,5144,5118,-1,5118,5144,5145,-1,5118,5145,5119,-1,5119,5145,5146,-1,5119,5146,5120,-1,5120,5146,5147,-1,5120,5147,5121,-1,5121,5147,5148,-1,5121,5148,5122,-1,5122,5148,5149,-1,5122,5149,5123,-1,5123,5149,5150,-1,5123,5150,5097,-1,5097,5150,5124,-1,5124,4970,5125,-1,5125,4970,4969,-1,5125,4969,5126,-1,5126,4969,4968,-1,5126,4968,5127,-1,5127,4968,4967,-1,5127,4967,5128,-1,5128,4967,4966,-1,5128,4966,5129,-1,5129,4966,4965,-1,5129,4965,5130,-1,5130,4965,4964,-1,5130,4964,5131,-1,5131,4964,4963,-1,5131,4963,5132,-1,5132,4963,4987,-1,5132,4987,5133,-1,5133,4987,4986,-1,5133,4986,5134,-1,5134,4986,4985,-1,5134,4985,5135,-1,5135,4985,4984,-1,5135,4984,5136,-1,5136,4984,4983,-1,5136,4983,5137,-1,5137,4983,4982,-1,5137,4982,5138,-1,5138,4982,4981,-1,5138,4981,5139,-1,5139,4981,4980,-1,5139,4980,5140,-1,5140,4980,4961,-1,5140,4961,5141,-1,5141,4961,4979,-1,5141,4979,5142,-1,5142,4979,4978,-1,5142,4978,5143,-1,5143,4978,4977,-1,5143,4977,5144,-1,5144,4977,4976,-1,5144,4976,5145,-1,5145,4976,4975,-1,5145,4975,5146,-1,5146,4975,4974,-1,5146,4974,5147,-1,5147,4974,4973,-1,5147,4973,5148,-1,5148,4973,4972,-1,5148,4972,5149,-1,5149,4972,4962,-1,5149,4962,5150,-1,5150,4962,4971,-1,5150,4971,5124,-1,5124,4971,4970,-1,5151,5152,5153,-1,4960,4959,5154,-1,5155,5156,5157,-1,5158,5159,5160,-1,4904,4903,5161,-1,2144,5162,2142,-1,2142,5162,5163,-1,5164,2147,5163,-1,5163,2147,2146,-1,5163,2146,2142,-1,2152,2151,5165,-1,5165,2151,2150,-1,5165,2150,5164,-1,5164,2150,2149,-1,5164,2149,2147,-1,2154,2152,5166,-1,5166,2152,5165,-1,5166,5165,5167,-1,5167,5165,5168,-1,5169,5170,5171,-1,5172,5173,5174,-1,5174,5175,5172,-1,5172,5175,5176,-1,5172,5176,5177,-1,5177,5176,5178,-1,5177,5178,5179,-1,4903,5180,5161,-1,5161,5180,5181,-1,5161,5181,5182,-1,5182,5181,5183,-1,5182,5183,5178,-1,5178,5183,5184,-1,5178,5184,5179,-1,5156,4907,4904,-1,5158,5160,5185,-1,5185,5160,5186,-1,5185,5186,5187,-1,5187,5186,5188,-1,5187,5188,5189,-1,5189,5188,5190,-1,5189,5190,5191,-1,5155,5157,5192,-1,5192,5157,5193,-1,5192,5193,5194,-1,5194,5193,5195,-1,5194,5195,5196,-1,5196,5195,5197,-1,5196,5197,5198,-1,5199,4951,4950,-1,4950,4918,4919,-1,4951,5199,4952,-1,4952,5199,5200,-1,4952,5200,4948,-1,4942,4944,5201,-1,5201,4944,4946,-1,5201,4946,5200,-1,5200,4946,4949,-1,5200,4949,4948,-1,4954,4942,5202,-1,5202,4942,5201,-1,5202,5201,5203,-1,5203,5201,5200,-1,5203,5200,5204,-1,5204,5200,5199,-1,5204,5199,5205,-1,5152,4958,5153,-1,5153,4958,4957,-1,5153,4957,4955,-1,4926,4925,5152,-1,5152,4925,4953,-1,5152,4953,4958,-1,2144,2145,5162,-1,5162,2145,4936,-1,5162,4936,4935,-1,4913,4912,5205,-1,4950,4919,5199,-1,5199,4919,4915,-1,5199,4915,5205,-1,5205,4915,4914,-1,5205,4914,4913,-1,5206,5202,5207,-1,5207,5202,5203,-1,5207,5203,5208,-1,5208,5203,5204,-1,5208,5204,5209,-1,5209,5204,5205,-1,5209,5205,5210,-1,5210,5205,4912,-1,5210,4912,4911,-1,4959,4926,5154,-1,5154,4926,5152,-1,5154,5152,5211,-1,5211,5152,5151,-1,5211,5151,5212,-1,4908,5159,4909,-1,4909,5159,5158,-1,4909,5158,4910,-1,4910,5158,4911,-1,4911,5158,5210,-1,5210,5158,5185,-1,5210,5185,5209,-1,5209,5185,5187,-1,5209,5187,5208,-1,5208,5187,5189,-1,5208,5189,5207,-1,5207,5189,5191,-1,5207,5191,5206,-1,4907,5156,4906,-1,4906,5156,5155,-1,4906,5155,4908,-1,4908,5155,5159,-1,5159,5155,5192,-1,5159,5192,5160,-1,5160,5192,5194,-1,5160,5194,5186,-1,5186,5194,5196,-1,5186,5196,5188,-1,5188,5196,5198,-1,5188,5198,5190,-1,5173,5169,5174,-1,5174,5169,5171,-1,5174,5171,5213,-1,5213,5171,5212,-1,5213,5212,5214,-1,5214,5212,5151,-1,4935,4960,5162,-1,5162,4960,5154,-1,5162,5154,5163,-1,5163,5154,5211,-1,5163,5211,5164,-1,5164,5211,5212,-1,5164,5212,5165,-1,5165,5212,5171,-1,5165,5171,5168,-1,5168,5171,5170,-1,4904,5161,5156,-1,5156,5161,5182,-1,5156,5182,5157,-1,5157,5182,5178,-1,5157,5178,5193,-1,5193,5178,5176,-1,5193,5176,5195,-1,5195,5176,5175,-1,5195,5175,5197,-1,5197,5175,5174,-1,5197,5174,5198,-1,5198,5174,5213,-1,5198,5213,5190,-1,5190,5213,5214,-1,5190,5214,5191,-1,5191,5214,5151,-1,5191,5151,5206,-1,5206,5151,5153,-1,5206,5153,5202,-1,5202,5153,4955,-1,5202,4955,4954,-1,5215,5216,5217,-1,2138,2136,5218,-1,2158,2157,5219,-1,5220,5221,5184,-1,4903,5222,5180,-1,5180,5222,5223,-1,5180,5223,5181,-1,5181,5223,5220,-1,5181,5220,5183,-1,5183,5220,5184,-1,5224,5172,5225,-1,5225,5172,5177,-1,5225,5177,5221,-1,5221,5177,5179,-1,5221,5179,5184,-1,5168,5170,5226,-1,5226,5170,5169,-1,5226,5169,5224,-1,5224,5169,5173,-1,5224,5173,5172,-1,2155,2154,5166,-1,5168,5226,5167,-1,5167,5226,5219,-1,5167,5219,5166,-1,5166,5219,2157,-1,5166,2157,2155,-1,5227,5228,5218,-1,5218,5228,5229,-1,5218,5229,2138,-1,2138,5229,5230,-1,2138,5230,2140,-1,5231,5232,5227,-1,5227,5232,5233,-1,5227,5233,5228,-1,5234,5235,5231,-1,5231,5235,5236,-1,5231,5236,5232,-1,5237,5238,5234,-1,5234,5238,5239,-1,5234,5239,5235,-1,5240,5241,5242,-1,5242,5241,5243,-1,5242,5243,5237,-1,5237,5243,5244,-1,5237,5244,5238,-1,5245,5240,5246,-1,5246,5240,5242,-1,5246,5242,5247,-1,5247,5242,5248,-1,2134,2158,5249,-1,5249,2158,5219,-1,5249,5219,5250,-1,5250,5219,5226,-1,5250,5226,5251,-1,5251,5226,5224,-1,5251,5224,5252,-1,5252,5224,5225,-1,5252,5225,5253,-1,5253,5225,5221,-1,5253,5221,5217,-1,5217,5221,5220,-1,5217,5220,5215,-1,5215,5220,5223,-1,2136,2134,5218,-1,5218,2134,5249,-1,5218,5249,5227,-1,5227,5249,5250,-1,5227,5250,5231,-1,5231,5250,5251,-1,5231,5251,5234,-1,5234,5251,5252,-1,5234,5252,5237,-1,5237,5252,5253,-1,5237,5253,5242,-1,5242,5253,5217,-1,5242,5217,5248,-1,5248,5217,5216,-1,5254,5255,5256,-1,5257,5258,5259,-1,2211,2210,5260,-1,2131,2130,5261,-1,2129,2128,5262,-1,5262,2128,2127,-1,5263,2124,5264,-1,5264,2124,2123,-1,5264,2123,5265,-1,5265,2123,2141,-1,5266,2118,2115,-1,5267,2120,2119,-1,2121,5268,2122,-1,2122,5268,2199,-1,2122,2199,2113,-1,2206,2205,5269,-1,5269,2205,2204,-1,5269,2204,5270,-1,5270,2204,2203,-1,5270,2203,5271,-1,5271,2203,2202,-1,5271,2202,5272,-1,5272,2202,2201,-1,5272,2201,5268,-1,5268,2201,2200,-1,5268,2200,2199,-1,5273,2209,2208,-1,2206,5269,2207,-1,2207,5269,5274,-1,2207,5274,2208,-1,2208,5274,5275,-1,2208,5275,5273,-1,2211,5260,2212,-1,5276,5277,5278,-1,5278,5277,5279,-1,5278,5279,5280,-1,5281,5282,5283,-1,5283,5282,5284,-1,5283,5284,5285,-1,5285,5284,5286,-1,5285,5286,5287,-1,2130,2129,5261,-1,5261,2129,5262,-1,5261,5262,5288,-1,5288,5262,2127,-1,5288,2127,5263,-1,5263,2127,2126,-1,5263,2126,2124,-1,5289,5290,5291,-1,5291,5290,5292,-1,5291,5292,5293,-1,5294,5295,5296,-1,5296,5295,5297,-1,5296,5297,5298,-1,5298,5297,5299,-1,5298,5299,5300,-1,5300,5299,5301,-1,5300,5301,5302,-1,5303,5304,5305,-1,5305,5304,5306,-1,5305,5306,5307,-1,5307,5306,5308,-1,5307,5308,5309,-1,5309,5308,5310,-1,5309,5310,5311,-1,5312,5241,5240,-1,5277,5238,5244,-1,5313,5280,5314,-1,5314,5280,5279,-1,5314,5279,5315,-1,5315,5279,5277,-1,5315,5277,5316,-1,5316,5277,5244,-1,5316,5244,5243,-1,5238,5277,5239,-1,5239,5277,5276,-1,5239,5276,5235,-1,5235,5276,5317,-1,5235,5317,5236,-1,5236,5317,5318,-1,5236,5318,5232,-1,5232,5318,5233,-1,5233,5318,5319,-1,5233,5319,5228,-1,5320,5230,5229,-1,5321,5322,5323,-1,5323,5322,5324,-1,5323,5324,5325,-1,5325,5324,5326,-1,5325,5326,5327,-1,5327,5326,5328,-1,5329,5313,5330,-1,5330,5313,5314,-1,5330,5314,5331,-1,5331,5314,5315,-1,5331,5315,5332,-1,5332,5315,5316,-1,5333,5334,5335,-1,5335,5334,5336,-1,5335,5336,5337,-1,5337,5336,5338,-1,5337,5338,5339,-1,2140,5230,2141,-1,2141,5230,5320,-1,2141,5320,5265,-1,5265,5320,5340,-1,5265,5340,5264,-1,5264,5340,5341,-1,5264,5341,5263,-1,5263,5341,5342,-1,5263,5342,5288,-1,5343,5344,5322,-1,5322,5344,5345,-1,5322,5345,5324,-1,5324,5345,5346,-1,5324,5346,5326,-1,5326,5346,5312,-1,5326,5312,5328,-1,5328,5312,5240,-1,5328,5240,5245,-1,5321,5347,5322,-1,5322,5347,5348,-1,5322,5348,5343,-1,5343,5348,5349,-1,5343,5349,5350,-1,5351,5352,5353,-1,5353,5352,5354,-1,5353,5354,5355,-1,5355,5354,5356,-1,5355,5356,5357,-1,2132,2131,5358,-1,5358,2131,5261,-1,5358,5261,5359,-1,5359,5261,5288,-1,5359,5288,5360,-1,5360,5288,5342,-1,5360,5342,5361,-1,5361,5342,5341,-1,5361,5341,5362,-1,5362,5341,5340,-1,5362,5340,5363,-1,5363,5340,5320,-1,5363,5320,5319,-1,5319,5320,5229,-1,5319,5229,5228,-1,5364,5258,5365,-1,5365,5258,5257,-1,5365,5257,5366,-1,5367,5366,5368,-1,5368,5366,5257,-1,5368,5257,5369,-1,5369,5257,5259,-1,5369,5259,5370,-1,5371,5372,5373,-1,5373,5372,5367,-1,5373,5367,5374,-1,5374,5367,5368,-1,5374,5368,5375,-1,5375,5368,5369,-1,5375,5369,5376,-1,5376,5369,5370,-1,5376,5370,5377,-1,5334,5371,5336,-1,5336,5371,5373,-1,5336,5373,5338,-1,5338,5373,5374,-1,5338,5374,5339,-1,5339,5374,5375,-1,5339,5375,5378,-1,5378,5375,5376,-1,5378,5376,5379,-1,5379,5376,5377,-1,5379,5377,5255,-1,5255,5254,5379,-1,5379,5254,5380,-1,5379,5380,5378,-1,5378,5380,5351,-1,5378,5351,5339,-1,5339,5351,5353,-1,5339,5353,5337,-1,5337,5353,5355,-1,5337,5355,5335,-1,5335,5355,5357,-1,5335,5357,5333,-1,5349,5381,5350,-1,5350,5381,5382,-1,5350,5382,5383,-1,5383,5382,5384,-1,5383,5384,5385,-1,5385,5384,5386,-1,5385,5386,5289,-1,5289,5386,5387,-1,5289,5387,5290,-1,5388,5302,5389,-1,5389,5302,5301,-1,5389,5301,5364,-1,5364,5301,5258,-1,5258,5301,5299,-1,5258,5299,5259,-1,5259,5299,5297,-1,5259,5297,5370,-1,5370,5297,5295,-1,5370,5295,5377,-1,5377,5295,5294,-1,5377,5294,5255,-1,5255,5294,5266,-1,5255,5266,5256,-1,5256,5266,2115,-1,5256,2115,2114,-1,5390,5311,5391,-1,5391,5311,5310,-1,5391,5310,5388,-1,5388,5310,5302,-1,5302,5310,5308,-1,5302,5308,5300,-1,5300,5308,5306,-1,5300,5306,5298,-1,5298,5306,5304,-1,5298,5304,5296,-1,5296,5304,5303,-1,5296,5303,5294,-1,5294,5303,5267,-1,5294,5267,5266,-1,5266,5267,2119,-1,5266,2119,2118,-1,5292,5392,5293,-1,5293,5392,5393,-1,5293,5393,5394,-1,5394,5393,5395,-1,5394,5395,5396,-1,5396,5395,5397,-1,5396,5397,5398,-1,5390,5399,5400,-1,5271,5401,5270,-1,5270,5401,5402,-1,5270,5402,5269,-1,5269,5402,5400,-1,5269,5400,5274,-1,5274,5400,5399,-1,5274,5399,5275,-1,5390,5400,5311,-1,5311,5400,5402,-1,5311,5402,5309,-1,5309,5402,5401,-1,5309,5401,5307,-1,5307,5401,5271,-1,5307,5271,5305,-1,5305,5271,5272,-1,5305,5272,5303,-1,5303,5272,5268,-1,5303,5268,5267,-1,5267,5268,2121,-1,5267,2121,2120,-1,2213,2214,5403,-1,5403,2214,5404,-1,5403,5404,5405,-1,5405,5404,5398,-1,5405,5398,5406,-1,5406,5398,5397,-1,5243,5241,5316,-1,5316,5241,5312,-1,5316,5312,5332,-1,5332,5312,5346,-1,5332,5346,5331,-1,5331,5346,5345,-1,5331,5345,5330,-1,5330,5345,5344,-1,5330,5344,5329,-1,5329,5344,5343,-1,5329,5343,5407,-1,5407,5343,5350,-1,5407,5350,5408,-1,5408,5350,5383,-1,5408,5383,5409,-1,5409,5383,5385,-1,5409,5385,5410,-1,5410,5385,5289,-1,5410,5289,5411,-1,5411,5289,5291,-1,5411,5291,5412,-1,5412,5291,5293,-1,5412,5293,5413,-1,5413,5293,5394,-1,5413,5394,5414,-1,5414,5394,5396,-1,5414,5396,5415,-1,5415,5396,5398,-1,5415,5398,5416,-1,5416,5398,5404,-1,5416,5404,2215,-1,2215,5404,2214,-1,2215,2212,5416,-1,5416,2212,5260,-1,5416,5260,5415,-1,5415,5260,5417,-1,5415,5417,5414,-1,5414,5417,5418,-1,5414,5418,5413,-1,5413,5418,5419,-1,5413,5419,5412,-1,5412,5419,5420,-1,5412,5420,5411,-1,5411,5420,5421,-1,5411,5421,5410,-1,5410,5421,5422,-1,5410,5422,5409,-1,5409,5422,5423,-1,5409,5423,5408,-1,5408,5423,5424,-1,5408,5424,5407,-1,5407,5424,5425,-1,5407,5425,5329,-1,5329,5425,5287,-1,5329,5287,5313,-1,5313,5287,5286,-1,5313,5286,5280,-1,5280,5286,5284,-1,5280,5284,5278,-1,5278,5284,5282,-1,5278,5282,5276,-1,5276,5282,5281,-1,5276,5281,5317,-1,2114,2132,5256,-1,5256,2132,5358,-1,5256,5358,5254,-1,5254,5358,5359,-1,5254,5359,5380,-1,5380,5359,5360,-1,5380,5360,5351,-1,5351,5360,5361,-1,5351,5361,5352,-1,5352,5361,5362,-1,5352,5362,5354,-1,5354,5362,5363,-1,5354,5363,5356,-1,5356,5363,5319,-1,5356,5319,5357,-1,5357,5319,5318,-1,5357,5318,5333,-1,5333,5318,5317,-1,5333,5317,5334,-1,5334,5317,5281,-1,5334,5281,5371,-1,5371,5281,5283,-1,5371,5283,5372,-1,5372,5283,5285,-1,5372,5285,5367,-1,5367,5285,5287,-1,5367,5287,5366,-1,5366,5287,5425,-1,5366,5425,5365,-1,5365,5425,5424,-1,5365,5424,5364,-1,5364,5424,5423,-1,5364,5423,5389,-1,5389,5423,5422,-1,5389,5422,5388,-1,5388,5422,5421,-1,5388,5421,5391,-1,5391,5421,5420,-1,5391,5420,5390,-1,5390,5420,5419,-1,5390,5419,5399,-1,5399,5419,5418,-1,5399,5418,5275,-1,5275,5418,5417,-1,5275,5417,5273,-1,5273,5417,5260,-1,5273,5260,2209,-1,2209,5260,2210,-1,5292,5290,3389,-1,5349,5348,3252,-1,5328,5245,5426,-1,5427,5325,5426,-1,5426,5325,5327,-1,5426,5327,5328,-1,3320,3444,5428,-1,5428,3444,3443,-1,5428,3443,5429,-1,3445,3434,5348,-1,5347,5321,3443,-1,5347,3443,5348,-1,5348,3443,3442,-1,5348,3442,3445,-1,5427,5429,5325,-1,5325,5429,3443,-1,5325,3443,5323,-1,5323,3443,5321,-1,3434,3433,5348,-1,5348,3433,3253,-1,5348,3253,3252,-1,3408,3406,5386,-1,5386,3406,3405,-1,5386,3405,3411,-1,3389,5290,3411,-1,3411,5290,5387,-1,3411,5387,5386,-1,5386,5384,3408,-1,3408,5384,5382,-1,3408,5382,3252,-1,3252,5382,5381,-1,3252,5381,5349,-1,3416,3427,5393,-1,5292,3389,5392,-1,5392,3389,3387,-1,5392,3387,5393,-1,5393,3387,3386,-1,5393,3386,3416,-1,3358,5405,3427,-1,3427,5405,5406,-1,5406,5397,3427,-1,3427,5397,5395,-1,3427,5395,5393,-1,3358,3357,5405,-1,5405,3357,3404,-1,5405,3404,5403,-1,5403,3404,3354,-1,5403,3354,2213,-1,2213,3354,3353,-1,2213,3353,2216,-1,2233,2232,2468,-1,2468,2232,4174,-1,5430,5431,5432,-1,5432,5431,5433,-1,5432,5433,5434,-1,5434,5435,5432,-1,5432,5435,5436,-1,5432,5436,2315,-1,2315,5436,5437,-1,2315,5437,2316,-1,5430,5432,5438,-1,5438,5432,5439,-1,5438,5439,5440,-1,5441,5442,5443,-1,5443,5442,2345,-1,5444,2345,5442,-1,2329,2327,5445,-1,2318,2316,5446,-1,5447,5448,5449,-1,5450,5451,5452,-1,5453,5454,5455,-1,2354,2356,5456,-1,5457,5458,5459,-1,5459,5458,5460,-1,5459,5460,5456,-1,5456,5460,5461,-1,5456,5461,2354,-1,2318,5446,2320,-1,2320,5446,5462,-1,2320,5462,2322,-1,2324,5463,2326,-1,2326,5463,5464,-1,2326,5464,2327,-1,2331,5465,2333,-1,2333,5465,2334,-1,2338,5466,5467,-1,2338,5467,2340,-1,2340,5467,2344,-1,2340,2344,1514,-1,5468,5469,5470,-1,5444,5442,5471,-1,5471,5442,5441,-1,5471,5441,5472,-1,5473,2345,5444,-1,5474,5475,5476,-1,5476,5475,5477,-1,5476,5477,5478,-1,2360,2362,5479,-1,5479,2362,2364,-1,5479,2364,2345,-1,2345,2347,5468,-1,5468,2347,2349,-1,5468,2349,5469,-1,5469,2349,2351,-1,5469,2351,2341,-1,5480,5470,5466,-1,5466,5470,5469,-1,5466,5469,5467,-1,5467,5469,2341,-1,5467,2341,2344,-1,5473,5444,5481,-1,5481,5444,5471,-1,5481,5471,5482,-1,5482,5471,5472,-1,5482,5472,5464,-1,5454,5483,5455,-1,5455,5483,5457,-1,5455,5457,5484,-1,5484,5457,5459,-1,5484,5459,5478,-1,5478,5459,5476,-1,5476,5459,5456,-1,5476,5456,5474,-1,5474,5456,2356,-1,5474,2356,2358,-1,2338,2336,5466,-1,5466,2336,2334,-1,5466,2334,5480,-1,5480,2334,5465,-1,5480,5465,5445,-1,5445,5465,2331,-1,5445,2331,2329,-1,2327,5464,5445,-1,5445,5464,5472,-1,5445,5472,5480,-1,5480,5472,5441,-1,5480,5441,5470,-1,5470,5441,5443,-1,5470,5443,5468,-1,5468,5443,2345,-1,5448,5485,5449,-1,5449,5485,5450,-1,5449,5450,5486,-1,5486,5450,5452,-1,5486,5452,5487,-1,5487,5452,5488,-1,5487,5488,5489,-1,5489,5488,5490,-1,5489,5490,5491,-1,5491,5490,5492,-1,5491,5492,2345,-1,5451,5453,5452,-1,5452,5453,5455,-1,5452,5455,5488,-1,5488,5455,5484,-1,5488,5484,5490,-1,5490,5484,5478,-1,5490,5478,5492,-1,5492,5478,5477,-1,5492,5477,2345,-1,5475,2345,5477,-1,2358,2360,5474,-1,5474,2360,5479,-1,5474,5479,5475,-1,5475,5479,2345,-1,2324,2322,5463,-1,5463,2322,5462,-1,5463,5462,5464,-1,5464,5462,5493,-1,5464,5493,5482,-1,5482,5493,5494,-1,5482,5494,5481,-1,5481,5494,5495,-1,5481,5495,5473,-1,5473,5495,5496,-1,5473,5496,2345,-1,2316,5497,5446,-1,5446,5497,5447,-1,5446,5447,5462,-1,5462,5447,5449,-1,5462,5449,5493,-1,5493,5449,5486,-1,5493,5486,5494,-1,5494,5486,5487,-1,5494,5487,5495,-1,5495,5487,5489,-1,5495,5489,5496,-1,5496,5489,5491,-1,5496,5491,2345,-1,2355,2354,5498,-1,5498,2354,5499,-1,5500,5501,5502,-1,5502,5501,2377,-1,5503,2377,5501,-1,2346,2366,5504,-1,2357,2355,5505,-1,5506,5507,5508,-1,5509,5510,5511,-1,5512,5513,5514,-1,2378,2380,5515,-1,5516,5517,5518,-1,5518,5517,5519,-1,5518,5519,5515,-1,5515,5519,5520,-1,5515,5520,2378,-1,2357,5505,2359,-1,2359,5505,5521,-1,2359,5521,2361,-1,2363,5522,2365,-1,2365,5522,5523,-1,2365,5523,2366,-1,2348,5524,2350,-1,2350,5524,2352,-1,2342,5525,5526,-1,2342,5526,2343,-1,2343,5526,2368,-1,2343,2368,1515,-1,5527,5528,5529,-1,5503,5501,5530,-1,5530,5501,5500,-1,5530,5500,5531,-1,5532,2377,5503,-1,5533,5534,5535,-1,5535,5534,5536,-1,5535,5536,5537,-1,2384,2386,5538,-1,5538,2386,2388,-1,5538,2388,2377,-1,2377,2375,5527,-1,5527,2375,2373,-1,5527,2373,5528,-1,5528,2373,2371,-1,5528,2371,2370,-1,5539,5529,5525,-1,5525,5529,5528,-1,5525,5528,5526,-1,5526,5528,2370,-1,5526,2370,2368,-1,5532,5503,5540,-1,5540,5503,5530,-1,5540,5530,5541,-1,5541,5530,5531,-1,5541,5531,5523,-1,5513,5542,5514,-1,5514,5542,5516,-1,5514,5516,5543,-1,5543,5516,5518,-1,5543,5518,5537,-1,5537,5518,5535,-1,5535,5518,5515,-1,5535,5515,5533,-1,5533,5515,2380,-1,5533,2380,2382,-1,2342,2353,5525,-1,5525,2353,2352,-1,5525,2352,5539,-1,5539,2352,5524,-1,5539,5524,5504,-1,5504,5524,2348,-1,5504,2348,2346,-1,2366,5523,5504,-1,5504,5523,5531,-1,5504,5531,5539,-1,5539,5531,5500,-1,5539,5500,5529,-1,5529,5500,5502,-1,5529,5502,5527,-1,5527,5502,2377,-1,5507,5544,5508,-1,5508,5544,5509,-1,5508,5509,5545,-1,5545,5509,5511,-1,5545,5511,5546,-1,5546,5511,5547,-1,5546,5547,5548,-1,5548,5547,5549,-1,5548,5549,5550,-1,5550,5549,5551,-1,5550,5551,2377,-1,5510,5512,5511,-1,5511,5512,5514,-1,5511,5514,5547,-1,5547,5514,5543,-1,5547,5543,5549,-1,5549,5543,5537,-1,5549,5537,5551,-1,5551,5537,5536,-1,5551,5536,2377,-1,5534,2377,5536,-1,2382,2384,5533,-1,5533,2384,5538,-1,5533,5538,5534,-1,5534,5538,2377,-1,2363,2361,5522,-1,5522,2361,5521,-1,5522,5521,5523,-1,5523,5521,5552,-1,5523,5552,5541,-1,5541,5552,5553,-1,5541,5553,5540,-1,5540,5553,5554,-1,5540,5554,5532,-1,5532,5554,5555,-1,5532,5555,2377,-1,2355,5556,5505,-1,5505,5556,5506,-1,5505,5506,5521,-1,5521,5506,5508,-1,5521,5508,5552,-1,5552,5508,5545,-1,5552,5545,5553,-1,5553,5545,5546,-1,5553,5546,5554,-1,5554,5546,5548,-1,5554,5548,5555,-1,5555,5548,5550,-1,5555,5550,2377,-1,5557,5558,5559,-1,5559,5558,5560,-1,5559,5560,5561,-1,5557,5559,5562,-1,5562,5559,2379,-1,5562,2379,2378,-1,5561,5563,5559,-1,5559,5563,5564,-1,5559,5564,5565,-1,5565,5564,5566,-1,5565,5566,5567,-1,2379,5559,2407,-1,2407,5559,5568,-1,2407,5568,2391,-1,2391,5568,5569,-1,2391,5569,2392,-1,2430,5570,2397,-1,2397,5570,5571,-1,2397,5571,2398,-1,5569,5572,2392,-1,2392,5572,5573,-1,2392,5573,2394,-1,2394,5573,5574,-1,2394,5574,2395,-1,2395,5574,5575,-1,2395,5575,2445,-1,2445,5575,5576,-1,2445,5576,2430,-1,2430,5576,5577,-1,2430,5577,5570,-1,5571,5578,2398,-1,2398,5578,5579,-1,2398,5579,2400,-1,2400,5579,5580,-1,2400,5580,2401,-1,2401,5580,5581,-1,2401,5581,2429,-1,2429,5581,4567,-1,4567,2599,2429,-1,2429,2599,2460,-1,2468,4174,2494,-1,2494,4174,5582,-1,2494,5582,2481,-1,2481,5582,2482,-1,5582,5583,2482,-1,2482,5583,5584,-1,2482,5584,2484,-1,2484,5584,5585,-1,2484,5585,2485,-1,2485,5585,5586,-1,2485,5586,2519,-1,5586,5587,2519,-1,2519,5587,5588,-1,2519,5588,2493,-1,2493,5588,5589,-1,2493,5589,2487,-1,2487,5589,5590,-1,2487,5590,2488,-1,5590,5591,2488,-1,2488,5591,5592,-1,2488,5592,2490,-1,2490,5592,5593,-1,2490,5593,2491,-1,2491,5593,5594,-1,2491,5594,2315,-1,2315,5594,5432,-1,2645,2649,2618,-1,2602,2604,2649,-1,2635,2637,2618,-1,2649,2610,2609,-1,2652,2654,2648,-1,2648,2654,2653,-1,2648,2653,2649,-1,2649,2653,2600,-1,2649,2600,2602,-1,2604,2607,2649,-1,2649,2607,2606,-1,2649,2606,2610,-1,2609,2615,2649,-1,2649,2615,2614,-1,2649,2614,2612,-1,2627,2628,2618,-1,2618,2628,2630,-1,2618,2630,2634,-1,2634,2633,2618,-1,2618,2633,2632,-1,2618,2632,2635,-1,2652,2651,2654,-1,2654,2651,2650,-1,2654,2650,2656,-1,2656,2650,2678,-1,2656,2678,2676,-1,2612,2611,2649,-1,2649,2611,2616,-1,2649,2616,2618,-1,2621,2622,2624,-1,2637,2638,2618,-1,2618,2638,2640,-1,2618,2640,2643,-1,2618,2619,2627,-1,2627,2619,2621,-1,2627,2621,2625,-1,2625,2621,2624,-1,2643,2642,2618,-1,2618,2642,2646,-1,2618,2646,2645,-1,2674,2660,2676,-1,2676,2660,2658,-1,2676,2658,2656,-1,2674,2672,2660,-1,2660,2672,2670,-1,2660,2670,2668,-1,2668,2666,2660,-1,2660,2666,2664,-1,2660,2664,2662,-1,2876,2880,2841,-1,2833,2835,2880,-1,2883,2882,2885,-1,2885,2882,2881,-1,2883,2885,2879,-1,2879,2885,2884,-1,2879,2884,2880,-1,2880,2884,2831,-1,2880,2831,2833,-1,2835,2838,2880,-1,2880,2838,2837,-1,2880,2837,2841,-1,2859,2861,2841,-1,2841,2861,2865,-1,2841,2865,2864,-1,2864,2863,2841,-1,2841,2863,2866,-1,2841,2866,2868,-1,2881,2909,2885,-1,2885,2909,2907,-1,2885,2907,2887,-1,2887,2907,2889,-1,2868,2869,2841,-1,2841,2869,2871,-1,2841,2871,2874,-1,2849,2850,2846,-1,2846,2850,2852,-1,2846,2852,2840,-1,2840,2852,2841,-1,2841,2852,2853,-1,2841,2853,2855,-1,2855,2856,2841,-1,2841,2856,2858,-1,2841,2858,2859,-1,2874,2873,2841,-1,2841,2873,2877,-1,2841,2877,2876,-1,2901,2907,2903,-1,2903,2907,2905,-1,2901,2899,2907,-1,2907,2899,2897,-1,2907,2897,2895,-1,2846,2845,2849,-1,2849,2845,2843,-1,2849,2843,2847,-1,2847,2843,2842,-1,2895,2893,2907,-1,2907,2893,2891,-1,2907,2891,2889,-1,5595,3142,5596,-1,5596,3142,3140,-1,5596,3140,5597,-1,5597,3140,3138,-1,5597,3138,5598,-1,5598,3138,3136,-1,5598,3136,5599,-1,5599,3136,3134,-1,5599,3134,5600,-1,5600,3134,3132,-1,5600,3132,5601,-1,5601,3132,3130,-1,5601,3130,5602,-1,5603,3090,5595,-1,5595,3090,3089,-1,5595,3089,3142,-1,5604,3106,5605,-1,5605,3106,3104,-1,5605,3104,5606,-1,5606,3104,3102,-1,5606,3102,5607,-1,5607,3102,3100,-1,5607,3100,5608,-1,5608,3100,3098,-1,5608,3098,5609,-1,5609,3098,3096,-1,5609,3096,5610,-1,5610,3096,3094,-1,5610,3094,5603,-1,5603,3094,3092,-1,5603,3092,3090,-1,3130,3128,5602,-1,5602,3128,3126,-1,5602,3126,5611,-1,5611,3126,3124,-1,5611,3124,5612,-1,5612,3124,3122,-1,5612,3122,5613,-1,5613,3122,3120,-1,5613,3120,5614,-1,5614,3120,3118,-1,5614,3118,5615,-1,5615,3118,3116,-1,5615,3116,5616,-1,5616,3116,3114,-1,5616,3114,5617,-1,5617,3114,3112,-1,5617,3112,5618,-1,5618,3112,3110,-1,5618,3110,5604,-1,5604,3110,3108,-1,5604,3108,3106,-1,5619,5620,5429,-1,5621,5622,5428,-1,5623,5624,3477,-1,5222,4903,4902,-1,4806,4672,5625,-1,3937,3938,5626,-1,5626,3938,3939,-1,5626,3939,3907,-1,3907,3906,5626,-1,5626,3906,3914,-1,5626,3914,3614,-1,3614,3914,3913,-1,3614,3913,3615,-1,4829,4830,5627,-1,4830,4831,5627,-1,5627,4831,4832,-1,5627,4832,4799,-1,4799,4798,5627,-1,5627,4798,4807,-1,5627,4807,4806,-1,5245,5246,5628,-1,5628,5246,5247,-1,5628,5247,5248,-1,5248,5216,5628,-1,5628,5216,5215,-1,5628,5215,5223,-1,3477,5624,3593,-1,5629,5630,5428,-1,5428,5630,5631,-1,5428,5631,5632,-1,3447,3446,5633,-1,5624,5634,3593,-1,3593,5634,5635,-1,3593,5635,5636,-1,3477,3478,5623,-1,5623,3478,3479,-1,5623,3479,5633,-1,5633,3479,3480,-1,5633,3480,3447,-1,5637,3320,5638,-1,5638,3320,5428,-1,5638,5428,5639,-1,5639,5428,5632,-1,5637,5640,3320,-1,3320,5640,5641,-1,3320,5641,3454,-1,3454,5641,5633,-1,3454,5633,3455,-1,3455,5633,3446,-1,5642,5643,5644,-1,5629,5428,5645,-1,5645,5428,5642,-1,5645,5642,5646,-1,5644,5647,5642,-1,5642,5647,5648,-1,5642,5648,5646,-1,5636,5649,3593,-1,3593,5649,5650,-1,3593,5650,5642,-1,5642,5650,5651,-1,5642,5651,5643,-1,5652,5653,5642,-1,5428,5654,5655,-1,5428,5622,5642,-1,5642,5622,5656,-1,5642,5656,5652,-1,5655,5657,5428,-1,5428,5657,5658,-1,5428,5658,5621,-1,5653,5659,5642,-1,5642,5659,5660,-1,5642,5660,5661,-1,5662,5663,5429,-1,5664,5665,5429,-1,5429,5665,5666,-1,5429,5666,5428,-1,5428,5666,5667,-1,5428,5667,5654,-1,5661,5668,5669,-1,5669,5668,5670,-1,5670,5671,5669,-1,5669,5671,5672,-1,5669,5672,5662,-1,5663,5673,5429,-1,5429,5673,5674,-1,5429,5674,5664,-1,5675,5676,5677,-1,5662,5429,5669,-1,5669,5429,5620,-1,5669,5620,5678,-1,5678,5679,5669,-1,5669,5679,5680,-1,5669,5680,5681,-1,5682,5683,5429,-1,5429,5683,5684,-1,5429,5684,5619,-1,5685,5427,5686,-1,5686,5427,5687,-1,5675,5677,5688,-1,5685,5689,5427,-1,5427,5689,5690,-1,5427,5690,5429,-1,5429,5690,5691,-1,5429,5691,5682,-1,5676,5692,5677,-1,5677,5692,5693,-1,5677,5693,5694,-1,5694,5695,5677,-1,5677,5695,5696,-1,5677,5696,5427,-1,5427,5696,5697,-1,5427,5697,5687,-1,5698,5699,5426,-1,5426,5699,5700,-1,5426,5700,5701,-1,5702,5677,5703,-1,5703,5677,5427,-1,5703,5427,5704,-1,5704,5427,5705,-1,5245,5628,5426,-1,5426,5628,5706,-1,5426,5706,5698,-1,5707,5708,5427,-1,5427,5708,5709,-1,5427,5709,5705,-1,5702,5710,5677,-1,5677,5710,5711,-1,5677,5711,5712,-1,5701,5713,5426,-1,5426,5713,5714,-1,5426,5714,5427,-1,5427,5714,5715,-1,5427,5715,5707,-1,5716,5717,5628,-1,5628,5717,5718,-1,5628,5718,5706,-1,5712,5719,5677,-1,5677,5719,5720,-1,5677,5720,5628,-1,5628,5720,5721,-1,5628,5721,5716,-1,5722,3614,5723,-1,5723,3614,3593,-1,5722,5724,3614,-1,3614,5724,5725,-1,3614,5725,5726,-1,5727,5642,5728,-1,5728,5642,5729,-1,5730,5731,5626,-1,5626,5731,5732,-1,5626,5732,5733,-1,5733,5734,5626,-1,5626,5734,5735,-1,5626,5735,5642,-1,5642,5735,5736,-1,5642,5736,5729,-1,5737,5738,3593,-1,3593,5738,5739,-1,3593,5739,5723,-1,5726,5740,3614,-1,3614,5740,5741,-1,3614,5741,5626,-1,5626,5741,5742,-1,5626,5742,5730,-1,5727,5743,5642,-1,5642,5743,5744,-1,5642,5744,3593,-1,3593,5744,5745,-1,3593,5745,5737,-1,5746,5747,5626,-1,5626,5747,5748,-1,5626,5748,5749,-1,5750,5751,5752,-1,5752,5751,5753,-1,5661,5669,5642,-1,5642,5669,5754,-1,5642,5754,5755,-1,5749,5756,5626,-1,5626,5756,5757,-1,5626,5757,5752,-1,5752,5757,5758,-1,5752,5758,5750,-1,5759,5760,5669,-1,5669,5760,5761,-1,5669,5761,5754,-1,5755,5762,5642,-1,5642,5762,5763,-1,5642,5763,5764,-1,5764,5765,5642,-1,5642,5765,5766,-1,5642,5766,5626,-1,5626,5766,5767,-1,5626,5767,5746,-1,5753,5768,5752,-1,5752,5768,5769,-1,5752,5769,5669,-1,5669,5769,5770,-1,5669,5770,5759,-1,5771,5752,5772,-1,5772,5752,5773,-1,5774,5775,5776,-1,5776,5775,5777,-1,5778,5779,5677,-1,5780,5781,5677,-1,5677,5781,5669,-1,5677,5669,5688,-1,5688,5669,5681,-1,5771,5782,5752,-1,5752,5782,5783,-1,5752,5783,5775,-1,5775,5783,5784,-1,5775,5784,5777,-1,5778,5677,5785,-1,5779,5786,5677,-1,5677,5786,5787,-1,5677,5787,5780,-1,5781,5788,5669,-1,5669,5788,5789,-1,5669,5789,5790,-1,5790,5791,5669,-1,5669,5791,5792,-1,5669,5792,5752,-1,5752,5792,5793,-1,5752,5793,5773,-1,5774,5794,5775,-1,5775,5794,5795,-1,5775,5795,5785,-1,5796,5797,5627,-1,5628,5798,5799,-1,5775,5800,5801,-1,5796,5627,5802,-1,5801,5803,5775,-1,5775,5803,5804,-1,5775,5804,5805,-1,5806,5807,5677,-1,5785,5677,5775,-1,5775,5677,5808,-1,5775,5808,5800,-1,5797,5809,5627,-1,5627,5809,5810,-1,5627,5810,5628,-1,5628,5810,5811,-1,5628,5811,5798,-1,5807,5812,5677,-1,5677,5812,5813,-1,5677,5813,5808,-1,5805,5814,5775,-1,5775,5814,5815,-1,5775,5815,5627,-1,5627,5815,5816,-1,5627,5816,5802,-1,5799,5817,5628,-1,5628,5817,5818,-1,5628,5818,5677,-1,5677,5818,5819,-1,5677,5819,5806,-1,5223,5222,5628,-1,5628,5222,4902,-1,5628,4902,5627,-1,5627,4902,4905,-1,5627,4905,4829,-1,4806,5625,5627,-1,5627,5625,5820,-1,5627,5820,5775,-1,5775,5820,5821,-1,5775,5821,5752,-1,5752,5821,5822,-1,5752,5822,5626,-1,5626,5822,3936,-1,5626,3936,3937,-1,5823,3707,5824,-1,5824,3707,3705,-1,5824,3705,5825,-1,5825,3705,3703,-1,5825,3703,5826,-1,5826,3703,3701,-1,5826,3701,5827,-1,5827,3701,3699,-1,5827,3699,5828,-1,5828,3699,3697,-1,5828,3697,5829,-1,5829,3697,3695,-1,5829,3695,5830,-1,5831,3655,5823,-1,5823,3655,3654,-1,5823,3654,3707,-1,5832,3671,5833,-1,5833,3671,3669,-1,5833,3669,5834,-1,5834,3669,3667,-1,5834,3667,5835,-1,5835,3667,3665,-1,5835,3665,5836,-1,5836,3665,3663,-1,5836,3663,5837,-1,5837,3663,3661,-1,5837,3661,5838,-1,5838,3661,3659,-1,5838,3659,5831,-1,5831,3659,3657,-1,5831,3657,3655,-1,3695,3693,5830,-1,5830,3693,3691,-1,5830,3691,5839,-1,5839,3691,3689,-1,5839,3689,5840,-1,5840,3689,3687,-1,5840,3687,5841,-1,5841,3687,3685,-1,5841,3685,5842,-1,5842,3685,3683,-1,5842,3683,5843,-1,5843,3683,3681,-1,5843,3681,5844,-1,5844,3681,3679,-1,5844,3679,5845,-1,5845,3679,3677,-1,5845,3677,5846,-1,5846,3677,3675,-1,5846,3675,5832,-1,5832,3675,3673,-1,5832,3673,3671,-1,3997,3995,4741,-1,4030,4032,5822,-1,5822,4032,4033,-1,5822,4033,3936,-1,5821,5820,4795,-1,4795,5820,5625,-1,4795,5625,4796,-1,4796,5625,4672,-1,4794,4053,4795,-1,4795,4053,4052,-1,4795,4052,4026,-1,5822,5821,4030,-1,4030,5821,4795,-1,4030,4795,4028,-1,4028,4795,4026,-1,4794,4797,4053,-1,4053,4797,4786,-1,4053,4786,4785,-1,4785,4605,4053,-1,4053,4605,4604,-1,4053,4604,4054,-1,4760,4758,4091,-1,4091,4758,4757,-1,4091,4757,4763,-1,4741,3995,4763,-1,4763,3995,4092,-1,4763,4092,4091,-1,4091,4089,4760,-1,4760,4089,4087,-1,4760,4087,4604,-1,4604,4087,4086,-1,4604,4086,4054,-1,4739,4098,4741,-1,4741,4098,4097,-1,4741,4097,3997,-1,4739,4738,4098,-1,4098,4738,4768,-1,4098,4768,4779,-1,4710,4112,4779,-1,4779,4112,4113,-1,4113,4102,4779,-1,4779,4102,4100,-1,4779,4100,4098,-1,4710,4709,4112,-1,4112,4709,4756,-1,4112,4756,4110,-1,4110,4756,4706,-1,4110,4706,4108,-1,4108,4706,4705,-1,4108,4705,4576,-1,4576,5847,5848,-1,5848,5849,4576,-1,4576,5849,5850,-1,4576,5850,5851,-1,5852,5853,5847,-1,5847,5853,5854,-1,5847,5854,5855,-1,4575,5856,4576,-1,4576,5856,5857,-1,4576,5857,5847,-1,5847,5857,5858,-1,5847,5858,5852,-1,5859,5860,5861,-1,5861,5860,5862,-1,5861,5862,5863,-1,5855,5864,5847,-1,5847,5864,5861,-1,5847,5861,5865,-1,5865,5861,5863,-1,5851,5866,4576,-1,4576,5866,5867,-1,4576,5867,4108,-1,4108,5867,5868,-1,4108,5868,4145,-1,5859,5869,5860,-1,5860,5869,5870,-1,5860,5870,5871,-1,5872,5873,5874,-1,5874,5873,5875,-1,5874,5875,5871,-1,5871,5875,5876,-1,5871,5876,5860,-1,4149,4147,5877,-1,5877,4147,4134,-1,5877,4134,5878,-1,5878,4134,4135,-1,5878,4135,5879,-1,5879,4135,4136,-1,5879,4136,5880,-1,5880,4136,4137,-1,5880,4137,5881,-1,5881,4137,4138,-1,5881,4138,5882,-1,5882,4138,4142,-1,5882,4142,5883,-1,5883,4142,4141,-1,5883,4141,5884,-1,5884,4141,4140,-1,5884,4140,5885,-1,5885,4140,4139,-1,5885,4139,5886,-1,5886,4139,4143,-1,5886,4143,5887,-1,5887,4143,4144,-1,5887,4144,5868,-1,5868,4144,4145,-1,4148,4149,5888,-1,5888,4149,5889,-1,5888,5889,5890,-1,5890,5889,5891,-1,5890,5891,5892,-1,5892,5891,5893,-1,5892,5893,5894,-1,5894,5893,5895,-1,5894,5895,5896,-1,5896,5895,5897,-1,5896,5897,5898,-1,5898,5897,5899,-1,5898,5899,5900,-1,5900,5899,5901,-1,5900,5901,5902,-1,5903,5904,5905,-1,5905,5904,5902,-1,5905,5902,5906,-1,5906,5902,5901,-1,5439,5432,5907,-1,5907,5432,5908,-1,5907,5908,5903,-1,5903,5908,5909,-1,5903,5909,5904,-1,5910,5896,5898,-1,5911,5912,5913,-1,5913,5912,5898,-1,5593,5592,5914,-1,5588,5587,5915,-1,4165,4164,5916,-1,4151,4148,5888,-1,5917,4153,4152,-1,4157,4156,5918,-1,5918,4156,4155,-1,5918,4155,5919,-1,5919,4155,4154,-1,5920,4158,4157,-1,4159,5921,4160,-1,4160,5921,5916,-1,4160,5916,4161,-1,4161,5916,4164,-1,4167,4165,5922,-1,5922,4165,5923,-1,5922,5923,5583,-1,5583,5582,5922,-1,5922,5582,4174,-1,5922,4174,4167,-1,5924,5586,5925,-1,5925,5586,5585,-1,5925,5585,5584,-1,5926,5591,5927,-1,5927,5591,5590,-1,5927,5590,5589,-1,5928,5594,5593,-1,5898,5900,5929,-1,5929,5900,5902,-1,5929,5902,5930,-1,5914,5911,5931,-1,5931,5911,5913,-1,5931,5913,5932,-1,5932,5913,5898,-1,5933,5892,5910,-1,5910,5892,5894,-1,5910,5894,5896,-1,5432,5594,5908,-1,5908,5594,5928,-1,5908,5928,5909,-1,5909,5928,5930,-1,5909,5930,5904,-1,5904,5930,5902,-1,5593,5914,5928,-1,5928,5914,5931,-1,5928,5931,5930,-1,5930,5931,5932,-1,5930,5932,5929,-1,5929,5932,5898,-1,5898,5934,5935,-1,5935,5934,5936,-1,5935,5936,5937,-1,5937,5936,5919,-1,5937,5919,5917,-1,5917,5919,4154,-1,5917,4154,4153,-1,4152,5938,5917,-1,5917,5938,5933,-1,5917,5933,5937,-1,5937,5933,5910,-1,5937,5910,5935,-1,5935,5910,5898,-1,4152,4151,5938,-1,5938,4151,5888,-1,5938,5888,5933,-1,5933,5888,5890,-1,5933,5890,5892,-1,5939,5926,5940,-1,5940,5926,5927,-1,5940,5927,5915,-1,5915,5927,5589,-1,5915,5589,5588,-1,5941,5939,5942,-1,5942,5939,5940,-1,5942,5940,5943,-1,5943,5940,5915,-1,5943,5915,5924,-1,5924,5915,5587,-1,5924,5587,5586,-1,5898,5944,5945,-1,5945,5944,5946,-1,5945,5946,5947,-1,5947,5946,5948,-1,5947,5948,5949,-1,5949,5948,5921,-1,5949,5921,5920,-1,5920,5921,4159,-1,5920,4159,4158,-1,4157,5918,5920,-1,5920,5918,5919,-1,5920,5919,5949,-1,5949,5919,5936,-1,5949,5936,5947,-1,5947,5936,5934,-1,5947,5934,5945,-1,5945,5934,5898,-1,5898,5941,5950,-1,5950,5941,5942,-1,5950,5942,5951,-1,5951,5942,5943,-1,5951,5943,5952,-1,5952,5943,5924,-1,5952,5924,5953,-1,5953,5924,5925,-1,5953,5925,5923,-1,5923,5925,5584,-1,5923,5584,5583,-1,4165,5916,5923,-1,5923,5916,5921,-1,5923,5921,5953,-1,5953,5921,5948,-1,5953,5948,5952,-1,5952,5948,5946,-1,5952,5946,5951,-1,5951,5946,5944,-1,5951,5944,5950,-1,5950,5944,5898,-1,5592,5591,5914,-1,5914,5591,5926,-1,5914,5926,5911,-1,5911,5926,5939,-1,5911,5939,5912,-1,5912,5939,5941,-1,5912,5941,5898,-1,5954,4375,5955,-1,5955,4375,4373,-1,5955,4373,5956,-1,5956,4373,4371,-1,5956,4371,5957,-1,5957,4371,4369,-1,5957,4369,5958,-1,5958,4369,4367,-1,5958,4367,5959,-1,5959,4367,4365,-1,5959,4365,5960,-1,5960,4365,4363,-1,5960,4363,5961,-1,5962,4323,5954,-1,5954,4323,4322,-1,5954,4322,4375,-1,5963,4341,5964,-1,5964,4341,4339,-1,5964,4339,5965,-1,5965,4339,4337,-1,5965,4337,5966,-1,5966,4337,4335,-1,5966,4335,5967,-1,5967,4335,4333,-1,5967,4333,5968,-1,5968,4333,4331,-1,5968,4331,5969,-1,5969,4331,4329,-1,5969,4329,5970,-1,5970,4329,4327,-1,5970,4327,5962,-1,5962,4327,4325,-1,5962,4325,4323,-1,4363,4361,5961,-1,5961,4361,4359,-1,5961,4359,5971,-1,5971,4359,4357,-1,5971,4357,5972,-1,5972,4357,4355,-1,5972,4355,5973,-1,5973,4355,4353,-1,5973,4353,5974,-1,5974,4353,4351,-1,5974,4351,5975,-1,5975,4351,4349,-1,5975,4349,5976,-1,5976,4349,4347,-1,5976,4347,5977,-1,5977,4347,4345,-1,5977,4345,5963,-1,5963,4345,4343,-1,5963,4343,4341,-1,5978,5979,5980,-1,5981,5982,5983,-1,5983,5982,5980,-1,4561,5984,4562,-1,4560,4559,5985,-1,5580,5579,5986,-1,5576,5575,5987,-1,5569,5568,5988,-1,5989,5572,5569,-1,5575,5574,5987,-1,5987,5574,5573,-1,5987,5573,5990,-1,5991,5577,5576,-1,5578,5571,5992,-1,5992,5571,5570,-1,5992,5570,5993,-1,5986,5579,5994,-1,4568,4571,5986,-1,5580,5986,5581,-1,5581,5986,4571,-1,5581,4571,4567,-1,5995,4570,5996,-1,5996,4570,4569,-1,5996,4569,4568,-1,5997,4558,5998,-1,5998,4558,4557,-1,5998,4557,4556,-1,4562,5984,4555,-1,4555,5984,5999,-1,4555,5999,4563,-1,5980,6000,6001,-1,6001,6000,6002,-1,6001,6002,6003,-1,6004,5981,6005,-1,6005,5981,5983,-1,6005,5983,6006,-1,6006,5983,5980,-1,6007,6008,5978,-1,5978,6008,6009,-1,5978,6009,5979,-1,4566,4565,6010,-1,6010,4565,6011,-1,6010,6011,6012,-1,6012,6011,6003,-1,6012,6003,6013,-1,6013,6003,6002,-1,5980,6001,6006,-1,6006,6001,6003,-1,6006,6003,6005,-1,6005,6003,6011,-1,6005,6011,6004,-1,5980,6014,6015,-1,6015,6014,6016,-1,6015,6016,6017,-1,6017,6016,5990,-1,6017,5990,5989,-1,5989,5990,5573,-1,5989,5573,5572,-1,5569,5988,5989,-1,5989,5988,6007,-1,5989,6007,6017,-1,6017,6007,5978,-1,6017,5978,6015,-1,6015,5978,5980,-1,5568,5559,5988,-1,5988,5559,6018,-1,5988,6018,6007,-1,6007,6018,6019,-1,6007,6019,6008,-1,6020,5999,6021,-1,6021,5999,5984,-1,6021,5984,5985,-1,5985,5984,4561,-1,5985,4561,4560,-1,6022,6020,6023,-1,6023,6020,6021,-1,6023,6021,6024,-1,6024,6021,5985,-1,6024,5985,5997,-1,5997,5985,4559,-1,5997,4559,4558,-1,5980,6025,6026,-1,6026,6025,6027,-1,6026,6027,6028,-1,6028,6027,6029,-1,6028,6029,6030,-1,6030,6029,5993,-1,6030,5993,5991,-1,5991,5993,5570,-1,5991,5570,5577,-1,5576,5987,5991,-1,5991,5987,5990,-1,5991,5990,6030,-1,6030,5990,6016,-1,6030,6016,6028,-1,6028,6016,6014,-1,6028,6014,6026,-1,6026,6014,5980,-1,5980,6022,6031,-1,6031,6022,6023,-1,6031,6023,6032,-1,6032,6023,6024,-1,6032,6024,6033,-1,6033,6024,5997,-1,6033,5997,6034,-1,6034,5997,5998,-1,6034,5998,5995,-1,5995,5998,4556,-1,5995,4556,4570,-1,5980,6035,6025,-1,6025,6035,6036,-1,6025,6036,6027,-1,6027,6036,6037,-1,6027,6037,6029,-1,6029,6037,6038,-1,6029,6038,5993,-1,5993,6038,5994,-1,5993,5994,5992,-1,5992,5994,5579,-1,5992,5579,5578,-1,4568,5986,5996,-1,5996,5986,5994,-1,5996,5994,5995,-1,5995,5994,6038,-1,5995,6038,6034,-1,6034,6038,6037,-1,6034,6037,6033,-1,6033,6037,6036,-1,6033,6036,6032,-1,6032,6036,6035,-1,6032,6035,6031,-1,6031,6035,5980,-1,4565,4564,6011,-1,6011,4564,4563,-1,6011,4563,6004,-1,6004,4563,5999,-1,6004,5999,5981,-1,5981,5999,6020,-1,5981,6020,5982,-1,5982,6020,6022,-1,5982,6022,5980,-1,5559,5565,6018,-1,6018,5565,6039,-1,6018,6039,6019,-1,6019,6039,6040,-1,6019,6040,6008,-1,6008,6040,6041,-1,6008,6041,6009,-1,6009,6041,6042,-1,6009,6042,5979,-1,5979,6042,6043,-1,5979,6043,5980,-1,5980,6043,6044,-1,5980,6044,6000,-1,6000,6044,6045,-1,6000,6045,6002,-1,6002,6045,6046,-1,6002,6046,6013,-1,6013,6046,6047,-1,6013,6047,6012,-1,6012,6047,6048,-1,6012,6048,6010,-1,6010,6048,6049,-1,6010,6049,4566,-1,4566,6049,4572,-1,6050,4589,6051,-1,6051,4589,4591,-1,6051,4591,6052,-1,6052,4591,4593,-1,6052,4593,6053,-1,6053,4593,4595,-1,6053,4595,6054,-1,6054,4595,4597,-1,6054,4597,6055,-1,6055,4597,4599,-1,6055,4599,4572,-1,4572,4599,4573,-1,4581,4583,6056,-1,6056,4583,4586,-1,6056,4586,6050,-1,6050,4586,4588,-1,6050,4588,4589,-1,6056,6057,4581,-1,4581,6057,6058,-1,4581,6058,4579,-1,4579,6058,4577,-1,6058,6059,4577,-1,4577,6059,6060,-1,4577,6060,4575,-1,4575,6060,6061,-1,4575,6061,5856,-1,6062,5041,6063,-1,6063,5041,5039,-1,6063,5039,6064,-1,6064,5039,5037,-1,6064,5037,6065,-1,6065,5037,5035,-1,6065,5035,6066,-1,6066,5035,5033,-1,6066,5033,6067,-1,6067,5033,5031,-1,6067,5031,6068,-1,6068,5031,5029,-1,6068,5029,6069,-1,6070,4989,6062,-1,6062,4989,4988,-1,6062,4988,5041,-1,6071,5007,6072,-1,6072,5007,5005,-1,6072,5005,6073,-1,6073,5005,5003,-1,6073,5003,6074,-1,6074,5003,5001,-1,6074,5001,6075,-1,6075,5001,4999,-1,6075,4999,6076,-1,6076,4999,4997,-1,6076,4997,6077,-1,6077,4997,4995,-1,6077,4995,6078,-1,6078,4995,4993,-1,6078,4993,6070,-1,6070,4993,4991,-1,6070,4991,4989,-1,5029,5027,6069,-1,6069,5027,5025,-1,6069,5025,6079,-1,6079,5025,5023,-1,6079,5023,6080,-1,6080,5023,5021,-1,6080,5021,6081,-1,6081,5021,5019,-1,6081,5019,6082,-1,6082,5019,5017,-1,6082,5017,6083,-1,6083,5017,5015,-1,6083,5015,6084,-1,6084,5015,5013,-1,6084,5013,6085,-1,6085,5013,5011,-1,6085,5011,6071,-1,6071,5011,5009,-1,6071,5009,5007,-1,6086,6087,6088,-1,6088,6087,6089,-1,6088,6089,6090,-1,6090,6089,6091,-1,6090,6091,6092,-1,6092,6091,6093,-1,6092,6093,6094,-1,6094,6093,6095,-1,6094,6095,6096,-1,6096,6095,6097,-1,6096,6097,6098,-1,6099,6100,6101,-1,6101,6100,6102,-1,6101,6102,6103,-1,6103,6102,6104,-1,6103,6104,6105,-1,6105,6104,6098,-1,6105,6098,6106,-1,6106,6098,6097,-1,5438,5440,6107,-1,6107,5440,6108,-1,6107,6108,6099,-1,6099,6108,6109,-1,6099,6109,6100,-1,6110,6111,6112,-1,6113,6114,6115,-1,6116,6117,6118,-1,6119,6120,6121,-1,5437,5436,6122,-1,6123,6124,6122,-1,6122,6124,6125,-1,6122,6125,5437,-1,6126,6127,6123,-1,6123,6127,6128,-1,6123,6128,6124,-1,6129,6130,6131,-1,6131,6130,6132,-1,6131,6132,6126,-1,6126,6132,6133,-1,6126,6133,6127,-1,6129,6131,6134,-1,6134,6131,6135,-1,6134,6135,6136,-1,6136,6135,6121,-1,6136,6121,6137,-1,6137,6121,6120,-1,6137,6120,5499,-1,6116,6118,6138,-1,6087,6139,6089,-1,6089,6139,6140,-1,6089,6140,6091,-1,6091,6140,6141,-1,6091,6141,6093,-1,6093,6141,6095,-1,6095,6141,6142,-1,6095,6142,6097,-1,6097,6142,6106,-1,6106,6142,6143,-1,6106,6143,6105,-1,6105,6143,6103,-1,6103,6143,6144,-1,6103,6144,6101,-1,6101,6144,6099,-1,6099,6144,6145,-1,6099,6145,6107,-1,6107,6145,5430,-1,6107,5430,5438,-1,5431,5430,6146,-1,6146,5430,6145,-1,6146,6145,6147,-1,6147,6145,6144,-1,6147,6144,6148,-1,6148,6144,6143,-1,6148,6143,6149,-1,6149,6143,6142,-1,6149,6142,6150,-1,6150,6142,6141,-1,6150,6141,6112,-1,6112,6141,6140,-1,6112,6140,6110,-1,6110,6140,6139,-1,5433,5431,6151,-1,6151,5431,6146,-1,6151,6146,6152,-1,6152,6146,6147,-1,6152,6147,6153,-1,6153,6147,6148,-1,6153,6148,6154,-1,6154,6148,6149,-1,6154,6149,6155,-1,6155,6149,6150,-1,6155,6150,6115,-1,6115,6150,6112,-1,6115,6112,6113,-1,6113,6112,6111,-1,5434,5433,6156,-1,6156,5433,6151,-1,6156,6151,6157,-1,6157,6151,6152,-1,6157,6152,6158,-1,6158,6152,6153,-1,6158,6153,6159,-1,6159,6153,6154,-1,6159,6154,6160,-1,6160,6154,6155,-1,6160,6155,6161,-1,6161,6155,6115,-1,6161,6115,6162,-1,6162,6115,6114,-1,5435,5434,6163,-1,6163,5434,6156,-1,6163,6156,6164,-1,6164,6156,6157,-1,6164,6157,6165,-1,6165,6157,6158,-1,6165,6158,6166,-1,6166,6158,6159,-1,6166,6159,6167,-1,6167,6159,6160,-1,6167,6160,6118,-1,6118,6160,6161,-1,6118,6161,6138,-1,6138,6161,6162,-1,5436,5435,6122,-1,6122,5435,6163,-1,6122,6163,6123,-1,6123,6163,6164,-1,6123,6164,6126,-1,6126,6164,6165,-1,6126,6165,6131,-1,6131,6165,6166,-1,6131,6166,6135,-1,6135,6166,6167,-1,6135,6167,6121,-1,6121,6167,6118,-1,6121,6118,6119,-1,6119,6118,6117,-1,5499,2354,6137,-1,6137,2354,5461,-1,6137,5461,6136,-1,6136,5461,5460,-1,6136,5460,6134,-1,6134,5460,5458,-1,6134,5458,6129,-1,5458,5457,6129,-1,6129,5457,5483,-1,6129,5483,6130,-1,6130,5483,5454,-1,6130,5454,6132,-1,5454,5453,6132,-1,6132,5453,5451,-1,6132,5451,6133,-1,6133,5451,5450,-1,6133,5450,6127,-1,6127,5450,5485,-1,6127,5485,6128,-1,5485,5448,6128,-1,6128,5448,5447,-1,6128,5447,6124,-1,6124,5447,5497,-1,6124,5497,6125,-1,6125,5497,2316,-1,6125,2316,5437,-1,5875,5873,6168,-1,6168,5873,6169,-1,6168,6169,6170,-1,6170,6169,6171,-1,6170,6171,6172,-1,6172,6171,6173,-1,6172,6173,6174,-1,6174,6173,6175,-1,6174,6175,6176,-1,6176,6175,6177,-1,6176,6177,6178,-1,6177,6179,6178,-1,6178,6179,6180,-1,6178,6180,6181,-1,6181,6180,6182,-1,6181,6182,6183,-1,6183,6182,6184,-1,6183,6184,6185,-1,5440,5439,6186,-1,6186,5439,6187,-1,6186,6187,6188,-1,6188,6187,6189,-1,6188,6189,6190,-1,6190,6189,6185,-1,6190,6185,6191,-1,6191,6185,6184,-1,6087,6192,6139,-1,6139,6192,6193,-1,6139,6193,6110,-1,6110,6193,6194,-1,6110,6194,6111,-1,6111,6194,6195,-1,6111,6195,6113,-1,6113,6195,6196,-1,6113,6196,6114,-1,6114,6196,6197,-1,6114,6197,6162,-1,6162,6197,6198,-1,6162,6198,6138,-1,6138,6198,6199,-1,6138,6199,6116,-1,6116,6199,6200,-1,6116,6200,6117,-1,6117,6200,6201,-1,6117,6201,6119,-1,6119,6201,6202,-1,6119,6202,6120,-1,6120,6202,6203,-1,6120,6203,5499,-1,5499,6203,5498,-1,6204,5506,6205,-1,6205,5506,5556,-1,6205,5556,6206,-1,6206,5556,2355,-1,6206,2355,5498,-1,6207,5509,6208,-1,6208,5509,5544,-1,6208,5544,6204,-1,6204,5544,5507,-1,6204,5507,5506,-1,6209,5516,6210,-1,6210,5516,5542,-1,6210,5542,6211,-1,6211,5542,5513,-1,6211,5513,6212,-1,6212,5513,5512,-1,6212,5512,6207,-1,6207,5512,5510,-1,6207,5510,5509,-1,5562,2378,6213,-1,6213,2378,5520,-1,6213,5520,6214,-1,6214,5520,5519,-1,6214,5519,6209,-1,6209,5519,5517,-1,6209,5517,5516,-1,6202,6201,6215,-1,6196,6195,6216,-1,6194,6193,6217,-1,5566,5564,6218,-1,6219,6220,6218,-1,6218,6220,6221,-1,6218,6221,5566,-1,6222,6223,6219,-1,6219,6223,6224,-1,6219,6224,6220,-1,6225,6226,6227,-1,6227,6226,6228,-1,6227,6228,6222,-1,6222,6228,6229,-1,6222,6229,6223,-1,6225,6227,6230,-1,6230,6227,6231,-1,6230,6231,6232,-1,6232,6231,6217,-1,6232,6217,6233,-1,6233,6217,6193,-1,6233,6193,6192,-1,6196,6216,6197,-1,6199,6198,6234,-1,5498,6203,6206,-1,6206,6203,6235,-1,6206,6235,6205,-1,6205,6235,6236,-1,6205,6236,6204,-1,6204,6236,6208,-1,6208,6236,6237,-1,6208,6237,6207,-1,6207,6237,6212,-1,6212,6237,6238,-1,6212,6238,6211,-1,6211,6238,6210,-1,6210,6238,6239,-1,6210,6239,6209,-1,6209,6239,6214,-1,6214,6239,6240,-1,6214,6240,6213,-1,6213,6240,5557,-1,6213,5557,5562,-1,6195,6194,6216,-1,6216,6194,6217,-1,6216,6217,6241,-1,6241,6217,6231,-1,6241,6231,6242,-1,6242,6231,6227,-1,6242,6227,6243,-1,6243,6227,6222,-1,6243,6222,6244,-1,6244,6222,6219,-1,6244,6219,6245,-1,6245,6219,6218,-1,6245,6218,5563,-1,5563,6218,5564,-1,6198,6197,6234,-1,6234,6197,6216,-1,6234,6216,6246,-1,6246,6216,6241,-1,6246,6241,6247,-1,6247,6241,6242,-1,6247,6242,6248,-1,6248,6242,6243,-1,6248,6243,6249,-1,6249,6243,6244,-1,6249,6244,6250,-1,6250,6244,6245,-1,6250,6245,5561,-1,5561,6245,5563,-1,6200,6199,6251,-1,6251,6199,6234,-1,6251,6234,6252,-1,6252,6234,6246,-1,6252,6246,6253,-1,6253,6246,6247,-1,6253,6247,6254,-1,6254,6247,6248,-1,6254,6248,6255,-1,6255,6248,6249,-1,6255,6249,6256,-1,6256,6249,6250,-1,6256,6250,5560,-1,5560,6250,5561,-1,6201,6200,6215,-1,6215,6200,6251,-1,6215,6251,6257,-1,6257,6251,6252,-1,6257,6252,6258,-1,6258,6252,6253,-1,6258,6253,6259,-1,6259,6253,6254,-1,6259,6254,6260,-1,6260,6254,6255,-1,6260,6255,6261,-1,6261,6255,6256,-1,6261,6256,5558,-1,5558,6256,5560,-1,6203,6202,6235,-1,6235,6202,6215,-1,6235,6215,6236,-1,6236,6215,6257,-1,6236,6257,6237,-1,6237,6257,6258,-1,6237,6258,6238,-1,6238,6258,6259,-1,6238,6259,6239,-1,6239,6259,6260,-1,6239,6260,6240,-1,6240,6260,6261,-1,6240,6261,5557,-1,5557,6261,5558,-1,6192,6262,6233,-1,6233,6262,6263,-1,6233,6263,6232,-1,6232,6263,6264,-1,6232,6264,6230,-1,6264,6265,6230,-1,6230,6265,6266,-1,6230,6266,6225,-1,6225,6266,6267,-1,6225,6267,6226,-1,6226,6267,6268,-1,6226,6268,6228,-1,6268,6269,6228,-1,6228,6269,6270,-1,6228,6270,6229,-1,6229,6270,6271,-1,6229,6271,6223,-1,6223,6271,6272,-1,6223,6272,6224,-1,6272,6273,6224,-1,6224,6273,6274,-1,6224,6274,6220,-1,6220,6274,6275,-1,6220,6275,6221,-1,6221,6275,5567,-1,6221,5567,5566,-1,5872,5874,6276,-1,6276,5874,6277,-1,6276,6277,6278,-1,6278,6277,6279,-1,6278,6279,6280,-1,6280,6279,6281,-1,6282,6283,6284,-1,6284,6283,6285,-1,6284,6285,6286,-1,6286,6285,6287,-1,6286,6287,6281,-1,6281,6287,6288,-1,6281,6288,6280,-1,5565,5567,6289,-1,6289,5567,6290,-1,6289,6290,6291,-1,6291,6290,6292,-1,6291,6292,6293,-1,6293,6292,6294,-1,6293,6294,6295,-1,6295,6294,6296,-1,6295,6296,6297,-1,6297,6296,6298,-1,6297,6298,6282,-1,6282,6298,6299,-1,6282,6299,6283,-1,5606,6300,5605,-1,5605,6300,6301,-1,5605,6301,5604,-1,5604,6301,6302,-1,5604,6302,5618,-1,5618,6302,6303,-1,5618,6303,5617,-1,5617,6303,6304,-1,5617,6304,5616,-1,5616,6304,6305,-1,5616,6305,5615,-1,5615,6305,6306,-1,5615,6306,5614,-1,5614,6306,6307,-1,5614,6307,5613,-1,5613,6307,6308,-1,5613,6308,5612,-1,5612,6308,6309,-1,5612,6309,5611,-1,5611,6309,6310,-1,5611,6310,5602,-1,5602,6310,6311,-1,5602,6311,5601,-1,5601,6311,6312,-1,5601,6312,5600,-1,5600,6312,6313,-1,5600,6313,5599,-1,5599,6313,6314,-1,5599,6314,5598,-1,5598,6314,6315,-1,5598,6315,5597,-1,5597,6315,6316,-1,5597,6316,5596,-1,5596,6316,6317,-1,5596,6317,5595,-1,5595,6317,6318,-1,5595,6318,5603,-1,5603,6318,6319,-1,5603,6319,5610,-1,5610,6319,6320,-1,5610,6320,5609,-1,5609,6320,6321,-1,5609,6321,5608,-1,5608,6321,6322,-1,5608,6322,5607,-1,5607,6322,6323,-1,5607,6323,5606,-1,5606,6323,6300,-1,
        ]
    }
}
Shape{
    appearance Appearance {
        material  Material 	{
            diffuseColor 0.7529411764705882 0.7529411764705882 0.7529411764705882
            specularColor 0.3764705882352941 0.3764705882352941 0.3764705882352941
            ambientIntensity 0.2
            transparency 0
            shininess 0.5
        }
    }
    geometry IndexedFaceSet {
        ccw TRUE
        solid FALSE
        coord DEF co Coordinate {
            point [
                1.3835 -1.795 -11.44, 1.373 -1.7152 -12.9125, 1.373 -1.7152 -11.44, 1.3422 -1.6408 -12.9125, 1.3422 -1.6408 -11.44, 1.2931 -1.5769 -12.9125, 1.2931 -1.5769 -11.44, 1.2292 -1.5278 -12.9125, 1.2292 -1.5278 -11.44, 1.1548 -1.497 -12.9125, 1.1548 -1.497 -11.44, 1.075 -1.4865 -12.9125, 1.075 -1.4865 -11.44, 0.9952 -1.497 -12.9125, 0.9952 -1.497 -11.44, 0.9207 -1.5278 -12.9125, 0.9207 -1.5278 -11.44, 0.8569 -1.5769 -12.9125, 0.8569 -1.5769 -11.44, 0.8078 -1.6408 -12.9125, 0.8078 -1.6408 -11.44, 0.777 -1.7152 -12.9125, 0.777 -1.7152 -11.44, 0.7665 -1.795 -12.9125, 0.7665 -1.795 -11.44, 0.777 -1.8748 -12.9125, 0.777 -1.8748 -11.44, 0.8078 -1.9492 -12.9125, 0.8078 -1.9492 -11.44, 0.8569 -2.0131 -12.9125, 0.8569 -2.0131 -11.44, 0.9207 -2.0622 -12.9125, 0.9207 -2.0622 -11.44, 0.9952 -2.093 -12.9125, 0.9952 -2.093 -11.44, 1.075 -2.1035 -12.9125, 1.075 -2.1035 -11.44, 1.1548 -2.093 -12.9125, 1.1548 -2.093 -11.44, 1.2292 -2.0622 -12.9125, 1.2292 -2.0622 -11.44, 1.2931 -2.0131 -12.9125, 1.2931 -2.0131 -11.44, 1.3422 -1.9492 -12.9125, 1.3422 -1.9492 -11.44, 1.373 -1.8748 -12.9125, 1.373 -1.8748 -11.44, 1.3835 -1.795 -12.9125, 3.1335 -1.795 -11.44, 3.123 -1.7152 -12.9125, 3.123 -1.7152 -11.44, 3.0922 -1.6408 -12.9125, 3.0922 -1.6408 -11.44, 3.0431 -1.5769 -12.9125, 3.0431 -1.5769 -11.44, 2.9792 -1.5278 -12.9125, 2.9792 -1.5278 -11.44, 2.9048 -1.497 -12.9125, 2.9048 -1.497 -11.44, 2.825 -1.4865 -12.9125, 2.825 -1.4865 -11.44, 2.7452 -1.497 -12.9125, 2.7452 -1.497 -11.44, 2.6707 -1.5278 -12.9125, 2.6707 -1.5278 -11.44, 2.6069 -1.5769 -12.9125, 2.6069 -1.5769 -11.44, 2.5578 -1.6408 -12.9125, 2.5578 -1.6408 -11.44, 2.527 -1.7152 -12.9125, 2.527 -1.7152 -11.44, 2.5165 -1.795 -12.9125, 2.5165 -1.795 -11.44, 2.527 -1.8748 -12.9125, 2.527 -1.8748 -11.44, 2.5578 -1.9492 -12.9125, 2.5578 -1.9492 -11.44, 2.6069 -2.0131 -12.9125, 2.6069 -2.0131 -11.44, 2.6707 -2.0622 -12.9125, 2.6707 -2.0622 -11.44, 2.7452 -2.093 -12.9125, 2.7452 -2.093 -11.44, 2.825 -2.1035 -12.9125, 2.825 -2.1035 -11.44, 2.9048 -2.093 -12.9125, 2.9048 -2.093 -11.44, 2.9792 -2.0622 -12.9125, 2.9792 -2.0622 -11.44, 3.0431 -2.0131 -12.9125, 3.0431 -2.0131 -11.44, 3.0922 -1.9492 -12.9125, 3.0922 -1.9492 -11.44, 3.123 -1.8748 -12.9125, 3.123 -1.8748 -11.44, 3.1335 -1.795 -12.9125, -0.7665 -1.795 -11.44, -0.777 -1.7152 -12.9125, -0.777 -1.7152 -11.44, -0.8078 -1.6408 -12.9125, -0.8078 -1.6408 -11.44, -0.8569 -1.5769 -12.9125, -0.8569 -1.5769 -11.44, -0.9207 -1.5278 -12.9125, -0.9207 -1.5278 -11.44, -0.9952 -1.497 -12.9125, -0.9952 -1.497 -11.44, -1.075 -1.4865 -12.9125, -1.075 -1.4865 -11.44, -1.1548 -1.497 -12.9125, -1.1548 -1.497 -11.44, -1.2292 -1.5278 -12.9125, -1.2292 -1.5278 -11.44, -1.2931 -1.5769 -12.9125, -1.2931 -1.5769 -11.44, -1.3422 -1.6408 -12.9125, -1.3422 -1.6408 -11.44, -1.373 -1.7152 -12.9125, -1.373 -1.7152 -11.44, -1.3835 -1.795 -12.9125, -1.3835 -1.795 -11.44, -1.373 -1.8748 -12.9125, -1.373 -1.8748 -11.44, -1.3422 -1.9492 -12.9125, -1.3422 -1.9492 -11.44, -1.2931 -2.0131 -12.9125, -1.2931 -2.0131 -11.44, -1.2292 -2.0622 -12.9125, -1.2292 -2.0622 -11.44, -1.1548 -2.093 -12.9125, -1.1548 -2.093 -11.44, -1.075 -2.1035 -12.9125, -1.075 -2.1035 -11.44, -0.9952 -2.093 -12.9125, -0.9952 -2.093 -11.44, -0.9207 -2.0622 -12.9125, -0.9207 -2.0622 -11.44, -0.8569 -2.0131 -12.9125, -0.8569 -2.0131 -11.44, -0.8078 -1.9492 -12.9125, -0.8078 -1.9492 -11.44, -0.777 -1.8748 -12.9125, -0.777 -1.8748 -11.44, -0.7665 -1.795 -12.9125, 1.3835 1.795 -11.44, 1.373 1.8748 -12.9125, 1.373 1.8748 -11.44, 1.3422 1.9492 -12.9125, 1.3422 1.9492 -11.44, 1.2931 2.0131 -12.9125, 1.2931 2.0131 -11.44, 1.2292 2.0622 -12.9125, 1.2292 2.0622 -11.44, 1.1548 2.093 -12.9125, 1.1548 2.093 -11.44, 1.075 2.1035 -12.9125, 1.075 2.1035 -11.44, 0.9952 2.093 -12.9125, 0.9952 2.093 -11.44, 0.9207 2.0622 -12.9125, 0.9207 2.0622 -11.44, 0.8569 2.0131 -12.9125, 0.8569 2.0131 -11.44, 0.8078 1.9492 -12.9125, 0.8078 1.9492 -11.44, 0.777 1.8748 -12.9125, 0.777 1.8748 -11.44, 0.7665 1.795 -12.9125, 0.7665 1.795 -11.44, 0.777 1.7152 -12.9125, 0.777 1.7152 -11.44, 0.8078 1.6408 -12.9125, 0.8078 1.6408 -11.44, 0.8569 1.5769 -12.9125, 0.8569 1.5769 -11.44, 0.9207 1.5278 -12.9125, 0.9207 1.5278 -11.44, 0.9952 1.497 -12.9125, 0.9952 1.497 -11.44, 1.075 1.4865 -12.9125, 1.075 1.4865 -11.44, 1.1548 1.497 -12.9125, 1.1548 1.497 -11.44, 1.2292 1.5278 -12.9125, 1.2292 1.5278 -11.44, 1.2931 1.5769 -12.9125, 1.2931 1.5769 -11.44, 1.3422 1.6408 -12.9125, 1.3422 1.6408 -11.44, 1.373 1.7152 -12.9125, 1.373 1.7152 -11.44, 1.3835 1.795 -12.9125, 3.1335 1.795 -11.44, 3.123 1.8748 -12.9125, 3.123 1.8748 -11.44, 3.0922 1.9492 -12.9125, 3.0922 1.9492 -11.44, 3.0431 2.0131 -12.9125, 3.0431 2.0131 -11.44, 2.9792 2.0622 -12.9125, 2.9792 2.0622 -11.44, 2.9048 2.093 -12.9125, 2.9048 2.093 -11.44, 2.825 2.1035 -12.9125, 2.825 2.1035 -11.44, 2.7452 2.093 -12.9125, 2.7452 2.093 -11.44, 2.6707 2.0622 -12.9125, 2.6707 2.0622 -11.44, 2.6069 2.0131 -12.9125, 2.6069 2.0131 -11.44, 2.5578 1.9492 -12.9125, 2.5578 1.9492 -11.44, 2.527 1.8748 -12.9125, 2.527 1.8748 -11.44, 2.5165 1.795 -12.9125, 2.5165 1.795 -11.44, 2.527 1.7152 -12.9125, 2.527 1.7152 -11.44, 2.5578 1.6408 -12.9125, 2.5578 1.6408 -11.44, 2.6069 1.5769 -12.9125, 2.6069 1.5769 -11.44, 2.6707 1.5278 -12.9125, 2.6707 1.5278 -11.44, 2.7452 1.497 -12.9125, 2.7452 1.497 -11.44, 2.825 1.4865 -12.9125, 2.825 1.4865 -11.44, 2.9048 1.497 -12.9125, 2.9048 1.497 -11.44, 2.9792 1.5278 -12.9125, 2.9792 1.5278 -11.44, 3.0431 1.5769 -12.9125, 3.0431 1.5769 -11.44, 3.0922 1.6408 -12.9125, 3.0922 1.6408 -11.44, 3.123 1.7152 -12.9125, 3.123 1.7152 -11.44, 3.1335 1.795 -12.9125, -0.7665 1.795 -11.44, -0.777 1.8748 -12.9125, -0.777 1.8748 -11.44, -0.8078 1.9492 -12.9125, -0.8078 1.9492 -11.44, -0.8569 2.0131 -12.9125, -0.8569 2.0131 -11.44, -0.9207 2.0622 -12.9125, -0.9207 2.0622 -11.44, -0.9952 2.093 -12.9125, -0.9952 2.093 -11.44, -1.075 2.1035 -12.9125, -1.075 2.1035 -11.44, -1.1548 2.093 -12.9125, -1.1548 2.093 -11.44, -1.2292 2.0622 -12.9125, -1.2292 2.0622 -11.44, -1.2931 2.0131 -12.9125, -1.2931 2.0131 -11.44, -1.3422 1.9492 -12.9125, -1.3422 1.9492 -11.44, -1.373 1.8748 -12.9125, -1.373 1.8748 -11.44, -1.3835 1.795 -12.9125, -1.3835 1.795 -11.44, -1.373 1.7152 -12.9125, -1.373 1.7152 -11.44, -1.3422 1.6408 -12.9125, -1.3422 1.6408 -11.44, -1.2931 1.5769 -12.9125, -1.2931 1.5769 -11.44, -1.2292 1.5278 -12.9125, -1.2292 1.5278 -11.44, -1.1548 1.497 -12.9125, -1.1548 1.497 -11.44, -1.075 1.4865 -12.9125, -1.075 1.4865 -11.44, -0.9952 1.497 -12.9125, -0.9952 1.497 -11.44, -0.9207 1.5278 -12.9125, -0.9207 1.5278 -11.44, -0.8569 1.5769 -12.9125, -0.8569 1.5769 -11.44, -0.8078 1.6408 -12.9125, -0.8078 1.6408 -11.44, -0.777 1.7152 -12.9125, -0.777 1.7152 -11.44, -0.7665 1.795 -12.9125, -2.5165 -1.795 -11.44, -2.527 -1.7152 -12.9125, -2.527 -1.7152 -11.44, -2.5578 -1.6408 -12.9125, -2.5578 -1.6408 -11.44, -2.6069 -1.5769 -12.9125, -2.6069 -1.5769 -11.44, -2.6707 -1.5278 -12.9125, -2.6707 -1.5278 -11.44, -2.7452 -1.497 -12.9125, -2.7452 -1.497 -11.44, -2.825 -1.4865 -12.9125, -2.825 -1.4865 -11.44, -2.9048 -1.497 -12.9125, -2.9048 -1.497 -11.44, -2.9792 -1.5278 -12.9125, -2.9792 -1.5278 -11.44, -3.0431 -1.5769 -12.9125, -3.0431 -1.5769 -11.44, -3.0922 -1.6408 -12.9125, -3.0922 -1.6408 -11.44, -3.123 -1.7152 -12.9125, -3.123 -1.7152 -11.44, -3.1335 -1.795 -12.9125, -3.1335 -1.795 -11.44, -3.123 -1.8748 -12.9125, -3.123 -1.8748 -11.44, -3.0922 -1.9492 -12.9125, -3.0922 -1.9492 -11.44, -3.0431 -2.0131 -12.9125, -3.0431 -2.0131 -11.44, -2.9792 -2.0622 -12.9125, -2.9792 -2.0622 -11.44, -2.9048 -2.093 -12.9125, -2.9048 -2.093 -11.44, -2.825 -2.1035 -12.9125, -2.825 -2.1035 -11.44, -2.7452 -2.093 -12.9125, -2.7452 -2.093 -11.44, -2.6707 -2.0622 -12.9125, -2.6707 -2.0622 -11.44, -2.6069 -2.0131 -12.9125, -2.6069 -2.0131 -11.44, -2.5578 -1.9492 -12.9125, -2.5578 -1.9492 -11.44, -2.527 -1.8748 -12.9125, -2.527 -1.8748 -11.44, -2.5165 -1.795 -12.9125, -2.5165 1.795 -11.44, -2.527 1.8748 -12.9125, -2.527 1.8748 -11.44, -2.5578 1.9492 -12.9125, -2.5578 1.9492 -11.44, -2.6069 2.0131 -12.9125, -2.6069 2.0131 -11.44, -2.6707 2.0622 -12.9125, -2.6707 2.0622 -11.44, -2.7452 2.093 -12.9125, -2.7452 2.093 -11.44, -2.825 2.1035 -12.9125, -2.825 2.1035 -11.44, -2.9048 2.093 -12.9125, -2.9048 2.093 -11.44, -2.9792 2.0622 -12.9125, -2.9792 2.0622 -11.44, -3.0431 2.0131 -12.9125, -3.0431 2.0131 -11.44, -3.0922 1.9492 -12.9125, -3.0922 1.9492 -11.44, -3.123 1.8748 -12.9125, -3.123 1.8748 -11.44, -3.1335 1.795 -12.9125, -3.1335 1.795 -11.44, -3.123 1.7152 -12.9125, -3.123 1.7152 -11.44, -3.0922 1.6408 -12.9125, -3.0922 1.6408 -11.44, -3.0431 1.5769 -12.9125, -3.0431 1.5769 -11.44, -2.9792 1.5278 -12.9125, -2.9792 1.5278 -11.44, -2.9048 1.497 -12.9125, -2.9048 1.497 -11.44, -2.825 1.4865 -12.9125, -2.825 1.4865 -11.44, -2.7452 1.497 -12.9125, -2.7452 1.497 -11.44, -2.6707 1.5278 -12.9125, -2.6707 1.5278 -11.44, -2.6069 1.5769 -12.9125, -2.6069 1.5769 -11.44, -2.5578 1.6408 -12.9125, -2.5578 1.6408 -11.44, -2.527 1.7152 -12.9125, -2.527 1.7152 -11.44, -2.5165 1.795 -12.9125, -2.5165 1.795 -12.9125
            ]
        }
        coordIndex [
            0,1,2,-1,2,1,3,-1,2,3,4,-1,4,3,5,-1,4,5,6,-1,6,5,7,-1,6,7,8,-1,8,7,9,-1,8,9,10,-1,10,9,11,-1,10,11,12,-1,12,11,13,-1,12,13,14,-1,14,13,15,-1,14,15,16,-1,16,15,17,-1,16,17,18,-1,18,17,19,-1,18,19,20,-1,20,19,21,-1,20,21,22,-1,22,21,23,-1,22,23,24,-1,24,23,25,-1,24,25,26,-1,26,25,27,-1,26,27,28,-1,28,27,29,-1,28,29,30,-1,30,29,31,-1,30,31,32,-1,32,31,33,-1,32,33,34,-1,34,33,35,-1,34,35,36,-1,36,35,37,-1,36,37,38,-1,38,37,39,-1,38,39,40,-1,40,39,41,-1,40,41,42,-1,42,41,43,-1,42,43,44,-1,44,43,45,-1,44,45,46,-1,46,45,47,-1,46,47,0,-1,0,47,1,-1,48,49,50,-1,50,49,51,-1,50,51,52,-1,52,51,53,-1,52,53,54,-1,54,53,55,-1,54,55,56,-1,56,55,57,-1,56,57,58,-1,58,57,59,-1,58,59,60,-1,60,59,61,-1,60,61,62,-1,62,61,63,-1,62,63,64,-1,64,63,65,-1,64,65,66,-1,66,65,67,-1,66,67,68,-1,68,67,69,-1,68,69,70,-1,70,69,71,-1,70,71,72,-1,72,71,73,-1,72,73,74,-1,74,73,75,-1,74,75,76,-1,76,75,77,-1,76,77,78,-1,78,77,79,-1,78,79,80,-1,80,79,81,-1,80,81,82,-1,82,81,83,-1,82,83,84,-1,84,83,85,-1,84,85,86,-1,86,85,87,-1,86,87,88,-1,88,87,89,-1,88,89,90,-1,90,89,91,-1,90,91,92,-1,92,91,93,-1,92,93,94,-1,94,93,95,-1,94,95,48,-1,48,95,49,-1,96,97,98,-1,98,97,99,-1,98,99,100,-1,100,99,101,-1,100,101,102,-1,102,101,103,-1,102,103,104,-1,104,103,105,-1,104,105,106,-1,106,105,107,-1,106,107,108,-1,108,107,109,-1,108,109,110,-1,110,109,111,-1,110,111,112,-1,112,111,113,-1,112,113,114,-1,114,113,115,-1,114,115,116,-1,116,115,117,-1,116,117,118,-1,118,117,119,-1,118,119,120,-1,120,119,121,-1,120,121,122,-1,122,121,123,-1,122,123,124,-1,124,123,125,-1,124,125,126,-1,126,125,127,-1,126,127,128,-1,128,127,129,-1,128,129,130,-1,130,129,131,-1,130,131,132,-1,132,131,133,-1,132,133,134,-1,134,133,135,-1,134,135,136,-1,136,135,137,-1,136,137,138,-1,138,137,139,-1,138,139,140,-1,140,139,141,-1,140,141,142,-1,142,141,143,-1,142,143,96,-1,96,143,97,-1,144,145,146,-1,146,145,147,-1,146,147,148,-1,148,147,149,-1,148,149,150,-1,150,149,151,-1,150,151,152,-1,152,151,153,-1,152,153,154,-1,154,153,155,-1,154,155,156,-1,156,155,157,-1,156,157,158,-1,158,157,159,-1,158,159,160,-1,160,159,161,-1,160,161,162,-1,162,161,163,-1,162,163,164,-1,164,163,165,-1,164,165,166,-1,166,165,167,-1,166,167,168,-1,168,167,169,-1,168,169,170,-1,170,169,171,-1,170,171,172,-1,172,171,173,-1,172,173,174,-1,174,173,175,-1,174,175,176,-1,176,175,177,-1,176,177,178,-1,178,177,179,-1,178,179,180,-1,180,179,181,-1,180,181,182,-1,182,181,183,-1,182,183,184,-1,184,183,185,-1,184,185,186,-1,186,185,187,-1,186,187,188,-1,188,187,189,-1,188,189,190,-1,190,189,191,-1,190,191,144,-1,144,191,145,-1,192,193,194,-1,194,193,195,-1,194,195,196,-1,196,195,197,-1,196,197,198,-1,198,197,199,-1,198,199,200,-1,200,199,201,-1,200,201,202,-1,202,201,203,-1,202,203,204,-1,204,203,205,-1,204,205,206,-1,206,205,207,-1,206,207,208,-1,208,207,209,-1,208,209,210,-1,210,209,211,-1,210,211,212,-1,212,211,213,-1,212,213,214,-1,214,213,215,-1,214,215,216,-1,216,215,217,-1,216,217,218,-1,218,217,219,-1,218,219,220,-1,220,219,221,-1,220,221,222,-1,222,221,223,-1,222,223,224,-1,224,223,225,-1,224,225,226,-1,226,225,227,-1,226,227,228,-1,228,227,229,-1,228,229,230,-1,230,229,231,-1,230,231,232,-1,232,231,233,-1,232,233,234,-1,234,233,235,-1,234,235,236,-1,236,235,237,-1,236,237,238,-1,238,237,239,-1,238,239,192,-1,192,239,193,-1,240,241,242,-1,242,241,243,-1,242,243,244,-1,244,243,245,-1,244,245,246,-1,246,245,247,-1,246,247,248,-1,248,247,249,-1,248,249,250,-1,250,249,251,-1,250,251,252,-1,252,251,253,-1,252,253,254,-1,254,253,255,-1,254,255,256,-1,256,255,257,-1,256,257,258,-1,258,257,259,-1,258,259,260,-1,260,259,261,-1,260,261,262,-1,262,261,263,-1,262,263,264,-1,264,263,265,-1,264,265,266,-1,266,265,267,-1,266,267,268,-1,268,267,269,-1,268,269,270,-1,270,269,271,-1,270,271,272,-1,272,271,273,-1,272,273,274,-1,274,273,275,-1,274,275,276,-1,276,275,277,-1,276,277,278,-1,278,277,279,-1,278,279,280,-1,280,279,281,-1,280,281,282,-1,282,281,283,-1,282,283,284,-1,284,283,285,-1,284,285,286,-1,286,285,287,-1,286,287,240,-1,240,287,241,-1,288,289,290,-1,290,289,291,-1,290,291,292,-1,292,291,293,-1,292,293,294,-1,294,293,295,-1,294,295,296,-1,296,295,297,-1,296,297,298,-1,298,297,299,-1,298,299,300,-1,300,299,301,-1,300,301,302,-1,302,301,303,-1,302,303,304,-1,304,303,305,-1,304,305,306,-1,306,305,307,-1,306,307,308,-1,308,307,309,-1,308,309,310,-1,310,309,311,-1,310,311,312,-1,312,311,313,-1,312,313,314,-1,314,313,315,-1,314,315,316,-1,316,315,317,-1,316,317,318,-1,318,317,319,-1,318,319,320,-1,320,319,321,-1,320,321,322,-1,322,321,323,-1,322,323,324,-1,324,323,325,-1,324,325,326,-1,326,325,327,-1,326,327,328,-1,328,327,329,-1,328,329,330,-1,330,329,331,-1,330,331,332,-1,332,331,333,-1,332,333,334,-1,334,333,335,-1,334,335,288,-1,288,335,289,-1,336,337,338,-1,338,337,339,-1,338,339,340,-1,340,339,341,-1,340,341,342,-1,342,341,343,-1,342,343,344,-1,344,343,345,-1,344,345,346,-1,346,345,347,-1,346,347,348,-1,348,347,349,-1,348,349,350,-1,350,349,351,-1,350,351,352,-1,352,351,353,-1,352,353,354,-1,354,353,355,-1,354,355,356,-1,356,355,357,-1,356,357,358,-1,358,357,359,-1,358,359,360,-1,360,359,361,-1,360,361,362,-1,362,361,363,-1,362,363,364,-1,364,363,365,-1,364,365,366,-1,366,365,367,-1,366,367,368,-1,368,367,369,-1,368,369,370,-1,370,369,371,-1,370,371,372,-1,372,371,373,-1,372,373,374,-1,374,373,375,-1,374,375,376,-1,376,375,377,-1,376,377,378,-1,378,377,379,-1,378,379,380,-1,380,379,381,-1,380,381,382,-1,382,381,383,-1,382,383,336,-1,336,383,337,-1,
        ]
    }
}
Shape{
    appearance Appearance {
        material  Material 	{
            diffuseColor 0.5019607843137255 0.5019607843137255 0.5019607843137255
            specularColor 0.25098039215686274 0.25098039215686274 0.25098039215686274
            ambientIntensity 0.2
            transparency 0
            shininess 0.5
        }
    }
    geometry IndexedFaceSet {
        ccw TRUE
        solid FALSE
        coord DEF co Coordinate {
            point [
                -4.725 -4.2 -11.85, -4.725 -4.2 -11.45, -4.7463 -4.0382 -11.85, -4.7463 -4.0382 -11.45, -4.8087 -3.8875 -11.85, -4.8087 -3.8875 -11.45, -4.9081 -3.7581 -11.85, -4.9081 -3.7581 -11.45, -5.0375 -3.6587 -11.85, -5.0375 -3.6587 -11.45, -5.1882 -3.5963 -11.85, -5.1882 -3.5963 -11.45, -5.35 -3.575 -11.85, -5.35 -3.575 -11.45, -5.5118 -3.5963 -11.85, -5.5118 -3.5963 -11.45, -5.6625 -3.6587 -11.85, -5.6625 -3.6587 -11.45, -5.7919 -3.7581 -11.85, -5.7919 -3.7581 -11.45, -5.8913 -3.8875 -11.85, -5.8913 -3.8875 -11.45, -5.9537 -4.0382 -11.85, -5.9537 -4.0382 -11.45, -5.975 -4.2 -11.85, -5.975 -4.2 -11.45, -5.9537 -4.3618 -11.85, -5.9537 -4.3618 -11.45, -5.8913 -4.5125 -11.85, -5.8913 -4.5125 -11.45, -5.7919 -4.6419 -11.85, -5.7919 -4.6419 -11.45, -5.6625 -4.7413 -11.85, -5.6625 -4.7413 -11.45, -5.5118 -4.8037 -11.85, -5.5118 -4.8037 -11.45, -5.35 -4.825 -11.85, -5.35 -4.825 -11.45, -5.1882 -4.8037 -11.85, -5.1882 -4.8037 -11.45, -5.0375 -4.7413 -11.85, -5.0375 -4.7413 -11.45, -4.9081 -4.6419 -11.85, -4.9081 -4.6419 -11.45, -4.8087 -4.5125 -11.85, -4.8087 -4.5125 -11.45, -4.7463 -4.3618 -11.85, -4.7463 -4.3618 -11.45, -1.0582 -3.4 -10.374, -1.0395 -3.4 -10.3643, -1.0522 -3.4028 -10.3354, -0.9751 -3.4 -10.3309, -0.9557 -3.4 -10.3138, -0.9747 -3.4028 -10.2891, -0.9002 -3.4 -10.2648, -0.8863 -3.4 -10.2446, -0.9109 -3.4028 -10.2253, -1.0082 -3.6 -10.0514, -1.017 -3.6 -10.0807, -1.0144 -3.5665 -10.0818, -1.0281 -3.6 -10.0992, -1.0422 -3.6 -10.1229, -1.04 -3.5665 -10.1247, -1.1008 -3.6 -10.1719, -1.1193 -3.6 -10.183, -1.1182 -3.5665 -10.1856, -1.1486 -3.6 -10.1918, -1.1665 -3.6 -10.1972, -1.166 -3.5665 -10.2, -1.1472 -3.4 -10.3966, -1.1333 -3.4 -10.393, -1.1386 -3.4028 -10.3613, -1.2 -3.4 -10.4, -1.2 -3.4028 -10.3665, -1.2 -3.4082 -10.3486, -1.1465 -3.417 -10.3148, -1.1536 -3.4422 -10.2731, -1.2 -3.4281 -10.3008, -1.2 -3.417 -10.3193, -1.2 -3.5008 -10.2281, -1.2 -3.4771 -10.2422, -1.1594 -3.4771 -10.2388, -1.2 -3.4597 -10.2597, -1.2 -3.4422 -10.2771, -1.2 -3.5193 -10.217, -1.1637 -3.5193 -10.2139, -1.2 -3.5486 -10.2082, -1.2 -3.5665 -10.2028, -1.2 -3.6 -10.2, -1.0771 -3.6 -10.1578, -1.0 -3.6 -10.0, -1.0028 -3.6 -10.0335, -0.9972 -3.5665 -10.0, -1.0 -3.5665 -10.034, -0.9918 -3.5486 -10.0, -0.9861 -3.5193 -10.0363, -0.983 -3.5193 -10.0, -0.9719 -3.5008 -10.0, -0.9612 -3.4771 -10.0406, -0.9578 -3.4771 -10.0, -0.9403 -3.4597 -10.0, -0.9269 -3.4422 -10.0464, -0.9229 -3.4422 -10.0, -0.8992 -3.4281 -10.0, -0.8852 -3.417 -10.0535, -0.8807 -3.417 -10.0, -0.8514 -3.4082 -10.0, -0.8387 -3.4028 -10.0614, -0.8335 -3.4028 -10.0, -0.8 -3.4 -10.0, -0.8083 -3.4 -10.0667, -0.8121 -3.4 -10.0978, -0.8359 -3.4 -10.1606, -1.1125 -3.5193 -10.1986, -1.1023 -3.4771 -10.2217, -1.0883 -3.4422 -10.2535, -1.0712 -3.417 -10.2922, -1.0597 -3.6 -10.1403, -1.0753 -3.5665 -10.16, -1.0666 -3.5193 -10.1712, -1.0511 -3.4771 -10.1911, -1.0297 -3.4422 -10.2185, -1.0037 -3.417 -10.2519, -1.0288 -3.5193 -10.1334, -1.0089 -3.4771 -10.1489, -0.9815 -3.4422 -10.1703, -0.9481 -3.417 -10.1963, -1.0014 -3.5193 -10.0875, -0.9783 -3.4771 -10.0977, -0.9465 -3.4422 -10.1117, -0.9078 -3.417 -10.1288, -0.8646 -3.4028 -10.1478, -0.845 -3.4 -10.1845, 0.8034 -3.4 -10.0528, 0.807 -3.4 -10.0667, 0.8387 -3.4028 -10.0614, 0.826 -3.4 -10.1418, 0.8357 -3.4 -10.1605, 0.8646 -3.4028 -10.1478, 0.8691 -3.4 -10.2249, 0.8862 -3.4 -10.2443, 0.9109 -3.4028 -10.2253, 0.9352 -3.4 -10.2998, 0.9554 -3.4 -10.3137, 0.9747 -3.4028 -10.2891, 1.1486 -3.6 -10.1918, 1.1193 -3.6 -10.183, 1.1182 -3.5665 -10.1856, 1.1008 -3.6 -10.1719, 1.0771 -3.6 -10.1578, 1.0753 -3.5665 -10.16, 1.0281 -3.6 -10.0992, 1.017 -3.6 -10.0807, 1.0144 -3.5665 -10.0818, 1.0082 -3.6 -10.0514, 1.0028 -3.6 -10.0335, 1.0 -3.5665 -10.034, 1.0 -3.6 -10.0, 1.0422 -3.6 -10.1229, 1.2 -3.6 -10.2, 1.1665 -3.6 -10.1972, 1.2 -3.5665 -10.2028, 1.166 -3.5665 -10.2, 1.2 -3.5558 -10.206, 1.1637 -3.5193 -10.2139, 1.2 -3.4755 -10.2438, 1.2 -3.4771 -10.2422, 1.1594 -3.4771 -10.2388, 1.2 -3.5136 -10.2204, 1.2 -3.5193 -10.217, 1.2 -3.4438 -10.2755, 1.1536 -3.4422 -10.2731, 1.2 -3.4422 -10.2771, 1.2 -3.4204 -10.3136, 1.1465 -3.417 -10.3148, 1.2 -3.417 -10.3193, 1.2 -3.406 -10.3558, 1.1386 -3.4028 -10.3613, 1.2 -3.4028 -10.3665, 1.2 -3.4 -10.4, 1.1333 -3.4 -10.3917, 1.1022 -3.4 -10.3879, 1.0394 -3.4 -10.3641, 0.8 -3.4 -10.0, 0.8335 -3.4028 -10.0, 0.8514 -3.4082 -10.0, 0.8852 -3.417 -10.0535, 0.8807 -3.417 -10.0, 0.8992 -3.4281 -10.0, 0.9269 -3.4422 -10.0464, 0.9229 -3.4422 -10.0, 0.9403 -3.4597 -10.0, 0.9612 -3.4771 -10.0406, 0.9578 -3.4771 -10.0, 0.9972 -3.5665 -10.0, 0.9918 -3.5486 -10.0, 0.9861 -3.5193 -10.0363, 0.983 -3.5193 -10.0, 0.9719 -3.5008 -10.0, 1.0155 -3.4 -10.355, 1.0522 -3.4028 -10.3354, 1.0712 -3.417 -10.2922, 1.0883 -3.4422 -10.2535, 1.1023 -3.4771 -10.2217, 1.1125 -3.5193 -10.1986, 1.0037 -3.417 -10.2519, 1.0297 -3.4422 -10.2185, 1.0511 -3.4771 -10.1911, 1.0666 -3.5193 -10.1712, 0.9481 -3.417 -10.1963, 0.9815 -3.4422 -10.1703, 1.0089 -3.4771 -10.1489, 1.0288 -3.5193 -10.1334, 1.04 -3.5665 -10.1247, 1.0597 -3.6 -10.1403, 0.9078 -3.417 -10.1288, 0.9465 -3.4422 -10.1117, 0.9783 -3.4771 -10.0977, 1.0014 -3.5193 -10.0875, 0.8 -3.411 -8.8345, -0.8 -3.4105 -8.8394, 0.8 -3.4079 -8.8485, -0.8 -3.4068 -8.8482, 0.8 -3.4012 -8.8784, -0.8 -3.4 -8.9, 0.8 -3.4 -8.9, 0.8 -3.4586 -8.7586, -0.8 -3.446 -8.775, 0.8 -3.4305 -8.7938, -0.8 -3.4428 -8.7791, 0.8 -3.4274 -8.8003, -0.8 -3.4268 -8.8, -0.8 -3.4143 -8.8302, 0.8 -3.5003 -8.7274, -0.8 -3.5 -8.7268, 0.8 -3.4938 -8.7305, -0.8 -3.4849 -8.7384, -0.8 -3.4586 -8.7586, 0.8 -3.6 -8.7, -0.8 -3.6 -8.7, 0.8 -3.5784 -8.7012, -0.8 -3.5627 -8.7049, 0.8 -3.5485 -8.7079, -0.8 -3.5482 -8.7068, 0.8 -3.5345 -8.711, -0.8 -3.5245 -8.7166, -0.8 -3.5047 -8.7249, 5.975 -4.2 -11.85, 5.975 -4.2 -11.45, 5.9537 -4.0382 -11.85, 5.9537 -4.0382 -11.45, 5.8913 -3.8875 -11.85, 5.8913 -3.8875 -11.45, 5.7919 -3.7581 -11.85, 5.7919 -3.7581 -11.45, 5.6625 -3.6587 -11.85, 5.6625 -3.6587 -11.45, 5.5118 -3.5963 -11.85, 5.5118 -3.5963 -11.45, 5.35 -3.575 -11.85, 5.35 -3.575 -11.45, 5.1882 -3.5963 -11.85, 5.1882 -3.5963 -11.45, 5.0375 -3.6587 -11.85, 5.0375 -3.6587 -11.45, 4.9081 -3.7581 -11.85, 4.9081 -3.7581 -11.45, 4.8087 -3.8875 -11.85, 4.8087 -3.8875 -11.45, 4.7463 -4.0382 -11.85, 4.7463 -4.0382 -11.45, 4.725 -4.2 -11.85, 4.725 -4.2 -11.45, 4.7463 -4.3618 -11.85, 4.7463 -4.3618 -11.45, 4.8087 -4.5125 -11.85, 4.8087 -4.5125 -11.45, 4.9081 -4.6419 -11.85, 4.9081 -4.6419 -11.45, 5.0375 -4.7413 -11.85, 5.0375 -4.7413 -11.45, 5.1882 -4.8037 -11.85, 5.1882 -4.8037 -11.45, 5.35 -4.825 -11.85, 5.35 -4.825 -11.45, 5.5118 -4.8037 -11.85, 5.5118 -4.8037 -11.45, 5.6625 -4.7413 -11.85, 5.6625 -4.7413 -11.45, 5.7919 -4.6419 -11.85, 5.7919 -4.6419 -11.45, 5.8913 -4.5125 -11.85, 5.8913 -4.5125 -11.45, 5.9537 -4.3618 -11.85, 5.9537 -4.3618 -11.45, 5.975 4.2 -11.85, 5.975 4.2 -11.45, 5.9537 4.3618 -11.85, 5.9537 4.3618 -11.45, 5.8913 4.5125 -11.85, 5.8913 4.5125 -11.45, 5.7919 4.6419 -11.85, 5.7919 4.6419 -11.45, 5.6625 4.7413 -11.85, 5.6625 4.7413 -11.45, 5.5118 4.8037 -11.85, 5.5118 4.8037 -11.45, 5.35 4.825 -11.85, 5.35 4.825 -11.45, 5.1882 4.8037 -11.85, 5.1882 4.8037 -11.45, 5.0375 4.7413 -11.85, 5.0375 4.7413 -11.45, 4.9081 4.6419 -11.85, 4.9081 4.6419 -11.45, 4.8087 4.5125 -11.85, 4.8087 4.5125 -11.45, 4.7463 4.3618 -11.85, 4.7463 4.3618 -11.45, 4.725 4.2 -11.85, 4.725 4.2 -11.45, 4.7463 4.0382 -11.85, 4.7463 4.0382 -11.45, 4.8087 3.8875 -11.85, 4.8087 3.8875 -11.45, 4.9081 3.7581 -11.85, 4.9081 3.7581 -11.45, 5.0375 3.6587 -11.85, 5.0375 3.6587 -11.45, 5.1882 3.5963 -11.85, 5.1882 3.5963 -11.45, 5.35 3.575 -11.85, 5.35 3.575 -11.45, 5.5118 3.5963 -11.85, 5.5118 3.5963 -11.45, 5.6625 3.6587 -11.85, 5.6625 3.6587 -11.45, 5.7919 3.7581 -11.85, 5.7919 3.7581 -11.45, 5.8913 3.8875 -11.85, 5.8913 3.8875 -11.45, 5.9537 4.0382 -11.85, 5.9537 4.0382 -11.45, -0.9709 -3.5383 -8.8164, -0.9602 -3.5683 -8.7846, -0.9652 -3.5776 -8.7896, -0.9414 -3.6 -8.7586, -0.9537 -3.5612 -8.778, -0.8274 -3.4254 -8.8064, -0.8321 -3.464 -8.7569, -0.8091 -3.489 -8.7339, -0.8216 -3.6 -8.7012, -0.8246 -3.5676 -8.7042, -0.9414 -3.4586 -8.9, -0.925 -3.446 -8.9, -0.9431 -3.464 -8.8679, -0.8518 -3.4068 -8.9, -0.8304 -3.4047 -8.8696, -0.8606 -3.4105 -8.9, -0.8605 -3.4192 -8.8395, -0.8698 -3.4143 -8.9, -0.9 -3.4268 -8.9, -0.8936 -3.4254 -8.8726, -0.9209 -3.4428 -8.9, -0.9163 -3.4483 -8.8412, -0.9616 -3.4849 -8.9, -0.9661 -3.489 -8.8909, -0.9732 -3.5 -8.9, -0.9751 -3.5047 -8.9, -0.9932 -3.5482 -8.9, -0.987 -3.5373 -8.8665, -0.9958 -3.5676 -8.8754, -0.9951 -3.5627 -8.9, -0.9988 -3.6 -8.8784, -1.0 -3.6 -8.9, -0.8335 -3.5373 -8.713, -0.9684 -3.5884 -8.7927, -0.9869 -3.5774 -8.8324, -0.9807 -3.5564 -8.8262, -0.9581 -3.5244 -8.8036, -0.9545 -3.4915 -8.8341, -0.946 -3.5568 -8.7704, -0.8676 -3.5774 -8.7131, -0.9104 -3.5776 -8.7348, -0.8738 -3.5564 -8.7193, -0.9154 -3.5683 -8.7398, -0.8836 -3.5383 -8.7291, -0.8655 -3.6 -8.711, -0.8997 -3.6 -8.7274, -0.9073 -3.5884 -8.7316, -0.9062 -3.6 -8.7305, -0.9695 -3.6 -8.7938, -0.9726 -3.6 -8.8003, -0.989 -3.6 -8.8345, -0.9921 -3.6 -8.8485, -0.9729 -3.5114 -8.8525, -0.9432 -3.5157 -8.7887, -0.9331 -3.4789 -8.8127, -0.8475 -3.5114 -8.7271, -0.8515 -3.6 -8.7079, -0.9834 -3.5245 -8.9, -0.8588 -3.4483 -8.7837, -0.8873 -3.4789 -8.7669, -0.8659 -3.4915 -8.7455, -0.9113 -3.5157 -8.7568, -0.8964 -3.5244 -8.7419, -0.9296 -3.5568 -8.754, -0.922 -3.5612 -8.7463, -0.8876 -3.443 -8.8124, -0.9102 -3.4747 -8.7898, -0.9273 -3.5127 -8.7727, -0.9378 -3.5552 -8.7622, 0.8 -4.23 -8.7, -0.8 -4.23 -8.7, 0.8617 -3.4291 -8.8164, 0.8317 -3.4398 -8.7846, 0.8224 -3.4348 -8.7896, 0.8388 -3.4463 -8.778, 0.9895 -3.6 -8.8394, 0.9857 -3.6 -8.8302, 0.9746 -3.5726 -8.8064, 0.9572 -3.6 -8.7791, 0.954 -3.6 -8.775, 0.936 -3.5679 -8.7569, 0.9414 -3.6 -8.7586, 0.9151 -3.6 -8.7384, 0.911 -3.5909 -8.7339, 0.8324 -3.5754 -8.7042, 0.9414 -3.4586 -8.9, 0.954 -3.475 -8.9, 0.936 -3.4569 -8.8679, 0.9932 -3.5482 -8.9, 1.0 -3.6 -8.9, 0.9953 -3.5696 -8.8696, 0.9895 -3.5394 -8.9, 0.9808 -3.5395 -8.8395, 0.9857 -3.5302 -8.9, 0.9732 -3.5 -8.9, 0.9746 -3.5064 -8.8726, 0.9572 -3.4791 -8.9, 0.9517 -3.4837 -8.8412, 0.9151 -3.4384 -8.9, 0.911 -3.4339 -8.8909, 0.9 -3.4268 -8.9, 0.8953 -3.4249 -8.9, 0.8518 -3.4068 -8.9, 0.8627 -3.413 -8.8665, 0.8324 -3.4042 -8.8754, 0.8373 -3.4049 -8.9, 0.8953 -3.6 -8.7249, 0.8755 -3.6 -8.7166, 0.8627 -3.5665 -8.713, 0.8518 -3.6 -8.7068, 0.8373 -3.6 -8.7049, 0.8116 -3.4316 -8.7927, 0.8226 -3.4131 -8.8324, 0.8436 -3.4193 -8.8262, 0.8756 -3.4419 -8.8036, 0.9085 -3.4455 -8.8341, 0.8432 -3.454 -8.7704, 0.8226 -3.5324 -8.7131, 0.8224 -3.4896 -8.7348, 0.8436 -3.5262 -8.7193, 0.8317 -3.4846 -8.7398, 0.8617 -3.5164 -8.7291, 0.8116 -3.4927 -8.7316, 0.8886 -3.4271 -8.8525, 0.8843 -3.4568 -8.7887, 0.9211 -3.4669 -8.8127, 0.9 -3.6 -8.7268, 0.8886 -3.5525 -8.7271, 0.8755 -3.4166 -8.9, 0.9732 -3.6 -8.8, 0.9517 -3.5412 -8.7837, 0.9211 -3.5127 -8.7669, 0.9085 -3.5341 -8.7455, 0.8843 -3.4887 -8.7568, 0.8756 -3.5036 -8.7419, 0.8432 -3.4704 -8.754, 0.8388 -3.478 -8.7463, 0.957 -3.5124 -8.8124, 0.9253 -3.4898 -8.7898, 0.8873 -3.4727 -8.7727, 0.8448 -3.4622 -8.7622, 0.9932 -3.6 -8.8482, -4.8087 4.5125 -11.45, -4.7463 4.3618 -11.45, -5.35 4.2 -11.45, -4.725 4.2 -11.45, -4.7463 4.0382 -11.45, -5.1882 4.8037 -11.45, -5.0375 4.7413 -11.45, -4.9081 4.6419 -11.45, -5.6625 4.7413 -11.45, -5.5118 4.8037 -11.45, -5.35 4.825 -11.45, -5.9537 4.3618 -11.45, -5.8913 4.5125 -11.45, -5.7919 4.6419 -11.45, -5.8913 3.8875 -11.45, -5.9537 4.0382 -11.45, -5.975 4.2 -11.45, -5.5118 3.5963 -11.45, -5.6625 3.6587 -11.45, -5.7919 3.7581 -11.45, -5.0375 3.6587 -11.45, -5.1882 3.5963 -11.45, -5.35 3.575 -11.45, -4.8087 3.8875 -11.45, -4.9081 3.7581 -11.45, -4.9081 3.7581 -11.45
            ]
        }
        coordIndex [
            0,1,2,-1,2,1,3,-1,2,3,4,-1,4,3,5,-1,4,5,6,-1,6,5,7,-1,6,7,8,-1,8,7,9,-1,8,9,10,-1,10,9,11,-1,10,11,12,-1,12,11,13,-1,12,13,14,-1,14,13,15,-1,14,15,16,-1,16,15,17,-1,16,17,18,-1,18,17,19,-1,18,19,20,-1,20,19,21,-1,20,21,22,-1,22,21,23,-1,22,23,24,-1,24,23,25,-1,24,25,26,-1,26,25,27,-1,26,27,28,-1,28,27,29,-1,28,29,30,-1,30,29,31,-1,30,31,32,-1,32,31,33,-1,32,33,34,-1,34,33,35,-1,34,35,36,-1,36,35,37,-1,36,37,38,-1,38,37,39,-1,38,39,40,-1,40,39,41,-1,40,41,42,-1,42,41,43,-1,42,43,44,-1,44,43,45,-1,44,45,46,-1,46,45,47,-1,46,47,0,-1,0,47,1,-1,48,49,50,-1,51,52,53,-1,54,55,56,-1,57,58,59,-1,60,61,62,-1,63,64,65,-1,66,67,68,-1,69,70,71,-1,72,69,73,-1,73,69,71,-1,73,71,74,-1,74,71,75,-1,76,77,75,-1,75,77,78,-1,75,78,74,-1,79,80,81,-1,81,80,82,-1,81,82,76,-1,76,82,83,-1,76,83,77,-1,79,81,84,-1,84,81,85,-1,84,85,86,-1,86,85,68,-1,86,68,87,-1,87,68,67,-1,87,67,88,-1,63,65,89,-1,90,91,92,-1,92,91,93,-1,92,93,94,-1,94,93,95,-1,94,95,96,-1,96,95,97,-1,97,95,98,-1,97,98,99,-1,99,98,100,-1,100,98,101,-1,100,101,102,-1,102,101,103,-1,103,101,104,-1,103,104,105,-1,105,104,106,-1,106,104,107,-1,106,107,108,-1,109,108,110,-1,110,108,107,-1,110,107,111,-1,111,107,112,-1,64,66,65,-1,65,66,68,-1,65,68,113,-1,113,68,85,-1,113,85,114,-1,114,85,81,-1,114,81,115,-1,115,81,76,-1,115,76,116,-1,116,76,75,-1,116,75,50,-1,50,75,71,-1,50,71,48,-1,48,71,70,-1,117,89,118,-1,118,89,65,-1,118,65,119,-1,119,65,113,-1,119,113,120,-1,120,113,114,-1,120,114,121,-1,121,114,115,-1,121,115,122,-1,122,115,116,-1,122,116,53,-1,53,116,50,-1,53,50,51,-1,51,50,49,-1,61,117,62,-1,62,117,118,-1,62,118,123,-1,123,118,119,-1,123,119,124,-1,124,119,120,-1,124,120,125,-1,125,120,121,-1,125,121,126,-1,126,121,122,-1,126,122,56,-1,56,122,53,-1,56,53,54,-1,54,53,52,-1,58,60,59,-1,59,60,62,-1,59,62,127,-1,127,62,123,-1,127,123,128,-1,128,123,124,-1,128,124,129,-1,129,124,125,-1,129,125,130,-1,130,125,126,-1,130,126,131,-1,131,126,56,-1,131,56,132,-1,132,56,55,-1,91,57,93,-1,93,57,59,-1,93,59,95,-1,95,59,127,-1,95,127,98,-1,98,127,128,-1,98,128,101,-1,101,128,129,-1,101,129,104,-1,104,129,130,-1,104,130,107,-1,107,130,131,-1,107,131,112,-1,112,131,132,-1,133,134,135,-1,136,137,138,-1,139,140,141,-1,142,143,144,-1,145,146,147,-1,148,149,150,-1,151,152,153,-1,154,155,156,-1,156,155,157,-1,151,153,158,-1,159,160,161,-1,161,160,162,-1,161,162,163,-1,163,162,164,-1,165,166,167,-1,167,166,168,-1,167,168,164,-1,164,168,169,-1,164,169,163,-1,165,167,170,-1,170,167,171,-1,170,171,172,-1,172,171,173,-1,173,171,174,-1,173,174,175,-1,175,174,176,-1,176,174,177,-1,176,177,178,-1,179,178,180,-1,180,178,177,-1,180,177,181,-1,181,177,182,-1,183,133,184,-1,184,133,135,-1,184,135,185,-1,185,135,186,-1,185,186,187,-1,187,186,188,-1,188,186,189,-1,188,189,190,-1,190,189,191,-1,191,189,192,-1,191,192,193,-1,157,194,156,-1,156,194,195,-1,156,195,196,-1,196,195,197,-1,196,197,192,-1,192,197,198,-1,192,198,193,-1,199,182,200,-1,200,182,177,-1,200,177,201,-1,201,177,174,-1,201,174,202,-1,202,174,171,-1,202,171,203,-1,203,171,167,-1,203,167,204,-1,204,167,164,-1,204,164,147,-1,147,164,162,-1,147,162,145,-1,145,162,160,-1,143,199,144,-1,144,199,200,-1,144,200,205,-1,205,200,201,-1,205,201,206,-1,206,201,202,-1,206,202,207,-1,207,202,203,-1,207,203,208,-1,208,203,204,-1,208,204,150,-1,150,204,147,-1,150,147,148,-1,148,147,146,-1,140,142,141,-1,141,142,144,-1,141,144,209,-1,209,144,205,-1,209,205,210,-1,210,205,206,-1,210,206,211,-1,211,206,207,-1,211,207,212,-1,212,207,208,-1,212,208,213,-1,213,208,150,-1,213,150,214,-1,214,150,149,-1,137,139,138,-1,138,139,141,-1,138,141,215,-1,215,141,209,-1,215,209,216,-1,216,209,210,-1,216,210,217,-1,217,210,211,-1,217,211,218,-1,218,211,212,-1,218,212,153,-1,153,212,213,-1,153,213,158,-1,158,213,214,-1,134,136,135,-1,135,136,138,-1,135,138,186,-1,186,138,215,-1,186,215,189,-1,189,215,216,-1,189,216,192,-1,192,216,217,-1,192,217,196,-1,196,217,218,-1,196,218,156,-1,156,218,153,-1,156,153,154,-1,154,153,152,-1,219,220,221,-1,221,220,222,-1,221,222,223,-1,223,222,224,-1,223,224,225,-1,226,227,228,-1,228,227,229,-1,228,229,230,-1,230,229,231,-1,230,231,219,-1,219,231,232,-1,219,232,220,-1,233,234,235,-1,235,234,236,-1,235,236,226,-1,226,236,237,-1,226,237,227,-1,238,239,240,-1,240,239,241,-1,240,241,242,-1,242,241,243,-1,242,243,244,-1,244,243,245,-1,244,245,233,-1,233,245,246,-1,233,246,234,-1,247,248,249,-1,249,248,250,-1,249,250,251,-1,251,250,252,-1,251,252,253,-1,253,252,254,-1,253,254,255,-1,255,254,256,-1,255,256,257,-1,257,256,258,-1,257,258,259,-1,259,258,260,-1,259,260,261,-1,261,260,262,-1,261,262,263,-1,263,262,264,-1,263,264,265,-1,265,264,266,-1,265,266,267,-1,267,266,268,-1,267,268,269,-1,269,268,270,-1,269,270,271,-1,271,270,272,-1,271,272,273,-1,273,272,274,-1,273,274,275,-1,275,274,276,-1,275,276,277,-1,277,276,278,-1,277,278,279,-1,279,278,280,-1,279,280,281,-1,281,280,282,-1,281,282,283,-1,283,282,284,-1,283,284,285,-1,285,284,286,-1,285,286,287,-1,287,286,288,-1,287,288,289,-1,289,288,290,-1,289,290,291,-1,291,290,292,-1,291,292,293,-1,293,292,294,-1,293,294,247,-1,247,294,248,-1,295,296,297,-1,297,296,298,-1,297,298,299,-1,299,298,300,-1,299,300,301,-1,301,300,302,-1,301,302,303,-1,303,302,304,-1,303,304,305,-1,305,304,306,-1,305,306,307,-1,307,306,308,-1,307,308,309,-1,309,308,310,-1,309,310,311,-1,311,310,312,-1,311,312,313,-1,313,312,314,-1,313,314,315,-1,315,314,316,-1,315,316,317,-1,317,316,318,-1,317,318,319,-1,319,318,320,-1,319,320,321,-1,321,320,322,-1,321,322,323,-1,323,322,324,-1,323,324,325,-1,325,324,326,-1,325,326,327,-1,327,326,328,-1,327,328,329,-1,329,328,330,-1,329,330,331,-1,331,330,332,-1,331,332,333,-1,333,332,334,-1,333,334,335,-1,335,334,336,-1,335,336,337,-1,337,336,338,-1,337,338,339,-1,339,338,340,-1,339,340,341,-1,341,340,342,-1,341,342,295,-1,295,342,296,-1,343,344,345,-1,345,344,346,-1,347,346,344,-1,220,232,348,-1,229,227,349,-1,237,236,350,-1,239,351,352,-1,353,354,355,-1,356,224,357,-1,356,357,358,-1,358,357,359,-1,358,359,360,-1,361,362,363,-1,363,362,364,-1,363,364,354,-1,365,366,367,-1,367,366,368,-1,369,370,371,-1,369,371,372,-1,372,371,373,-1,372,373,374,-1,246,245,375,-1,375,245,243,-1,375,243,352,-1,352,243,241,-1,352,241,239,-1,376,377,378,-1,347,344,379,-1,379,344,343,-1,379,343,380,-1,381,346,347,-1,382,383,384,-1,384,383,385,-1,384,385,386,-1,387,388,389,-1,389,388,390,-1,389,390,346,-1,346,391,376,-1,376,391,392,-1,376,392,377,-1,377,392,393,-1,377,393,394,-1,395,378,370,-1,370,378,377,-1,370,377,371,-1,371,377,394,-1,371,394,373,-1,381,347,396,-1,396,347,379,-1,396,379,397,-1,397,379,380,-1,397,380,364,-1,236,234,350,-1,350,234,246,-1,350,246,398,-1,398,246,375,-1,398,375,386,-1,386,375,384,-1,384,375,352,-1,384,352,382,-1,382,352,351,-1,382,351,399,-1,369,400,370,-1,370,400,368,-1,370,368,395,-1,395,368,366,-1,395,366,355,-1,355,366,365,-1,355,365,353,-1,354,364,355,-1,355,364,380,-1,355,380,395,-1,395,380,343,-1,395,343,378,-1,378,343,345,-1,378,345,376,-1,376,345,346,-1,232,231,348,-1,348,231,229,-1,348,229,401,-1,401,229,349,-1,401,349,402,-1,402,349,403,-1,402,403,404,-1,404,403,405,-1,404,405,406,-1,406,405,407,-1,406,407,346,-1,227,237,349,-1,349,237,350,-1,349,350,403,-1,403,350,398,-1,403,398,405,-1,405,398,386,-1,405,386,407,-1,407,386,385,-1,407,385,346,-1,383,346,385,-1,399,387,382,-1,382,387,389,-1,382,389,383,-1,383,389,346,-1,361,360,362,-1,362,360,359,-1,362,359,364,-1,364,359,408,-1,364,408,397,-1,397,408,409,-1,397,409,396,-1,396,409,410,-1,396,410,381,-1,381,410,411,-1,381,411,346,-1,224,222,357,-1,357,222,220,-1,357,220,359,-1,359,220,348,-1,359,348,408,-1,408,348,401,-1,408,401,409,-1,409,401,402,-1,409,402,410,-1,410,402,404,-1,410,404,411,-1,411,404,406,-1,411,406,346,-1,412,413,238,-1,238,413,239,-1,414,415,416,-1,416,415,226,-1,417,226,415,-1,418,419,420,-1,421,422,423,-1,424,425,426,-1,238,240,427,-1,428,429,430,-1,431,432,433,-1,431,433,434,-1,434,433,435,-1,434,435,436,-1,437,438,439,-1,439,438,440,-1,439,440,429,-1,441,442,443,-1,443,442,444,-1,445,446,447,-1,445,447,448,-1,448,447,223,-1,448,223,225,-1,449,450,451,-1,451,450,452,-1,451,452,427,-1,427,452,453,-1,427,453,238,-1,454,455,456,-1,417,415,457,-1,457,415,414,-1,457,414,458,-1,459,226,417,-1,460,461,462,-1,462,461,463,-1,462,463,464,-1,244,233,465,-1,465,233,235,-1,465,235,226,-1,226,228,454,-1,454,228,230,-1,454,230,455,-1,455,230,219,-1,455,219,221,-1,466,456,446,-1,446,456,455,-1,446,455,447,-1,447,455,221,-1,447,221,223,-1,459,417,467,-1,467,417,457,-1,467,457,468,-1,468,457,458,-1,468,458,440,-1,425,469,426,-1,426,469,449,-1,426,449,470,-1,470,449,451,-1,470,451,464,-1,464,451,462,-1,462,451,427,-1,462,427,460,-1,460,427,240,-1,460,240,242,-1,445,471,446,-1,446,471,444,-1,446,444,466,-1,466,444,442,-1,466,442,430,-1,430,442,441,-1,430,441,428,-1,429,440,430,-1,430,440,458,-1,430,458,466,-1,466,458,414,-1,466,414,456,-1,456,414,416,-1,456,416,454,-1,454,416,226,-1,419,472,420,-1,420,472,421,-1,420,421,473,-1,473,421,423,-1,473,423,474,-1,474,423,475,-1,474,475,476,-1,476,475,477,-1,476,477,478,-1,478,477,479,-1,478,479,226,-1,422,424,423,-1,423,424,426,-1,423,426,475,-1,475,426,470,-1,475,470,477,-1,477,470,464,-1,477,464,479,-1,479,464,463,-1,479,463,226,-1,461,226,463,-1,242,244,460,-1,460,244,465,-1,460,465,461,-1,461,465,226,-1,437,436,438,-1,438,436,435,-1,438,435,440,-1,440,435,480,-1,440,480,468,-1,468,480,481,-1,468,481,467,-1,467,481,482,-1,467,482,459,-1,459,482,483,-1,459,483,226,-1,432,484,433,-1,433,484,418,-1,433,418,435,-1,435,418,420,-1,435,420,480,-1,480,420,473,-1,480,473,481,-1,481,473,474,-1,481,474,482,-1,482,474,476,-1,482,476,483,-1,483,476,478,-1,483,478,226,-1,485,486,487,-1,487,486,488,-1,487,488,489,-1,490,491,487,-1,487,491,492,-1,487,492,485,-1,493,494,487,-1,487,494,495,-1,487,495,490,-1,496,497,487,-1,487,497,498,-1,487,498,493,-1,499,500,487,-1,487,500,501,-1,487,501,496,-1,502,503,487,-1,487,503,504,-1,487,504,499,-1,505,506,487,-1,487,506,507,-1,487,507,502,-1,489,508,487,-1,487,508,509,-1,487,509,505,-1,
        ]
    }
}
Shape{
    appearance Appearance {
        material  Material 	{
            diffuseColor 0.7529411764705882 0.7529411764705882 0.7529411764705882
            specularColor 0.3764705882352941 0.3764705882352941 0.3764705882352941
            ambientIntensity 0.2
            transparency 0
            shininess 0.5
        }
    }
    geometry IndexedFaceSet {
        ccw TRUE
        solid FALSE
        coord DEF co Coordinate {
            point [
                1.2058 -1.7195 -13.07, 1.2209 -1.7559 -13.07, 1.075 -1.795 -13.07, 1.226 -1.795 -13.07, 1.2209 -1.8341 -13.07, 1.1141 -1.6491 -13.07, 1.1505 -1.6642 -13.07, 1.1818 -1.6882 -13.07, 0.9995 -1.6642 -13.07, 1.0359 -1.6491 -13.07, 1.075 -1.644 -13.07, 0.9291 -1.7559 -13.07, 0.9442 -1.7195 -13.07, 0.9682 -1.6882 -13.07, 0.9442 -1.8705 -13.07, 0.9291 -1.8341 -13.07, 0.924 -1.795 -13.07, 1.0359 -1.9409 -13.07, 0.9995 -1.9258 -13.07, 0.9682 -1.9018 -13.07, 1.1505 -1.9258 -13.07, 1.1141 -1.9409 -13.07, 1.075 -1.946 -13.07, 1.2058 -1.8705 -13.07, 1.1818 -1.9018 -13.07, 2.9558 -1.7195 -13.07, 2.9709 -1.7559 -13.07, 2.825 -1.795 -13.07, 2.976 -1.795 -13.07, 2.9709 -1.8341 -13.07, 2.8641 -1.6491 -13.07, 2.9005 -1.6642 -13.07, 2.9318 -1.6882 -13.07, 2.7495 -1.6642 -13.07, 2.7859 -1.6491 -13.07, 2.825 -1.644 -13.07, 2.6791 -1.7559 -13.07, 2.6942 -1.7195 -13.07, 2.7182 -1.6882 -13.07, 2.6942 -1.8705 -13.07, 2.6791 -1.8341 -13.07, 2.674 -1.795 -13.07, 2.7859 -1.9409 -13.07, 2.7495 -1.9258 -13.07, 2.7182 -1.9018 -13.07, 2.9005 -1.9258 -13.07, 2.8641 -1.9409 -13.07, 2.825 -1.946 -13.07, 2.9558 -1.8705 -13.07, 2.9318 -1.9018 -13.07, -0.9442 -1.7195 -13.07, -0.9291 -1.7559 -13.07, -1.075 -1.795 -13.07, -0.924 -1.795 -13.07, -0.9291 -1.8341 -13.07, -1.0359 -1.6491 -13.07, -0.9995 -1.6642 -13.07, -0.9682 -1.6882 -13.07, -1.1505 -1.6642 -13.07, -1.1141 -1.6491 -13.07, -1.075 -1.644 -13.07, -1.2209 -1.7559 -13.07, -1.2058 -1.7195 -13.07, -1.1818 -1.6882 -13.07, -1.2058 -1.8705 -13.07, -1.2209 -1.8341 -13.07, -1.226 -1.795 -13.07, -1.1141 -1.9409 -13.07, -1.1505 -1.9258 -13.07, -1.1818 -1.9018 -13.07, -0.9995 -1.9258 -13.07, -1.0359 -1.9409 -13.07, -1.075 -1.946 -13.07, -0.9442 -1.8705 -13.07, -0.9682 -1.9018 -13.07, 1.2058 1.8705 -13.07, 1.2209 1.8341 -13.07, 1.075 1.795 -13.07, 1.226 1.795 -13.07, 1.2209 1.7559 -13.07, 1.1141 1.9409 -13.07, 1.1505 1.9258 -13.07, 1.1818 1.9018 -13.07, 0.9995 1.9258 -13.07, 1.0359 1.9409 -13.07, 1.075 1.946 -13.07, 0.9291 1.8341 -13.07, 0.9442 1.8705 -13.07, 0.9682 1.9018 -13.07, 0.9442 1.7195 -13.07, 0.9291 1.7559 -13.07, 0.924 1.795 -13.07, 1.0359 1.6491 -13.07, 0.9995 1.6642 -13.07, 0.9682 1.6882 -13.07, 1.1505 1.6642 -13.07, 1.1141 1.6491 -13.07, 1.075 1.644 -13.07, 1.2058 1.7195 -13.07, 1.1818 1.6882 -13.07, 2.9558 1.8705 -13.07, 2.9709 1.8341 -13.07, 2.825 1.795 -13.07, 2.976 1.795 -13.07, 2.9709 1.7559 -13.07, 2.8641 1.9409 -13.07, 2.9005 1.9258 -13.07, 2.9318 1.9018 -13.07, 2.7495 1.9258 -13.07, 2.7859 1.9409 -13.07, 2.825 1.946 -13.07, 2.6791 1.8341 -13.07, 2.6942 1.8705 -13.07, 2.7182 1.9018 -13.07, 2.6942 1.7195 -13.07, 2.6791 1.7559 -13.07, 2.674 1.795 -13.07, 2.7859 1.6491 -13.07, 2.7495 1.6642 -13.07, 2.7182 1.6882 -13.07, 2.9005 1.6642 -13.07, 2.8641 1.6491 -13.07, 2.825 1.644 -13.07, 2.9558 1.7195 -13.07, 2.9318 1.6882 -13.07, -0.9442 1.8705 -13.07, -0.9291 1.8341 -13.07, -1.075 1.795 -13.07, -0.924 1.795 -13.07, -0.9291 1.7559 -13.07, -1.0359 1.9409 -13.07, -0.9995 1.9258 -13.07, -0.9682 1.9018 -13.07, -1.1505 1.9258 -13.07, -1.1141 1.9409 -13.07, -1.075 1.946 -13.07, -1.2209 1.8341 -13.07, -1.2058 1.8705 -13.07, -1.1818 1.9018 -13.07, -1.2058 1.7195 -13.07, -1.2209 1.7559 -13.07, -1.226 1.795 -13.07, -1.1141 1.6491 -13.07, -1.1505 1.6642 -13.07, -1.1818 1.6882 -13.07, -0.9995 1.6642 -13.07, -1.0359 1.6491 -13.07, -1.075 1.644 -13.07, -0.9442 1.7195 -13.07, -0.9682 1.6882 -13.07, -2.6942 -1.7195 -13.07, -2.6791 -1.7559 -13.07, -2.825 -1.795 -13.07, -2.674 -1.795 -13.07, -2.6791 -1.8341 -13.07, -2.7859 -1.6491 -13.07, -2.7495 -1.6642 -13.07, -2.7182 -1.6882 -13.07, -2.9005 -1.6642 -13.07, -2.8641 -1.6491 -13.07, -2.825 -1.644 -13.07, -2.9709 -1.7559 -13.07, -2.9558 -1.7195 -13.07, -2.9318 -1.6882 -13.07, -2.9558 -1.8705 -13.07, -2.9709 -1.8341 -13.07, -2.976 -1.795 -13.07, -2.8641 -1.9409 -13.07, -2.9005 -1.9258 -13.07, -2.9318 -1.9018 -13.07, -2.7495 -1.9258 -13.07, -2.7859 -1.9409 -13.07, -2.825 -1.946 -13.07, -2.6942 -1.8705 -13.07, -2.7182 -1.9018 -13.07, -2.6942 1.8705 -13.07, -2.6791 1.8341 -13.07, -2.825 1.795 -13.07, -2.674 1.795 -13.07, -2.6791 1.7559 -13.07, -2.7859 1.9409 -13.07, -2.7495 1.9258 -13.07, -2.7182 1.9018 -13.07, -2.9005 1.9258 -13.07, -2.8641 1.9409 -13.07, -2.825 1.946 -13.07, -2.9709 1.8341 -13.07, -2.9558 1.8705 -13.07, -2.9318 1.9018 -13.07, -2.9558 1.7195 -13.07, -2.9709 1.7559 -13.07, -2.976 1.795 -13.07, -2.8641 1.6491 -13.07, -2.9005 1.6642 -13.07, -2.9318 1.6882 -13.07, -2.7495 1.6642 -13.07, -2.7859 1.6491 -13.07, -2.825 1.644 -13.07, -2.6942 1.7195 -13.07, -2.7182 1.6882 -13.07, -2.7182 1.6882 -13.07
            ]
        }
        coordIndex [
            0,1,2,-1,2,1,3,-1,2,3,4,-1,5,6,2,-1,2,6,7,-1,2,7,0,-1,8,9,2,-1,2,9,10,-1,2,10,5,-1,11,12,2,-1,2,12,13,-1,2,13,8,-1,14,15,2,-1,2,15,16,-1,2,16,11,-1,17,18,2,-1,2,18,19,-1,2,19,14,-1,20,21,2,-1,2,21,22,-1,2,22,17,-1,4,23,2,-1,2,23,24,-1,2,24,20,-1,25,26,27,-1,27,26,28,-1,27,28,29,-1,30,31,27,-1,27,31,32,-1,27,32,25,-1,33,34,27,-1,27,34,35,-1,27,35,30,-1,36,37,27,-1,27,37,38,-1,27,38,33,-1,39,40,27,-1,27,40,41,-1,27,41,36,-1,42,43,27,-1,27,43,44,-1,27,44,39,-1,45,46,27,-1,27,46,47,-1,27,47,42,-1,29,48,27,-1,27,48,49,-1,27,49,45,-1,50,51,52,-1,52,51,53,-1,52,53,54,-1,55,56,52,-1,52,56,57,-1,52,57,50,-1,58,59,52,-1,52,59,60,-1,52,60,55,-1,61,62,52,-1,52,62,63,-1,52,63,58,-1,64,65,52,-1,52,65,66,-1,52,66,61,-1,67,68,52,-1,52,68,69,-1,52,69,64,-1,70,71,52,-1,52,71,72,-1,52,72,67,-1,54,73,52,-1,52,73,74,-1,52,74,70,-1,75,76,77,-1,77,76,78,-1,77,78,79,-1,80,81,77,-1,77,81,82,-1,77,82,75,-1,83,84,77,-1,77,84,85,-1,77,85,80,-1,86,87,77,-1,77,87,88,-1,77,88,83,-1,89,90,77,-1,77,90,91,-1,77,91,86,-1,92,93,77,-1,77,93,94,-1,77,94,89,-1,95,96,77,-1,77,96,97,-1,77,97,92,-1,79,98,77,-1,77,98,99,-1,77,99,95,-1,100,101,102,-1,102,101,103,-1,102,103,104,-1,105,106,102,-1,102,106,107,-1,102,107,100,-1,108,109,102,-1,102,109,110,-1,102,110,105,-1,111,112,102,-1,102,112,113,-1,102,113,108,-1,114,115,102,-1,102,115,116,-1,102,116,111,-1,117,118,102,-1,102,118,119,-1,102,119,114,-1,120,121,102,-1,102,121,122,-1,102,122,117,-1,104,123,102,-1,102,123,124,-1,102,124,120,-1,125,126,127,-1,127,126,128,-1,127,128,129,-1,130,131,127,-1,127,131,132,-1,127,132,125,-1,133,134,127,-1,127,134,135,-1,127,135,130,-1,136,137,127,-1,127,137,138,-1,127,138,133,-1,139,140,127,-1,127,140,141,-1,127,141,136,-1,142,143,127,-1,127,143,144,-1,127,144,139,-1,145,146,127,-1,127,146,147,-1,127,147,142,-1,129,148,127,-1,127,148,149,-1,127,149,145,-1,150,151,152,-1,152,151,153,-1,152,153,154,-1,155,156,152,-1,152,156,157,-1,152,157,150,-1,158,159,152,-1,152,159,160,-1,152,160,155,-1,161,162,152,-1,152,162,163,-1,152,163,158,-1,164,165,152,-1,152,165,166,-1,152,166,161,-1,167,168,152,-1,152,168,169,-1,152,169,164,-1,170,171,152,-1,152,171,172,-1,152,172,167,-1,154,173,152,-1,152,173,174,-1,152,174,170,-1,175,176,177,-1,177,176,178,-1,177,178,179,-1,180,181,177,-1,177,181,182,-1,177,182,175,-1,183,184,177,-1,177,184,185,-1,177,185,180,-1,186,187,177,-1,177,187,188,-1,177,188,183,-1,189,190,177,-1,177,190,191,-1,177,191,186,-1,192,193,177,-1,177,193,194,-1,177,194,189,-1,195,196,177,-1,177,196,197,-1,177,197,192,-1,179,198,177,-1,177,198,199,-1,177,199,195,-1,
        ]
    }
}
Shape{
    appearance Appearance {
        material  Material 	{
            diffuseColor 0.5019607843137255 0.5019607843137255 0.5019607843137255
            specularColor 0.25098039215686274 0.25098039215686274 0.25098039215686274
            ambientIntensity 0.2
            transparency 0
            shininess 0.5
        }
    }
    geometry IndexedFaceSet {
        ccw TRUE
        solid FALSE
        coord DEF co Coordinate {
            point [
                -4.8087 -3.8875 -11.45, -4.7463 -4.0382 -11.45, -5.35 -4.2 -11.45, -4.725 -4.2 -11.45, -4.7463 -4.3618 -11.45, -5.1882 -3.5963 -11.45, -5.0375 -3.6587 -11.45, -4.9081 -3.7581 -11.45, -5.6625 -3.6587 -11.45, -5.5118 -3.5963 -11.45, -5.35 -3.575 -11.45, -5.9537 -4.0382 -11.45, -5.8913 -3.8875 -11.45, -5.7919 -3.7581 -11.45, -5.8913 -4.5125 -11.45, -5.9537 -4.3618 -11.45, -5.975 -4.2 -11.45, -5.5118 -4.8037 -11.45, -5.6625 -4.7413 -11.45, -5.7919 -4.6419 -11.45, -5.0375 -4.7413 -11.45, -5.1882 -4.8037 -11.45, -5.35 -4.825 -11.45, -4.8087 -4.5125 -11.45, -4.9081 -4.6419 -11.45, 5.8913 -3.8875 -11.45, 5.9537 -4.0382 -11.45, 5.35 -4.2 -11.45, 5.975 -4.2 -11.45, 5.9537 -4.3618 -11.45, 5.5118 -3.5963 -11.45, 5.6625 -3.6587 -11.45, 5.7919 -3.7581 -11.45, 5.0375 -3.6587 -11.45, 5.1882 -3.5963 -11.45, 5.35 -3.575 -11.45, 4.7463 -4.0382 -11.45, 4.8087 -3.8875 -11.45, 4.9081 -3.7581 -11.45, 4.8087 -4.5125 -11.45, 4.7463 -4.3618 -11.45, 4.725 -4.2 -11.45, 5.1882 -4.8037 -11.45, 5.0375 -4.7413 -11.45, 4.9081 -4.6419 -11.45, 5.6625 -4.7413 -11.45, 5.5118 -4.8037 -11.45, 5.35 -4.825 -11.45, 5.8913 -4.5125 -11.45, 5.7919 -4.6419 -11.45, 5.8913 4.5125 -11.45, 5.9537 4.3618 -11.45, 5.35 4.2 -11.45, 5.975 4.2 -11.45, 5.9537 4.0382 -11.45, 5.5118 4.8037 -11.45, 5.6625 4.7413 -11.45, 5.7919 4.6419 -11.45, 5.0375 4.7413 -11.45, 5.1882 4.8037 -11.45, 5.35 4.825 -11.45, 4.7463 4.3618 -11.45, 4.8087 4.5125 -11.45, 4.9081 4.6419 -11.45, 4.8087 3.8875 -11.45, 4.7463 4.0382 -11.45, 4.725 4.2 -11.45, 5.1882 3.5963 -11.45, 5.0375 3.6587 -11.45, 4.9081 3.7581 -11.45, 5.6625 3.6587 -11.45, 5.5118 3.5963 -11.45, 5.35 3.575 -11.45, 5.8913 3.8875 -11.45, 5.7919 3.7581 -11.45, 5.7919 3.7581 -11.45
            ]
        }
        coordIndex [
            0,1,2,-1,2,1,3,-1,2,3,4,-1,5,6,2,-1,2,6,7,-1,2,7,0,-1,8,9,2,-1,2,9,10,-1,2,10,5,-1,11,12,2,-1,2,12,13,-1,2,13,8,-1,14,15,2,-1,2,15,16,-1,2,16,11,-1,17,18,2,-1,2,18,19,-1,2,19,14,-1,20,21,2,-1,2,21,22,-1,2,22,17,-1,4,23,2,-1,2,23,24,-1,2,24,20,-1,25,26,27,-1,27,26,28,-1,27,28,29,-1,30,31,27,-1,27,31,32,-1,27,32,25,-1,33,34,27,-1,27,34,35,-1,27,35,30,-1,36,37,27,-1,27,37,38,-1,27,38,33,-1,39,40,27,-1,27,40,41,-1,27,41,36,-1,42,43,27,-1,27,43,44,-1,27,44,39,-1,45,46,27,-1,27,46,47,-1,27,47,42,-1,29,48,27,-1,27,48,49,-1,27,49,45,-1,50,51,52,-1,52,51,53,-1,52,53,54,-1,55,56,52,-1,52,56,57,-1,52,57,50,-1,58,59,52,-1,52,59,60,-1,52,60,55,-1,61,62,52,-1,52,62,63,-1,52,63,58,-1,64,65,52,-1,52,65,66,-1,52,66,61,-1,67,68,52,-1,52,68,69,-1,52,69,64,-1,70,71,52,-1,52,71,72,-1,52,72,67,-1,54,73,52,-1,52,73,74,-1,52,74,70,-1,
        ]
    }
}
Shape{
    appearance Appearance {
        material  Material 	{
            diffuseColor 0.5019607843137255 0.0 0.0
            specularColor 0.25098039215686274 0.0 0.0
            ambientIntensity 0.2
            transparency 0
            shininess 0.5
        }
    }
    geometry IndexedFaceSet {
        ccw TRUE
        solid FALSE
        coord DEF co Coordinate {
            point [
                -8.1331 0.6877 -5.6, -8.151 0.7044 -5.6, -8.1845 0.673 -5.6038, -9.8746 0.1223 -5.6038, -9.8136 0.3608 -5.6038, -9.8661 0.3573 -5.6, -9.914 0.1817 -5.6, -9.9187 0.1279 -5.6, -9.8744 -0.1239 -5.6038, -9.93 -0.0 -5.6, -9.9279 -0.0665 -5.6, -9.6993 0.6498 -5.6, -9.7317 0.6033 -5.6, -9.6952 0.5767 -5.6038, -9.7874 0.5233 -5.6, -9.8564 0.3776 -5.6, -9.5719 0.7808 -5.6, -9.5268 0.7563 -5.6038, -9.5564 0.7919 -5.6, -9.4252 0.8863 -5.6, -9.319 0.8884 -5.6038, -9.338 0.9289 -5.6, -9.0849 0.9647 -5.6038, -9.1182 1.0068 -5.6, -9.2791 0.9577 -5.6, -8.7556 1.02 -5.6, -8.8364 1.0241 -5.6, -8.8392 0.9804 -5.6038, -8.9378 1.0293 -5.6, -9.0936 1.0099 -5.6, -8.5786 0.9786 -5.6, -8.5973 0.9344 -5.6038, -8.4248 0.914 -5.6, -8.3744 0.8298 -5.6038, -8.351 0.8667 -5.6, -8.2673 0.8129 -5.6, -8.039 0.5658 -5.6, -8.0396 0.4739 -5.6038, -8.0012 0.4952 -5.6, -7.9488 0.2451 -5.6038, -7.9034 0.2567 -5.6, -7.9533 0.4057 -5.6, -7.87 -0.0 -5.6, -7.87 0.0009 -5.6, -7.9177 0.0008 -5.6038, -7.8721 0.0665 -5.6, -7.8991 0.2437 -5.6, -7.886 -0.1817 -5.6, -7.9484 -0.2435 -5.6038, -7.9058 -0.2543 -5.6, -8.1834 -0.6718 -5.6038, -8.1513 -0.7018 -5.6, -8.1007 -0.6498 -5.6, -8.0388 -0.4725 -5.6038, -8.0126 -0.5233 -5.6, -7.999 -0.4945 -5.6, -7.9339 -0.3573 -5.6, -8.5957 -0.9339 -5.6038, -8.5818 -0.9763 -5.6, -8.5209 -0.9577 -5.6, -8.373 -0.8289 -5.6038, -8.3748 -0.8863 -5.6, -8.3486 -0.8674 -5.6, -8.2281 -0.7808 -5.6, -8.8375 -0.9803 -5.6038, -8.8347 -1.0259 -5.6, -8.6818 -1.0068 -5.6, -9.0832 -0.965 -5.6038, -9.0444 -1.02 -5.6, -8.8622 -1.0293 -5.6, -9.3752 -0.914 -5.6, -9.3368 -0.9301 -5.6, -9.3175 -0.8891 -5.6038, -9.2214 -0.9786 -5.6, -9.0915 -1.009 -5.6, -9.5327 -0.8129 -5.6, -9.5255 -0.7574 -5.6038, -9.5544 -0.7927 -5.6, -9.6669 -0.6877 -5.6, -9.6942 -0.578 -5.6038, -9.7309 -0.6047 -5.6, -9.813 -0.3624 -5.6038, -9.8467 -0.4057 -5.6, -9.761 -0.5658 -5.6, -9.9183 -0.1294 -5.6, -9.9009 -0.2437 -5.6, -9.8555 -0.3794 -5.6, -9.6242 -0.0921 -5.9, -9.63 0.0 -5.9, -9.6286 0.0914 -5.8494, -8.1886 -0.182 -5.8494, -8.26 -0.3511 -5.9, -8.2562 -0.3532 -5.8494, -8.3674 -0.4993 -5.9, -8.3643 -0.5022 -5.8494, -8.5083 -0.616 -5.9, -8.506 -0.6196 -5.8494, -8.6738 -0.6941 -5.9, -8.6725 -0.6982 -5.8494, -8.8535 -0.7285 -5.9, -8.8533 -0.7328 -5.8494, -9.0362 -0.7172 -5.9, -9.037 -0.7214 -5.8494, -9.2103 -0.6608 -5.9, -9.2121 -0.6647 -5.8494, -9.3648 -0.5629 -5.9, -9.3676 -0.5662 -5.8494, -9.4902 -0.4296 -5.9, -9.4937 -0.4321 -5.8494, -9.5785 -0.2693 -5.9, -9.5825 -0.2709 -5.8494, -9.6284 -0.0926 -5.8494, -9.6243 0.0909 -5.9, -9.579 0.2682 -5.9, -9.583 0.2697 -5.8494, -9.4909 0.4286 -5.9, -9.4944 0.4311 -5.8494, -9.3658 0.5621 -5.9, -9.3685 0.5654 -5.8494, -9.2114 0.6603 -5.9, -9.2132 0.6641 -5.8494, -9.0374 0.717 -5.9, -9.0382 0.7212 -5.8494, -8.8548 0.7286 -5.9, -8.8545 0.7329 -5.8494, -8.675 0.6945 -5.9, -8.6737 0.6985 -5.8494, -8.5094 0.6167 -5.9, -8.5071 0.6203 -5.8494, -8.3683 0.5002 -5.9, -8.3652 0.5031 -5.8494, -8.2606 0.3522 -5.9, -8.2568 0.3543 -5.8494, -8.1931 0.1821 -5.9, -8.1889 0.1832 -5.8494, -8.17 0.0006 -5.9, -8.1657 0.0006 -5.8494, -8.17 -0.0 -5.9, -8.1928 -0.1809 -5.9, -7.9891 0.0008 -5.6246, -8.0175 -0.2258 -5.6246, -8.1014 -0.4382 -5.6246, -8.2354 -0.623 -5.6246, -8.4112 -0.7687 -5.6246, -8.6178 -0.8661 -5.6246, -8.842 -0.9091 -5.6246, -9.0699 -0.8949 -5.6246, -9.2872 -0.8246 -5.6246, -9.4801 -0.7024 -5.6246, -9.6365 -0.5361 -5.6246, -9.7467 -0.3361 -5.6246, -9.8036 -0.1149 -5.6246, -9.8038 0.1134 -5.6246, -9.7472 0.3346 -5.6246, -9.6374 0.5348 -5.6246, -9.4812 0.7014 -5.6246, -9.2886 0.8239 -5.6246, -9.0715 0.8946 -5.6246, -8.8436 0.9092 -5.6246, -8.6192 0.8666 -5.6246, -8.4126 0.7695 -5.6246, -8.2365 0.6241 -5.6246, -8.1021 0.4395 -5.6246, -8.0179 0.2273 -5.6246, -8.0531 0.0007 -5.6624, -8.0795 -0.2099 -5.6624, -8.1575 -0.4074 -5.6624, -8.2821 -0.5792 -5.6624, -8.4456 -0.7147 -5.6624, -8.6376 -0.8052 -5.6624, -8.8461 -0.8452 -5.6624, -9.058 -0.832 -5.6624, -9.2599 -0.7666 -5.6624, -9.4393 -0.653 -5.6624, -9.5847 -0.4984 -5.6624, -9.6872 -0.3124 -5.6624, -9.7401 -0.1069 -5.6624, -9.7403 0.1054 -5.6624, -9.6877 0.3111 -5.6624, -9.5856 0.4972 -5.6624, -9.4404 0.6521 -5.6624, -9.2612 0.766 -5.6624, -9.0594 0.8318 -5.6624, -8.8475 0.8453 -5.6624, -8.639 0.8057 -5.6624, -8.4468 0.7154 -5.6624, -8.2831 0.5803 -5.6624, -8.1582 0.4086 -5.6624, -8.0799 0.2113 -5.6624, -8.1059 0.0007 -5.7146, -8.1307 -0.1968 -5.7146, -8.2038 -0.382 -5.7146, -8.3207 -0.5431 -5.7146, -8.4739 -0.6701 -5.7146, -8.654 -0.755 -5.7146, -8.8495 -0.7925 -5.7146, -9.0481 -0.7802 -5.7146, -9.2375 -0.7188 -5.7146, -9.4057 -0.6123 -5.7146, -9.542 -0.4673 -5.7146, -9.6381 -0.293 -5.7146, -9.6878 -0.1002 -5.7146, -9.6879 0.0989 -5.7146, -9.6386 0.2917 -5.7146, -9.5428 0.4662 -5.7146, -9.4067 0.6114 -5.7146, -9.2387 0.7182 -5.7146, -9.0495 0.7799 -5.7146, -8.8508 0.7926 -5.7146, -8.6552 0.7554 -5.7146, -8.4751 0.6708 -5.7146, -8.3216 0.5441 -5.7146, -8.2044 0.3832 -5.7146, -8.131 0.1981 -5.7146, -8.1442 0.0006 -5.7783, -8.1678 -0.1873 -5.7783, -8.2374 -0.3635 -5.7783, -8.3486 -0.5169 -5.7783, -8.4945 -0.6378 -5.7783, -8.6658 -0.7186 -5.7783, -8.8519 -0.7543 -5.7783, -9.041 -0.7425 -5.7783, -9.2212 -0.6841 -5.7783, -9.3813 -0.5828 -5.7783, -9.5111 -0.4448 -5.7783, -9.6025 -0.2788 -5.7783, -9.6497 -0.0954 -5.7783, -9.6499 0.0941 -5.7783, -9.6029 0.2776 -5.7783, -9.5118 0.4437 -5.7783, -9.3823 0.5819 -5.7783, -9.2224 0.6836 -5.7783, -9.0423 0.7423 -5.7783, -8.8532 0.7543 -5.7783, -8.6671 0.719 -5.7783, -8.4956 0.6385 -5.7783, -8.3495 0.5178 -5.7783, -8.238 0.3647 -5.7783, -8.1681 0.1886 -5.7783, 9.6669 0.6877 -5.6, 9.649 0.7044 -5.6, 9.6155 0.673 -5.6038, 7.9254 0.1223 -5.6038, 7.9864 0.3608 -5.6038, 7.9339 0.3573 -5.6, 7.886 0.1817 -5.6, 7.8813 0.1279 -5.6, 7.9256 -0.1239 -5.6038, 7.87 -0.0 -5.6, 7.8721 -0.0665 -5.6, 8.1007 0.6498 -5.6, 8.0683 0.6033 -5.6, 8.1048 0.5767 -5.6038, 8.0126 0.5233 -5.6, 7.9436 0.3776 -5.6, 8.2281 0.7808 -5.6, 8.2732 0.7563 -5.6038, 8.2436 0.7919 -5.6, 8.3748 0.8863 -5.6, 8.481 0.8884 -5.6038, 8.462 0.9289 -5.6, 8.7151 0.9647 -5.6038, 8.6818 1.0068 -5.6, 8.5209 0.9577 -5.6, 9.0444 1.02 -5.6, 8.9636 1.0241 -5.6, 8.9608 0.9804 -5.6038, 8.8622 1.0293 -5.6, 8.7064 1.0099 -5.6, 9.2214 0.9786 -5.6, 9.2027 0.9344 -5.6038, 9.3752 0.914 -5.6, 9.4256 0.8298 -5.6038, 9.449 0.8667 -5.6, 9.5327 0.8129 -5.6, 9.761 0.5658 -5.6, 9.7604 0.4739 -5.6038, 9.7988 0.4952 -5.6, 9.8512 0.2451 -5.6038, 9.8966 0.2567 -5.6, 9.8467 0.4057 -5.6, 9.93 -0.0 -5.6, 9.93 0.0009 -5.6, 9.8823 0.0008 -5.6038, 9.9279 0.0665 -5.6, 9.9009 0.2437 -5.6, 9.914 -0.1817 -5.6, 9.8516 -0.2435 -5.6038, 9.8942 -0.2543 -5.6, 9.6166 -0.6718 -5.6038, 9.6487 -0.7018 -5.6, 9.6993 -0.6498 -5.6, 9.7612 -0.4725 -5.6038, 9.7874 -0.5233 -5.6, 9.801 -0.4945 -5.6, 9.8661 -0.3573 -5.6, 9.2043 -0.9339 -5.6038, 9.2182 -0.9763 -5.6, 9.2791 -0.9577 -5.6, 9.427 -0.8289 -5.6038, 9.4252 -0.8863 -5.6, 9.4514 -0.8674 -5.6, 9.5719 -0.7808 -5.6, 8.9625 -0.9803 -5.6038, 8.9653 -1.0259 -5.6, 9.1182 -1.0068 -5.6, 8.7168 -0.965 -5.6038, 8.7556 -1.02 -5.6, 8.9378 -1.0293 -5.6, 8.4248 -0.914 -5.6, 8.4632 -0.9301 -5.6, 8.4825 -0.8891 -5.6038, 8.5786 -0.9786 -5.6, 8.7085 -1.009 -5.6, 8.2673 -0.8129 -5.6, 8.2745 -0.7574 -5.6038, 8.2456 -0.7927 -5.6, 8.1331 -0.6877 -5.6, 8.1058 -0.578 -5.6038, 8.0691 -0.6047 -5.6, 7.987 -0.3624 -5.6038, 7.9533 -0.4057 -5.6, 8.039 -0.5658 -5.6, 7.8817 -0.1294 -5.6, 7.8991 -0.2437 -5.6, 7.9445 -0.3794 -5.6, 8.1758 -0.0921 -5.9, 8.17 0.0 -5.9, 8.1714 0.0914 -5.8494, 9.6114 -0.182 -5.8494, 9.54 -0.3511 -5.9, 9.5438 -0.3532 -5.8494, 9.4326 -0.4993 -5.9, 9.4357 -0.5022 -5.8494, 9.2917 -0.616 -5.9, 9.294 -0.6196 -5.8494, 9.1262 -0.6941 -5.9, 9.1275 -0.6982 -5.8494, 8.9465 -0.7285 -5.9, 8.9467 -0.7328 -5.8494, 8.7638 -0.7172 -5.9, 8.763 -0.7214 -5.8494, 8.5897 -0.6608 -5.9, 8.5879 -0.6647 -5.8494, 8.4352 -0.5629 -5.9, 8.4324 -0.5662 -5.8494, 8.3098 -0.4296 -5.9, 8.3063 -0.4321 -5.8494, 8.2215 -0.2693 -5.9, 8.2175 -0.2709 -5.8494, 8.1716 -0.0926 -5.8494, 8.1757 0.0909 -5.9, 8.221 0.2682 -5.9, 8.217 0.2697 -5.8494, 8.3091 0.4286 -5.9, 8.3056 0.4311 -5.8494, 8.4342 0.5621 -5.9, 8.4315 0.5654 -5.8494, 8.5886 0.6603 -5.9, 8.5868 0.6641 -5.8494, 8.7626 0.717 -5.9, 8.7618 0.7212 -5.8494, 8.9452 0.7286 -5.9, 8.9455 0.7329 -5.8494, 9.125 0.6945 -5.9, 9.1263 0.6985 -5.8494, 9.2906 0.6167 -5.9, 9.2929 0.6203 -5.8494, 9.4317 0.5002 -5.9, 9.4348 0.5031 -5.8494, 9.5394 0.3522 -5.9, 9.5432 0.3543 -5.8494, 9.6069 0.1821 -5.9, 9.6111 0.1832 -5.8494, 9.63 0.0006 -5.9, 9.6343 0.0006 -5.8494, 9.63 -0.0 -5.9, 9.6072 -0.1809 -5.9, 9.8109 0.0008 -5.6246, 9.7825 -0.2258 -5.6246, 9.6986 -0.4382 -5.6246, 9.5646 -0.623 -5.6246, 9.3888 -0.7687 -5.6246, 9.1822 -0.8661 -5.6246, 8.958 -0.9091 -5.6246, 8.7301 -0.8949 -5.6246, 8.5128 -0.8246 -5.6246, 8.3199 -0.7024 -5.6246, 8.1635 -0.5361 -5.6246, 8.0533 -0.3361 -5.6246, 7.9964 -0.1149 -5.6246, 7.9962 0.1134 -5.6246, 8.0528 0.3346 -5.6246, 8.1626 0.5348 -5.6246, 8.3188 0.7014 -5.6246, 8.5114 0.8239 -5.6246, 8.7286 0.8946 -5.6246, 8.9564 0.9092 -5.6246, 9.1808 0.8666 -5.6246, 9.3874 0.7695 -5.6246, 9.5635 0.6241 -5.6246, 9.6979 0.4395 -5.6246, 9.7821 0.2273 -5.6246, 9.7469 0.0007 -5.6624, 9.7205 -0.2099 -5.6624, 9.6425 -0.4074 -5.6624, 9.5179 -0.5792 -5.6624, 9.3544 -0.7147 -5.6624, 9.1624 -0.8052 -5.6624, 8.9539 -0.8452 -5.6624, 8.742 -0.832 -5.6624, 8.5401 -0.7666 -5.6624, 8.3607 -0.653 -5.6624, 8.2153 -0.4984 -5.6624, 8.1128 -0.3124 -5.6624, 8.0599 -0.1069 -5.6624, 8.0597 0.1054 -5.6624, 8.1123 0.3111 -5.6624, 8.2144 0.4972 -5.6624, 8.3596 0.6521 -5.6624, 8.5388 0.766 -5.6624, 8.7406 0.8318 -5.6624, 8.9525 0.8453 -5.6624, 9.161 0.8057 -5.6624, 9.3532 0.7154 -5.6624, 9.5169 0.5803 -5.6624, 9.6418 0.4086 -5.6624, 9.7201 0.2113 -5.6624, 9.6941 0.0007 -5.7146, 9.6693 -0.1968 -5.7146, 9.5962 -0.382 -5.7146, 9.4793 -0.5431 -5.7146, 9.3261 -0.6701 -5.7146, 9.146 -0.755 -5.7146, 8.9505 -0.7925 -5.7146, 8.7519 -0.7802 -5.7146, 8.5625 -0.7188 -5.7146, 8.3943 -0.6123 -5.7146, 8.258 -0.4673 -5.7146, 8.1619 -0.293 -5.7146, 8.1122 -0.1002 -5.7146, 8.1121 0.0989 -5.7146, 8.1614 0.2917 -5.7146, 8.2572 0.4662 -5.7146, 8.3933 0.6114 -5.7146, 8.5613 0.7182 -5.7146, 8.7505 0.7799 -5.7146, 8.9492 0.7926 -5.7146, 9.1448 0.7554 -5.7146, 9.3249 0.6708 -5.7146, 9.4784 0.5441 -5.7146, 9.5956 0.3832 -5.7146, 9.669 0.1981 -5.7146, 9.6558 0.0006 -5.7783, 9.6322 -0.1873 -5.7783, 9.5626 -0.3635 -5.7783, 9.4514 -0.5169 -5.7783, 9.3055 -0.6378 -5.7783, 9.1342 -0.7186 -5.7783, 8.9481 -0.7543 -5.7783, 8.759 -0.7425 -5.7783, 8.5788 -0.6841 -5.7783, 8.4187 -0.5828 -5.7783, 8.2889 -0.4448 -5.7783, 8.1975 -0.2788 -5.7783, 8.1503 -0.0954 -5.7783, 8.1501 0.0941 -5.7783, 8.1971 0.2776 -5.7783, 8.2882 0.4437 -5.7783, 8.4177 0.5819 -5.7783, 8.5776 0.6836 -5.7783, 8.7577 0.7423 -5.7783, 8.9468 0.7543 -5.7783, 9.1329 0.719 -5.7783, 9.3044 0.6385 -5.7783, 9.4505 0.5178 -5.7783, 9.562 0.3647 -5.7783, 9.6319 0.1886 -5.7783, 8.5896 1.2525 -5.621, 8.5809 1.2592 -5.626, 8.5402 1.249 -5.6249, 8.4068 1.3892 -5.8501, 8.4066 1.3893 -5.8521, 8.1976 1.2983 -5.8519, 8.4551 -1.3537 -5.7268, 8.4641 -1.3471 -5.7168, 8.2316 -1.2494 -5.716, 8.4897 1.1064 -5.6, 8.5744 1.1301 -5.6, 8.56 1.1801 -5.6039, 8.8707 1.1798 -5.6, 8.823 1.1799 -5.6001, 8.8236 1.1747 -5.6, 8.6771 1.1589 -5.6, 8.3357 1.0365 -5.6, 8.3156 1.0801 -5.6039, 8.1698 0.9272 -5.6, 8.0982 0.9302 -5.6039, 8.1317 0.8916 -5.6, 8.026 0.7929 -5.6, 7.9179 0.7373 -5.6039, 7.9593 0.7062 -5.6, 7.6997 0.2597 -5.6039, 7.7493 0.2491 -5.6, 7.7567 0.2928 -5.6, 7.783 0.5103 -5.6039, 7.8164 0.4671 -5.6, 7.8283 0.4895 -5.6, 7.9074 0.6386 -5.6, 7.7246 0.1047 -5.6, 7.6719 -0.0029 -5.6039, 7.7239 -0.0028 -5.6, 7.7009 -0.2653 -5.6039, 7.7497 -0.2547 -5.6, 7.7234 -0.0909 -5.6, 7.7854 -0.5155 -5.6039, 7.8181 -0.4712 -5.6, 7.7543 -0.283 -5.6, 7.9214 -0.7419 -5.6039, 7.9093 -0.6415 -5.6, 7.8306 -0.4945 -5.6, 8.1721 -0.929 -5.6, 8.1358 -0.8953 -5.6, 8.1026 -0.934 -5.6039, 8.0281 -0.7952 -5.6, 7.9627 -0.7105 -5.6, 8.3344 -1.0358 -5.6, 8.3207 -1.0828 -5.6039, 8.3436 -1.0399 -5.6, 8.6796 -1.18 -5.6007, 8.6884 -1.1611 -5.6, 8.5795 -1.1321 -5.6, 8.5092 -1.1134 -5.6, 8.5656 -1.1817 -5.6039, 8.6517 -1.2027 -5.6039, 8.7 -1.18 -5.6002, 8.7883 -1.18 -5.6, 8.8291 -1.1752 -5.6, 8.8286 -1.1799 -5.6, 8.8762 -1.1799 -5.6, 8.5807 -1.2591 -5.6264, 8.6497 -1.2043 -5.6045, 8.6517 -1.2028 -5.6039, 8.2869 -1.1461 -5.6249, 8.5327 -1.296 -5.6541, 8.546 -1.2507 -5.6249, 8.5684 -1.2688 -5.6303, 8.5794 -1.2601 -5.6268, 8.4644 -1.3469 -5.7165, 8.5021 -1.3191 -5.6745, 8.2565 -1.2028 -5.6631, 8.5166 -1.3082 -5.6649, 8.517 -1.3079 -5.6646, 8.4273 -1.3737 -5.7752, 8.4064 -1.3893 -5.85, 8.4085 -1.388 -5.8333, 8.2136 -1.283 -5.7802, 8.426 -1.3747 -5.7791, 8.2019 -1.305 -5.9, 8.4 -1.393 -5.9, 8.4061 -1.3894 -5.8521, 8.2037 -1.3016 -5.8519, 7.9415 -1.1226 -5.8519, 7.939 -1.1256 -5.9, 7.7237 -0.8918 -5.8519, 7.7206 -0.8941 -5.9, 7.5602 -0.6197 -5.8519, 7.5567 -0.6213 -5.9, 7.4587 -0.3189 -5.8519, 7.455 -0.3198 -5.9, 7.4239 -0.0035 -5.8519, 7.42 -0.0035 -5.9, 7.4573 0.3122 -5.8519, 7.4535 0.313 -5.9, 7.5574 0.6134 -5.8519, 7.5538 0.615 -5.9, 7.7195 0.8862 -5.8519, 7.7164 0.8886 -5.9, 7.9363 1.1181 -5.8519, 7.9338 1.1211 -5.9, 8.1957 1.3017 -5.9, 8.4 1.393 -5.9, 8.4259 1.3745 -5.7791, 8.4254 1.3749 -5.7804, 8.2076 1.2798 -5.7802, 8.4096 1.3877 -5.8302, 8.5162 1.3088 -5.6632, 8.5159 1.3091 -5.6636, 8.2258 1.2462 -5.716, 8.4634 1.3475 -5.7157, 8.4627 1.3481 -5.7164, 8.4275 1.3732 -5.7739, 8.5797 1.2601 -5.6267, 8.5245 1.3025 -5.6581, 8.2815 1.1432 -5.6249, 8.7 1.18 -5.6002, 8.6796 1.18 -5.6007, 8.6528 1.2016 -5.6067, 8.6504 1.2035 -5.6073, 7.9552 -1.1066 -5.7802, 7.7405 -0.879 -5.7802, 7.5794 -0.6108 -5.7802, 7.4793 -0.3144 -5.7802, 7.445 -0.0034 -5.7802, 7.4779 0.3077 -5.7802, 7.5765 0.6046 -5.7802, 7.7364 0.8736 -5.7802, 7.95 1.1022 -5.7802, 7.98 -1.0776 -5.716, 7.7709 -0.856 -5.716, 7.614 -0.5948 -5.716, 7.5166 -0.3061 -5.716, 7.4831 -0.0033 -5.716, 7.5151 0.2997 -5.716, 7.6112 0.5888 -5.716, 7.7669 0.8507 -5.716, 7.9749 1.0733 -5.716, 8.0143 -1.0374 -5.6631, 7.813 -0.8241 -5.6631, 7.662 -0.5726 -5.6631, 7.5682 -0.2947 -5.6631, 7.5359 -0.0032 -5.6631, 7.5668 0.2885 -5.6631, 7.6593 0.5668 -5.6631, 7.8092 0.819 -5.6631, 8.0094 1.0332 -5.6631, 8.2509 1.1997 -5.6631, 8.5172 1.3081 -5.6622, 8.056 -0.9885 -5.6249, 7.8642 -0.7852 -5.6249, 7.7203 -0.5456 -5.6249, 7.6309 -0.2808 -5.6249, 7.6002 -0.003 -5.6249, 7.6296 0.2749 -5.6249, 7.7178 0.5401 -5.6249, 7.8606 0.7804 -5.6249, 8.0514 0.9845 -5.6249, 8.0514 0.9845 -5.6249
            ]
        }
        coordIndex [
            0,1,2,-1,3,4,5,-1,5,6,3,-1,3,6,7,-1,3,7,8,-1,8,7,9,-1,8,9,10,-1,11,12,13,-1,13,12,14,-1,13,14,4,-1,4,14,15,-1,4,15,5,-1,11,13,16,-1,16,13,17,-1,16,17,18,-1,18,17,19,-1,19,17,20,-1,19,20,21,-1,22,23,20,-1,20,23,24,-1,20,24,21,-1,25,26,27,-1,27,26,28,-1,27,28,22,-1,22,28,29,-1,22,29,23,-1,25,27,30,-1,30,27,31,-1,30,31,32,-1,32,31,33,-1,32,33,34,-1,2,1,33,-1,33,1,35,-1,33,35,34,-1,0,2,36,-1,36,2,37,-1,36,37,38,-1,39,40,37,-1,37,40,41,-1,37,41,38,-1,42,43,44,-1,44,43,45,-1,44,45,39,-1,39,45,46,-1,39,46,40,-1,42,44,47,-1,47,44,48,-1,47,48,49,-1,50,51,52,-1,50,52,53,-1,52,54,53,-1,53,54,55,-1,53,55,48,-1,48,55,56,-1,48,56,49,-1,57,58,59,-1,57,59,60,-1,59,61,60,-1,60,61,62,-1,60,62,50,-1,50,62,63,-1,50,63,51,-1,64,65,57,-1,57,65,66,-1,57,66,58,-1,67,68,64,-1,64,68,69,-1,64,69,65,-1,70,71,72,-1,72,71,73,-1,72,73,67,-1,67,73,74,-1,67,74,68,-1,70,72,75,-1,75,72,76,-1,75,76,77,-1,77,76,78,-1,78,76,79,-1,78,79,80,-1,81,82,79,-1,79,82,83,-1,79,83,80,-1,10,84,8,-1,8,84,85,-1,8,85,81,-1,81,85,86,-1,81,86,82,-1,87,88,89,-1,90,91,92,-1,92,91,93,-1,92,93,94,-1,94,93,95,-1,94,95,96,-1,96,95,97,-1,96,97,98,-1,98,97,99,-1,98,99,100,-1,100,99,101,-1,100,101,102,-1,102,101,103,-1,102,103,104,-1,104,103,105,-1,104,105,106,-1,106,105,107,-1,106,107,108,-1,108,107,109,-1,108,109,110,-1,110,109,87,-1,110,87,111,-1,111,87,89,-1,88,112,89,-1,89,112,113,-1,89,113,114,-1,114,113,115,-1,114,115,116,-1,116,115,117,-1,116,117,118,-1,118,117,119,-1,118,119,120,-1,120,119,121,-1,120,121,122,-1,122,121,123,-1,122,123,124,-1,124,123,125,-1,124,125,126,-1,126,125,127,-1,126,127,128,-1,128,127,129,-1,128,129,130,-1,130,129,131,-1,130,131,132,-1,132,131,133,-1,132,133,134,-1,134,133,135,-1,134,135,136,-1,136,135,137,-1,136,137,90,-1,90,137,138,-1,90,138,91,-1,44,139,48,-1,48,139,140,-1,48,140,53,-1,53,140,141,-1,53,141,50,-1,50,141,142,-1,50,142,60,-1,60,142,143,-1,60,143,57,-1,57,143,144,-1,57,144,64,-1,64,144,145,-1,64,145,67,-1,67,145,146,-1,67,146,72,-1,72,146,147,-1,72,147,76,-1,76,147,148,-1,76,148,79,-1,79,148,149,-1,79,149,81,-1,81,149,150,-1,81,150,8,-1,8,150,151,-1,8,151,3,-1,3,151,152,-1,3,152,4,-1,4,152,153,-1,4,153,13,-1,13,153,154,-1,13,154,17,-1,17,154,155,-1,17,155,20,-1,20,155,156,-1,20,156,22,-1,22,156,157,-1,22,157,27,-1,27,157,158,-1,27,158,31,-1,31,158,159,-1,31,159,33,-1,33,159,160,-1,33,160,2,-1,2,160,161,-1,2,161,37,-1,37,161,162,-1,37,162,39,-1,39,162,163,-1,39,163,44,-1,44,163,139,-1,139,164,140,-1,140,164,165,-1,140,165,141,-1,141,165,166,-1,141,166,142,-1,142,166,167,-1,142,167,143,-1,143,167,168,-1,143,168,144,-1,144,168,169,-1,144,169,145,-1,145,169,170,-1,145,170,146,-1,146,170,171,-1,146,171,147,-1,147,171,172,-1,147,172,148,-1,148,172,173,-1,148,173,149,-1,149,173,174,-1,149,174,150,-1,150,174,175,-1,150,175,151,-1,151,175,176,-1,151,176,152,-1,152,176,177,-1,152,177,153,-1,153,177,178,-1,153,178,154,-1,154,178,179,-1,154,179,155,-1,155,179,180,-1,155,180,156,-1,156,180,181,-1,156,181,157,-1,157,181,182,-1,157,182,158,-1,158,182,183,-1,158,183,159,-1,159,183,184,-1,159,184,160,-1,160,184,185,-1,160,185,161,-1,161,185,186,-1,161,186,162,-1,162,186,187,-1,162,187,163,-1,163,187,188,-1,163,188,139,-1,139,188,164,-1,164,189,165,-1,165,189,190,-1,165,190,166,-1,166,190,191,-1,166,191,167,-1,167,191,192,-1,167,192,168,-1,168,192,193,-1,168,193,169,-1,169,193,194,-1,169,194,170,-1,170,194,195,-1,170,195,171,-1,171,195,196,-1,171,196,172,-1,172,196,197,-1,172,197,173,-1,173,197,198,-1,173,198,174,-1,174,198,199,-1,174,199,175,-1,175,199,200,-1,175,200,176,-1,176,200,201,-1,176,201,177,-1,177,201,202,-1,177,202,178,-1,178,202,203,-1,178,203,179,-1,179,203,204,-1,179,204,180,-1,180,204,205,-1,180,205,181,-1,181,205,206,-1,181,206,182,-1,182,206,207,-1,182,207,183,-1,183,207,208,-1,183,208,184,-1,184,208,209,-1,184,209,185,-1,185,209,210,-1,185,210,186,-1,186,210,211,-1,186,211,187,-1,187,211,212,-1,187,212,188,-1,188,212,213,-1,188,213,164,-1,164,213,189,-1,189,214,190,-1,190,214,215,-1,190,215,191,-1,191,215,216,-1,191,216,192,-1,192,216,217,-1,192,217,193,-1,193,217,218,-1,193,218,194,-1,194,218,219,-1,194,219,195,-1,195,219,220,-1,195,220,196,-1,196,220,221,-1,196,221,197,-1,197,221,222,-1,197,222,198,-1,198,222,223,-1,198,223,199,-1,199,223,224,-1,199,224,200,-1,200,224,225,-1,200,225,201,-1,201,225,226,-1,201,226,202,-1,202,226,227,-1,202,227,203,-1,203,227,228,-1,203,228,204,-1,204,228,229,-1,204,229,205,-1,205,229,230,-1,205,230,206,-1,206,230,231,-1,206,231,207,-1,207,231,232,-1,207,232,208,-1,208,232,233,-1,208,233,209,-1,209,233,234,-1,209,234,210,-1,210,234,235,-1,210,235,211,-1,211,235,236,-1,211,236,212,-1,212,236,237,-1,212,237,213,-1,213,237,238,-1,213,238,189,-1,189,238,214,-1,214,136,215,-1,215,136,90,-1,215,90,216,-1,216,90,92,-1,216,92,217,-1,217,92,94,-1,217,94,218,-1,218,94,96,-1,218,96,219,-1,219,96,98,-1,219,98,220,-1,220,98,100,-1,220,100,221,-1,221,100,102,-1,221,102,222,-1,222,102,104,-1,222,104,223,-1,223,104,106,-1,223,106,224,-1,224,106,108,-1,224,108,225,-1,225,108,110,-1,225,110,226,-1,226,110,111,-1,226,111,227,-1,227,111,89,-1,227,89,228,-1,228,89,114,-1,228,114,229,-1,229,114,116,-1,229,116,230,-1,230,116,118,-1,230,118,231,-1,231,118,120,-1,231,120,232,-1,232,120,122,-1,232,122,233,-1,233,122,124,-1,233,124,234,-1,234,124,126,-1,234,126,235,-1,235,126,128,-1,235,128,236,-1,236,128,130,-1,236,130,237,-1,237,130,132,-1,237,132,238,-1,238,132,134,-1,238,134,214,-1,214,134,136,-1,135,88,137,-1,137,88,87,-1,115,113,135,-1,135,113,112,-1,135,112,88,-1,133,131,135,-1,135,131,129,-1,135,129,127,-1,127,125,135,-1,135,125,123,-1,135,123,121,-1,121,119,135,-1,135,119,117,-1,135,117,115,-1,109,91,87,-1,87,91,138,-1,87,138,137,-1,105,103,101,-1,101,99,105,-1,105,99,97,-1,105,97,95,-1,109,107,91,-1,91,107,105,-1,91,105,93,-1,93,105,95,-1,239,240,241,-1,242,243,244,-1,244,245,242,-1,242,245,246,-1,242,246,247,-1,247,246,248,-1,247,248,249,-1,250,251,252,-1,252,251,253,-1,252,253,243,-1,243,253,254,-1,243,254,244,-1,250,252,255,-1,255,252,256,-1,255,256,257,-1,257,256,258,-1,258,256,259,-1,258,259,260,-1,261,262,259,-1,259,262,263,-1,259,263,260,-1,264,265,266,-1,266,265,267,-1,266,267,261,-1,261,267,268,-1,261,268,262,-1,264,266,269,-1,269,266,270,-1,269,270,271,-1,271,270,272,-1,271,272,273,-1,241,240,272,-1,272,240,274,-1,272,274,273,-1,239,241,275,-1,275,241,276,-1,275,276,277,-1,278,279,276,-1,276,279,280,-1,276,280,277,-1,281,282,283,-1,283,282,284,-1,283,284,278,-1,278,284,285,-1,278,285,279,-1,281,283,286,-1,286,283,287,-1,286,287,288,-1,289,290,291,-1,289,291,292,-1,291,293,292,-1,292,293,294,-1,292,294,287,-1,287,294,295,-1,287,295,288,-1,296,297,298,-1,296,298,299,-1,298,300,299,-1,299,300,301,-1,299,301,289,-1,289,301,302,-1,289,302,290,-1,303,304,296,-1,296,304,305,-1,296,305,297,-1,306,307,303,-1,303,307,308,-1,303,308,304,-1,309,310,311,-1,311,310,312,-1,311,312,306,-1,306,312,313,-1,306,313,307,-1,309,311,314,-1,314,311,315,-1,314,315,316,-1,316,315,317,-1,317,315,318,-1,317,318,319,-1,320,321,318,-1,318,321,322,-1,318,322,319,-1,249,323,247,-1,247,323,324,-1,247,324,320,-1,320,324,325,-1,320,325,321,-1,326,327,328,-1,329,330,331,-1,331,330,332,-1,331,332,333,-1,333,332,334,-1,333,334,335,-1,335,334,336,-1,335,336,337,-1,337,336,338,-1,337,338,339,-1,339,338,340,-1,339,340,341,-1,341,340,342,-1,341,342,343,-1,343,342,344,-1,343,344,345,-1,345,344,346,-1,345,346,347,-1,347,346,348,-1,347,348,349,-1,349,348,326,-1,349,326,350,-1,350,326,328,-1,327,351,328,-1,328,351,352,-1,328,352,353,-1,353,352,354,-1,353,354,355,-1,355,354,356,-1,355,356,357,-1,357,356,358,-1,357,358,359,-1,359,358,360,-1,359,360,361,-1,361,360,362,-1,361,362,363,-1,363,362,364,-1,363,364,365,-1,365,364,366,-1,365,366,367,-1,367,366,368,-1,367,368,369,-1,369,368,370,-1,369,370,371,-1,371,370,372,-1,371,372,373,-1,373,372,374,-1,373,374,375,-1,375,374,376,-1,375,376,329,-1,329,376,377,-1,329,377,330,-1,283,378,287,-1,287,378,379,-1,287,379,292,-1,292,379,380,-1,292,380,289,-1,289,380,381,-1,289,381,299,-1,299,381,382,-1,299,382,296,-1,296,382,383,-1,296,383,303,-1,303,383,384,-1,303,384,306,-1,306,384,385,-1,306,385,311,-1,311,385,386,-1,311,386,315,-1,315,386,387,-1,315,387,318,-1,318,387,388,-1,318,388,320,-1,320,388,389,-1,320,389,247,-1,247,389,390,-1,247,390,242,-1,242,390,391,-1,242,391,243,-1,243,391,392,-1,243,392,252,-1,252,392,393,-1,252,393,256,-1,256,393,394,-1,256,394,259,-1,259,394,395,-1,259,395,261,-1,261,395,396,-1,261,396,266,-1,266,396,397,-1,266,397,270,-1,270,397,398,-1,270,398,272,-1,272,398,399,-1,272,399,241,-1,241,399,400,-1,241,400,276,-1,276,400,401,-1,276,401,278,-1,278,401,402,-1,278,402,283,-1,283,402,378,-1,378,403,379,-1,379,403,404,-1,379,404,380,-1,380,404,405,-1,380,405,381,-1,381,405,406,-1,381,406,382,-1,382,406,407,-1,382,407,383,-1,383,407,408,-1,383,408,384,-1,384,408,409,-1,384,409,385,-1,385,409,410,-1,385,410,386,-1,386,410,411,-1,386,411,387,-1,387,411,412,-1,387,412,388,-1,388,412,413,-1,388,413,389,-1,389,413,414,-1,389,414,390,-1,390,414,415,-1,390,415,391,-1,391,415,416,-1,391,416,392,-1,392,416,417,-1,392,417,393,-1,393,417,418,-1,393,418,394,-1,394,418,419,-1,394,419,395,-1,395,419,420,-1,395,420,396,-1,396,420,421,-1,396,421,397,-1,397,421,422,-1,397,422,398,-1,398,422,423,-1,398,423,399,-1,399,423,424,-1,399,424,400,-1,400,424,425,-1,400,425,401,-1,401,425,426,-1,401,426,402,-1,402,426,427,-1,402,427,378,-1,378,427,403,-1,403,428,404,-1,404,428,429,-1,404,429,405,-1,405,429,430,-1,405,430,406,-1,406,430,431,-1,406,431,407,-1,407,431,432,-1,407,432,408,-1,408,432,433,-1,408,433,409,-1,409,433,434,-1,409,434,410,-1,410,434,435,-1,410,435,411,-1,411,435,436,-1,411,436,412,-1,412,436,437,-1,412,437,413,-1,413,437,438,-1,413,438,414,-1,414,438,439,-1,414,439,415,-1,415,439,440,-1,415,440,416,-1,416,440,441,-1,416,441,417,-1,417,441,442,-1,417,442,418,-1,418,442,443,-1,418,443,419,-1,419,443,444,-1,419,444,420,-1,420,444,445,-1,420,445,421,-1,421,445,446,-1,421,446,422,-1,422,446,447,-1,422,447,423,-1,423,447,448,-1,423,448,424,-1,424,448,449,-1,424,449,425,-1,425,449,450,-1,425,450,426,-1,426,450,451,-1,426,451,427,-1,427,451,452,-1,427,452,403,-1,403,452,428,-1,428,453,429,-1,429,453,454,-1,429,454,430,-1,430,454,455,-1,430,455,431,-1,431,455,456,-1,431,456,432,-1,432,456,457,-1,432,457,433,-1,433,457,458,-1,433,458,434,-1,434,458,459,-1,434,459,435,-1,435,459,460,-1,435,460,436,-1,436,460,461,-1,436,461,437,-1,437,461,462,-1,437,462,438,-1,438,462,463,-1,438,463,439,-1,439,463,464,-1,439,464,440,-1,440,464,465,-1,440,465,441,-1,441,465,466,-1,441,466,442,-1,442,466,467,-1,442,467,443,-1,443,467,468,-1,443,468,444,-1,444,468,469,-1,444,469,445,-1,445,469,470,-1,445,470,446,-1,446,470,471,-1,446,471,447,-1,447,471,472,-1,447,472,448,-1,448,472,473,-1,448,473,449,-1,449,473,474,-1,449,474,450,-1,450,474,475,-1,450,475,451,-1,451,475,476,-1,451,476,452,-1,452,476,477,-1,452,477,428,-1,428,477,453,-1,453,375,454,-1,454,375,329,-1,454,329,455,-1,455,329,331,-1,455,331,456,-1,456,331,333,-1,456,333,457,-1,457,333,335,-1,457,335,458,-1,458,335,337,-1,458,337,459,-1,459,337,339,-1,459,339,460,-1,460,339,341,-1,460,341,461,-1,461,341,343,-1,461,343,462,-1,462,343,345,-1,462,345,463,-1,463,345,347,-1,463,347,464,-1,464,347,349,-1,464,349,465,-1,465,349,350,-1,465,350,466,-1,466,350,328,-1,466,328,467,-1,467,328,353,-1,467,353,468,-1,468,353,355,-1,468,355,469,-1,469,355,357,-1,469,357,470,-1,470,357,359,-1,470,359,471,-1,471,359,361,-1,471,361,472,-1,472,361,363,-1,472,363,473,-1,473,363,365,-1,473,365,474,-1,474,365,367,-1,474,367,475,-1,475,367,369,-1,475,369,476,-1,476,369,371,-1,476,371,477,-1,477,371,373,-1,477,373,453,-1,453,373,375,-1,374,327,376,-1,376,327,326,-1,354,352,374,-1,374,352,351,-1,374,351,327,-1,372,370,374,-1,374,370,368,-1,374,368,366,-1,366,364,374,-1,374,364,362,-1,374,362,360,-1,360,358,374,-1,374,358,356,-1,374,356,354,-1,348,330,326,-1,326,330,377,-1,326,377,376,-1,344,342,340,-1,340,338,344,-1,344,338,336,-1,344,336,334,-1,348,346,330,-1,330,346,344,-1,330,344,332,-1,332,344,334,-1,478,479,480,-1,481,482,483,-1,484,485,486,-1,487,488,489,-1,490,491,492,-1,492,491,493,-1,487,489,494,-1,494,489,495,-1,494,495,496,-1,496,495,497,-1,496,497,498,-1,498,497,499,-1,499,497,500,-1,499,500,501,-1,502,503,504,-1,502,504,505,-1,504,506,505,-1,505,506,507,-1,505,507,500,-1,500,507,508,-1,500,508,501,-1,503,502,509,-1,509,502,510,-1,509,510,511,-1,512,513,510,-1,510,513,514,-1,510,514,511,-1,515,516,512,-1,512,516,517,-1,512,517,513,-1,518,519,515,-1,515,519,520,-1,515,520,516,-1,521,522,523,-1,523,522,524,-1,523,524,518,-1,518,524,525,-1,518,525,519,-1,521,523,526,-1,526,523,527,-1,526,527,528,-1,529,530,531,-1,528,527,532,-1,532,527,533,-1,532,533,531,-1,531,533,534,-1,531,534,529,-1,529,535,530,-1,530,535,536,-1,530,536,537,-1,537,536,538,-1,537,538,539,-1,540,541,533,-1,533,541,542,-1,533,542,534,-1,543,544,545,-1,545,544,546,-1,545,546,547,-1,548,549,550,-1,550,549,551,-1,550,551,552,-1,484,486,553,-1,554,555,556,-1,556,555,557,-1,558,559,560,-1,560,561,558,-1,558,561,562,-1,558,562,563,-1,563,562,564,-1,563,564,565,-1,565,564,566,-1,565,566,567,-1,567,566,568,-1,567,568,569,-1,569,568,570,-1,569,570,571,-1,571,570,572,-1,571,572,573,-1,573,572,574,-1,573,574,575,-1,575,574,576,-1,575,576,577,-1,577,576,578,-1,577,578,579,-1,579,578,483,-1,579,483,580,-1,580,483,482,-1,580,482,581,-1,582,583,584,-1,584,583,585,-1,586,587,588,-1,587,589,588,-1,588,589,590,-1,588,590,591,-1,479,592,480,-1,480,592,593,-1,480,593,594,-1,491,595,493,-1,493,595,596,-1,493,596,488,-1,488,596,597,-1,488,597,489,-1,489,597,598,-1,560,554,561,-1,561,554,556,-1,561,556,562,-1,562,556,599,-1,562,599,564,-1,564,599,600,-1,564,600,566,-1,566,600,601,-1,566,601,568,-1,568,601,602,-1,568,602,570,-1,570,602,603,-1,570,603,572,-1,572,603,604,-1,572,604,574,-1,574,604,605,-1,574,605,576,-1,576,605,606,-1,576,606,578,-1,578,606,607,-1,578,607,483,-1,483,607,584,-1,483,584,481,-1,481,584,585,-1,557,553,556,-1,556,553,486,-1,556,486,599,-1,599,486,608,-1,599,608,600,-1,600,608,609,-1,600,609,601,-1,601,609,610,-1,601,610,602,-1,602,610,611,-1,602,611,603,-1,603,611,612,-1,603,612,604,-1,604,612,613,-1,604,613,605,-1,605,613,614,-1,605,614,606,-1,606,614,615,-1,606,615,607,-1,607,615,616,-1,607,616,584,-1,584,616,588,-1,584,588,582,-1,582,588,591,-1,485,548,486,-1,486,548,550,-1,486,550,608,-1,608,550,617,-1,608,617,609,-1,609,617,618,-1,609,618,610,-1,610,618,619,-1,610,619,611,-1,611,619,620,-1,611,620,612,-1,612,620,621,-1,612,621,613,-1,613,621,622,-1,613,622,614,-1,614,622,623,-1,614,623,615,-1,615,623,624,-1,615,624,616,-1,616,624,625,-1,616,625,588,-1,588,625,626,-1,588,626,586,-1,586,626,627,-1,552,544,550,-1,550,544,543,-1,550,543,617,-1,617,543,628,-1,617,628,618,-1,618,628,629,-1,618,629,619,-1,619,629,630,-1,619,630,620,-1,620,630,631,-1,620,631,621,-1,621,631,632,-1,621,632,622,-1,622,632,633,-1,622,633,623,-1,623,633,634,-1,623,634,624,-1,624,634,635,-1,624,635,625,-1,625,635,636,-1,625,636,626,-1,626,636,594,-1,626,594,627,-1,627,594,593,-1,547,540,545,-1,545,540,533,-1,545,533,543,-1,543,533,527,-1,543,527,628,-1,628,527,523,-1,628,523,629,-1,629,523,518,-1,629,518,630,-1,630,518,515,-1,630,515,631,-1,631,515,512,-1,631,512,632,-1,632,512,510,-1,632,510,633,-1,633,510,502,-1,633,502,634,-1,634,502,505,-1,634,505,635,-1,635,505,500,-1,635,500,636,-1,636,500,497,-1,636,497,594,-1,594,497,495,-1,594,495,480,-1,480,495,489,-1,480,489,478,-1,478,489,598,-1,
        ]
    }
}
Shape{
    appearance Appearance {
        material  Material 	{
            diffuseColor 0.5019607843137255 0.5019607843137255 0.5019607843137255
            specularColor 0.25098039215686274 0.25098039215686274 0.25098039215686274
            ambientIntensity 0.2
            transparency 0
            shininess 0.5
        }
    }
    geometry IndexedFaceSet {
        ccw TRUE
        solid FALSE
        coord DEF co Coordinate {
            point [
                8.8762 -1.1799 -5.6, 8.8286 -1.1799 -5.6, 8.7881 -1.18 -5.6, 8.7883 -1.18 -5.6, 8.7 -1.18 -5.6002, 8.7 -1.18 -5.6002
            ]
        }
        coordIndex [
            0,1,2,-1,2,1,3,-1,2,3,4,-1,
        ]
    }
}
Shape{
    appearance Appearance {
        material  Material 	{
            diffuseColor 0.5019607843137255 0.0 0.0
            specularColor 0.25098039215686274 0.0 0.0
            ambientIntensity 0.2
            transparency 0
            shininess 0.5
        }
    }
    geometry IndexedFaceSet {
        ccw TRUE
        solid FALSE
        coord DEF co Coordinate {
            point [
                8.5245 1.3025 -5.6581, 8.5797 1.2601 -5.6267, 8.579 1.48 -5.6255, 8.6796 1.18 -5.6007, 8.7 1.18 -5.6002, 8.6528 1.2016 -5.6067, 8.7 1.48 -5.6, 8.6504 1.2035 -5.6073, 8.6497 1.48 -5.6042, 8.5896 1.2525 -5.621, 8.5809 1.2592 -5.626, 8.4627 1.3481 -5.7164, 8.4634 1.3475 -5.7157, 8.4634 1.48 -5.7156, 8.5159 1.3091 -5.6636, 8.5156 1.48 -5.6634, 8.5162 1.3088 -5.6632, 8.5172 1.3081 -5.6622, 8.4096 1.3877 -5.8302, 8.4254 1.3749 -5.7804, 8.4255 1.48 -5.779, 8.4259 1.3745 -5.7791, 8.4275 1.3732 -5.7739, 8.4068 1.3892 -5.8501, 8.4042 1.48 -5.8497, 8.4066 1.3893 -5.8521, 8.4 1.48 -5.9, 8.4 1.393 -5.9, 8.3636 2.6777 -5.6, 8.2269 2.8743 -5.6, 8.1884 2.8449 -5.6042, 8.207 2.903 -5.6, 8.5908 2.1804 -5.6, 8.4927 2.4343 -5.6, 8.3965 2.5171 -5.6042, 8.4375 2.5384 -5.6, 8.6936 1.6521 -5.6, 8.6297 1.7795 -5.6042, 8.6757 1.7857 -5.6, 8.6582 1.9167 -5.6, 8.5596 1.7701 -5.6255, 8.4968 1.7616 -5.6634, 8.445 1.7547 -5.7156, 8.4075 1.7496 -5.779, 8.3864 1.7468 -5.8497, 7.9933 2.6959 -5.8497, 7.9899 2.6934 -5.9, 8.1748 2.4019 -5.9, 7.8142 2.8942 -5.9, 7.8172 2.8972 -5.8497, 7.8206 2.9006 -5.8337, 8.0101 2.7088 -5.779, 7.8607 2.9407 -5.7132, 7.859 2.939 -5.7156, 8.0403 2.7318 -5.7156, 7.8359 2.9159 -5.7704, 7.8322 2.9122 -5.779, 7.8943 2.9743 -5.6657, 8.0818 2.7635 -5.6634, 7.896 2.976 -5.6634, 7.9347 3.0147 -5.6306, 8.1322 2.802 -5.6255, 7.9408 3.0208 -5.6255, 7.9795 3.0595 -5.6091, 7.9908 3.0708 -5.6042, 8.0263 3.1063 -5.6, 8.3822 1.7462 -5.9, 8.3109 2.0844 -5.8497, 8.3312 2.0908 -5.779, 8.3673 2.1022 -5.7156, 8.4171 2.1179 -5.6634, 8.4776 2.1371 -5.6255, 8.545 2.1584 -5.6042, 8.3337 2.4845 -5.6255, 8.2774 2.4552 -5.6634, 8.2311 2.4312 -5.7156, 8.1974 2.4137 -5.779, 8.1786 2.4039 -5.8497, 8.3069 2.0831 -5.9, 6.4992 4.2092 -5.9, 6.5022 4.2122 -5.8497, 6.5056 4.2156 -5.8337, 6.5172 4.2272 -5.779, 6.5209 4.2309 -5.7704, 6.544 4.254 -5.7156, 6.5457 4.2557 -5.7132, 6.7113 4.4213 -5.6, 6.6758 4.3858 -5.6042, 6.6645 4.3745 -5.6091, 6.6258 4.3358 -5.6255, 6.6197 4.3297 -5.6306, 6.581 4.291 -5.6634, 6.5793 4.2893 -5.6657, 5.6265 5.0304 -5.6, 5.3909 5.0728 -5.6, 5.3845 5.0247 -5.6042, 5.3566 5.0789 -5.6, 6.1388 4.8394 -5.6, 5.8899 4.9496 -5.6, 5.7634 4.94 -5.6042, 5.7774 4.9841 -5.6, 6.5852 4.5385 -5.6, 6.4499 4.5834 -5.6042, 6.478 4.6203 -5.6, 6.373 4.7005 -5.6, 6.407 4.5272 -5.6255, 6.3685 4.4768 -5.6634, 6.3368 4.4353 -5.7156, 6.3138 4.4051 -5.779, 6.3009 4.3883 -5.8497, 5.3518 4.7814 -5.8497, 5.3512 4.7772 -5.9, 5.6881 4.7019 -5.9, 5.085 4.795 -5.9, 5.085 4.7992 -5.8497, 5.085 4.8073 -5.823, 5.3546 4.8025 -5.779, 5.085 4.8205 -5.779, 5.085 4.8371 -5.7512, 5.3597 4.84 -5.7156, 5.085 4.8584 -5.7156, 5.085 4.8845 -5.6895, 5.3666 4.8918 -5.6634, 5.085 4.9106 -5.6634, 5.085 4.9462 -5.6421, 5.3751 4.9546 -5.6255, 5.085 4.974 -5.6255, 5.085 5.018 -5.6123, 5.085 5.0447 -5.6042, 5.085 5.095 -5.6, 6.2984 4.3849 -5.9, 6.0089 4.5736 -5.8497, 6.0187 4.5924 -5.779, 6.0362 4.6261 -5.7156, 6.0602 4.6724 -5.6634, 6.0895 4.7287 -5.6255, 6.1221 4.7915 -5.6042, 5.7421 4.8726 -5.6255, 5.7229 4.8121 -5.6634, 5.7072 4.7623 -5.7156, 5.6958 4.7262 -5.779, 5.6894 4.7059 -5.8497, 6.0069 4.5698 -5.9, -5.11 4.795 -5.9, -5.11 4.7992 -5.8497, -5.11 4.8073 -5.823, -5.11 4.8205 -5.779, -5.11 4.8371 -5.7512, -5.11 4.8584 -5.7156, -5.11 4.8845 -5.6895, -5.11 4.9106 -5.6634, -5.11 4.9462 -5.6421, -5.11 4.974 -5.6255, -5.11 5.018 -5.6123, -5.11 5.0447 -5.6042, -5.11 5.095 -5.6, -6.2701 4.7712 -5.6, -6.4678 4.6344 -5.6, -6.4383 4.5958 -5.6042, -6.4928 4.6171 -5.6, -5.7785 4.9929 -5.6, -6.0295 4.8975 -5.6, -6.1193 4.7983 -5.6042, -6.1405 4.8392 -5.6, -5.2563 5.0902 -5.6, -5.4077 5.0713 -5.6, -5.4015 5.0253 -5.6042, -5.518 5.0575 -5.6, -5.392 4.9551 -5.6255, -5.3836 4.8923 -5.6634, -5.3766 4.8405 -5.7156, -5.3716 4.803 -5.779, -5.3688 4.7819 -5.8497, -6.2893 4.4006 -5.8497, -6.2867 4.3973 -5.9, -6.0041 4.5766 -5.9, -6.4815 4.2269 -5.9, -6.4845 4.2299 -5.8497, -6.4879 4.2333 -5.8337, -6.3022 4.4175 -5.779, -6.528 4.2734 -5.7132, -6.5263 4.2717 -5.7156, -6.3252 4.4476 -5.7156, -6.5032 4.2486 -5.7704, -6.4996 4.2449 -5.779, -6.5616 4.307 -5.6657, -6.3569 4.4892 -5.6634, -6.5633 4.3086 -5.6634, -6.602 4.3474 -5.6306, -6.3953 4.5396 -5.6255, -6.6081 4.3535 -5.6255, -6.6468 4.3921 -5.6091, -6.6581 4.4035 -5.6042, -6.6937 4.439 -5.6, -5.3682 4.7777 -5.9, -5.6962 4.7088 -5.8497, -5.7026 4.729 -5.779, -5.714 4.7651 -5.7156, -5.7297 4.8149 -5.6634, -5.7489 4.8754 -5.6255, -5.7702 4.9428 -5.6042, -6.0866 4.7355 -5.6255, -6.0574 4.6792 -5.6634, -6.0333 4.6329 -5.7156, -6.0159 4.5992 -5.779, -6.0061 4.5804 -5.8497, -5.6949 4.7047 -5.9, -7.8142 2.8942 -5.9, -7.8172 2.8972 -5.8497, -7.8206 2.9006 -5.8337, -7.8322 2.9122 -5.779, -7.8359 2.9159 -5.7704, -7.859 2.939 -5.7156, -7.8607 2.9407 -5.7132, -8.0263 3.1063 -5.6, -7.9908 3.0708 -5.6042, -7.9795 3.0595 -5.6091, -7.9408 3.0208 -5.6255, -7.9347 3.0147 -5.6306, -7.896 2.976 -5.6634, -7.8943 2.9743 -5.6657, -8.6839 1.7516 -5.6, -8.7 1.48 -5.6, -8.6497 1.48 -5.6042, -8.6354 2.0215 -5.6, -8.6778 1.7859 -5.6, -8.6297 1.7795 -5.6042, -8.4444 2.5338 -5.6, -8.5546 2.2849 -5.6, -8.545 2.1584 -5.6042, -8.5891 2.1724 -5.6, -8.1435 2.9802 -5.6, -8.1884 2.8449 -5.6042, -8.2253 2.873 -5.6, -8.3055 2.768 -5.6, -8.1322 2.802 -5.6255, -8.0818 2.7635 -5.6634, -8.0403 2.7318 -5.7156, -8.0101 2.7088 -5.779, -7.9933 2.6959 -5.8497, -8.4042 1.48 -5.8497, -8.4 1.48 -5.9, -8.3822 1.7462 -5.9, -8.579 1.48 -5.6255, -8.5596 1.7701 -5.6255, -8.5156 1.48 -5.6634, -8.4968 1.7616 -5.6634, -8.4634 1.48 -5.7156, -8.445 1.7547 -5.7156, -8.4255 1.48 -5.779, -8.4075 1.7496 -5.779, -8.3864 1.7468 -5.8497, -8.3069 2.0831 -5.9, -7.9899 2.6934 -5.9, -8.1786 2.4039 -5.8497, -8.1974 2.4137 -5.779, -8.2311 2.4312 -5.7156, -8.2774 2.4552 -5.6634, -8.3337 2.4845 -5.6255, -8.3965 2.5171 -5.6042, -8.4776 2.1371 -5.6255, -8.4171 2.1179 -5.6634, -8.3673 2.1022 -5.7156, -8.3312 2.0908 -5.779, -8.3109 2.0844 -5.8497, -8.1748 2.4019 -5.9, -8.7011 1.18 -5.6003, -8.6796 1.18 -5.6007, -8.6608 1.1955 -5.6026, -8.6526 1.202 -5.6049, -8.4125 1.3842 -5.8143, -8.4058 1.3889 -5.8412, -8.4 1.393 -5.9, -8.405 1.3895 -5.8498, -8.405 1.3895 -5.8495, -8.4471 1.3594 -5.7386, -8.4366 1.367 -5.7564, -8.4272 1.3737 -5.7789, -8.4269 1.3739 -5.7796, -8.5012 1.3199 -5.6753, -8.4907 1.3277 -5.6851, -8.4656 1.3459 -5.7159, -8.4649 1.3465 -5.7168, -8.5776 1.2619 -5.6261, -8.5652 1.2715 -5.632, -8.5327 1.296 -5.654, -8.5181 1.3071 -5.6639, -8.5166 1.3082 -5.6649, -8.6501 1.204 -5.6056, -8.5811 1.2591 -5.6251, -8.5791 1.2607 -5.6257, -8.5012 -1.3199 -5.6753, -8.5166 -1.3082 -5.6649, -8.5156 -1.505 -5.6634, -8.6796 -1.18 -5.6007, -8.7 -1.18 -5.6002, -8.6608 -1.1955 -5.6026, -8.7 -1.505 -5.6, -8.6497 -1.505 -5.6042, -8.579 -1.505 -5.6255, -8.5791 -1.2607 -5.6257, -8.5811 -1.2591 -5.6251, -8.6501 -1.204 -5.6056, -8.6526 -1.202 -5.6049, -8.5243 -1.3024 -5.6597, -8.5652 -1.2715 -5.632, -8.5776 -1.2619 -5.6261, -8.5181 -1.3071 -5.6639, -8.4471 -1.3594 -5.7386, -8.4649 -1.3465 -5.7168, -8.4634 -1.505 -5.7156, -8.4656 -1.3459 -5.7159, -8.4907 -1.3277 -5.6851, -8.4125 -1.3842 -5.8143, -8.4269 -1.3739 -5.7796, -8.4255 -1.505 -5.779, -8.4272 -1.3737 -5.7789, -8.4366 -1.367 -5.7564, -8.4058 -1.3889 -5.8412, -8.4042 -1.505 -5.8497, -8.405 -1.3895 -5.8495, -8.405 -1.3895 -5.8498, -8.4 -1.505 -5.9, -8.4 -1.393 -5.9, -8.3636 -2.7027 -5.6, -8.2269 -2.8993 -5.6, -8.1884 -2.8699 -5.6042, -8.207 -2.928 -5.6, -8.5908 -2.2054 -5.6, -8.4927 -2.4593 -5.6, -8.3965 -2.5421 -5.6042, -8.4375 -2.5634 -5.6, -8.6936 -1.6771 -5.6, -8.6297 -1.8045 -5.6042, -8.6757 -1.8107 -5.6, -8.6582 -1.9417 -5.6, -8.5596 -1.7951 -5.6255, -8.4968 -1.7866 -5.6634, -8.445 -1.7797 -5.7156, -8.4075 -1.7746 -5.779, -8.3864 -1.7718 -5.8497, -7.9933 -2.7209 -5.8497, -7.9899 -2.7184 -5.9, -8.1748 -2.4269 -5.9, -7.8142 -2.9192 -5.9, -7.8172 -2.9222 -5.8497, -7.8206 -2.9256 -5.8337, -8.0101 -2.7338 -5.779, -7.8607 -2.9657 -5.7132, -7.859 -2.964 -5.7156, -8.0403 -2.7568 -5.7156, -7.8359 -2.9409 -5.7704, -7.8322 -2.9372 -5.779, -7.8943 -2.9993 -5.6657, -8.0818 -2.7885 -5.6634, -7.896 -3.001 -5.6634, -7.9347 -3.0397 -5.6306, -8.1322 -2.827 -5.6255, -7.9408 -3.0458 -5.6255, -7.9795 -3.0845 -5.6091, -7.9908 -3.0958 -5.6042, -8.0263 -3.1313 -5.6, -8.3822 -1.7712 -5.9, -8.3109 -2.1094 -5.8497, -8.3312 -2.1158 -5.779, -8.3673 -2.1272 -5.7156, -8.4171 -2.1429 -5.6634, -8.4776 -2.1621 -5.6255, -8.545 -2.1834 -5.6042, -8.3337 -2.5095 -5.6255, -8.2774 -2.4802 -5.6634, -8.2311 -2.4562 -5.7156, -8.1974 -2.4387 -5.779, -8.1786 -2.4289 -5.8497, -8.3069 -2.1081 -5.9, -6.5242 -4.2092 -5.9, -6.5272 -4.2122 -5.8497, -6.5306 -4.2156 -5.8337, -6.5422 -4.2272 -5.779, -6.5459 -4.2309 -5.7704, -6.569 -4.254 -5.7156, -6.5707 -4.2557 -5.7132, -6.7363 -4.4213 -5.6, -6.7008 -4.3858 -5.6042, -6.6895 -4.3745 -5.6091, -6.6508 -4.3358 -5.6255, -6.6447 -4.3297 -5.6306, -6.606 -4.291 -5.6634, -6.6043 -4.2893 -5.6657, -5.6515 -5.0304 -5.6, -5.4159 -5.0728 -5.6, -5.4095 -5.0247 -5.6042, -5.3816 -5.0789 -5.6, -6.1638 -4.8394 -5.6, -5.9149 -4.9496 -5.6, -5.7884 -4.94 -5.6042, -5.8024 -4.9841 -5.6, -6.6102 -4.5385 -5.6, -6.4749 -4.5834 -5.6042, -6.503 -4.6203 -5.6, -6.398 -4.7005 -5.6, -6.432 -4.5272 -5.6255, -6.3935 -4.4768 -5.6634, -6.3618 -4.4353 -5.7156, -6.3388 -4.4051 -5.779, -6.3259 -4.3883 -5.8497, -5.3768 -4.7814 -5.8497, -5.3762 -4.7772 -5.9, -5.7131 -4.7019 -5.9, -5.11 -4.795 -5.9, -5.11 -4.7992 -5.8497, -5.11 -4.8073 -5.823, -5.3796 -4.8025 -5.779, -5.11 -4.8205 -5.779, -5.11 -4.8371 -5.7512, -5.3847 -4.84 -5.7156, -5.11 -4.8584 -5.7156, -5.11 -4.8845 -5.6895, -5.3916 -4.8918 -5.6634, -5.11 -4.9106 -5.6634, -5.11 -4.9462 -5.6421, -5.4001 -4.9546 -5.6255, -5.11 -4.974 -5.6255, -5.11 -5.018 -5.6123, -5.11 -5.0447 -5.6042, -5.11 -5.095 -5.6, -6.3234 -4.3849 -5.9, -6.0339 -4.5736 -5.8497, -6.0437 -4.5924 -5.779, -6.0612 -4.6261 -5.7156, -6.0852 -4.6724 -5.6634, -6.1145 -4.7287 -5.6255, -6.1471 -4.7915 -5.6042, -5.7671 -4.8726 -5.6255, -5.7479 -4.8121 -5.6634, -5.7322 -4.7623 -5.7156, -5.7208 -4.7262 -5.779, -5.7144 -4.7059 -5.8497, -6.0319 -4.5698 -5.9, 5.11 -5.095 -5.6, 5.11 -5.0447 -5.6042, 5.11 -5.018 -5.6123, 5.11 -4.974 -5.6255, 5.11 -4.9462 -5.6421, 5.11 -4.9106 -5.6634, 5.11 -4.8845 -5.6895, 5.11 -4.8584 -5.7156, 5.11 -4.8371 -5.7512, 5.11 -4.8205 -5.779, 5.11 -4.8073 -5.823, 5.11 -4.7992 -5.8497, 5.11 -4.795 -5.9, 6.3077 -4.7586 -5.6, 6.5043 -4.6219 -5.6, 6.4749 -4.5834 -5.6042, 6.533 -4.602 -5.6, 5.8104 -4.9858 -5.6, 6.0643 -4.8877 -5.6, 6.1471 -4.7915 -5.6042, 6.1684 -4.8325 -5.6, 5.4095 -5.0247 -5.6042, 5.4157 -5.0707 -5.6, 5.5467 -5.0532 -5.6, 5.2821 -5.0886 -5.6, 5.4001 -4.9546 -5.6255, 5.3916 -4.8918 -5.6634, 5.3847 -4.84 -5.7156, 5.3796 -4.8025 -5.779, 5.3768 -4.7814 -5.8497, 6.3259 -4.3883 -5.8497, 6.3234 -4.3849 -5.9, 6.0319 -4.5698 -5.9, 6.5242 -4.2092 -5.9, 6.5272 -4.2122 -5.8497, 6.5329 -4.2179 -5.823, 6.3388 -4.4051 -5.779, 6.5422 -4.2272 -5.779, 6.554 -4.239 -5.7512, 6.3618 -4.4353 -5.7156, 6.569 -4.254 -5.7156, 6.5875 -4.2725 -5.6895, 6.3935 -4.4768 -5.6634, 6.606 -4.291 -5.6634, 6.6311 -4.3161 -5.6421, 6.432 -4.5272 -5.6255, 6.6508 -4.3358 -5.6255, 6.6819 -4.3669 -5.6123, 6.7008 -4.3858 -5.6042, 6.7363 -4.4213 -5.6, 5.3762 -4.7772 -5.9, 5.7144 -4.7059 -5.8497, 5.7208 -4.7262 -5.779, 5.7322 -4.7623 -5.7156, 5.7479 -4.8121 -5.6634, 5.7671 -4.8726 -5.6255, 5.7884 -4.94 -5.6042, 6.1145 -4.7287 -5.6255, 6.0852 -4.6724 -5.6634, 6.0612 -4.6261 -5.7156, 6.0437 -4.5924 -5.779, 6.0339 -4.5736 -5.8497, 5.7131 -4.7019 -5.9, 7.8142 -2.9192 -5.9, 7.8172 -2.9222 -5.8497, 7.8229 -2.9279 -5.823, 7.8322 -2.9372 -5.779, 7.844 -2.949 -5.7512, 7.859 -2.964 -5.7156, 7.8775 -2.9825 -5.6895, 7.896 -3.001 -5.6634, 7.9211 -3.0261 -5.6421, 7.9408 -3.0458 -5.6255, 7.9719 -3.0769 -5.6123, 7.9908 -3.0958 -5.6042, 8.0263 -3.1313 -5.6, 8.6839 -1.7766 -5.6, 8.7 -1.505 -5.6, 8.6497 -1.505 -5.6042, 8.6354 -2.0465 -5.6, 8.6778 -1.8109 -5.6, 8.6297 -1.8045 -5.6042, 8.4444 -2.5588 -5.6, 8.5546 -2.3099 -5.6, 8.545 -2.1834 -5.6042, 8.5891 -2.1974 -5.6, 8.1884 -2.8699 -5.6042, 8.2253 -2.898 -5.6, 8.3055 -2.793 -5.6, 8.1435 -3.0052 -5.6, 8.1322 -2.827 -5.6255, 8.0818 -2.7885 -5.6634, 8.0403 -2.7568 -5.7156, 8.0101 -2.7338 -5.779, 7.9933 -2.7209 -5.8497, 8.4042 -1.505 -5.8497, 8.4 -1.505 -5.9, 8.3822 -1.7712 -5.9, 8.579 -1.505 -5.6255, 8.5596 -1.7951 -5.6255, 8.5156 -1.505 -5.6634, 8.4968 -1.7866 -5.6634, 8.4634 -1.505 -5.7156, 8.445 -1.7797 -5.7156, 8.4255 -1.505 -5.779, 8.4075 -1.7746 -5.779, 8.3864 -1.7718 -5.8497, 8.3069 -2.1081 -5.9, 7.9899 -2.7184 -5.9, 8.1786 -2.4289 -5.8497, 8.1974 -2.4387 -5.779, 8.2311 -2.4562 -5.7156, 8.2774 -2.4802 -5.6634, 8.3337 -2.5095 -5.6255, 8.3965 -2.5421 -5.6042, 8.4776 -2.1621 -5.6255, 8.4171 -2.1429 -5.6634, 8.3673 -2.1272 -5.7156, 8.3312 -2.1158 -5.779, 8.3109 -2.1094 -5.8497, 8.1748 -2.4269 -5.9, 8.7 -1.18 -5.6002, 8.6796 -1.18 -5.6007, 8.6517 -1.2027 -5.6039, 8.6517 -1.2028 -5.6039, 8.4 -1.393 -5.9, 8.4061 -1.3894 -5.8521, 8.4064 -1.3893 -5.85, 8.4641 -1.3471 -5.7168, 8.4551 -1.3537 -5.7268, 8.4273 -1.3737 -5.7752, 8.426 -1.3747 -5.7791, 8.4085 -1.388 -5.8333, 8.5021 -1.3191 -5.6745, 8.4644 -1.3469 -5.7165, 8.5684 -1.2688 -5.6303, 8.5327 -1.296 -5.6541, 8.517 -1.3079 -5.6646, 8.5166 -1.3082 -5.6649, 8.6497 -1.2043 -5.6045, 8.5807 -1.2591 -5.6264, 8.5794 -1.2601 -5.6268, 8.2019 -1.305 -5.9, 7.939 -1.1256 -5.9, 7.1511 -1.6812 -5.9, 7.175 -1.5 -5.9, 7.7206 -0.8941 -5.9, 7.5567 -0.6213 -5.9, 5.191 -3.98 -5.9, 5.0321 -4.1871 -5.9, 4.825 -4.346 -5.9, 7.455 -0.3198 -5.9, 7.42 -0.0035 -5.9, 7.175 1.5 -5.9, 7.4535 0.313 -5.9, 7.5538 0.615 -5.9, 5.325 -2.4 -5.9, 5.325 -3.48 -5.9, 5.525 -2.2 -5.9, -5.525 -2.2 -5.9, -6.475 -2.2 -5.9, -6.6562 -2.1761 -5.9, -6.825 -2.1062 -5.9, -6.97 -1.995 -5.9, -7.0812 -1.85 -5.9, -7.1511 -1.6812 -5.9, 7.7164 0.8886 -5.9, 7.9338 1.1211 -5.9, 8.1957 1.3017 -5.9, 7.0812 -1.85 -5.9, 6.97 -1.995 -5.9, 6.825 -2.1062 -5.9, 6.6562 -2.1761 -5.9, 6.475 -2.2 -5.9, 5.525 2.2 -5.9, 6.475 2.2 -5.9, 6.6562 2.1761 -5.9, -5.0321 -4.1871 -5.9, -4.825 -4.346 -5.9, -4.5838 -4.4459 -5.9, -8.2019 1.305 -5.9, -7.939 1.1256 -5.9, -7.1511 1.6812 -5.9, -8.1958 -1.3017 -5.9, -5.191 3.98 -5.9, -5.0321 4.1871 -5.9, 6.825 2.1062 -5.9, 6.97 1.995 -5.9, 7.0812 1.85 -5.9, 5.2909 -3.7388 -5.9, 4.5838 -4.4459 -5.9, 4.325 -4.48 -5.9, -4.325 -4.48 -5.9, -5.325 -2.4 -5.9, -5.325 -3.48 -5.9, -5.2909 -3.7388 -5.9, -5.191 -3.98 -5.9, -5.325 2.4 -5.9, -5.325 3.48 -5.9, -5.525 2.2 -5.9, -4.825 4.346 -5.9, -4.5838 4.4459 -5.9, -4.325 4.48 -5.9, 4.325 4.48 -5.9, 7.1511 1.6812 -5.9, -7.175 1.5 -5.9, -7.7206 0.8941 -5.9, -7.5567 0.6213 -5.9, -7.4535 -0.313 -5.9, -7.175 -1.5 -5.9, -7.42 0.0035 -5.9, -7.455 0.3198 -5.9, -6.6562 2.1761 -5.9, -6.475 2.2 -5.9, 4.5838 4.4459 -5.9, 4.825 4.346 -5.9, 5.0321 4.1871 -5.9, -6.825 2.1062 -5.9, -6.97 1.995 -5.9, -7.0812 1.85 -5.9, -7.9338 -1.1211 -5.9, -7.7164 -0.8886 -5.9, -7.5538 -0.615 -5.9, 5.325 2.4 -5.9, 5.325 3.48 -5.9, 5.2909 3.7388 -5.9, 5.191 3.98 -5.9, -5.2909 3.7388 -5.9, 5.425 -2.2268 -5.9, 5.3836 -2.2586 -5.9, 5.4732 -2.2068 -5.9, 5.3518 -2.3 -5.9, 5.3318 -2.3482 -5.9, -5.3318 -2.3482 -5.9, -5.3518 -2.3 -5.9, -5.4732 -2.2068 -5.9, -5.3836 -2.2586 -5.9, -5.425 -2.2268 -5.9, 5.3518 2.3 -5.9, 5.3836 2.2586 -5.9, 5.425 2.2268 -5.9, 5.3318 2.3482 -5.9, 5.4732 2.2068 -5.9, -5.425 2.2268 -5.9, -5.3836 2.2586 -5.9, -5.4732 2.2068 -5.9, -5.3518 2.3 -5.9, -5.3318 2.3482 -5.9, -5.3318 2.3482 -5.9
            ]
        }
        coordIndex [
            0,1,2,-1,3,4,5,-1,5,4,6,-1,5,6,7,-1,7,6,8,-1,7,8,9,-1,2,1,8,-1,8,1,10,-1,8,10,9,-1,11,12,13,-1,13,12,14,-1,13,14,15,-1,15,14,16,-1,15,16,2,-1,2,16,17,-1,2,17,0,-1,18,19,20,-1,20,19,21,-1,20,21,13,-1,13,21,22,-1,13,22,11,-1,18,20,23,-1,23,20,24,-1,23,24,25,-1,25,24,26,-1,25,26,27,-1,28,29,30,-1,30,29,31,-1,32,33,34,-1,34,33,35,-1,34,35,28,-1,6,36,37,-1,37,36,38,-1,37,38,39,-1,6,37,8,-1,8,37,40,-1,8,40,2,-1,2,40,41,-1,2,41,15,-1,15,41,42,-1,15,42,13,-1,13,42,43,-1,13,43,20,-1,20,43,44,-1,20,44,24,-1,45,46,47,-1,48,46,49,-1,49,46,45,-1,49,45,50,-1,50,45,51,-1,52,53,54,-1,54,53,55,-1,54,55,51,-1,51,55,56,-1,51,56,50,-1,52,54,57,-1,57,54,58,-1,57,58,59,-1,59,58,60,-1,60,58,61,-1,60,61,62,-1,62,61,63,-1,63,61,30,-1,63,30,64,-1,64,30,31,-1,64,31,65,-1,26,24,66,-1,66,24,44,-1,66,44,67,-1,67,44,43,-1,67,43,68,-1,68,43,42,-1,68,42,69,-1,69,42,41,-1,69,41,70,-1,70,41,40,-1,70,40,71,-1,71,40,37,-1,71,37,72,-1,72,37,39,-1,72,39,32,-1,32,34,72,-1,72,34,73,-1,72,73,71,-1,71,73,74,-1,71,74,70,-1,70,74,75,-1,70,75,69,-1,69,75,76,-1,69,76,68,-1,68,76,77,-1,68,77,67,-1,67,77,78,-1,67,78,66,-1,28,30,34,-1,34,30,61,-1,34,61,73,-1,73,61,58,-1,73,58,74,-1,74,58,54,-1,74,54,75,-1,75,54,51,-1,75,51,76,-1,76,51,45,-1,76,45,77,-1,77,45,47,-1,77,47,78,-1,79,48,80,-1,80,48,49,-1,80,49,81,-1,81,49,50,-1,81,50,82,-1,82,50,56,-1,82,56,83,-1,83,56,55,-1,83,55,84,-1,84,55,53,-1,84,53,85,-1,85,53,52,-1,85,52,57,-1,65,86,64,-1,64,86,87,-1,64,87,63,-1,63,87,88,-1,63,88,62,-1,62,88,89,-1,62,89,60,-1,60,89,90,-1,60,90,59,-1,59,90,91,-1,59,91,57,-1,57,91,92,-1,57,92,85,-1,93,94,95,-1,95,94,96,-1,97,98,99,-1,99,98,100,-1,99,100,93,-1,86,101,102,-1,102,101,103,-1,102,103,104,-1,105,88,102,-1,102,88,87,-1,102,87,86,-1,106,90,105,-1,105,90,89,-1,105,89,88,-1,84,85,107,-1,107,85,92,-1,107,92,106,-1,106,92,91,-1,106,91,90,-1,84,107,83,-1,83,107,108,-1,83,108,82,-1,82,108,81,-1,81,108,109,-1,81,109,80,-1,110,111,112,-1,113,111,114,-1,114,111,110,-1,114,110,115,-1,115,110,116,-1,115,116,117,-1,117,116,118,-1,118,116,119,-1,118,119,120,-1,120,119,121,-1,121,119,122,-1,121,122,123,-1,123,122,124,-1,124,122,125,-1,124,125,126,-1,126,125,127,-1,127,125,95,-1,127,95,128,-1,128,95,96,-1,128,96,129,-1,79,80,130,-1,130,80,109,-1,130,109,131,-1,131,109,108,-1,131,108,132,-1,132,108,107,-1,132,107,133,-1,133,107,106,-1,133,106,134,-1,134,106,105,-1,134,105,135,-1,135,105,102,-1,135,102,136,-1,136,102,104,-1,136,104,97,-1,97,99,136,-1,136,99,137,-1,136,137,135,-1,135,137,138,-1,135,138,134,-1,134,138,139,-1,134,139,133,-1,133,139,140,-1,133,140,132,-1,132,140,141,-1,132,141,131,-1,131,141,142,-1,131,142,130,-1,93,95,99,-1,99,95,125,-1,99,125,137,-1,137,125,122,-1,137,122,138,-1,138,122,119,-1,138,119,139,-1,139,119,116,-1,139,116,140,-1,140,116,110,-1,140,110,141,-1,141,110,112,-1,141,112,142,-1,143,113,144,-1,144,113,114,-1,144,114,145,-1,145,114,115,-1,145,115,146,-1,146,115,117,-1,146,117,147,-1,147,117,118,-1,147,118,148,-1,148,118,120,-1,148,120,149,-1,149,120,121,-1,149,121,150,-1,150,121,123,-1,150,123,151,-1,151,123,124,-1,151,124,152,-1,152,124,126,-1,152,126,153,-1,153,126,127,-1,153,127,154,-1,154,127,128,-1,154,128,155,-1,155,128,129,-1,156,157,158,-1,158,157,159,-1,160,161,162,-1,162,161,163,-1,162,163,156,-1,164,165,166,-1,166,165,167,-1,155,164,154,-1,154,164,166,-1,154,166,153,-1,153,166,168,-1,153,168,152,-1,152,168,151,-1,151,168,169,-1,151,169,150,-1,150,169,149,-1,149,169,170,-1,149,170,148,-1,148,170,147,-1,147,170,171,-1,147,171,146,-1,146,171,145,-1,145,171,172,-1,145,172,144,-1,173,174,175,-1,176,174,177,-1,177,174,173,-1,177,173,178,-1,178,173,179,-1,180,181,182,-1,182,181,183,-1,182,183,179,-1,179,183,184,-1,179,184,178,-1,180,182,185,-1,185,182,186,-1,185,186,187,-1,187,186,188,-1,188,186,189,-1,188,189,190,-1,190,189,191,-1,191,189,158,-1,191,158,192,-1,192,158,159,-1,192,159,193,-1,143,144,194,-1,194,144,172,-1,194,172,195,-1,195,172,171,-1,195,171,196,-1,196,171,170,-1,196,170,197,-1,197,170,169,-1,197,169,198,-1,198,169,168,-1,198,168,199,-1,199,168,166,-1,199,166,200,-1,200,166,167,-1,200,167,160,-1,160,162,200,-1,200,162,201,-1,200,201,199,-1,199,201,202,-1,199,202,198,-1,198,202,203,-1,198,203,197,-1,197,203,204,-1,197,204,196,-1,196,204,205,-1,196,205,195,-1,195,205,206,-1,195,206,194,-1,156,158,162,-1,162,158,189,-1,162,189,201,-1,201,189,186,-1,201,186,202,-1,202,186,182,-1,202,182,203,-1,203,182,179,-1,203,179,204,-1,204,179,173,-1,204,173,205,-1,205,173,175,-1,205,175,206,-1,207,176,208,-1,208,176,177,-1,208,177,209,-1,209,177,178,-1,209,178,210,-1,210,178,184,-1,210,184,211,-1,211,184,183,-1,211,183,212,-1,212,183,181,-1,212,181,213,-1,213,181,180,-1,213,180,185,-1,193,214,192,-1,192,214,215,-1,192,215,191,-1,191,215,216,-1,191,216,190,-1,190,216,217,-1,190,217,188,-1,188,217,218,-1,188,218,187,-1,187,218,219,-1,187,219,185,-1,185,219,220,-1,185,220,213,-1,221,222,223,-1,224,225,226,-1,226,225,221,-1,227,228,229,-1,229,228,230,-1,229,230,224,-1,214,231,232,-1,232,231,233,-1,232,233,234,-1,235,216,232,-1,232,216,215,-1,232,215,214,-1,236,218,235,-1,235,218,217,-1,235,217,216,-1,212,213,237,-1,237,213,220,-1,237,220,236,-1,236,220,219,-1,236,219,218,-1,212,237,211,-1,211,237,238,-1,211,238,210,-1,210,238,209,-1,209,238,239,-1,209,239,208,-1,240,241,242,-1,221,223,226,-1,226,223,243,-1,226,243,244,-1,244,243,245,-1,244,245,246,-1,246,245,247,-1,246,247,248,-1,248,247,249,-1,248,249,250,-1,250,249,240,-1,250,240,251,-1,251,240,242,-1,251,242,252,-1,207,208,253,-1,253,208,239,-1,253,239,254,-1,254,239,238,-1,254,238,255,-1,255,238,237,-1,255,237,256,-1,256,237,236,-1,256,236,257,-1,257,236,235,-1,257,235,258,-1,258,235,232,-1,258,232,259,-1,259,232,234,-1,259,234,227,-1,227,229,259,-1,259,229,260,-1,259,260,258,-1,258,260,261,-1,258,261,257,-1,257,261,262,-1,257,262,256,-1,256,262,263,-1,256,263,255,-1,255,263,264,-1,255,264,254,-1,254,264,265,-1,254,265,253,-1,224,226,229,-1,229,226,244,-1,229,244,260,-1,260,244,246,-1,260,246,261,-1,261,246,248,-1,261,248,262,-1,262,248,250,-1,262,250,263,-1,263,250,251,-1,263,251,264,-1,264,251,252,-1,264,252,265,-1,222,266,267,-1,267,268,222,-1,222,268,269,-1,222,269,223,-1,249,270,240,-1,240,270,271,-1,272,241,273,-1,273,241,240,-1,273,240,274,-1,274,240,271,-1,275,276,247,-1,247,276,277,-1,247,277,249,-1,249,277,278,-1,249,278,270,-1,279,280,245,-1,245,280,281,-1,245,281,247,-1,247,281,282,-1,247,282,275,-1,243,283,284,-1,284,285,243,-1,243,285,286,-1,243,286,245,-1,245,286,287,-1,245,287,279,-1,269,288,223,-1,223,288,289,-1,223,289,243,-1,243,289,290,-1,243,290,283,-1,291,292,293,-1,294,295,296,-1,296,295,297,-1,298,299,300,-1,300,301,298,-1,298,301,302,-1,298,302,297,-1,297,302,303,-1,297,303,296,-1,304,305,299,-1,299,305,306,-1,299,306,300,-1,293,292,299,-1,299,292,307,-1,299,307,304,-1,308,309,310,-1,310,309,311,-1,310,311,293,-1,293,311,312,-1,293,312,291,-1,313,314,315,-1,315,314,316,-1,315,316,310,-1,310,316,317,-1,310,317,308,-1,313,315,318,-1,318,315,319,-1,318,319,320,-1,320,319,321,-1,321,319,322,-1,321,322,323,-1,324,325,326,-1,326,325,327,-1,328,329,330,-1,330,329,331,-1,330,331,324,-1,297,332,333,-1,333,332,334,-1,333,334,335,-1,297,333,298,-1,298,333,336,-1,298,336,299,-1,299,336,337,-1,299,337,293,-1,293,337,338,-1,293,338,310,-1,310,338,339,-1,310,339,315,-1,315,339,340,-1,315,340,319,-1,341,342,343,-1,344,342,345,-1,345,342,341,-1,345,341,346,-1,346,341,347,-1,348,349,350,-1,350,349,351,-1,350,351,347,-1,347,351,352,-1,347,352,346,-1,348,350,353,-1,353,350,354,-1,353,354,355,-1,355,354,356,-1,356,354,357,-1,356,357,358,-1,358,357,359,-1,359,357,326,-1,359,326,360,-1,360,326,327,-1,360,327,361,-1,322,319,362,-1,362,319,340,-1,362,340,363,-1,363,340,339,-1,363,339,364,-1,364,339,338,-1,364,338,365,-1,365,338,337,-1,365,337,366,-1,366,337,336,-1,366,336,367,-1,367,336,333,-1,367,333,368,-1,368,333,335,-1,368,335,328,-1,328,330,368,-1,368,330,369,-1,368,369,367,-1,367,369,370,-1,367,370,366,-1,366,370,371,-1,366,371,365,-1,365,371,372,-1,365,372,364,-1,364,372,373,-1,364,373,363,-1,363,373,374,-1,363,374,362,-1,324,326,330,-1,330,326,357,-1,330,357,369,-1,369,357,354,-1,369,354,370,-1,370,354,350,-1,370,350,371,-1,371,350,347,-1,371,347,372,-1,372,347,341,-1,372,341,373,-1,373,341,343,-1,373,343,374,-1,375,344,376,-1,376,344,345,-1,376,345,377,-1,377,345,346,-1,377,346,378,-1,378,346,352,-1,378,352,379,-1,379,352,351,-1,379,351,380,-1,380,351,349,-1,380,349,381,-1,381,349,348,-1,381,348,353,-1,361,382,360,-1,360,382,383,-1,360,383,359,-1,359,383,384,-1,359,384,358,-1,358,384,385,-1,358,385,356,-1,356,385,386,-1,356,386,355,-1,355,386,387,-1,355,387,353,-1,353,387,388,-1,353,388,381,-1,389,390,391,-1,391,390,392,-1,393,394,395,-1,395,394,396,-1,395,396,389,-1,382,397,398,-1,398,397,399,-1,398,399,400,-1,401,384,398,-1,398,384,383,-1,398,383,382,-1,402,386,401,-1,401,386,385,-1,401,385,384,-1,380,381,403,-1,403,381,388,-1,403,388,402,-1,402,388,387,-1,402,387,386,-1,380,403,379,-1,379,403,404,-1,379,404,378,-1,378,404,377,-1,377,404,405,-1,377,405,376,-1,406,407,408,-1,409,407,410,-1,410,407,406,-1,410,406,411,-1,411,406,412,-1,411,412,413,-1,413,412,414,-1,414,412,415,-1,414,415,416,-1,416,415,417,-1,417,415,418,-1,417,418,419,-1,419,418,420,-1,420,418,421,-1,420,421,422,-1,422,421,423,-1,423,421,391,-1,423,391,424,-1,424,391,392,-1,424,392,425,-1,375,376,426,-1,426,376,405,-1,426,405,427,-1,427,405,404,-1,427,404,428,-1,428,404,403,-1,428,403,429,-1,429,403,402,-1,429,402,430,-1,430,402,401,-1,430,401,431,-1,431,401,398,-1,431,398,432,-1,432,398,400,-1,432,400,393,-1,393,395,432,-1,432,395,433,-1,432,433,431,-1,431,433,434,-1,431,434,430,-1,430,434,435,-1,430,435,429,-1,429,435,436,-1,429,436,428,-1,428,436,437,-1,428,437,427,-1,427,437,438,-1,427,438,426,-1,389,391,395,-1,395,391,421,-1,395,421,433,-1,433,421,418,-1,433,418,434,-1,434,418,415,-1,434,415,435,-1,435,415,412,-1,435,412,436,-1,436,412,406,-1,436,406,437,-1,437,406,408,-1,437,408,438,-1,425,439,424,-1,424,439,440,-1,424,440,423,-1,423,440,441,-1,423,441,422,-1,422,441,442,-1,422,442,420,-1,420,442,443,-1,420,443,419,-1,419,443,444,-1,419,444,417,-1,417,444,445,-1,417,445,416,-1,416,445,446,-1,416,446,414,-1,414,446,447,-1,414,447,413,-1,413,447,448,-1,413,448,411,-1,411,448,449,-1,411,449,410,-1,410,449,450,-1,410,450,409,-1,409,450,451,-1,452,453,454,-1,454,453,455,-1,456,457,458,-1,458,457,459,-1,458,459,452,-1,460,461,462,-1,440,439,460,-1,460,439,463,-1,460,463,461,-1,440,460,441,-1,441,460,464,-1,441,464,442,-1,442,464,443,-1,443,464,465,-1,443,465,444,-1,444,465,445,-1,445,465,466,-1,445,466,446,-1,446,466,447,-1,447,466,467,-1,447,467,448,-1,448,467,449,-1,449,467,468,-1,449,468,450,-1,469,470,471,-1,472,470,473,-1,473,470,469,-1,473,469,474,-1,474,469,475,-1,474,475,476,-1,476,475,477,-1,477,475,478,-1,477,478,479,-1,479,478,480,-1,480,478,481,-1,480,481,482,-1,482,481,483,-1,483,481,484,-1,483,484,485,-1,485,484,486,-1,486,484,454,-1,486,454,487,-1,487,454,455,-1,487,455,488,-1,451,450,489,-1,489,450,468,-1,489,468,490,-1,490,468,467,-1,490,467,491,-1,491,467,466,-1,491,466,492,-1,492,466,465,-1,492,465,493,-1,493,465,464,-1,493,464,494,-1,494,464,460,-1,494,460,495,-1,495,460,462,-1,495,462,456,-1,456,458,495,-1,495,458,496,-1,495,496,494,-1,494,496,497,-1,494,497,493,-1,493,497,498,-1,493,498,492,-1,492,498,499,-1,492,499,491,-1,491,499,500,-1,491,500,490,-1,490,500,501,-1,490,501,489,-1,452,454,458,-1,458,454,484,-1,458,484,496,-1,496,484,481,-1,496,481,497,-1,497,481,478,-1,497,478,498,-1,498,478,475,-1,498,475,499,-1,499,475,469,-1,499,469,500,-1,500,469,471,-1,500,471,501,-1,502,472,503,-1,503,472,473,-1,503,473,504,-1,504,473,474,-1,504,474,505,-1,505,474,476,-1,505,476,506,-1,506,476,477,-1,506,477,507,-1,507,477,479,-1,507,479,508,-1,508,479,480,-1,508,480,509,-1,509,480,482,-1,509,482,510,-1,510,482,483,-1,510,483,511,-1,511,483,485,-1,511,485,512,-1,512,485,486,-1,512,486,513,-1,513,486,487,-1,513,487,514,-1,514,487,488,-1,515,516,517,-1,518,519,520,-1,520,519,515,-1,521,522,523,-1,523,522,524,-1,523,524,518,-1,525,526,527,-1,513,514,525,-1,525,514,528,-1,525,528,526,-1,513,525,512,-1,512,525,529,-1,512,529,511,-1,511,529,510,-1,510,529,530,-1,510,530,509,-1,509,530,508,-1,508,530,531,-1,508,531,507,-1,507,531,506,-1,506,531,532,-1,506,532,505,-1,505,532,504,-1,504,532,533,-1,504,533,503,-1,534,535,536,-1,515,517,520,-1,520,517,537,-1,520,537,538,-1,538,537,539,-1,538,539,540,-1,540,539,541,-1,540,541,542,-1,542,541,543,-1,542,543,544,-1,544,543,534,-1,544,534,545,-1,545,534,536,-1,545,536,546,-1,502,503,547,-1,547,503,533,-1,547,533,548,-1,548,533,532,-1,548,532,549,-1,549,532,531,-1,549,531,550,-1,550,531,530,-1,550,530,551,-1,551,530,529,-1,551,529,552,-1,552,529,525,-1,552,525,553,-1,553,525,527,-1,553,527,521,-1,521,523,553,-1,553,523,554,-1,553,554,552,-1,552,554,555,-1,552,555,551,-1,551,555,556,-1,551,556,550,-1,550,556,557,-1,550,557,549,-1,549,557,558,-1,549,558,548,-1,548,558,559,-1,548,559,547,-1,518,520,523,-1,523,520,538,-1,523,538,554,-1,554,538,540,-1,554,540,555,-1,555,540,542,-1,555,542,556,-1,556,542,544,-1,556,544,557,-1,557,544,545,-1,557,545,558,-1,558,545,546,-1,558,546,559,-1,516,560,561,-1,561,562,516,-1,516,562,563,-1,516,563,517,-1,564,535,565,-1,565,535,534,-1,565,534,566,-1,567,568,541,-1,541,568,569,-1,541,569,543,-1,543,569,570,-1,543,570,534,-1,534,570,571,-1,534,571,566,-1,539,572,541,-1,541,572,573,-1,541,573,567,-1,574,575,537,-1,537,575,576,-1,537,576,539,-1,539,576,577,-1,539,577,572,-1,563,578,517,-1,517,578,579,-1,517,579,537,-1,537,579,580,-1,537,580,574,-1,581,582,583,-1,535,564,581,-1,583,582,584,-1,584,582,585,-1,584,585,586,-1,535,581,536,-1,587,588,501,-1,501,588,489,-1,489,588,589,-1,489,589,451,-1,586,590,584,-1,584,590,591,-1,584,591,592,-1,592,591,593,-1,592,593,594,-1,595,596,597,-1,598,599,375,-1,375,599,600,-1,375,600,344,-1,600,601,344,-1,344,601,602,-1,344,602,342,-1,342,602,603,-1,604,374,603,-1,603,374,343,-1,603,343,342,-1,594,605,592,-1,592,605,606,-1,592,606,607,-1,536,581,546,-1,546,581,583,-1,546,583,559,-1,559,583,608,-1,559,608,547,-1,547,608,609,-1,547,609,502,-1,502,609,610,-1,502,610,472,-1,472,610,611,-1,472,611,612,-1,613,614,79,-1,79,614,615,-1,79,615,48,-1,616,407,617,-1,617,407,409,-1,617,409,618,-1,619,620,621,-1,622,323,322,-1,623,624,206,-1,615,625,48,-1,48,625,626,-1,48,626,46,-1,46,626,627,-1,46,627,47,-1,501,471,587,-1,587,471,470,-1,587,470,628,-1,628,470,472,-1,628,472,596,-1,596,472,612,-1,596,612,597,-1,589,629,451,-1,451,629,630,-1,451,630,409,-1,409,630,631,-1,409,631,618,-1,632,598,633,-1,633,598,375,-1,633,375,634,-1,634,375,426,-1,634,426,635,-1,635,426,438,-1,635,438,616,-1,616,438,408,-1,616,408,407,-1,241,272,619,-1,636,637,638,-1,206,624,194,-1,194,624,639,-1,194,639,143,-1,639,640,143,-1,143,640,641,-1,143,641,113,-1,113,641,642,-1,47,627,78,-1,78,627,643,-1,78,643,66,-1,66,643,592,-1,66,592,26,-1,26,592,607,-1,26,607,27,-1,621,620,644,-1,644,620,645,-1,644,645,646,-1,647,648,649,-1,649,648,644,-1,649,644,650,-1,650,644,646,-1,176,651,652,-1,642,653,113,-1,113,653,654,-1,113,654,111,-1,111,654,655,-1,651,176,656,-1,656,176,207,-1,656,207,657,-1,657,207,253,-1,657,253,658,-1,658,253,265,-1,658,265,621,-1,621,265,252,-1,621,252,619,-1,619,252,242,-1,619,242,241,-1,322,362,622,-1,622,362,374,-1,622,374,659,-1,659,374,604,-1,659,604,660,-1,660,604,648,-1,660,648,661,-1,661,648,647,-1,662,613,663,-1,663,613,79,-1,663,79,664,-1,664,79,130,-1,664,130,665,-1,665,130,142,-1,665,142,655,-1,655,142,112,-1,655,112,111,-1,206,175,623,-1,623,175,174,-1,623,174,666,-1,666,174,176,-1,666,176,637,-1,637,176,652,-1,637,652,638,-1,667,668,669,-1,669,668,670,-1,669,670,597,-1,597,670,671,-1,597,671,595,-1,632,672,598,-1,598,672,673,-1,598,673,674,-1,674,673,675,-1,674,675,676,-1,677,678,679,-1,662,680,613,-1,613,680,677,-1,613,677,681,-1,681,677,679,-1,682,683,684,-1,684,683,685,-1,684,685,638,-1,638,685,686,-1,638,686,636,-1,
        ]
    }
}
Shape{
    appearance Appearance {
        material  Material 	{
            diffuseColor 0.5019607843137255 0.5019607843137255 0.5019607843137255
            specularColor 0.25098039215686274 0.25098039215686274 0.25098039215686274
            ambientIntensity 0.2
            transparency 0
            shininess 0.5
        }
    }
    geometry IndexedFaceSet {
        ccw TRUE
        solid FALSE
        coord DEF co Coordinate {
            point [
                5.325 2.4 -0.2, 5.3278 2.3665 -0.2, 5.325 2.4 -5.9, 5.3318 2.3482 -5.9, 5.3332 2.3486 -0.2, 5.342 2.3193 -0.2, 5.3518 2.3 -5.9, 5.3531 2.3008 -0.2, 5.3672 2.2771 -0.2, 5.3836 2.2586 -5.9, 5.3847 2.2597 -0.2, 5.425 2.2268 -5.9, 5.4021 2.2422 -0.2, 5.4258 2.2281 -0.2, 5.4732 2.2068 -5.9, 5.4443 2.217 -0.2, 5.4736 2.2082 -0.2, 5.525 2.2 -5.9, 5.4915 2.2028 -0.2, 5.525 2.2 -0.2, 6.475 2.2 -0.2, 6.475 2.2 -5.9, 6.5923 2.1901 -0.2, 6.6562 2.1761 -5.9, 6.6547 2.1713 -0.2, 6.7573 2.1405 -0.2, 6.825 2.1062 -5.9, 6.8223 2.1017 -0.2, 6.9053 2.0521 -0.2, 6.97 1.995 -5.9, 6.9662 1.9912 -0.2, 7.0271 1.9303 -0.2, 7.0812 1.85 -5.9, 7.0767 1.8473 -0.2, 7.1155 1.7823 -0.2, 7.1511 1.6812 -5.9, 7.175 1.5 -0.2, 7.175 1.5 -5.9, 7.1651 1.6173 -0.2, 7.1463 1.6797 -0.2, 7.175 -1.5 -0.2, 7.175 -1.5 -5.9, 6.475 -2.2 -2.52, 6.475 -2.2 -5.9, 6.6562 -2.1761 -5.9, 6.725 -2.1538 -0.72, 6.8223 -2.1017 -0.2, 6.7573 -2.1405 -0.2, 6.6562 -2.1761 -0.72, 6.825 -2.1062 -5.9, 6.725 -2.1538 -2.52, 6.6562 -2.1761 -2.52, 6.475 -2.2 -0.2, 6.475 -2.2 -0.72, 6.5923 -2.1901 -0.2, 6.6547 -2.1713 -0.2, 7.1651 -1.6173 -0.2, 7.1511 -1.6812 -5.9, 7.1463 -1.6797 -0.2, 7.1155 -1.7823 -0.2, 7.0812 -1.85 -5.9, 7.0767 -1.8473 -0.2, 7.0271 -1.9303 -0.2, 6.97 -1.995 -5.9, 6.9053 -2.0521 -0.2, 6.9662 -1.9912 -0.2, 6.075 -2.2 -0.72, 5.525 -2.2 -0.2, 6.075 -2.2 -2.52, 5.525 -2.2 -5.9, 5.4915 -2.2028 -0.2, 5.4732 -2.2068 -5.9, 5.4736 -2.2082 -0.2, 5.4443 -2.217 -0.2, 5.425 -2.2268 -5.9, 5.4258 -2.2281 -0.2, 5.4021 -2.2422 -0.2, 5.3836 -2.2586 -5.9, 5.3847 -2.2597 -0.2, 5.3518 -2.3 -5.9, 5.3672 -2.2771 -0.2, 5.3531 -2.3008 -0.2, 5.3318 -2.3482 -5.9, 5.342 -2.3193 -0.2, 5.3332 -2.3486 -0.2, 5.325 -2.4 -5.9, 5.3278 -2.3665 -0.2, 5.325 -2.4 -0.2, 5.325 -3.48 -0.2, 5.325 -3.48 -5.9, 5.3109 -3.6475 -0.2, 5.2909 -3.7388 -5.9, 5.2841 -3.7368 -0.2, 5.2401 -3.8833 -0.2, 5.191 -3.98 -5.9, 5.1846 -3.9762 -0.2, 5.1138 -4.0947 -0.2, 5.0321 -4.1871 -5.9, 5.0267 -4.1817 -0.2, 4.9397 -4.2688 -0.2, 4.825 -4.346 -5.9, 4.8212 -4.3396 -0.2, 4.7283 -4.3951 -0.2, 4.5838 -4.4459 -5.9, 4.325 -4.48 -0.2, 4.325 -4.48 -5.9, 4.4925 -4.4659 -0.2, 4.5818 -4.4391 -0.2, -4.325 -4.48 -0.2, -4.4925 -4.4659 -0.2, -4.325 -4.48 -5.9, -4.5838 -4.4459 -5.9, -4.5818 -4.4391 -0.2, -4.7283 -4.3951 -0.2, -4.825 -4.346 -5.9, -4.8212 -4.3396 -0.2, -4.9397 -4.2688 -0.2, -5.0321 -4.1871 -5.9, -5.0267 -4.1817 -0.2, -5.1138 -4.0947 -0.2, -5.191 -3.98 -5.9, -5.1846 -3.9762 -0.2, -5.2401 -3.8833 -0.2, -5.2909 -3.7388 -5.9, -5.325 -3.48 -0.2, -5.325 -3.48 -5.9, -5.3109 -3.6475 -0.2, -5.2841 -3.7368 -0.2, -5.325 -2.4 -0.2, -5.325 -2.4 -5.9, -5.3278 -2.3665 -0.2, -5.3318 -2.3482 -5.9, -5.3332 -2.3486 -0.2, -5.342 -2.3193 -0.2, -5.3518 -2.3 -5.9, -5.3531 -2.3008 -0.2, -5.3672 -2.2771 -0.2, -5.3836 -2.2586 -5.9, -5.3847 -2.2597 -0.2, -5.425 -2.2268 -5.9, -5.4021 -2.2422 -0.2, -5.4258 -2.2281 -0.2, -5.4732 -2.2068 -5.9, -5.4443 -2.217 -0.2, -5.4736 -2.2082 -0.2, -5.525 -2.2 -5.9, -5.4915 -2.2028 -0.2, -5.525 -2.2 -0.2, -6.075 -2.2 -2.52, -6.475 -2.2 -2.52, -6.475 -2.2 -5.9, -6.475 -2.2 -0.2, -6.475 -2.2 -0.72, -6.075 -2.2 -0.72, -6.5923 -2.1901 -0.2, -6.6562 -2.1761 -0.72, -6.6562 -2.1761 -2.52, -6.725 -2.1538 -2.52, -6.825 -2.1062 -5.9, -6.6547 -2.1713 -0.2, -6.7573 -2.1405 -0.2, -6.725 -2.1538 -0.72, -6.8223 -2.1017 -0.2, -6.6562 -2.1761 -5.9, -6.9053 -2.0521 -0.2, -6.97 -1.995 -5.9, -6.9662 -1.9912 -0.2, -7.0271 -1.9303 -0.2, -7.0812 -1.85 -5.9, -7.0767 -1.8473 -0.2, -7.1155 -1.7823 -0.2, -7.1511 -1.6812 -5.9, -7.175 -1.5 -0.2, -7.175 -1.5 -5.9, -7.1651 -1.6173 -0.2, -7.1463 -1.6797 -0.2, -7.175 1.5 -0.2, -7.175 1.5 -5.9, -7.1651 1.6173 -0.2, -7.1511 1.6812 -5.9, -7.1463 1.6797 -0.2, -7.1155 1.7823 -0.2, -7.0812 1.85 -5.9, -7.0767 1.8473 -0.2, -7.0271 1.9303 -0.2, -6.97 1.995 -5.9, -6.9662 1.9912 -0.2, -6.9053 2.0521 -0.2, -6.825 2.1062 -5.9, -6.8223 2.1017 -0.2, -6.7573 2.1405 -0.2, -6.6562 2.1761 -5.9, -6.475 2.2 -0.2, -6.475 2.2 -5.9, -6.5923 2.1901 -0.2, -6.6547 2.1713 -0.2, -5.525 2.2 -0.2, -5.525 2.2 -5.9, -5.4915 2.2028 -0.2, -5.4732 2.2068 -5.9, -5.4736 2.2082 -0.2, -5.4443 2.217 -0.2, -5.425 2.2268 -5.9, -5.4258 2.2281 -0.2, -5.4021 2.2422 -0.2, -5.3836 2.2586 -5.9, -5.3847 2.2597 -0.2, -5.3518 2.3 -5.9, -5.3672 2.2771 -0.2, -5.3531 2.3008 -0.2, -5.3318 2.3482 -5.9, -5.342 2.3193 -0.2, -5.3332 2.3486 -0.2, -5.325 2.4 -5.9, -5.3278 2.3665 -0.2, -5.325 2.4 -0.2, -5.325 3.48 -0.2, -5.325 3.48 -5.9, -5.3109 3.6475 -0.2, -5.2909 3.7388 -5.9, -5.2841 3.7368 -0.2, -5.2401 3.8833 -0.2, -5.191 3.98 -5.9, -5.1846 3.9762 -0.2, -5.1138 4.0947 -0.2, -5.0321 4.1871 -5.9, -5.0267 4.1817 -0.2, -4.9397 4.2688 -0.2, -4.825 4.346 -5.9, -4.8212 4.3396 -0.2, -4.7283 4.3951 -0.2, -4.5838 4.4459 -5.9, -4.325 4.48 -0.2, -4.325 4.48 -5.9, -4.4925 4.4659 -0.2, -4.5818 4.4391 -0.2, 4.325 4.48 -0.2, 4.325 4.48 -5.9, 4.4925 4.4659 -0.2, 4.5838 4.4459 -5.9, 4.5818 4.4391 -0.2, 4.7283 4.3951 -0.2, 4.825 4.346 -5.9, 4.8212 4.3396 -0.2, 4.9397 4.2688 -0.2, 5.0321 4.1871 -5.9, 5.0267 4.1817 -0.2, 5.1138 4.0947 -0.2, 5.191 3.98 -5.9, 5.1846 3.9762 -0.2, 5.2401 3.8833 -0.2, 5.2909 3.7388 -5.9, 5.325 3.48 -0.2, 5.325 3.48 -5.9, 5.3109 3.6475 -0.2, 5.2841 3.7368 -0.2, 5.2969 2.4 -0.1008, 5.2828 2.4 -0.0771, 5.2862 2.3594 -0.0771, 5.2653 2.4 -0.0597, 5.2479 2.4 -0.0422, 5.2519 2.3536 -0.0422, 5.2242 2.4 -0.0281, 5.2057 2.4 -0.017, 5.2102 2.3465 -0.017, 5.1764 2.4 -0.0082, 5.1585 2.4 -0.0028, 5.1637 2.3386 -0.0028, 5.525 2.0514 -0.0082, 5.525 2.0807 -0.017, 5.4715 2.0852 -0.017, 5.525 2.0992 -0.0281, 5.525 2.1229 -0.0422, 5.4786 2.1269 -0.0422, 5.525 2.1403 -0.0597, 5.525 2.1578 -0.0771, 5.4844 2.1612 -0.0771, 5.525 2.1719 -0.1008, 5.525 2.183 -0.1193, 5.4887 2.1861 -0.1193, 5.525 2.1918 -0.1486, 5.525 2.1972 -0.1665, 5.491 2.2 -0.1665, 5.3222 2.4 -0.1665, 5.325 2.366 -0.1665, 5.3394 2.3182 -0.1665, 5.365 2.2753 -0.1665, 5.4003 2.24 -0.1665, 5.4432 2.2144 -0.1665, 5.525 2.0 0.0, 5.525 2.0335 -0.0028, 5.4583 2.0083 0.0, 5.4636 2.0387 -0.0028, 5.4272 2.0121 0.0, 5.3644 2.0359 0.0, 5.3772 2.0646 -0.0028, 5.3405 2.045 0.0, 5.2997 2.1109 -0.0028, 5.2804 2.0863 0.0, 5.2602 2.1002 0.0, 5.2359 2.1747 -0.0028, 5.2112 2.1557 0.0, 5.1941 2.1751 0.0, 5.1896 2.2522 -0.0028, 5.1607 2.2395 0.0, 5.151 2.2582 0.0, 5.132 2.3333 0.0, 5.1284 2.3472 0.0, 5.125 2.4 0.0, 5.308 2.4 -0.1193, 5.3962 2.1078 -0.017, 5.3287 2.1481 -0.017, 5.2731 2.2037 -0.017, 5.2328 2.2712 -0.017, 5.4133 2.1465 -0.0422, 5.3547 2.1815 -0.0422, 5.3065 2.2297 -0.0422, 5.2715 2.2883 -0.0422, 5.4273 2.1783 -0.0771, 5.3761 2.2089 -0.0771, 5.3339 2.2511 -0.0771, 5.3033 2.3023 -0.0771, 5.4375 2.2014 -0.1193, 5.3916 2.2288 -0.1193, 5.3538 2.2666 -0.1193, 5.3264 2.3125 -0.1193, 5.3111 2.3637 -0.1193, 5.3168 2.4 -0.1486, 6.475 2.1972 -0.1665, 6.475 2.1918 -0.1486, 6.475 2.183 -0.1193, 6.475 2.1719 -0.1008, 6.475 2.1578 -0.0771, 6.475 2.1403 -0.0597, 6.475 2.1229 -0.0422, 6.475 2.0992 -0.0281, 6.475 2.0807 -0.017, 6.475 2.0514 -0.0082, 6.475 2.0335 -0.0028, 6.475 2.0 0.0, 6.9035 2.0499 -0.1665, 6.7562 2.138 -0.1665, 6.5918 2.1873 -0.1665, 7.113 1.7812 -0.1665, 7.1623 1.6168 -0.1665, 7.1722 1.5 -0.1665, 7.1668 1.5 -0.1486, 7.1484 1.6144 -0.1193, 7.158 1.5 -0.1193, 7.1469 1.5 -0.1008, 7.1235 1.6102 -0.0771, 7.1328 1.5 -0.0771, 7.1153 1.5 -0.0597, 7.0891 1.6043 -0.0422, 7.0979 1.5 -0.0422, 7.0742 1.5 -0.0281, 7.0475 1.5973 -0.017, 7.0557 1.5 -0.017, 7.0264 1.5 -0.0082, 7.001 1.5894 -0.0028, 7.0085 1.5 -0.0028, 6.9632 1.7152 -0.0028, 6.9325 1.7017 0.0, 6.9679 1.5838 0.0, 6.8958 1.8279 -0.0028, 6.8694 1.8073 0.0, 6.8029 1.9208 -0.0028, 6.7823 1.8944 0.0, 6.6902 1.9882 -0.0028, 6.6767 1.9575 0.0, 6.5644 2.026 -0.0028, 6.5588 1.9929 0.0, 6.5723 2.0725 -0.017, 6.5793 2.1141 -0.0422, 6.5852 2.1485 -0.0771, 6.5894 2.1734 -0.1193, 6.7092 2.0313 -0.017, 6.7262 2.07 -0.0422, 6.7403 2.1019 -0.0771, 6.7505 2.125 -0.1193, 6.8319 1.958 -0.017, 6.8579 1.9914 -0.0422, 6.8793 2.0188 -0.0771, 6.8948 2.0387 -0.1193, 6.933 1.8569 -0.017, 6.9664 1.8829 -0.0422, 6.9938 1.9043 -0.0771, 7.0137 1.9198 -0.1193, 7.0249 1.9285 -0.1665, 7.0063 1.7342 -0.017, 7.045 1.7512 -0.0422, 7.0769 1.7653 -0.0771, 7.1 1.7755 -0.1193, 6.975 1.5 0.0, 7.1722 -1.5 -0.1665, 7.1668 -1.5 -0.1486, 7.158 -1.5 -0.1193, 7.1469 -1.5 -0.1008, 7.1328 -1.5 -0.0771, 7.1153 -1.5 -0.0597, 7.0979 -1.5 -0.0422, 7.0742 -1.5 -0.0281, 7.0557 -1.5 -0.017, 7.0264 -1.5 -0.0082, 7.0085 -1.5 -0.0028, 6.975 -1.5 0.0, 7.113 -1.7812 -0.1665, 7.1623 -1.6168 -0.1665, 6.9035 -2.0499 -0.1665, 6.7562 -2.138 -0.1665, 6.5918 -2.1873 -0.1665, 6.475 -2.1972 -0.1665, 6.475 -2.1918 -0.1486, 6.5894 -2.1734 -0.1193, 6.475 -2.183 -0.1193, 6.475 -2.1719 -0.1008, 6.5852 -2.1485 -0.0771, 6.475 -2.1578 -0.0771, 6.475 -2.1403 -0.0597, 6.5793 -2.1141 -0.0422, 6.475 -2.1229 -0.0422, 6.475 -2.0992 -0.0281, 6.5723 -2.0725 -0.017, 6.475 -2.0807 -0.017, 6.475 -2.0514 -0.0082, 6.5644 -2.026 -0.0028, 6.475 -2.0335 -0.0028, 6.6902 -1.9882 -0.0028, 6.6767 -1.9575 0.0, 6.5588 -1.9929 0.0, 6.8029 -1.9208 -0.0028, 6.7823 -1.8944 0.0, 6.8958 -1.8279 -0.0028, 6.8694 -1.8073 0.0, 6.9632 -1.7152 -0.0028, 6.9325 -1.7017 0.0, 7.001 -1.5894 -0.0028, 6.9679 -1.5838 0.0, 7.0475 -1.5973 -0.017, 7.0891 -1.6043 -0.0422, 7.1235 -1.6102 -0.0771, 7.1484 -1.6144 -0.1193, 7.0063 -1.7342 -0.017, 7.045 -1.7512 -0.0422, 7.0769 -1.7653 -0.0771, 7.1 -1.7755 -0.1193, 6.933 -1.8569 -0.017, 6.9664 -1.8829 -0.0422, 6.9938 -1.9043 -0.0771, 7.0137 -1.9198 -0.1193, 7.0249 -1.9285 -0.1665, 6.8319 -1.958 -0.017, 6.8579 -1.9914 -0.0422, 6.8793 -2.0188 -0.0771, 6.8948 -2.0387 -0.1193, 6.7092 -2.0313 -0.017, 6.7262 -2.07 -0.0422, 6.7403 -2.1019 -0.0771, 6.7505 -2.125 -0.1193, 6.475 -2.0 0.0, 6.175 -1.7 -0.72, 6.175 0.8 -0.72, 6.725 0.8 -0.72, 6.075 -1.7 -0.72, 6.725 0.8 -2.52, 6.175 -1.7 -2.52, 6.175 0.8 -2.52, 6.075 -1.7 -2.52, 5.525 -2.1972 -0.1665, 5.525 -2.1918 -0.1486, 5.525 -2.183 -0.1193, 5.525 -2.1719 -0.1008, 5.525 -2.1578 -0.0771, 5.525 -2.1403 -0.0597, 5.525 -2.1229 -0.0422, 5.525 -2.0992 -0.0281, 5.525 -2.0807 -0.017, 5.525 -2.0514 -0.0082, 5.525 -2.0335 -0.0028, 5.525 -2.0 0.0, 5.4844 -2.1612 -0.0771, 5.4786 -2.1269 -0.0422, 5.4715 -2.0852 -0.017, 5.4636 -2.0387 -0.0028, 5.491 -2.2 -0.1665, 5.4432 -2.2144 -0.1665, 5.4003 -2.24 -0.1665, 5.365 -2.2753 -0.1665, 5.3394 -2.3182 -0.1665, 5.325 -2.366 -0.1665, 5.3222 -2.4 -0.1665, 5.125 -2.4 0.0, 5.1585 -2.4 -0.0028, 5.1333 -2.3333 0.0, 5.1637 -2.3386 -0.0028, 5.1371 -2.3022 0.0, 5.1609 -2.2394 0.0, 5.1896 -2.2522 -0.0028, 5.17 -2.2155 0.0, 5.2359 -2.1747 -0.0028, 5.2113 -2.1554 0.0, 5.2252 -2.1352 0.0, 5.2997 -2.1109 -0.0028, 5.2807 -2.0862 0.0, 5.3001 -2.0691 0.0, 5.3772 -2.0646 -0.0028, 5.3645 -2.0357 0.0, 5.3832 -2.026 0.0, 5.4583 -2.007 0.0, 5.4722 -2.0034 0.0, 5.2057 -2.4 -0.017, 5.2102 -2.3465 -0.017, 5.2328 -2.2712 -0.017, 5.2731 -2.2037 -0.017, 5.3287 -2.1481 -0.017, 5.3962 -2.1078 -0.017, 5.2479 -2.4 -0.0422, 5.2519 -2.3536 -0.0422, 5.2715 -2.2883 -0.0422, 5.3065 -2.2297 -0.0422, 5.3547 -2.1815 -0.0422, 5.4133 -2.1465 -0.0422, 5.2828 -2.4 -0.0771, 5.2862 -2.3594 -0.0771, 5.3033 -2.3023 -0.0771, 5.3339 -2.2511 -0.0771, 5.3761 -2.2089 -0.0771, 5.4273 -2.1783 -0.0771, 5.308 -2.4 -0.1193, 5.3111 -2.3637 -0.1193, 5.3264 -2.3125 -0.1193, 5.3538 -2.2666 -0.1193, 5.3916 -2.2288 -0.1193, 5.4375 -2.2014 -0.1193, 5.4887 -2.1861 -0.1193, 5.125 -3.0172 0.0, 5.1361 -3.0309 -0.0003, 5.125 -3.48 0.0, 5.1585 -3.48 -0.0028, 5.125 -3.0689 0.0, 5.2057 -3.48 -0.017, 5.2479 -3.48 -0.0422, 5.2828 -3.48 -0.0771, 5.308 -3.48 -0.1193, 5.3222 -3.48 -0.1665, 5.3081 -3.647 -0.1665, 5.1115 -4.0929 -0.1665, 4.9379 -4.2665 -0.1665, 4.7272 -4.3925 -0.1665, 4.492 -4.4631 -0.1665, 4.325 -4.4772 -0.1665, 4.325 -4.4718 -0.1486, 4.4897 -4.4491 -0.1193, 4.325 -4.463 -0.1193, 4.325 -4.4519 -0.1008, 4.4854 -4.4242 -0.0771, 4.325 -4.4378 -0.0771, 4.325 -4.4203 -0.0597, 4.4796 -4.3899 -0.0422, 4.325 -4.4029 -0.0422, 4.325 -4.3792 -0.0281, 4.4725 -4.3482 -0.017, 4.325 -4.3607 -0.017, 4.325 -4.3314 -0.0082, 4.4646 -4.3017 -0.0028, 4.325 -4.3135 -0.0028, 4.6612 -4.2427 -0.0028, 4.6477 -4.212 0.0, 4.459 -4.2687 0.0, 4.8373 -4.1374 -0.0028, 4.8167 -4.111 0.0, 4.9824 -3.9923 -0.0028, 4.956 -3.9717 0.0, 5.0877 -3.8162 -0.0028, 5.057 -3.8027 0.0, 5.1137 -3.614 0.0, 5.2941 -3.6447 -0.1193, 5.2692 -3.6404 -0.0771, 5.2349 -3.6346 -0.0422, 5.1932 -3.6275 -0.017, 5.1467 -3.6196 -0.0028, 5.1309 -3.8352 -0.017, 5.1695 -3.8522 -0.0422, 5.2014 -3.8663 -0.0771, 5.2245 -3.8765 -0.1193, 5.2375 -3.8822 -0.1665, 5.0196 -4.0213 -0.017, 5.053 -4.0473 -0.0422, 5.0805 -4.0687 -0.0771, 5.1004 -4.0842 -0.1193, 4.8663 -4.1746 -0.017, 4.8923 -4.208 -0.0422, 4.9137 -4.2355 -0.0771, 4.9292 -4.2554 -0.1193, 4.6802 -4.2859 -0.017, 4.6972 -4.3245 -0.0422, 4.7113 -4.3564 -0.0771, 4.7215 -4.3795 -0.1193, 4.325 -4.28 0.0, -4.325 -4.4772 -0.1665, -4.325 -4.4718 -0.1486, -4.325 -4.463 -0.1193, -4.325 -4.4519 -0.1008, -4.325 -4.4378 -0.0771, -4.325 -4.4203 -0.0597, -4.325 -4.4029 -0.0422, -4.325 -4.3792 -0.0281, -4.325 -4.3607 -0.017, -4.325 -4.3314 -0.0082, -4.325 -4.3135 -0.0028, -4.325 -4.28 0.0, -4.492 -4.4631 -0.1665, -4.9379 -4.2665 -0.1665, -5.1115 -4.0929 -0.1665, -5.2375 -3.8822 -0.1665, -5.3081 -3.647 -0.1665, -5.3222 -3.48 -0.1665, -5.3168 -3.48 -0.1486, -5.2941 -3.6447 -0.1193, -5.308 -3.48 -0.1193, -5.2969 -3.48 -0.1008, -5.2692 -3.6404 -0.0771, -5.2828 -3.48 -0.0771, -5.2653 -3.48 -0.0597, -5.2349 -3.6346 -0.0422, -5.2479 -3.48 -0.0422, -5.2242 -3.48 -0.0281, -5.1932 -3.6275 -0.017, -5.2057 -3.48 -0.017, -5.1764 -3.48 -0.0082, -5.1467 -3.6196 -0.0028, -5.1585 -3.48 -0.0028, -5.0877 -3.8162 -0.0028, -5.057 -3.8027 0.0, -5.1137 -3.614 0.0, -4.9824 -3.9923 -0.0028, -4.956 -3.9717 0.0, -4.8373 -4.1374 -0.0028, -4.8167 -4.111 0.0, -4.6612 -4.2427 -0.0028, -4.6477 -4.212 0.0, -4.4646 -4.3017 -0.0028, -4.459 -4.2687 0.0, -4.4725 -4.3482 -0.017, -4.4796 -4.3899 -0.0422, -4.4854 -4.4242 -0.0771, -4.4897 -4.4491 -0.1193, -4.6802 -4.2859 -0.017, -4.6972 -4.3245 -0.0422, -4.7113 -4.3564 -0.0771, -4.7215 -4.3795 -0.1193, -4.7272 -4.3925 -0.1665, -4.8663 -4.1746 -0.017, -4.8923 -4.208 -0.0422, -4.9137 -4.2355 -0.0771, -4.9292 -4.2554 -0.1193, -5.0196 -4.0213 -0.017, -5.053 -4.0473 -0.0422, -5.0805 -4.0687 -0.0771, -5.1004 -4.0842 -0.1193, -5.1309 -3.8352 -0.017, -5.1695 -3.8522 -0.0422, -5.2014 -3.8663 -0.0771, -5.2245 -3.8765 -0.1193, -5.125 -3.48 0.0, -5.3222 -2.4 -0.1665, -5.3168 -2.4 -0.1486, -5.308 -2.4 -0.1193, -5.2969 -2.4 -0.1008, -5.2828 -2.4 -0.0771, -5.2653 -2.4 -0.0597, -5.2479 -2.4 -0.0422, -5.2242 -2.4 -0.0281, -5.2057 -2.4 -0.017, -5.1764 -2.4 -0.0082, -5.1585 -2.4 -0.0028, -5.125 -2.4 0.0, -5.2862 -2.3594 -0.0771, -5.2519 -2.3536 -0.0422, -5.2102 -2.3465 -0.017, -5.1637 -2.3386 -0.0028, -5.525 -2.0514 -0.0082, -5.525 -2.0807 -0.017, -5.4715 -2.0852 -0.017, -5.525 -2.0992 -0.0281, -5.525 -2.1229 -0.0422, -5.4786 -2.1269 -0.0422, -5.525 -2.1403 -0.0597, -5.525 -2.1578 -0.0771, -5.4844 -2.1612 -0.0771, -5.525 -2.1719 -0.1008, -5.525 -2.183 -0.1193, -5.4887 -2.1861 -0.1193, -5.525 -2.1918 -0.1486, -5.525 -2.1972 -0.1665, -5.491 -2.2 -0.1665, -5.325 -2.366 -0.1665, -5.3394 -2.3182 -0.1665, -5.365 -2.2753 -0.1665, -5.4003 -2.24 -0.1665, -5.4432 -2.2144 -0.1665, -5.525 -2.0 0.0, -5.525 -2.0335 -0.0028, -5.4583 -2.0083 0.0, -5.4636 -2.0387 -0.0028, -5.4272 -2.0121 0.0, -5.3644 -2.0359 0.0, -5.3772 -2.0646 -0.0028, -5.3405 -2.045 0.0, -5.2997 -2.1109 -0.0028, -5.2804 -2.0863 0.0, -5.2602 -2.1002 0.0, -5.2359 -2.1747 -0.0028, -5.2112 -2.1557 0.0, -5.1941 -2.1751 0.0, -5.1896 -2.2522 -0.0028, -5.1607 -2.2395 0.0, -5.151 -2.2582 0.0, -5.132 -2.3333 0.0, -5.1284 -2.3472 0.0, -5.3962 -2.1078 -0.017, -5.3287 -2.1481 -0.017, -5.2731 -2.2037 -0.017, -5.2328 -2.2712 -0.017, -5.4133 -2.1465 -0.0422, -5.3547 -2.1815 -0.0422, -5.3065 -2.2297 -0.0422, -5.2715 -2.2883 -0.0422, -5.4273 -2.1783 -0.0771, -5.3761 -2.2089 -0.0771, -5.3339 -2.2511 -0.0771, -5.3033 -2.3023 -0.0771, -5.4375 -2.2014 -0.1193, -5.3916 -2.2288 -0.1193, -5.3538 -2.2666 -0.1193, -5.3264 -2.3125 -0.1193, -5.3111 -2.3637 -0.1193, -6.175 -1.7 -0.72, -6.725 0.8 -0.72, -6.175 0.8 -0.72, -6.075 -1.7 -0.72, -6.075 -1.2 -1.35, -6.075 -1.2 -2.52, -6.075 -1.7 -1.35, -6.175 0.8 -2.52, -6.725 0.8 -2.52, -6.175 -1.2 -2.52, -6.475 -2.1972 -0.1665, -6.475 -2.1918 -0.1486, -6.475 -2.183 -0.1193, -6.475 -2.1719 -0.1008, -6.475 -2.1578 -0.0771, -6.475 -2.1403 -0.0597, -6.475 -2.1229 -0.0422, -6.475 -2.0992 -0.0281, -6.475 -2.0807 -0.017, -6.475 -2.0514 -0.0082, -6.475 -2.0335 -0.0028, -6.475 -2.0 0.0, -6.9035 -2.0499 -0.1665, -6.7562 -2.138 -0.1665, -6.5918 -2.1873 -0.1665, -7.113 -1.7812 -0.1665, -7.1623 -1.6168 -0.1665, -7.1722 -1.5 -0.1665, -7.1668 -1.5 -0.1486, -7.1484 -1.6144 -0.1193, -7.158 -1.5 -0.1193, -7.1469 -1.5 -0.1008, -7.1235 -1.6102 -0.0771, -7.1328 -1.5 -0.0771, -7.1153 -1.5 -0.0597, -7.0891 -1.6043 -0.0422, -7.0979 -1.5 -0.0422, -7.0742 -1.5 -0.0281, -7.0475 -1.5973 -0.017, -7.0557 -1.5 -0.017, -7.0264 -1.5 -0.0082, -7.001 -1.5894 -0.0028, -7.0085 -1.5 -0.0028, -6.9632 -1.7152 -0.0028, -6.9325 -1.7017 0.0, -6.9679 -1.5838 0.0, -6.8958 -1.8279 -0.0028, -6.8694 -1.8073 0.0, -6.8029 -1.9208 -0.0028, -6.7823 -1.8944 0.0, -6.6902 -1.9882 -0.0028, -6.6767 -1.9575 0.0, -6.5644 -2.026 -0.0028, -6.5588 -1.9929 0.0, -6.5723 -2.0725 -0.017, -6.5793 -2.1141 -0.0422, -6.5852 -2.1485 -0.0771, -6.5894 -2.1734 -0.1193, -6.7092 -2.0313 -0.017, -6.7262 -2.07 -0.0422, -6.7403 -2.1019 -0.0771, -6.7505 -2.125 -0.1193, -6.8319 -1.958 -0.017, -6.8579 -1.9914 -0.0422, -6.8793 -2.0188 -0.0771, -6.8948 -2.0387 -0.1193, -6.933 -1.8569 -0.017, -6.9664 -1.8829 -0.0422, -6.9938 -1.9043 -0.0771, -7.0137 -1.9198 -0.1193, -7.0249 -1.9285 -0.1665, -7.0063 -1.7342 -0.017, -7.045 -1.7512 -0.0422, -7.0769 -1.7653 -0.0771, -7.1 -1.7755 -0.1193, -6.975 -1.5 0.0, -7.1722 1.5 -0.1665, -7.1668 1.5 -0.1486, -7.158 1.5 -0.1193, -7.1469 1.5 -0.1008, -7.1328 1.5 -0.0771, -7.1153 1.5 -0.0597, -7.0979 1.5 -0.0422, -7.0742 1.5 -0.0281, -7.0557 1.5 -0.017, -7.0264 1.5 -0.0082, -7.0085 1.5 -0.0028, -6.975 1.5 0.0, -7.113 1.7812 -0.1665, -7.1623 1.6168 -0.1665, -6.9035 2.0499 -0.1665, -6.7562 2.138 -0.1665, -6.5918 2.1873 -0.1665, -6.475 2.1972 -0.1665, -6.475 2.1918 -0.1486, -6.5894 2.1734 -0.1193, -6.475 2.183 -0.1193, -6.475 2.1719 -0.1008, -6.5852 2.1485 -0.0771, -6.475 2.1578 -0.0771, -6.475 2.1403 -0.0597, -6.5793 2.1141 -0.0422, -6.475 2.1229 -0.0422, -6.475 2.0992 -0.0281, -6.5723 2.0725 -0.017, -6.475 2.0807 -0.017, -6.475 2.0514 -0.0082, -6.5644 2.026 -0.0028, -6.475 2.0335 -0.0028, -6.6902 1.9882 -0.0028, -6.6767 1.9575 0.0, -6.5588 1.9929 0.0, -6.8029 1.9208 -0.0028, -6.7823 1.8944 0.0, -6.8958 1.8279 -0.0028, -6.8694 1.8073 0.0, -6.9632 1.7152 -0.0028, -6.9325 1.7017 0.0, -7.001 1.5894 -0.0028, -6.9679 1.5838 0.0, -7.0475 1.5973 -0.017, -7.0891 1.6043 -0.0422, -7.1235 1.6102 -0.0771, -7.1484 1.6144 -0.1193, -7.0063 1.7342 -0.017, -7.045 1.7512 -0.0422, -7.0769 1.7653 -0.0771, -7.1 1.7755 -0.1193, -6.933 1.8569 -0.017, -6.9664 1.8829 -0.0422, -6.9938 1.9043 -0.0771, -7.0137 1.9198 -0.1193, -7.0249 1.9285 -0.1665, -6.8319 1.958 -0.017, -6.8579 1.9914 -0.0422, -6.8793 2.0188 -0.0771, -6.8948 2.0387 -0.1193, -6.7092 2.0313 -0.017, -6.7262 2.07 -0.0422, -6.7403 2.1019 -0.0771, -6.7505 2.125 -0.1193, -6.475 2.0 0.0, -5.525 2.1972 -0.1665, -5.525 2.1918 -0.1486, -5.525 2.183 -0.1193, -5.525 2.1719 -0.1008, -5.525 2.1578 -0.0771, -5.525 2.1403 -0.0597, -5.525 2.1229 -0.0422, -5.525 2.0992 -0.0281, -5.525 2.0807 -0.017, -5.525 2.0514 -0.0082, -5.525 2.0335 -0.0028, -5.525 2.0 0.0, -5.4844 2.1612 -0.0771, -5.4786 2.1269 -0.0422, -5.4715 2.0852 -0.017, -5.4636 2.0387 -0.0028, -5.1764 2.4 -0.0082, -5.2057 2.4 -0.017, -5.2102 2.3465 -0.017, -5.2242 2.4 -0.0281, -5.2479 2.4 -0.0422, -5.2519 2.3536 -0.0422, -5.2653 2.4 -0.0597, -5.2828 2.4 -0.0771, -5.2862 2.3594 -0.0771, -5.2969 2.4 -0.1008, -5.308 2.4 -0.1193, -5.3111 2.3637 -0.1193, -5.3168 2.4 -0.1486, -5.3222 2.4 -0.1665, -5.325 2.366 -0.1665, -5.4003 2.24 -0.1665, -5.491 2.2 -0.1665, -5.4432 2.2144 -0.1665, -5.365 2.2753 -0.1665, -5.3394 2.3182 -0.1665, -5.125 2.4 0.0, -5.1585 2.4 -0.0028, -5.1333 2.3333 0.0, -5.1637 2.3386 -0.0028, -5.1371 2.3022 0.0, -5.1609 2.2394 0.0, -5.1896 2.2522 -0.0028, -5.17 2.2155 0.0, -5.2359 2.1747 -0.0028, -5.2113 2.1554 0.0, -5.2252 2.1352 0.0, -5.2997 2.1109 -0.0028, -5.2807 2.0862 0.0, -5.3001 2.0691 0.0, -5.3772 2.0646 -0.0028, -5.3645 2.0357 0.0, -5.3832 2.026 0.0, -5.4583 2.007 0.0, -5.4722 2.0034 0.0, -5.2328 2.2712 -0.017, -5.2731 2.2037 -0.017, -5.3287 2.1481 -0.017, -5.3962 2.1078 -0.017, -5.2715 2.2883 -0.0422, -5.3065 2.2297 -0.0422, -5.3547 2.1815 -0.0422, -5.4133 2.1465 -0.0422, -5.3033 2.3023 -0.0771, -5.3339 2.2511 -0.0771, -5.3761 2.2089 -0.0771, -5.4273 2.1783 -0.0771, -5.3264 2.3125 -0.1193, -5.3538 2.2666 -0.1193, -5.3916 2.2288 -0.1193, -5.4375 2.2014 -0.1193, -5.4887 2.1861 -0.1193, -5.3222 3.48 -0.1665, -5.3168 3.48 -0.1486, -5.308 3.48 -0.1193, -5.2969 3.48 -0.1008, -5.2828 3.48 -0.0771, -5.2653 3.48 -0.0597, -5.2479 3.48 -0.0422, -5.2242 3.48 -0.0281, -5.2057 3.48 -0.017, -5.1764 3.48 -0.0082, -5.1585 3.48 -0.0028, -5.125 3.48 0.0, -5.3081 3.647 -0.1665, -5.1115 4.0929 -0.1665, -4.9379 4.2665 -0.1665, -4.7272 4.3925 -0.1665, -4.492 4.4631 -0.1665, -4.325 4.4772 -0.1665, -4.325 4.4718 -0.1486, -4.4897 4.4491 -0.1193, -4.325 4.463 -0.1193, -4.325 4.4519 -0.1008, -4.4854 4.4242 -0.0771, -4.325 4.4378 -0.0771, -4.325 4.4203 -0.0597, -4.4796 4.3899 -0.0422, -4.325 4.4029 -0.0422, -4.325 4.3792 -0.0281, -4.4725 4.3482 -0.017, -4.325 4.3607 -0.017, -4.325 4.3314 -0.0082, -4.4646 4.3017 -0.0028, -4.325 4.3135 -0.0028, -4.6612 4.2427 -0.0028, -4.6477 4.212 0.0, -4.459 4.2687 0.0, -4.8373 4.1374 -0.0028, -4.8167 4.111 0.0, -4.9824 3.9923 -0.0028, -4.956 3.9717 0.0, -5.0877 3.8162 -0.0028, -5.057 3.8027 0.0, -5.1467 3.6196 -0.0028, -5.1137 3.614 0.0, -5.1932 3.6275 -0.017, -5.2349 3.6346 -0.0422, -5.2692 3.6404 -0.0771, -5.2941 3.6447 -0.1193, -5.1309 3.8352 -0.017, -5.1695 3.8522 -0.0422, -5.2014 3.8663 -0.0771, -5.2245 3.8765 -0.1193, -5.2375 3.8822 -0.1665, -5.0196 4.0213 -0.017, -5.053 4.0473 -0.0422, -5.0805 4.0687 -0.0771, -5.1004 4.0842 -0.1193, -4.8663 4.1746 -0.017, -4.8923 4.208 -0.0422, -4.9137 4.2355 -0.0771, -4.9292 4.2554 -0.1193, -4.6802 4.2859 -0.017, -4.6972 4.3245 -0.0422, -4.7113 4.3564 -0.0771, -4.7215 4.3795 -0.1193, -4.325 4.28 0.0, 4.325 4.4772 -0.1665, 4.325 4.4718 -0.1486, 4.325 4.463 -0.1193, 4.325 4.4519 -0.1008, 4.325 4.4378 -0.0771, 4.325 4.4203 -0.0597, 4.325 4.4029 -0.0422, 4.325 4.3792 -0.0281, 4.325 4.3607 -0.017, 4.325 4.3314 -0.0082, 4.325 4.3135 -0.0028, 4.325 4.28 0.0, 4.492 4.4631 -0.1665, 4.9379 4.2665 -0.1665, 5.1115 4.0929 -0.1665, 5.2375 3.8822 -0.1665, 5.3081 3.647 -0.1665, 5.3222 3.48 -0.1665, 5.3168 3.48 -0.1486, 5.2941 3.6447 -0.1193, 5.308 3.48 -0.1193, 5.2969 3.48 -0.1008, 5.2692 3.6404 -0.0771, 5.2828 3.48 -0.0771, 5.2653 3.48 -0.0597, 5.2349 3.6346 -0.0422, 5.2479 3.48 -0.0422, 5.2242 3.48 -0.0281, 5.1932 3.6275 -0.017, 5.2057 3.48 -0.017, 5.1764 3.48 -0.0082, 5.1467 3.6196 -0.0028, 5.1585 3.48 -0.0028, 5.0877 3.8162 -0.0028, 5.057 3.8027 0.0, 5.1137 3.614 0.0, 4.9824 3.9923 -0.0028, 4.956 3.9717 0.0, 4.8373 4.1374 -0.0028, 4.8167 4.111 0.0, 4.6612 4.2427 -0.0028, 4.6477 4.212 0.0, 4.4646 4.3017 -0.0028, 4.459 4.2687 0.0, 4.4725 4.3482 -0.017, 4.4796 4.3899 -0.0422, 4.4854 4.4242 -0.0771, 4.4897 4.4491 -0.1193, 4.6802 4.2859 -0.017, 4.6972 4.3245 -0.0422, 4.7113 4.3564 -0.0771, 4.7215 4.3795 -0.1193, 4.7272 4.3925 -0.1665, 4.8663 4.1746 -0.017, 4.8923 4.208 -0.0422, 4.9137 4.2355 -0.0771, 4.9292 4.2554 -0.1193, 5.0196 4.0213 -0.017, 5.053 4.0473 -0.0422, 5.0805 4.0687 -0.0771, 5.1004 4.0842 -0.1193, 5.1309 3.8352 -0.017, 5.1695 3.8522 -0.0422, 5.2014 3.8663 -0.0771, 5.2245 3.8765 -0.1193, 5.125 3.48 0.0, 3.9367 -4.2282 0.0, -3.6457 -3.9745 0.0, -4.0001 -3.7964 -0.0, -4.2527 -4.049 0.0, -6.4059 1.9 0.0, -6.4059 -1.9 0.0, 4.3926 -3.9494 0.0, 4.1874 -4.0889 0.0, 4.155 -4.1109 0.0, -5.0559 1.9 -0.0, 6.4059 1.9 0.0, 5.0559 -1.9 0.0, 3.7765 -3.9179 0.0, 3.3166 -4.0761 0.0, 2.825 -4.1309 0.0, -2.825 -4.1309 -0.0, -3.2428 -4.0915 0.0, -4.4835 -3.8763 0.0, -5.0559 -1.9 -0.0, 6.4059 -1.9 0.0, 5.0006 -3.2835 0.0, 4.9798 -3.3192 0.0, 4.8086 -3.5501 0.0, 4.7704 -3.591 0.0, 4.6118 -3.7611 0.0, 4.4963 -3.8604 0.0, -5.0165 -2.3178 0.0, 5.0559 1.9 -0.0, 4.8362 -2.8655 0.0, 4.9994 -2.3992 0.0, -4.974 -3.3277 0.0, -4.8805 -3.4593 0.0, -4.7759 -3.5822 0.0, -4.6938 -3.6788 0.0, -4.5086 -3.8527 0.0, -4.8995 -2.7207 0.0, -4.7214 -3.0751 -0.0, -3.793 3.91 0.0, -3.3214 4.075 0.0, -5.0 2.3964 0.0, -2.825 4.1309 -0.0, 2.825 4.1309 -0.0, -4.5692 3.291 0.0, -4.835 2.868 0.0, -4.216 3.6442 0.0, 3.3214 4.075 0.0, 3.793 3.91 0.0, 4.216 3.6442 0.0, 4.5692 3.291 0.0, 5.0 2.3964 0.0, 4.835 2.868 0.0, 6.175 -1.7 -5.1, 6.175 -1.7 -0.4, 6.2905 -1.7 -0.2, 5.1714 -1.7 -0.2, 5.025 -1.7 -0.4536, 5.025 -1.7 -5.1, 6.175 1.7 -0.4, 6.175 1.7 -5.1, 4.8399 -2.9579 -0.08, 5.0385 -3.0621 -0.08, 5.0401 -3.0616 -0.0666, 5.0401 -3.0616 -0.0662, 4.827 -2.9429 -0.0479, 4.8279 -2.9444 -0.0505, 4.8331 -2.9526 -0.0652, 4.8334 -2.953 -0.066, 4.8337 -2.9532 -0.0666, 5.0423 -3.0609 -0.059, 5.048 -3.0591 -0.0478, 4.8258 -2.9411 -0.0445, 5.0496 -3.0586 -0.0446, 4.8242 -2.9345 -0.037, 4.8231 -2.9294 -0.0311, 5.0524 -3.0577 -0.0407, 5.0618 -3.0548 -0.0311, 4.8221 -2.9253 -0.0265, 5.0674 -3.053 -0.0254, 4.8222 -2.9135 -0.0171, 5.0738 -3.051 -0.0207, 5.0804 -3.0489 -0.0174, 5.0804 -3.0489 -0.0174, 4.8222 -2.9112 -0.0152, 5.0997 -3.0427 -0.0078, 4.8224 -2.9101 -0.0146, 5.1101 -3.0394 -0.0045, 4.829 -2.8818 -0.002, 5.1026 -3.0418 -0.0069, 4.8248 -2.896 -0.0068, 4.8246 -2.8964 -0.007, 5.1278 -3.0336 -0.0017, 4.8308 -2.8778 -0.0014, 4.829 -2.8817 -0.002, 5.1278 -3.0336 -0.0017, 4.8351 -2.8677 -0.0, 3.9642 -4.1448 -0.0311, 4.155 -4.0368 -0.0308, 4.1497 -4.0282 -0.0477, 3.9508 -4.1859 -0.0077, 4.1713 -4.063 -0.0068, 4.1624 -4.0486 -0.0169, 4.3948 -3.8406 -0.08, 4.1461 -4.0224 -0.08, 4.1467 -4.0234 -0.0666, 3.9716 -4.1215 -0.08, 4.4477 -3.8033 -0.0666, 4.4469 -3.8025 -0.08, 4.7543 -3.4831 -0.08, 4.7117 -3.5402 -0.08, 4.7126 -3.5409 -0.0666, 4.9356 -3.2421 -0.0666, 4.9346 -3.2414 -0.08, 4.9404 -3.2451 -0.0477, 5.0618 -3.0548 -0.0311, 4.9489 -3.2505 -0.0308, 5.048 -3.0591 -0.0478, 4.9606 -3.258 -0.0169, 4.9749 -3.2671 -0.0068, 4.9908 -3.2772 -0.0011, 4.762 -3.5839 -0.0011, 4.4901 -3.8531 -0.0011, 4.1813 -4.079 -0.0011, 3.9426 -4.2108 -0.002, 3.9426 -4.2106 -0.002, 3.947 -4.1977 -0.0034, 3.9508 -4.1861 -0.0076, 3.9642 -4.1448 -0.0311, 3.963 -4.1485 -0.0271, 3.9582 -4.1633 -0.0172, 3.9568 -4.1676 -0.0144, 3.9713 -4.1226 -0.0692, 3.9711 -4.1234 -0.0667, 3.9711 -4.1234 -0.0666, 3.97 -4.1269 -0.0554, 3.9686 -4.1312 -0.0479, 3.9677 -4.1342 -0.0425, 4.7169 -3.5446 -0.0477, 4.7245 -3.5513 -0.0308, 4.735 -3.5604 -0.0169, 4.7478 -3.5715 -0.0068, 4.4513 -3.8076 -0.0477, 4.4579 -3.8153 -0.0308, 4.4669 -3.8259 -0.0169, 4.4779 -3.8388 -0.0068, -6.175 -1.2 -5.1, -6.175 1.7 -5.1, -6.175 1.7 -0.4, -6.175 -1.7 -0.4, -6.2905 -1.7 -0.2, -5.1714 -1.7 -0.2, -5.025 -1.7 -5.1, -5.425 -1.7 -5.1, -5.025 -1.7 -0.4536, -5.425 -1.7 -1.35, -5.425 -1.2 -1.35, -5.425 -1.2 -5.1, -3.93 -3.7033 -0.2007, -4.0112 -3.7885 -0.0013, -4.0129 -3.7874 -0.0015, -2.825 -3.9 -0.4, -3.847 -3.6191 -0.4, -3.8242 -3.6304 -0.4, -3.5608 -3.7597 -0.4, -3.3403 -3.8238 -0.4, -3.1995 -3.8646 -0.4, -4.2618 -3.9536 -0.0492, -4.2617 -3.9546 -0.0478, -4.0723 -3.7654 -0.0479, -4.2569 -4.0073 -0.0069, -4.2569 -4.0075 -0.0068, -4.027 -3.7776 -0.0069, -4.0235 -3.7801 -0.0055, -4.2545 -4.0318 -0.0015, -4.2545 -4.0319 -0.0015, -4.2541 -4.0358 -0.0007, -4.0275 -3.7773 -0.0071, -4.0347 -3.7738 -0.0116, -4.2569 -4.0073 -0.0069, -4.0427 -3.7698 -0.0166, -4.2588 -3.9859 -0.0173, -4.043 -3.7698 -0.0169, -4.2592 -3.9813 -0.0196, -4.0667 -3.7655 -0.041, -4.2607 -3.9646 -0.0338, -4.0584 -3.7655 -0.0309, -4.0459 -3.7689 -0.0195, -4.0582 -3.7655 -0.0305, -4.2604 -3.9678 -0.0311, -4.2604 -3.9678 -0.0311, -4.0869 -3.7706 -0.0725, -4.0902 -3.7733 -0.08, -4.2624 -3.9455 -0.08, -4.2622 -3.9475 -0.0645, -4.0741 -3.7654 -0.05, -4.2623 -3.9472 -0.0666, -4.0837 -3.7693 -0.0667, -4.2623 -3.9472 -0.0666, -4.0837 -3.7693 -0.0668, -4.9165 -3.3333 -0.0136, -4.9328 -3.3318 -0.0076, -4.7545 -3.5637 -0.0068, -4.9442 -3.3308 -0.0034, -4.9568 -3.3295 -0.002, -4.7688 -3.576 -0.0011, -4.588 -3.663 -0.08, -4.7184 -3.5325 -0.08, -4.7192 -3.5333 -0.0666, -4.8705 -3.3374 -0.08, -4.871 -3.3373 -0.072, -4.4583 -3.7942 -0.0666, -4.4575 -3.7934 -0.08, -4.462 -3.7985 -0.0477, -4.4686 -3.8062 -0.0308, -4.4777 -3.8167 -0.0169, -4.4887 -3.8295 -0.0068, -4.501 -3.8438 -0.0011, -4.9569 -3.3295 -0.002, -4.9329 -3.3318 -0.0076, -4.7417 -3.5527 -0.0169, -4.9109 -3.3338 -0.0173, -4.911 -3.3338 -0.0173, -4.8843 -3.3362 -0.0403, -4.8929 -3.3354 -0.0311, -4.7312 -3.5436 -0.0308, -4.8929 -3.3354 -0.0311, -4.8977 -3.335 -0.026, -4.8799 -3.3366 -0.0479, -4.7235 -3.537 -0.0477, -4.8799 -3.3366 -0.048, -4.8725 -3.3372 -0.0667, -4.8725 -3.3372 -0.0667, -4.8754 -3.337 -0.0559, -4.6928 -3.1237 -0.0216, -4.6951 -3.118 -0.0173, -4.6982 -3.11 -0.0113, -4.7029 -3.102 -0.0073, -4.7124 -3.0879 -0.0015, -4.707 -3.0951 -0.0038, -4.705 -3.0986 -0.0055, -4.6926 -3.1243 -0.022, -4.6911 -3.1333 -0.0313, -4.6908 -3.1471 -0.048, -4.6905 -3.1453 -0.0455, -4.6898 -3.1405 -0.0387, -4.6918 -3.1545 -0.0585, -4.6943 -3.1586 -0.0667, -4.6962 -3.1618 -0.0731, -4.6983 -3.1652 -0.08, -4.7135 -3.0862 -0.0013, -4.6283 -3.005 -0.2007, -4.5441 -2.922 -0.4, -4.5554 -2.8992 -0.4, -4.6847 -2.6358 -0.4, -4.825 -1.9 -0.4, -4.7896 -2.2745 -0.4, -4.7488 -2.4153 -0.4, -5.0569 -1.8739 -0.0017, -6.405 -1.8739 -0.0017, -5.0599 -1.8482 -0.0068, -6.402 -1.8482 -0.0068, -5.0647 -1.8235 -0.0152, -6.3972 -1.8235 -0.0152, -5.0714 -1.8 -0.0268, -6.3905 -1.8 -0.0268, -5.0798 -1.7782 -0.0413, -6.3821 -1.7782 -0.0413, -5.0898 -1.7586 -0.0586, -6.3721 -1.7586 -0.0586, -5.1137 -1.7268 -0.1, -6.3482 -1.7268 -0.1, -5.1415 -1.7068 -0.1482, -6.3204 -1.7068 -0.1482, -6.405 1.8739 -0.0017, -6.402 1.8482 -0.0068, -6.3821 1.7782 -0.0413, -6.3905 1.8 -0.0268, -6.3972 1.8235 -0.0152, -6.2905 1.7 -0.2, -6.3204 1.7068 -0.1482, -6.3482 1.7268 -0.1, -6.3721 1.7586 -0.0586, -5.0569 1.8739 -0.0017, -5.0599 1.8482 -0.0068, -5.0647 1.8235 -0.0152, -5.0714 1.8 -0.0268, -5.0798 1.7782 -0.0413, -5.0898 1.7586 -0.0586, -5.1137 1.7268 -0.1, -5.1415 1.7068 -0.1482, -5.1714 1.7 -0.2, -4.825 1.9 -0.4, -4.7749 2.345 -0.4, -4.7503 2.4153 -0.4, -4.6269 2.7678 -0.4, -4.5476 2.8941 -0.4, -4.3887 3.147 -0.4, -4.2303 3.3053 -0.4, -4.072 3.4637 -0.4, -3.8191 3.6226 -0.4, -2.825 3.9 -0.4, -3.27 3.8499 -0.4, -3.3403 3.8253 -0.4, -3.6928 3.7019 -0.4, 2.825 3.9 -0.4, 3.27 3.8499 -0.4, 3.3403 3.8253 -0.4, 3.6928 3.7019 -0.4, 3.8191 3.6226 -0.4, 4.072 3.4637 -0.4, 4.2303 3.3053 -0.4, 4.3887 3.147 -0.4, 4.5476 2.8941 -0.4, 4.6269 2.7678 -0.4, 4.825 1.9 -0.4, 4.7749 2.345 -0.4, 4.7503 2.4153 -0.4, 5.1714 1.7 -0.2, 6.2905 1.7 -0.2, 6.3204 1.7068 -0.1482, 5.1415 1.7068 -0.1482, 6.3482 1.7268 -0.1, 5.1137 1.7268 -0.1, 6.3721 1.7586 -0.0586, 5.0898 1.7586 -0.0586, 5.0798 1.7782 -0.0413, 6.3821 1.7782 -0.0413, 5.0714 1.8 -0.0268, 6.3905 1.8 -0.0268, 5.0647 1.8235 -0.0152, 6.3972 1.8235 -0.0152, 5.0599 1.8482 -0.0068, 6.402 1.8482 -0.0068, 6.405 1.8739 -0.0017, 5.0569 1.8739 -0.0017, 6.3204 -1.7068 -0.1482, 6.3482 -1.7268 -0.1, 6.3721 -1.7586 -0.0586, 6.3972 -1.8235 -0.0152, 6.402 -1.8482 -0.0068, 6.405 -1.8739 -0.0017, 6.3821 -1.7782 -0.0413, 6.3905 -1.8 -0.0268, 5.0588 -1.8555 -0.005, 5.0603 -1.8485 -0.0075, 5.0674 -1.8132 -0.0198, 5.072 -1.8006 -0.0277, 5.0811 -1.7753 -0.0436, 5.0898 -1.7586 -0.0586, 5.1 -1.745 -0.0763, 5.1137 -1.7268 -0.1, 5.1216 -1.7211 -0.1138, 5.1415 -1.7068 -0.1482, 5.1458 -1.7058 -0.1556, 4.7506 -2.4155 -0.4, 4.6303 -2.7607 -0.4, 4.7328 -2.8141 -0.2, 4.825 -1.9 -0.4, 4.7743 -2.3475 -0.4, 3.7786 -3.9168 -0.0, 3.8688 -3.9222 -0.08, 3.8636 -3.9163 -0.0667, 3.8631 -3.9157 -0.0653, 3.8604 -3.9126 -0.0582, 3.8405 -3.9052 -0.0311, 3.8493 -3.9069 -0.0407, 3.8538 -3.9093 -0.0479, 3.8555 -3.9101 -0.0505, 3.8341 -3.9042 -0.0247, 3.8245 -3.9044 -0.0173, 3.8355 -3.9041 -0.0257, 3.8069 -3.9069 -0.0072, 3.8071 -3.9069 -0.0073, 3.819 -3.9045 -0.0131, 3.7887 -3.9125 -0.0014, 3.7928 -3.9111 -0.0024, 3.8022 -3.9079 -0.0048, 3.786 -3.9135 -0.0007, 3.6731 -3.7113 -0.4, 3.7258 -3.8141 -0.2, 2.825 -3.9 -0.4, 3.2657 -3.8508 -0.4, 3.3404 -3.8253 -0.4, 5.025 1.7 -5.1, 4.8845 -1.7595 -5.1595, 4.8686 -1.7753 -5.1753, 4.8686 -1.7753 -0.4117, 4.83 -1.8555 -0.4013, 4.825 -1.9 -5.3, 4.83 -1.8555 -5.2555, 4.8448 -1.8132 -0.4053, 4.8527 -1.8006 -5.2006, 4.8448 -1.8132 -5.2132, 4.8325 -1.8485 -5.2485, 4.9003 -1.7436 -5.1436, 4.9003 -1.7436 -0.4202, 4.9256 -1.7277 -5.1277, 4.9382 -1.7198 -0.4303, 4.9382 -1.7198 -5.1198, 4.9805 -1.705 -0.4417, 5.0026 -1.7013 -5.1013, 4.9806 -1.7054 -5.1054, 4.9732 -1.7068 -5.1068, 5.025 1.7 -0.4536, 4.6653 -2.8662 -0.4214, 4.6653 -2.8662 -5.1412, 4.7014 -2.8852 -5.117, 4.7432 -2.9071 -5.1028, 4.7729 -2.9227 -5.1, 4.7581 -2.9149 -0.24, 5.0385 -3.0621 -5.1, 4.7272 -2.8285 -0.201, 4.7237 -2.8584 -0.2073, 4.7241 -2.8434 -0.2035, 4.7308 -2.8862 -0.2184, 4.726 -2.8729 -0.2123, 4.7475 -2.9078 -0.2327, 4.6544 -2.8587 -0.418, 4.6408 -2.8454 -0.4131, 4.6423 -2.8471 -0.4137, 4.7381 -2.898 -0.2253, 4.6498 -2.8556 -0.4165, 4.6532 -2.8579 -0.4176, 4.6269 -2.8208 -0.4067, 4.6275 -2.8233 -0.4071, 4.6306 -2.8293 -0.4086, 4.6365 -2.8407 -0.4115, 4.6247 -2.8111 -0.405, 4.6228 -2.8034 -0.4036, 4.6231 -2.7921 -0.4022, 4.6231 -2.7903 -0.402, 4.6232 -2.7841 -0.4013, 4.628 -2.766 -0.4001, 4.6261 -2.7733 -0.4006, 4.6256 -2.7752 -0.4007, 4.3972 -3.8438 -5.1, 3.9716 -4.1215 -5.1, 4.7578 -3.4857 -5.1, -5.025 1.7 -5.1, -5.025 1.7 -0.4536, -4.8318 -1.8482 -5.2482, -4.8318 -1.8482 -0.4018, -4.825 -1.9 -5.3, -4.8267 -1.8739 -0.4005, -4.8836 -1.7586 -0.4157, -4.8663 -1.7782 -0.4111, -4.8518 -1.8 -5.2, -4.8518 -1.8 -0.4072, -4.8402 -1.8235 -0.4041, -4.8836 -1.7586 -5.1586, -4.9032 -1.7413 -5.1413, -4.925 -1.7268 -0.4268, -4.925 -1.7268 -5.1268, -4.9485 -1.7152 -5.1152, -4.9732 -1.7068 -0.4397, -4.9989 -1.7017 -5.1017, -4.9732 -1.7068 -5.1068, -3.8493 -3.6178 -5.3, -3.825 -3.6321 -7.7, -4.0314 -3.4952 -5.3, -4.0948 -3.425 -7.7, -4.2392 -3.3142 -5.3, -4.2392 -3.3142 -7.7, -4.4202 -3.1064 -5.3, -4.5571 -2.9 -7.7, -4.5428 -2.9243 -5.3, -4.7688 -2.3267 -7.7, -4.825 -1.9 -7.7, -4.7569 -2.4176 -7.7, -4.5428 -2.9243 -0.4001, -3.8493 -3.6178 -0.4001, -3.3426 -3.8319 -7.7, -3.0542 -3.8698 -7.7, -2.925 -3.8868 -7.7, -2.825 -3.9 -7.7, -3.9413 -3.6967 -0.2027, -3.9538 -3.6916 -0.2059, -3.9921 -3.6894 -0.221, -3.9796 -3.6879 -0.2152, -4.0038 -3.6931 -0.2275, -4.0144 -3.6989 -0.2344, -4.0227 -3.7058 -0.2408, -3.9468 -3.6299 -0.4214, -3.9375 -3.6227 -0.4182, -3.9357 -3.6213 -0.4176, -3.9312 -3.6178 -0.4161, -3.9187 -3.6123 -0.4126, -3.9129 -3.6098 -0.411, -3.9132 -3.6099 -0.411, -3.8808 -3.6075 -0.4042, -3.8858 -3.6072 -0.4051, -3.9668 -3.6886 -0.21, -3.895 -3.6067 -0.4068, -3.9001 -3.6075 -0.408, -3.8762 -3.6078 -0.4034, -3.8621 -3.6121 -0.4015, -3.8577 -3.6134 -0.4009, -3.8588 -3.6131 -0.401, -3.9468 -3.6299 -5.1554, -3.9549 -3.638 -5.1455, -3.9579 -3.641 -5.1424, -3.9671 -3.6502 -5.1331, -3.9888 -3.6719 -5.1181, -3.998 -3.6811 -5.1117, -4.012 -3.6952 -5.1058, -4.0225 -3.7056 -5.1041, -4.0466 -3.7297 -5.1, -4.2624 -3.9455 -5.1, -4.8705 -3.3374 -5.1, -4.5928 -3.6678 -5.1, -4.5958 -3.0626 -5.1174, -4.5826 -3.0495 -5.1267, -4.5549 -3.0218 -0.4214, -4.5665 -3.0334 -5.1434, -4.5549 -3.0218 -5.1554, -4.6431 -3.11 -5.1006, -4.6305 -3.0974 -5.1029, -4.629 -3.0959 -5.1032, -4.6308 -3.0977 -0.2408, -4.6547 -3.1216 -5.1, -4.6273 -3.0938 -0.2377, -4.6204 -3.0836 -0.2304, -4.6156 -3.0717 -0.2235, -4.6131 -3.0587 -0.2169, -4.6132 -3.0449 -0.2112, -4.616 -3.0306 -0.2064, -4.6216 -3.0165 -0.2028, -4.5394 -2.9307 -0.4007, -4.533 -2.9498 -0.4033, -4.5333 -2.9489 -0.4032, -4.5372 -2.9372 -0.4016, -4.5382 -2.9341 -0.4011, -4.5352 -2.989 -0.411, -4.5333 -2.9788 -0.4088, -4.5327 -2.975 -0.408, -4.5315 -2.9689 -0.4067, -4.5325 -2.9558 -0.4044, -4.537 -2.9931 -0.4122, -4.5373 -2.9938 -0.4123, -4.5517 -3.0176 -0.4199, -4.5463 -3.0108 -0.4175, -4.5431 -3.0067 -0.416, -4.8836 1.7586 -0.4157, -4.925 1.7268 -0.4268, -4.9732 1.7068 -0.4397, -4.8267 1.8739 -0.4005, -4.8318 1.8482 -0.4018, -4.8402 1.8235 -0.4041, -4.8518 1.8 -0.4072, -4.8663 1.7782 -0.4111, -2.825 3.9 -7.7, -2.925 3.8868 -7.7, -3.0542 3.8698 -7.7, -3.3426 3.8319 -7.7, -3.825 3.6321 -7.7, -4.2392 3.3142 -7.7, -4.5571 2.9 -7.7, -4.7569 2.4176 -7.7, -4.825 1.9 -5.3, -4.7688 2.3267 -7.7, -4.825 1.9 -7.7, -1.95 3.9 -7.7, 2.825 3.9 -7.7, 1.95 3.9 -7.7, 0.0 3.9 -7.7, 4.7688 2.3267 -7.7, 4.825 1.9 -7.7, 4.825 1.9 -5.3, 4.7569 2.4176 -7.7, 4.5571 2.9 -7.7, 4.2392 3.3142 -7.7, 3.825 3.6321 -7.7, 3.3426 3.8319 -7.7, 4.8267 1.8739 -0.4005, 4.8318 1.8482 -0.4018, 4.8402 1.8235 -0.4041, 4.8518 1.8 -0.4072, 4.8663 1.7782 -0.4111, 4.8836 1.7586 -0.4157, 4.925 1.7268 -0.4268, 4.9732 1.7068 -0.4397, 4.6302 -2.7609 -5.3, 4.7569 -2.4176 -7.7, 4.5546 -2.8987 -5.3, 4.5571 -2.9 -7.7, 4.5204 -2.961 -5.3, 4.2392 -3.3142 -7.7, 4.3387 -3.2072 -5.3, 3.825 -3.6321 -7.7, 3.8741 -3.6027 -5.3, 4.0948 -3.425 -7.7, 4.1216 -3.4228 -5.3, 4.2351 -3.3101 -5.3, 3.3426 -3.8319 -7.7, 3.6733 -3.7112 -5.3, 3.8238 -3.6299 -5.3, 2.825 -3.9 -7.7, 4.7688 -2.3267 -7.7, 4.825 -1.9 -7.7, 3.797 -3.7833 -5.117, 3.7783 -3.747 -5.1412, 3.7783 -3.747 -0.4214, 3.8187 -3.8252 -5.1028, 3.8264 -3.8401 -0.24, 3.834 -3.855 -5.1, 3.7846 -3.8077 -0.2123, 3.8193 -3.8295 -0.2327, 3.7979 -3.8126 -0.2184, 3.8096 -3.82 -0.2253, 3.7552 -3.8056 -0.2035, 3.7701 -3.8053 -0.2073, 3.7402 -3.8086 -0.201, 3.6857 -3.707 -0.4005, 3.7101 -3.7037 -0.4028, 3.7046 -3.7042 -0.4022, 3.6905 -3.7054 -0.4008, 3.6875 -3.7064 -0.4006, 3.7181 -3.705 -0.404, 3.7236 -3.7059 -0.4049, 3.7477 -3.7147 -0.41, 3.7473 -3.7145 -0.4099, 3.7417 -3.7121 -0.4087, 3.7294 -3.7068 -0.4059, 3.7619 -3.7253 -0.4143, 3.7578 -3.7222 -0.4131, 3.7733 -3.7386 -0.4189, 3.7711 -3.736 -0.418, 3.7701 -3.7349 -0.4176, 1.95 -3.9 -7.7, -1.95 -3.9 -7.7, 0.0 -3.9 -7.7, 4.8318 1.8482 -5.2482, 4.8518 1.8 -5.2, 4.8836 1.7586 -5.1586, 4.9732 1.7068 -5.1068, 4.9485 1.7152 -5.1152, 4.925 1.7268 -5.1268, 4.9032 1.7413 -5.1413, 4.9989 1.7017 -5.1017, 4.6273 -2.7736 -5.2793, 4.6256 -2.7813 -5.2668, 4.623 -2.7922 -5.2489, 4.6224 -2.7948 -5.2447, 4.6255 -2.811 -5.2209, 4.6256 -2.8117 -5.2199, 4.6281 -2.8248 -5.2007, 4.6308 -2.8291 -5.1946, 4.6408 -2.8455 -5.1718, 4.6382 -2.8413 -5.1776, 4.6641 -2.8655 -5.1423, 4.6428 -2.8486 -5.1674, 4.6546 -2.8586 -5.1526, 4.6595 -2.8628 -5.1465, 4.5857 -3.0019 -5.1422, 4.6215 -3.0243 -5.117, 4.6615 -3.0493 -5.1028, 3.9615 -3.7445 -5.1028, 3.979 -3.773 -5.1, 4.2512 -3.5751 -5.1, 3.9367 -3.7043 -5.117, 3.9146 -3.6683 -5.1422, 3.8963 -3.6387 -5.1771, 3.7537 -3.7195 -5.1775, 3.7576 -3.7226 -5.172, 3.7658 -3.7292 -5.1604, 3.7708 -3.7362 -5.1527, 3.7775 -3.7459 -5.1423, 3.7477 -3.7147 -5.1859, 3.883 -3.6172 -5.2193, 3.7416 -3.7123 -5.1947, 3.7046 -3.7059 -5.2495, 3.7227 -3.7052 -5.2215, 3.8756 -3.6051 -5.2665, 3.7236 -3.7055 -5.2202, 3.7241 -3.7057 -5.2195, 3.6855 -3.7067 -5.2791, 3.6856 -3.7067 -5.279, 3.6934 -3.7063 -5.2669, 4.1234 -3.4249 -5.2665, 4.5228 -2.9625 -5.2665, 4.5348 -2.97 -5.2193, 4.5562 -2.9834 -5.1771, 4.6899 -3.0671 -5.1, 4.4647 -3.316 -5.1028, 4.429 -3.2852 -5.117, 4.397 -3.2576 -5.1422, 4.3707 -3.2348 -5.1771, 4.3515 -3.2183 -5.2193, 4.3408 -3.209 -5.2665, 4.1326 -3.4357 -5.2193, 4.149 -3.4549 -5.1771, 4.1715 -3.4815 -5.1422, 4.199 -3.5136 -5.117, 4.2295 -3.5496 -5.1028, 4.4901 -3.3379 -5.1, -4.8836 1.7586 -5.1586, -4.8518 1.8 -5.2, -4.8318 1.8482 -5.2482, -4.9989 1.7017 -5.1017, -4.9732 1.7068 -5.1068, -4.9485 1.7152 -5.1152, -4.925 1.7268 -5.1268, -4.9032 1.7413 -5.1413, 0.0 2.3267 -7.7, -3.0431 -2.0131 -7.7, -3.0542 -1.9987 -7.7, -3.0542 -2.3267 -7.7, -2.9048 1.497 -7.7, -2.925 1.5054 -7.7, -2.925 0.0 -7.7, -3.0431 1.5769 -7.7, -3.0542 1.5913 -7.7, -3.0542 0.0 -7.7, -3.0922 1.9492 -7.7, -3.0542 1.9987 -7.7, -3.0542 2.3267 -7.7, -3.0542 -3.425 -7.7, 1.95 2.3267 -7.7, 2.9048 2.093 -7.7, 2.9792 2.0622 -7.7, 3.123 1.8748 -7.7, 3.0431 2.0131 -7.7, 3.0922 1.9492 -7.7, 2.6707 1.5278 -7.7, 2.6069 1.5769 -7.7, 1.95 0.0 -7.7, 2.527 1.8748 -7.7, 2.5578 1.9492 -7.7, 2.6069 2.0131 -7.7, 2.825 2.1035 -7.7, 3.1335 1.795 -7.7, 3.123 1.7152 -7.7, 4.825 0.0 -7.7, 3.0922 1.6408 -7.7, 3.0431 1.5769 -7.7, 2.7452 1.497 -7.7, 2.6707 2.0622 -7.7, 2.7452 2.093 -7.7, 2.5578 1.6408 -7.7, 2.527 1.7152 -7.7, 2.5165 1.795 -7.7, 2.9792 1.5278 -7.7, 2.9048 1.497 -7.7, 2.825 1.4865 -7.7, 2.6069 -2.0131 -7.7, 2.5578 -1.9492 -7.7, 1.95 -2.3267 -7.7, 2.6707 -2.0622 -7.7, 3.1335 -1.795 -7.7, 3.123 -1.8748 -7.7, 3.0922 -1.9492 -7.7, 3.0431 -2.0131 -7.7, 2.9792 -2.0622 -7.7, 2.9792 -1.5278 -7.7, 3.0431 -1.5769 -7.7, 3.0922 -1.6408 -7.7, 3.123 -1.7152 -7.7, 2.527 -1.8748 -7.7, 2.5165 -1.795 -7.7, 2.527 -1.7152 -7.7, 2.5578 -1.6408 -7.7, 2.6069 -1.5769 -7.7, 2.6707 -1.5278 -7.7, 2.9048 -2.093 -7.7, 2.825 -2.1035 -7.7, 2.7452 -2.093 -7.7, 2.7452 -1.497 -7.7, 2.825 -1.4865 -7.7, 2.9048 -1.497 -7.7, 1.95 -3.425 -7.7, -1.95 -3.425 -7.7, -2.925 -3.425 -7.7, -3.0922 -1.9492 -7.7, -3.123 -1.8748 -7.7, -3.0542 -1.5913 -7.7, -3.0922 -1.6408 -7.7, -4.825 0.0 -7.7, -3.123 -1.7152 -7.7, -3.1335 -1.795 -7.7, -3.0922 1.6408 -7.7, -3.123 1.7152 -7.7, -3.1335 1.795 -7.7, -3.123 1.8748 -7.7, -2.925 2.3267 -7.7, -2.825 2.55 -7.7, -2.825 2.8819 -7.7, -2.875 2.8223 -7.7, -2.775 2.55 -7.7, -1.95 2.3267 -7.7, -2.775 2.95 -7.7, -2.9792 1.5278 -7.7, -2.6069 2.0131 -7.7, -2.5578 1.9492 -7.7, -2.9048 2.093 -7.7, -2.825 2.1035 -7.7, -2.7452 2.093 -7.7, -2.6707 2.0622 -7.7, -2.527 1.8748 -7.7, -2.5165 1.795 -7.7, -1.95 0.0 -7.7, -2.527 1.7152 -7.7, -2.5578 1.6408 -7.7, -2.6069 1.5769 -7.7, -2.6707 1.5278 -7.7, -2.7452 1.497 -7.7, -2.825 1.4865 -7.7, -3.0431 2.0131 -7.7, -2.9792 2.0622 -7.7, -2.925 2.0846 -7.7, -2.527 -1.8748 -7.7, -2.5578 -1.9492 -7.7, -1.95 -2.3267 -7.7, -2.825 -2.1035 -7.7, -2.9048 -2.093 -7.7, -2.925 -2.3267 -7.7, -2.925 -2.0846 -7.7, -2.9792 -2.0622 -7.7, -2.7452 -1.497 -7.7, -2.6707 -1.5278 -7.7, -2.6069 -1.5769 -7.7, -2.5578 -1.6408 -7.7, -2.527 -1.7152 -7.7, -2.5165 -1.795 -7.7, -2.6069 -2.0131 -7.7, -2.6707 -2.0622 -7.7, -2.7452 -2.093 -7.7, -2.825 -1.4865 -7.7, -2.9048 -1.497 -7.7, -3.0431 -1.5769 -7.7, -2.9792 -1.5278 -7.7, -2.925 -1.5054 -7.7, -2.95 -2.7117 -7.7, -2.9583 -2.7798 -7.7, -2.925 -2.7372 -7.7, -2.925 -2.7543 -7.7, -2.9083 -2.7457 -7.7, -2.9583 -2.8904 -7.7, -2.975 -2.8479 -7.7, -2.9667 -2.6777 -7.7, -2.975 -2.8223 -7.7, -2.675 -2.8479 -7.7, -2.6917 -2.8904 -7.7, -2.725 -2.584 -7.7, -2.7 -2.6096 -7.7, -2.675 -2.8223 -7.7, -2.9667 -2.6521 -7.7, -2.95 -2.6096 -7.7, -2.925 -2.584 -7.7, -2.8833 -2.5585 -7.7, -2.6917 -2.7798 -7.7, -2.725 -2.7372 -7.7, -2.725 -2.7543 -7.7, -2.7417 -2.7457 -7.7, -2.85 -2.95 -7.7, -2.8917 -2.9415 -7.7, -2.925 -2.9211 -7.7, -2.9333 -2.916 -7.7, -2.6833 -2.6521 -7.7, -2.6833 -2.6777 -7.7, -2.7 -2.7117 -7.7, -2.8417 -2.55 -7.7, -2.8083 -2.55 -7.7, -2.7667 -2.5585 -7.7, -2.7167 -2.916 -7.7, -2.7583 -2.9415 -7.7, -2.8 -2.95 -7.7, 0.9207 1.5278 -7.7, 0.8569 1.5769 -7.7, 0.0 0.0 -7.7, 1.075 2.1035 -7.7, 1.1548 2.093 -7.7, 1.2292 2.0622 -7.7, 1.2931 2.0131 -7.7, 1.3422 1.9492 -7.7, 1.373 1.8748 -7.7, 1.3835 1.795 -7.7, 1.373 1.7152 -7.7, 1.3422 1.6408 -7.7, 1.2931 1.5769 -7.7, 1.2292 1.5278 -7.7, 0.777 1.8748 -7.7, 0.8078 1.9492 -7.7, 0.9952 2.093 -7.7, 0.8078 1.6408 -7.7, 0.777 1.7152 -7.7, 0.7665 1.795 -7.7, 1.1548 1.497 -7.7, 1.075 1.4865 -7.7, 0.9952 1.497 -7.7, 0.8569 2.0131 -7.7, 0.9207 2.0622 -7.7, -1.2292 1.5278 -7.7, -1.2931 1.5769 -7.7, -0.8078 1.6408 -7.7, -0.8569 1.5769 -7.7, -1.1548 1.497 -7.7, -1.373 1.8748 -7.7, -1.3422 1.9492 -7.7, -1.1548 2.093 -7.7, -1.075 2.1035 -7.7, -0.9952 2.093 -7.7, -0.9207 2.0622 -7.7, -0.8569 2.0131 -7.7, -0.8078 1.9492 -7.7, -0.777 1.8748 -7.7, -0.7665 1.795 -7.7, -0.777 1.7152 -7.7, -2.875 2.8904 -7.7, -2.825 2.95 -7.7, -1.2931 2.0131 -7.7, -1.2292 2.0622 -7.7, -0.9207 1.5278 -7.7, -0.9952 1.497 -7.7, -1.075 1.4865 -7.7, -1.3422 1.6408 -7.7, -1.373 1.7152 -7.7, -1.3835 1.795 -7.7, 1.373 -1.8748 -7.7, 1.3422 -1.9492 -7.7, 1.2931 -2.0131 -7.7, 1.2292 -2.0622 -7.7, 0.9207 -2.0622 -7.7, 0.8569 -2.0131 -7.7, 0.0 -2.3267 -7.7, 0.8078 -1.9492 -7.7, 1.1548 -2.093 -7.7, 1.075 -2.1035 -7.7, 0.9952 -2.093 -7.7, 0.777 -1.8748 -7.7, 0.7665 -1.795 -7.7, 1.1548 -1.497 -7.7, 1.2292 -1.5278 -7.7, 1.2931 -1.5769 -7.7, 1.3422 -1.6408 -7.7, 1.373 -1.7152 -7.7, 1.3835 -1.795 -7.7, 0.777 -1.7152 -7.7, 0.8078 -1.6408 -7.7, 0.8569 -1.5769 -7.7, 0.9207 -1.5278 -7.7, 0.9952 -1.497 -7.7, 1.075 -1.4865 -7.7, -0.777 -1.8748 -7.7, -0.8078 -1.9492 -7.7, -0.8569 -2.0131 -7.7, -0.9207 -2.0622 -7.7, -0.9952 -2.093 -7.7, -1.075 -2.1035 -7.7, -1.1548 -2.093 -7.7, -1.2292 -2.0622 -7.7, -1.2931 -2.0131 -7.7, -1.3422 -1.9492 -7.7, -0.9207 -1.5278 -7.7, -0.8569 -1.5769 -7.7, -0.8078 -1.6408 -7.7, -0.777 -1.7152 -7.7, -0.7665 -1.795 -7.7, -1.2292 -1.5278 -7.7, -1.2931 -1.5769 -7.7, -1.3422 -1.6408 -7.7, -1.1548 -1.497 -7.7, -1.075 -1.4865 -7.7, -0.9952 -1.497 -7.7, -1.373 -1.8748 -7.7, -1.3835 -1.795 -7.7, -1.373 -1.7152 -7.7, 0.0 -3.425 -7.7, -4.5379 -2.9936 -5.1931, -4.5406 -3.0022 -5.1812, -4.5466 -3.0105 -5.1703, -4.5323 -2.9751 -5.2184, -4.5321 -2.9744 -5.2194, -4.5357 -2.9437 -5.2668, -4.5342 -2.956 -5.2477, -4.532 -2.9742 -5.2196, -4.5364 -2.9378 -5.276, -4.5367 -2.937 -5.2774, -3.862 -3.6118 -5.2774, -4.4224 -3.1081 -5.2665, -4.0569 -3.5289 -5.1771, -4.0779 -3.5566 -5.1422, -4.1034 -3.5903 -5.117, -4.1319 -3.628 -5.1028, -4.3806 -3.4556 -5.1, -4.553 -3.2069 -5.1028, -4.5797 -3.2271 -5.1, -4.5153 -3.1784 -5.117, -4.4816 -3.1529 -5.1422, -4.4539 -3.1319 -5.1771, -4.4337 -3.1167 -5.2193, -4.0331 -3.4974 -5.2665, -4.0417 -3.5087 -5.2193, -3.881 -3.6092 -5.2477, -3.8686 -3.6106 -5.2668, -3.8633 -3.6112 -5.2749, -3.9355 -3.6216 -5.1703, -3.9301 -3.6177 -5.1773, -3.9275 -3.6158 -5.1808, -3.9185 -3.613 -5.1931, -3.9001 -3.6073 -5.2183, -3.8994 -3.607 -5.2193, -4.1521 -3.6547 -5.1, -4.3569 -3.4319 -5.1028, -4.3236 -3.3986 -5.117, -4.2937 -3.3687 -5.1422, -4.2691 -3.3441 -5.1771, -4.2512 -3.3262 -5.2193, -4.2412 -3.3162 -5.2665, -2.925 -2.7543 -7.8, -2.9583 -2.7798 -7.8, -2.9083 -2.7457 -7.8, -2.925 -2.7372 -7.8, -2.95 -2.7117 -7.8, -2.9667 -2.6777 -7.8, -2.9667 -2.6521 -7.8, -2.95 -2.6096 -7.8, -2.925 -2.584 -7.8, -2.8833 -2.5585 -7.8, -2.8417 -2.55 -7.8, -2.8083 -2.55 -7.8, -2.7667 -2.5585 -7.8, -2.725 -2.584 -7.8, -2.7 -2.6096 -7.8, -2.6833 -2.6521 -7.8, -2.6833 -2.6777 -7.8, -2.7 -2.7117 -7.8, -2.725 -2.7372 -7.8, -2.7417 -2.7457 -7.8, -2.725 -2.7543 -7.8, -2.6917 -2.7798 -7.8, -2.675 -2.8223 -7.8, -2.675 -2.8479 -7.8, -2.6917 -2.8904 -7.8, -2.7167 -2.916 -7.8, -2.7583 -2.9415 -7.8, -2.8 -2.95 -7.8, -2.85 -2.95 -7.8, -2.8917 -2.9415 -7.8, -2.9333 -2.916 -7.8, -2.9583 -2.8904 -7.8, -2.975 -2.8479 -7.8, -2.975 -2.8223 -7.8, -2.775 2.95 -7.8, -2.825 2.95 -7.8, -2.775 2.55 -7.8, -2.825 2.55 -7.8, -2.825 2.8819 -7.8, -2.875 2.8223 -7.8, -2.875 2.8904 -7.8, -2.875 2.8904 -7.8
            ]
        }
        coordIndex [
            0,1,2,-1,2,1,3,-1,1,4,3,-1,3,4,5,-1,3,5,6,-1,5,7,6,-1,6,7,8,-1,6,8,9,-1,9,8,10,-1,9,10,11,-1,10,12,11,-1,11,12,13,-1,11,13,14,-1,13,15,14,-1,14,15,16,-1,14,16,17,-1,17,16,18,-1,17,18,19,-1,19,20,17,-1,17,20,21,-1,20,22,21,-1,21,22,23,-1,22,24,23,-1,23,24,25,-1,23,25,26,-1,25,27,26,-1,26,27,28,-1,26,28,29,-1,28,30,29,-1,29,30,31,-1,29,31,32,-1,31,33,32,-1,32,33,34,-1,32,34,35,-1,36,37,38,-1,38,37,35,-1,38,35,39,-1,39,35,34,-1,36,40,37,-1,37,40,41,-1,42,43,44,-1,45,46,47,-1,45,47,48,-1,49,50,44,-1,44,50,51,-1,44,51,42,-1,52,53,54,-1,54,53,48,-1,54,48,55,-1,55,48,47,-1,40,56,41,-1,41,56,57,-1,56,58,57,-1,57,58,59,-1,57,59,60,-1,59,61,60,-1,60,61,62,-1,60,62,63,-1,45,50,46,-1,46,50,49,-1,46,49,64,-1,64,49,63,-1,64,63,65,-1,65,63,62,-1,53,52,66,-1,66,52,67,-1,66,67,68,-1,68,67,69,-1,68,69,42,-1,42,69,43,-1,67,70,69,-1,69,70,71,-1,70,72,71,-1,71,72,73,-1,71,73,74,-1,73,75,74,-1,74,75,76,-1,74,76,77,-1,77,76,78,-1,77,78,79,-1,78,80,79,-1,79,80,81,-1,79,81,82,-1,81,83,82,-1,82,83,84,-1,82,84,85,-1,85,84,86,-1,85,86,87,-1,87,88,85,-1,85,88,89,-1,88,90,89,-1,89,90,91,-1,90,92,91,-1,91,92,93,-1,91,93,94,-1,93,95,94,-1,94,95,96,-1,94,96,97,-1,96,98,97,-1,97,98,99,-1,97,99,100,-1,99,101,100,-1,100,101,102,-1,100,102,103,-1,104,105,106,-1,106,105,103,-1,106,103,107,-1,107,103,102,-1,108,109,110,-1,110,109,111,-1,109,112,111,-1,111,112,113,-1,111,113,114,-1,113,115,114,-1,114,115,116,-1,114,116,117,-1,116,118,117,-1,117,118,119,-1,117,119,120,-1,119,121,120,-1,120,121,122,-1,120,122,123,-1,124,125,126,-1,126,125,123,-1,126,123,127,-1,127,123,122,-1,124,128,125,-1,125,128,129,-1,128,130,129,-1,129,130,131,-1,130,132,131,-1,131,132,133,-1,131,133,134,-1,133,135,134,-1,134,135,136,-1,134,136,137,-1,137,136,138,-1,137,138,139,-1,138,140,139,-1,139,140,141,-1,139,141,142,-1,141,143,142,-1,142,143,144,-1,142,144,145,-1,145,144,146,-1,145,146,147,-1,148,149,150,-1,147,151,152,-1,152,153,147,-1,147,153,148,-1,147,148,145,-1,145,148,150,-1,151,154,152,-1,152,154,155,-1,156,157,158,-1,154,159,155,-1,155,159,160,-1,155,160,161,-1,161,160,162,-1,161,162,157,-1,158,163,156,-1,156,163,150,-1,156,150,149,-1,157,162,158,-1,158,162,164,-1,158,164,165,-1,164,166,165,-1,165,166,167,-1,165,167,168,-1,167,169,168,-1,168,169,170,-1,168,170,171,-1,172,173,174,-1,174,173,171,-1,174,171,175,-1,175,171,170,-1,172,176,173,-1,173,176,177,-1,176,178,177,-1,177,178,179,-1,178,180,179,-1,179,180,181,-1,179,181,182,-1,181,183,182,-1,182,183,184,-1,182,184,185,-1,184,186,185,-1,185,186,187,-1,185,187,188,-1,187,189,188,-1,188,189,190,-1,188,190,191,-1,192,193,194,-1,194,193,191,-1,194,191,195,-1,195,191,190,-1,192,196,193,-1,193,196,197,-1,196,198,197,-1,197,198,199,-1,198,200,199,-1,199,200,201,-1,199,201,202,-1,201,203,202,-1,202,203,204,-1,202,204,205,-1,205,204,206,-1,205,206,207,-1,206,208,207,-1,207,208,209,-1,207,209,210,-1,209,211,210,-1,210,211,212,-1,210,212,213,-1,213,212,214,-1,213,214,215,-1,215,216,213,-1,213,216,217,-1,216,218,217,-1,217,218,219,-1,218,220,219,-1,219,220,221,-1,219,221,222,-1,221,223,222,-1,222,223,224,-1,222,224,225,-1,224,226,225,-1,225,226,227,-1,225,227,228,-1,227,229,228,-1,228,229,230,-1,228,230,231,-1,232,233,234,-1,234,233,231,-1,234,231,235,-1,235,231,230,-1,232,236,233,-1,233,236,237,-1,236,238,237,-1,237,238,239,-1,238,240,239,-1,239,240,241,-1,239,241,242,-1,241,243,242,-1,242,243,244,-1,242,244,245,-1,244,246,245,-1,245,246,247,-1,245,247,248,-1,247,249,248,-1,248,249,250,-1,248,250,251,-1,252,253,254,-1,254,253,251,-1,254,251,255,-1,255,251,250,-1,252,0,253,-1,253,0,2,-1,256,257,258,-1,259,260,261,-1,262,263,264,-1,265,266,267,-1,268,269,270,-1,271,272,273,-1,274,275,276,-1,277,278,279,-1,280,281,282,-1,0,283,284,-1,7,5,285,-1,285,5,4,-1,285,4,284,-1,284,4,1,-1,284,1,0,-1,7,285,8,-1,8,285,286,-1,8,286,10,-1,10,286,287,-1,10,287,12,-1,12,287,13,-1,13,287,288,-1,13,288,15,-1,15,288,16,-1,16,288,282,-1,16,282,18,-1,18,282,281,-1,18,281,19,-1,289,290,291,-1,291,290,292,-1,291,292,293,-1,293,292,294,-1,294,292,295,-1,294,295,296,-1,296,295,297,-1,296,297,298,-1,298,297,299,-1,299,297,300,-1,299,300,301,-1,301,300,302,-1,302,300,303,-1,302,303,304,-1,304,303,305,-1,305,303,267,-1,305,267,306,-1,306,267,307,-1,307,267,266,-1,307,266,308,-1,256,258,309,-1,290,268,292,-1,292,268,270,-1,292,270,295,-1,295,270,310,-1,295,310,297,-1,297,310,311,-1,297,311,300,-1,300,311,312,-1,300,312,303,-1,303,312,313,-1,303,313,267,-1,267,313,264,-1,267,264,265,-1,265,264,263,-1,269,271,270,-1,270,271,273,-1,270,273,310,-1,310,273,314,-1,310,314,311,-1,311,314,315,-1,311,315,312,-1,312,315,316,-1,312,316,313,-1,313,316,317,-1,313,317,264,-1,264,317,261,-1,264,261,262,-1,262,261,260,-1,272,274,273,-1,273,274,276,-1,273,276,314,-1,314,276,318,-1,314,318,315,-1,315,318,319,-1,315,319,316,-1,316,319,320,-1,316,320,317,-1,317,320,321,-1,317,321,261,-1,261,321,258,-1,261,258,259,-1,259,258,257,-1,275,277,276,-1,276,277,279,-1,276,279,318,-1,318,279,322,-1,318,322,319,-1,319,322,323,-1,319,323,320,-1,320,323,324,-1,320,324,321,-1,321,324,325,-1,321,325,258,-1,258,325,326,-1,258,326,309,-1,309,326,327,-1,278,280,279,-1,279,280,282,-1,279,282,322,-1,322,282,288,-1,322,288,323,-1,323,288,287,-1,323,287,324,-1,324,287,286,-1,324,286,325,-1,325,286,285,-1,325,285,326,-1,326,285,284,-1,326,284,327,-1,327,284,283,-1,20,19,328,-1,328,19,281,-1,328,281,329,-1,329,281,280,-1,329,280,330,-1,330,280,278,-1,330,278,331,-1,331,278,277,-1,331,277,332,-1,332,277,275,-1,332,275,333,-1,333,275,274,-1,333,274,334,-1,334,274,272,-1,334,272,335,-1,335,272,271,-1,335,271,336,-1,336,271,269,-1,336,269,337,-1,337,269,268,-1,337,268,338,-1,338,268,290,-1,338,290,339,-1,339,290,289,-1,30,28,340,-1,27,25,341,-1,24,22,342,-1,342,22,20,-1,343,34,33,-1,344,38,39,-1,36,38,345,-1,345,38,344,-1,345,344,346,-1,346,344,347,-1,346,347,348,-1,348,347,349,-1,349,347,350,-1,349,350,351,-1,351,350,352,-1,352,350,353,-1,352,353,354,-1,354,353,355,-1,355,353,356,-1,355,356,357,-1,357,356,358,-1,358,356,359,-1,358,359,360,-1,361,362,363,-1,364,365,362,-1,366,367,365,-1,368,369,367,-1,370,371,369,-1,339,371,338,-1,338,371,370,-1,338,370,337,-1,337,370,372,-1,373,335,372,-1,372,335,336,-1,372,336,337,-1,374,333,373,-1,373,333,334,-1,373,334,335,-1,375,331,374,-1,374,331,332,-1,374,332,333,-1,20,328,342,-1,342,328,329,-1,342,329,375,-1,375,329,330,-1,375,330,331,-1,369,368,370,-1,370,368,376,-1,370,376,372,-1,372,376,377,-1,372,377,373,-1,373,377,378,-1,373,378,374,-1,374,378,379,-1,374,379,375,-1,375,379,341,-1,375,341,342,-1,342,341,25,-1,342,25,24,-1,367,366,368,-1,368,366,380,-1,368,380,376,-1,376,380,381,-1,376,381,377,-1,377,381,382,-1,377,382,378,-1,378,382,383,-1,378,383,379,-1,379,383,340,-1,379,340,341,-1,341,340,28,-1,341,28,27,-1,365,364,366,-1,366,364,384,-1,366,384,380,-1,380,384,385,-1,380,385,381,-1,381,385,386,-1,381,386,382,-1,382,386,387,-1,382,387,383,-1,383,387,388,-1,383,388,340,-1,340,388,31,-1,340,31,30,-1,362,361,364,-1,364,361,389,-1,364,389,384,-1,384,389,390,-1,384,390,385,-1,385,390,391,-1,385,391,386,-1,386,391,392,-1,386,392,387,-1,387,392,343,-1,387,343,388,-1,388,343,33,-1,388,33,31,-1,393,360,363,-1,363,360,359,-1,363,359,361,-1,361,359,356,-1,361,356,389,-1,389,356,353,-1,389,353,390,-1,390,353,350,-1,390,350,391,-1,391,350,347,-1,391,347,392,-1,392,347,344,-1,392,344,343,-1,343,344,39,-1,343,39,34,-1,40,36,394,-1,394,36,345,-1,394,345,395,-1,395,345,346,-1,395,346,396,-1,396,346,348,-1,396,348,397,-1,397,348,349,-1,397,349,398,-1,398,349,351,-1,398,351,399,-1,399,351,352,-1,399,352,400,-1,400,352,354,-1,400,354,401,-1,401,354,355,-1,401,355,402,-1,402,355,357,-1,402,357,403,-1,403,357,358,-1,403,358,404,-1,404,358,360,-1,404,360,405,-1,405,360,393,-1,61,59,406,-1,58,56,407,-1,407,56,40,-1,408,64,65,-1,409,47,46,-1,410,54,55,-1,52,54,411,-1,411,54,410,-1,411,410,412,-1,412,410,413,-1,412,413,414,-1,414,413,415,-1,415,413,416,-1,415,416,417,-1,417,416,418,-1,418,416,419,-1,418,419,420,-1,420,419,421,-1,421,419,422,-1,421,422,423,-1,423,422,424,-1,424,422,425,-1,424,425,426,-1,427,428,429,-1,430,431,428,-1,432,433,431,-1,434,435,433,-1,436,437,435,-1,405,437,404,-1,404,437,436,-1,404,436,403,-1,403,436,438,-1,439,401,438,-1,438,401,402,-1,438,402,403,-1,440,399,439,-1,439,399,400,-1,439,400,401,-1,441,397,440,-1,440,397,398,-1,440,398,399,-1,40,394,407,-1,407,394,395,-1,407,395,441,-1,441,395,396,-1,441,396,397,-1,435,434,436,-1,436,434,442,-1,436,442,438,-1,438,442,443,-1,438,443,439,-1,439,443,444,-1,439,444,440,-1,440,444,445,-1,440,445,441,-1,441,445,406,-1,441,406,407,-1,407,406,59,-1,407,59,58,-1,433,432,434,-1,434,432,446,-1,434,446,442,-1,442,446,447,-1,442,447,443,-1,443,447,448,-1,443,448,444,-1,444,448,449,-1,444,449,445,-1,445,449,450,-1,445,450,406,-1,406,450,62,-1,406,62,61,-1,431,430,432,-1,432,430,451,-1,432,451,446,-1,446,451,452,-1,446,452,447,-1,447,452,453,-1,447,453,448,-1,448,453,454,-1,448,454,449,-1,449,454,408,-1,449,408,450,-1,450,408,65,-1,450,65,62,-1,428,427,430,-1,430,427,455,-1,430,455,451,-1,451,455,456,-1,451,456,452,-1,452,456,457,-1,452,457,453,-1,453,457,458,-1,453,458,454,-1,454,458,409,-1,454,409,408,-1,408,409,46,-1,408,46,64,-1,459,426,429,-1,429,426,425,-1,429,425,427,-1,427,425,422,-1,427,422,455,-1,455,422,419,-1,455,419,456,-1,456,419,416,-1,456,416,457,-1,457,416,413,-1,457,413,458,-1,458,413,410,-1,458,410,409,-1,409,410,55,-1,409,55,47,-1,460,461,462,-1,66,463,53,-1,53,463,460,-1,53,460,48,-1,48,460,462,-1,48,462,45,-1,45,462,50,-1,50,462,464,-1,51,50,465,-1,465,50,464,-1,465,464,466,-1,467,68,465,-1,465,68,42,-1,465,42,51,-1,66,68,463,-1,463,68,467,-1,67,52,468,-1,468,52,411,-1,468,411,469,-1,469,411,412,-1,469,412,470,-1,470,412,414,-1,470,414,471,-1,471,414,415,-1,471,415,472,-1,472,415,417,-1,472,417,473,-1,473,417,418,-1,473,418,474,-1,474,418,420,-1,474,420,475,-1,475,420,421,-1,475,421,476,-1,476,421,423,-1,476,423,477,-1,477,423,424,-1,477,424,478,-1,478,424,426,-1,478,426,479,-1,479,426,459,-1,471,472,480,-1,473,474,481,-1,475,476,482,-1,477,478,483,-1,67,468,484,-1,75,73,485,-1,485,73,72,-1,485,72,484,-1,484,72,70,-1,484,70,67,-1,75,485,76,-1,76,485,486,-1,76,486,78,-1,78,486,487,-1,78,487,80,-1,80,487,81,-1,81,487,488,-1,81,488,83,-1,83,488,84,-1,84,488,489,-1,84,489,86,-1,86,489,490,-1,86,490,87,-1,491,492,493,-1,493,492,494,-1,493,494,495,-1,495,494,496,-1,496,494,497,-1,496,497,498,-1,498,497,499,-1,498,499,500,-1,500,499,501,-1,501,499,502,-1,501,502,503,-1,503,502,504,-1,504,502,505,-1,504,505,506,-1,506,505,507,-1,507,505,483,-1,507,483,508,-1,508,483,509,-1,509,483,478,-1,509,478,479,-1,471,480,470,-1,492,510,494,-1,494,510,511,-1,494,511,497,-1,497,511,512,-1,497,512,499,-1,499,512,513,-1,499,513,502,-1,502,513,514,-1,502,514,505,-1,505,514,515,-1,505,515,483,-1,483,515,482,-1,483,482,477,-1,477,482,476,-1,510,516,511,-1,511,516,517,-1,511,517,512,-1,512,517,518,-1,512,518,513,-1,513,518,519,-1,513,519,514,-1,514,519,520,-1,514,520,515,-1,515,520,521,-1,515,521,482,-1,482,521,481,-1,482,481,475,-1,475,481,474,-1,516,522,517,-1,517,522,523,-1,517,523,518,-1,518,523,524,-1,518,524,519,-1,519,524,525,-1,519,525,520,-1,520,525,526,-1,520,526,521,-1,521,526,527,-1,521,527,481,-1,481,527,480,-1,481,480,473,-1,473,480,472,-1,522,528,523,-1,523,528,529,-1,523,529,524,-1,524,529,530,-1,524,530,525,-1,525,530,531,-1,525,531,526,-1,526,531,532,-1,526,532,527,-1,527,532,533,-1,527,533,480,-1,480,533,534,-1,480,534,470,-1,470,534,469,-1,528,490,529,-1,529,490,489,-1,529,489,530,-1,530,489,488,-1,530,488,531,-1,531,488,487,-1,531,487,532,-1,532,487,486,-1,532,486,533,-1,533,486,485,-1,533,485,534,-1,534,485,484,-1,534,484,469,-1,469,484,468,-1,491,535,492,-1,492,535,536,-1,537,538,539,-1,539,538,536,-1,536,538,492,-1,492,538,540,-1,492,540,510,-1,510,540,541,-1,510,541,516,-1,516,541,542,-1,516,542,522,-1,522,542,543,-1,522,543,528,-1,528,543,544,-1,528,544,490,-1,490,544,88,-1,490,88,87,-1,92,90,545,-1,545,90,88,-1,546,96,95,-1,547,99,98,-1,548,102,101,-1,549,106,107,-1,104,106,550,-1,550,106,549,-1,550,549,551,-1,551,549,552,-1,551,552,553,-1,553,552,554,-1,554,552,555,-1,554,555,556,-1,556,555,557,-1,557,555,558,-1,557,558,559,-1,559,558,560,-1,560,558,561,-1,560,561,562,-1,562,561,563,-1,563,561,564,-1,563,564,565,-1,566,567,568,-1,569,570,567,-1,571,572,570,-1,573,574,572,-1,538,537,575,-1,88,544,545,-1,545,544,543,-1,545,543,576,-1,576,543,542,-1,576,542,577,-1,577,542,541,-1,577,541,578,-1,578,541,540,-1,578,540,579,-1,579,540,538,-1,579,538,580,-1,580,538,575,-1,580,575,574,-1,574,573,580,-1,580,573,581,-1,580,581,579,-1,579,581,582,-1,579,582,578,-1,578,582,583,-1,578,583,577,-1,577,583,584,-1,577,584,576,-1,576,584,585,-1,576,585,545,-1,545,585,93,-1,545,93,92,-1,572,571,573,-1,573,571,586,-1,573,586,581,-1,581,586,587,-1,581,587,582,-1,582,587,588,-1,582,588,583,-1,583,588,589,-1,583,589,584,-1,584,589,546,-1,584,546,585,-1,585,546,95,-1,585,95,93,-1,570,569,571,-1,571,569,590,-1,571,590,586,-1,586,590,591,-1,586,591,587,-1,587,591,592,-1,587,592,588,-1,588,592,593,-1,588,593,589,-1,589,593,547,-1,589,547,546,-1,546,547,98,-1,546,98,96,-1,567,566,569,-1,569,566,594,-1,569,594,590,-1,590,594,595,-1,590,595,591,-1,591,595,596,-1,591,596,592,-1,592,596,597,-1,592,597,593,-1,593,597,548,-1,593,548,547,-1,547,548,101,-1,547,101,99,-1,598,565,568,-1,568,565,564,-1,568,564,566,-1,566,564,561,-1,566,561,594,-1,594,561,558,-1,594,558,595,-1,595,558,555,-1,595,555,596,-1,596,555,552,-1,596,552,597,-1,597,552,549,-1,597,549,548,-1,548,549,107,-1,548,107,102,-1,108,104,599,-1,599,104,550,-1,599,550,600,-1,600,550,551,-1,600,551,601,-1,601,551,553,-1,601,553,602,-1,602,553,554,-1,602,554,603,-1,603,554,556,-1,603,556,604,-1,604,556,557,-1,604,557,605,-1,605,557,559,-1,605,559,606,-1,606,559,560,-1,606,560,607,-1,607,560,562,-1,607,562,608,-1,608,562,563,-1,608,563,609,-1,609,563,565,-1,609,565,610,-1,610,565,598,-1,112,109,611,-1,611,109,108,-1,612,116,115,-1,613,119,118,-1,614,122,121,-1,615,126,127,-1,124,126,616,-1,616,126,615,-1,616,615,617,-1,617,615,618,-1,617,618,619,-1,619,618,620,-1,620,618,621,-1,620,621,622,-1,622,621,623,-1,623,621,624,-1,623,624,625,-1,625,624,626,-1,626,624,627,-1,626,627,628,-1,628,627,629,-1,629,627,630,-1,629,630,631,-1,632,633,634,-1,635,636,633,-1,637,638,636,-1,639,640,638,-1,641,642,640,-1,610,642,609,-1,609,642,641,-1,609,641,608,-1,608,641,643,-1,644,606,643,-1,643,606,607,-1,643,607,608,-1,645,604,644,-1,644,604,605,-1,644,605,606,-1,646,602,645,-1,645,602,603,-1,645,603,604,-1,108,599,611,-1,611,599,600,-1,611,600,646,-1,646,600,601,-1,646,601,602,-1,640,639,641,-1,641,639,647,-1,641,647,643,-1,643,647,648,-1,643,648,644,-1,644,648,649,-1,644,649,645,-1,645,649,650,-1,645,650,646,-1,646,650,651,-1,646,651,611,-1,611,651,113,-1,611,113,112,-1,638,637,639,-1,639,637,652,-1,639,652,647,-1,647,652,653,-1,647,653,648,-1,648,653,654,-1,648,654,649,-1,649,654,655,-1,649,655,650,-1,650,655,612,-1,650,612,651,-1,651,612,115,-1,651,115,113,-1,636,635,637,-1,637,635,656,-1,637,656,652,-1,652,656,657,-1,652,657,653,-1,653,657,658,-1,653,658,654,-1,654,658,659,-1,654,659,655,-1,655,659,613,-1,655,613,612,-1,612,613,118,-1,612,118,116,-1,633,632,635,-1,635,632,660,-1,635,660,656,-1,656,660,661,-1,656,661,657,-1,657,661,662,-1,657,662,658,-1,658,662,663,-1,658,663,659,-1,659,663,614,-1,659,614,613,-1,613,614,121,-1,613,121,119,-1,664,631,634,-1,634,631,630,-1,634,630,632,-1,632,630,627,-1,632,627,660,-1,660,627,624,-1,660,624,661,-1,661,624,621,-1,661,621,662,-1,662,621,618,-1,662,618,663,-1,663,618,615,-1,663,615,614,-1,614,615,127,-1,614,127,122,-1,128,124,665,-1,665,124,616,-1,665,616,666,-1,666,616,617,-1,666,617,667,-1,667,617,619,-1,667,619,668,-1,668,619,620,-1,668,620,669,-1,669,620,622,-1,669,622,670,-1,670,622,623,-1,670,623,671,-1,671,623,625,-1,671,625,672,-1,672,625,626,-1,672,626,673,-1,673,626,628,-1,673,628,674,-1,674,628,629,-1,674,629,675,-1,675,629,631,-1,675,631,676,-1,676,631,664,-1,668,669,677,-1,670,671,678,-1,672,673,679,-1,674,675,680,-1,681,682,683,-1,684,685,686,-1,687,688,689,-1,690,691,692,-1,693,694,695,-1,128,665,696,-1,135,133,697,-1,697,133,132,-1,697,132,696,-1,696,132,130,-1,696,130,128,-1,135,697,136,-1,136,697,698,-1,136,698,138,-1,138,698,699,-1,138,699,140,-1,140,699,141,-1,141,699,700,-1,141,700,143,-1,143,700,144,-1,144,700,695,-1,144,695,146,-1,146,695,694,-1,146,694,147,-1,701,702,703,-1,703,702,704,-1,703,704,705,-1,705,704,706,-1,706,704,707,-1,706,707,708,-1,708,707,709,-1,708,709,710,-1,710,709,711,-1,711,709,712,-1,711,712,713,-1,713,712,714,-1,714,712,715,-1,714,715,716,-1,716,715,717,-1,717,715,680,-1,717,680,718,-1,718,680,719,-1,719,680,675,-1,719,675,676,-1,668,677,667,-1,702,681,704,-1,704,681,683,-1,704,683,707,-1,707,683,720,-1,707,720,709,-1,709,720,721,-1,709,721,712,-1,712,721,722,-1,712,722,715,-1,715,722,723,-1,715,723,680,-1,680,723,679,-1,680,679,674,-1,674,679,673,-1,682,684,683,-1,683,684,686,-1,683,686,720,-1,720,686,724,-1,720,724,721,-1,721,724,725,-1,721,725,722,-1,722,725,726,-1,722,726,723,-1,723,726,727,-1,723,727,679,-1,679,727,678,-1,679,678,672,-1,672,678,671,-1,685,687,686,-1,686,687,689,-1,686,689,724,-1,724,689,728,-1,724,728,725,-1,725,728,729,-1,725,729,726,-1,726,729,730,-1,726,730,727,-1,727,730,731,-1,727,731,678,-1,678,731,677,-1,678,677,670,-1,670,677,669,-1,688,690,689,-1,689,690,692,-1,689,692,728,-1,728,692,732,-1,728,732,729,-1,729,732,733,-1,729,733,730,-1,730,733,734,-1,730,734,731,-1,731,734,735,-1,731,735,677,-1,677,735,736,-1,677,736,667,-1,667,736,666,-1,691,693,692,-1,692,693,695,-1,692,695,732,-1,732,695,700,-1,732,700,733,-1,733,700,699,-1,733,699,734,-1,734,699,698,-1,734,698,735,-1,735,698,697,-1,735,697,736,-1,736,697,696,-1,736,696,666,-1,666,696,665,-1,155,161,737,-1,737,161,738,-1,737,738,739,-1,740,153,737,-1,737,153,152,-1,737,152,155,-1,741,742,743,-1,743,742,148,-1,743,148,740,-1,740,148,153,-1,744,745,746,-1,746,745,157,-1,148,742,149,-1,149,742,746,-1,149,746,156,-1,156,746,157,-1,151,147,747,-1,747,147,694,-1,747,694,748,-1,748,694,693,-1,748,693,749,-1,749,693,691,-1,749,691,750,-1,750,691,690,-1,750,690,751,-1,751,690,688,-1,751,688,752,-1,752,688,687,-1,752,687,753,-1,753,687,685,-1,753,685,754,-1,754,685,684,-1,754,684,755,-1,755,684,682,-1,755,682,756,-1,756,682,681,-1,756,681,757,-1,757,681,702,-1,757,702,758,-1,758,702,701,-1,166,164,759,-1,162,160,760,-1,159,154,761,-1,761,154,151,-1,762,170,169,-1,763,174,175,-1,172,174,764,-1,764,174,763,-1,764,763,765,-1,765,763,766,-1,765,766,767,-1,767,766,768,-1,768,766,769,-1,768,769,770,-1,770,769,771,-1,771,769,772,-1,771,772,773,-1,773,772,774,-1,774,772,775,-1,774,775,776,-1,776,775,777,-1,777,775,778,-1,777,778,779,-1,780,781,782,-1,783,784,781,-1,785,786,784,-1,787,788,786,-1,789,790,788,-1,758,790,757,-1,757,790,789,-1,757,789,756,-1,756,789,791,-1,792,754,791,-1,791,754,755,-1,791,755,756,-1,793,752,792,-1,792,752,753,-1,792,753,754,-1,794,750,793,-1,793,750,751,-1,793,751,752,-1,151,747,761,-1,761,747,748,-1,761,748,794,-1,794,748,749,-1,794,749,750,-1,788,787,789,-1,789,787,795,-1,789,795,791,-1,791,795,796,-1,791,796,792,-1,792,796,797,-1,792,797,793,-1,793,797,798,-1,793,798,794,-1,794,798,760,-1,794,760,761,-1,761,760,160,-1,761,160,159,-1,786,785,787,-1,787,785,799,-1,787,799,795,-1,795,799,800,-1,795,800,796,-1,796,800,801,-1,796,801,797,-1,797,801,802,-1,797,802,798,-1,798,802,759,-1,798,759,760,-1,760,759,164,-1,760,164,162,-1,784,783,785,-1,785,783,803,-1,785,803,799,-1,799,803,804,-1,799,804,800,-1,800,804,805,-1,800,805,801,-1,801,805,806,-1,801,806,802,-1,802,806,807,-1,802,807,759,-1,759,807,167,-1,759,167,166,-1,781,780,783,-1,783,780,808,-1,783,808,803,-1,803,808,809,-1,803,809,804,-1,804,809,810,-1,804,810,805,-1,805,810,811,-1,805,811,806,-1,806,811,762,-1,806,762,807,-1,807,762,169,-1,807,169,167,-1,812,779,782,-1,782,779,778,-1,782,778,780,-1,780,778,775,-1,780,775,808,-1,808,775,772,-1,808,772,809,-1,809,772,769,-1,809,769,810,-1,810,769,766,-1,810,766,811,-1,811,766,763,-1,811,763,762,-1,762,763,175,-1,762,175,170,-1,157,745,161,-1,161,745,738,-1,176,172,813,-1,813,172,764,-1,813,764,814,-1,814,764,765,-1,814,765,815,-1,815,765,767,-1,815,767,816,-1,816,767,768,-1,816,768,817,-1,817,768,770,-1,817,770,818,-1,818,770,771,-1,818,771,819,-1,819,771,773,-1,819,773,820,-1,820,773,774,-1,820,774,821,-1,821,774,776,-1,821,776,822,-1,822,776,777,-1,822,777,823,-1,823,777,779,-1,823,779,824,-1,824,779,812,-1,183,181,825,-1,180,178,826,-1,826,178,176,-1,827,187,186,-1,828,190,189,-1,829,194,195,-1,192,194,830,-1,830,194,829,-1,830,829,831,-1,831,829,832,-1,831,832,833,-1,833,832,834,-1,834,832,835,-1,834,835,836,-1,836,835,837,-1,837,835,838,-1,837,838,839,-1,839,838,840,-1,840,838,841,-1,840,841,842,-1,842,841,843,-1,843,841,844,-1,843,844,845,-1,846,847,848,-1,849,850,847,-1,851,852,850,-1,853,854,852,-1,855,856,854,-1,824,856,823,-1,823,856,855,-1,823,855,822,-1,822,855,857,-1,858,820,857,-1,857,820,821,-1,857,821,822,-1,859,818,858,-1,858,818,819,-1,858,819,820,-1,860,816,859,-1,859,816,817,-1,859,817,818,-1,176,813,826,-1,826,813,814,-1,826,814,860,-1,860,814,815,-1,860,815,816,-1,854,853,855,-1,855,853,861,-1,855,861,857,-1,857,861,862,-1,857,862,858,-1,858,862,863,-1,858,863,859,-1,859,863,864,-1,859,864,860,-1,860,864,825,-1,860,825,826,-1,826,825,181,-1,826,181,180,-1,852,851,853,-1,853,851,865,-1,853,865,861,-1,861,865,866,-1,861,866,862,-1,862,866,867,-1,862,867,863,-1,863,867,868,-1,863,868,864,-1,864,868,869,-1,864,869,825,-1,825,869,184,-1,825,184,183,-1,850,849,851,-1,851,849,870,-1,851,870,865,-1,865,870,871,-1,865,871,866,-1,866,871,872,-1,866,872,867,-1,867,872,873,-1,867,873,868,-1,868,873,827,-1,868,827,869,-1,869,827,186,-1,869,186,184,-1,847,846,849,-1,849,846,874,-1,849,874,870,-1,870,874,875,-1,870,875,871,-1,871,875,876,-1,871,876,872,-1,872,876,877,-1,872,877,873,-1,873,877,828,-1,873,828,827,-1,827,828,189,-1,827,189,187,-1,878,845,848,-1,848,845,844,-1,848,844,846,-1,846,844,841,-1,846,841,874,-1,874,841,838,-1,874,838,875,-1,875,838,835,-1,875,835,876,-1,876,835,832,-1,876,832,877,-1,877,832,829,-1,877,829,828,-1,828,829,195,-1,828,195,190,-1,196,192,879,-1,879,192,830,-1,879,830,880,-1,880,830,831,-1,880,831,881,-1,881,831,833,-1,881,833,882,-1,882,833,834,-1,882,834,883,-1,883,834,836,-1,883,836,884,-1,884,836,837,-1,884,837,885,-1,885,837,839,-1,885,839,886,-1,886,839,840,-1,886,840,887,-1,887,840,842,-1,887,842,888,-1,888,842,843,-1,888,843,889,-1,889,843,845,-1,889,845,890,-1,890,845,878,-1,882,883,891,-1,884,885,892,-1,886,887,893,-1,888,889,894,-1,895,896,897,-1,898,899,900,-1,901,902,903,-1,904,905,906,-1,907,908,909,-1,206,204,910,-1,879,911,196,-1,196,911,198,-1,198,911,200,-1,200,911,912,-1,200,912,201,-1,910,204,912,-1,912,204,203,-1,912,203,201,-1,206,910,208,-1,208,910,913,-1,208,913,209,-1,209,913,914,-1,209,914,211,-1,211,914,212,-1,212,914,909,-1,212,909,214,-1,214,909,908,-1,214,908,215,-1,915,916,917,-1,917,916,918,-1,917,918,919,-1,919,918,920,-1,920,918,921,-1,920,921,922,-1,922,921,923,-1,922,923,924,-1,924,923,925,-1,925,923,926,-1,925,926,927,-1,927,926,928,-1,928,926,929,-1,928,929,930,-1,930,929,931,-1,931,929,894,-1,931,894,932,-1,932,894,933,-1,933,894,889,-1,933,889,890,-1,882,891,881,-1,916,895,918,-1,918,895,897,-1,918,897,921,-1,921,897,934,-1,921,934,923,-1,923,934,935,-1,923,935,926,-1,926,935,936,-1,926,936,929,-1,929,936,937,-1,929,937,894,-1,894,937,893,-1,894,893,888,-1,888,893,887,-1,896,898,897,-1,897,898,900,-1,897,900,934,-1,934,900,938,-1,934,938,935,-1,935,938,939,-1,935,939,936,-1,936,939,940,-1,936,940,937,-1,937,940,941,-1,937,941,893,-1,893,941,892,-1,893,892,886,-1,886,892,885,-1,899,901,900,-1,900,901,903,-1,900,903,938,-1,938,903,942,-1,938,942,939,-1,939,942,943,-1,939,943,940,-1,940,943,944,-1,940,944,941,-1,941,944,945,-1,941,945,892,-1,892,945,891,-1,892,891,884,-1,884,891,883,-1,902,904,903,-1,903,904,906,-1,903,906,942,-1,942,906,946,-1,942,946,943,-1,943,946,947,-1,943,947,944,-1,944,947,948,-1,944,948,945,-1,945,948,949,-1,945,949,891,-1,891,949,950,-1,891,950,881,-1,881,950,880,-1,905,907,906,-1,906,907,909,-1,906,909,946,-1,946,909,914,-1,946,914,947,-1,947,914,913,-1,947,913,948,-1,948,913,910,-1,948,910,949,-1,949,910,912,-1,949,912,950,-1,950,912,911,-1,950,911,880,-1,880,911,879,-1,216,215,951,-1,951,215,908,-1,951,908,952,-1,952,908,907,-1,952,907,953,-1,953,907,905,-1,953,905,954,-1,954,905,904,-1,954,904,955,-1,955,904,902,-1,955,902,956,-1,956,902,901,-1,956,901,957,-1,957,901,899,-1,957,899,958,-1,958,899,898,-1,958,898,959,-1,959,898,896,-1,959,896,960,-1,960,896,895,-1,960,895,961,-1,961,895,916,-1,961,916,962,-1,962,916,915,-1,220,218,963,-1,963,218,216,-1,964,224,223,-1,965,227,226,-1,966,230,229,-1,967,234,235,-1,232,234,968,-1,968,234,967,-1,968,967,969,-1,969,967,970,-1,969,970,971,-1,971,970,972,-1,972,970,973,-1,972,973,974,-1,974,973,975,-1,975,973,976,-1,975,976,977,-1,977,976,978,-1,978,976,979,-1,978,979,980,-1,980,979,981,-1,981,979,982,-1,981,982,983,-1,984,985,986,-1,987,988,985,-1,989,990,988,-1,991,992,990,-1,993,994,992,-1,962,994,961,-1,961,994,993,-1,961,993,960,-1,960,993,995,-1,996,958,995,-1,995,958,959,-1,995,959,960,-1,997,956,996,-1,996,956,957,-1,996,957,958,-1,998,954,997,-1,997,954,955,-1,997,955,956,-1,216,951,963,-1,963,951,952,-1,963,952,998,-1,998,952,953,-1,998,953,954,-1,992,991,993,-1,993,991,999,-1,993,999,995,-1,995,999,1000,-1,995,1000,996,-1,996,1000,1001,-1,996,1001,997,-1,997,1001,1002,-1,997,1002,998,-1,998,1002,1003,-1,998,1003,963,-1,963,1003,221,-1,963,221,220,-1,990,989,991,-1,991,989,1004,-1,991,1004,999,-1,999,1004,1005,-1,999,1005,1000,-1,1000,1005,1006,-1,1000,1006,1001,-1,1001,1006,1007,-1,1001,1007,1002,-1,1002,1007,964,-1,1002,964,1003,-1,1003,964,223,-1,1003,223,221,-1,988,987,989,-1,989,987,1008,-1,989,1008,1004,-1,1004,1008,1009,-1,1004,1009,1005,-1,1005,1009,1010,-1,1005,1010,1006,-1,1006,1010,1011,-1,1006,1011,1007,-1,1007,1011,965,-1,1007,965,964,-1,964,965,226,-1,964,226,224,-1,985,984,987,-1,987,984,1012,-1,987,1012,1008,-1,1008,1012,1013,-1,1008,1013,1009,-1,1009,1013,1014,-1,1009,1014,1010,-1,1010,1014,1015,-1,1010,1015,1011,-1,1011,1015,966,-1,1011,966,965,-1,965,966,229,-1,965,229,227,-1,1016,983,986,-1,986,983,982,-1,986,982,984,-1,984,982,979,-1,984,979,1012,-1,1012,979,976,-1,1012,976,1013,-1,1013,976,973,-1,1013,973,1014,-1,1014,973,970,-1,1014,970,1015,-1,1015,970,967,-1,1015,967,966,-1,966,967,235,-1,966,235,230,-1,236,232,1017,-1,1017,232,968,-1,1017,968,1018,-1,1018,968,969,-1,1018,969,1019,-1,1019,969,971,-1,1019,971,1020,-1,1020,971,972,-1,1020,972,1021,-1,1021,972,974,-1,1021,974,1022,-1,1022,974,975,-1,1022,975,1023,-1,1023,975,977,-1,1023,977,1024,-1,1024,977,978,-1,1024,978,1025,-1,1025,978,980,-1,1025,980,1026,-1,1026,980,981,-1,1026,981,1027,-1,1027,981,983,-1,1027,983,1028,-1,1028,983,1016,-1,240,238,1029,-1,1029,238,236,-1,1030,244,243,-1,1031,247,246,-1,1032,250,249,-1,1033,254,255,-1,252,254,1034,-1,1034,254,1033,-1,1034,1033,1035,-1,1035,1033,1036,-1,1035,1036,1037,-1,1037,1036,1038,-1,1038,1036,1039,-1,1038,1039,1040,-1,1040,1039,1041,-1,1041,1039,1042,-1,1041,1042,1043,-1,1043,1042,1044,-1,1044,1042,1045,-1,1044,1045,1046,-1,1046,1045,1047,-1,1047,1045,1048,-1,1047,1048,1049,-1,1050,1051,1052,-1,1053,1054,1051,-1,1055,1056,1054,-1,1057,1058,1056,-1,1059,1060,1058,-1,1028,1060,1027,-1,1027,1060,1059,-1,1027,1059,1026,-1,1026,1059,1061,-1,1062,1024,1061,-1,1061,1024,1025,-1,1061,1025,1026,-1,1063,1022,1062,-1,1062,1022,1023,-1,1062,1023,1024,-1,1064,1020,1063,-1,1063,1020,1021,-1,1063,1021,1022,-1,236,1017,1029,-1,1029,1017,1018,-1,1029,1018,1064,-1,1064,1018,1019,-1,1064,1019,1020,-1,1058,1057,1059,-1,1059,1057,1065,-1,1059,1065,1061,-1,1061,1065,1066,-1,1061,1066,1062,-1,1062,1066,1067,-1,1062,1067,1063,-1,1063,1067,1068,-1,1063,1068,1064,-1,1064,1068,1069,-1,1064,1069,1029,-1,1029,1069,241,-1,1029,241,240,-1,1056,1055,1057,-1,1057,1055,1070,-1,1057,1070,1065,-1,1065,1070,1071,-1,1065,1071,1066,-1,1066,1071,1072,-1,1066,1072,1067,-1,1067,1072,1073,-1,1067,1073,1068,-1,1068,1073,1030,-1,1068,1030,1069,-1,1069,1030,243,-1,1069,243,241,-1,1054,1053,1055,-1,1055,1053,1074,-1,1055,1074,1070,-1,1070,1074,1075,-1,1070,1075,1071,-1,1071,1075,1076,-1,1071,1076,1072,-1,1072,1076,1077,-1,1072,1077,1073,-1,1073,1077,1031,-1,1073,1031,1030,-1,1030,1031,246,-1,1030,246,244,-1,1051,1050,1053,-1,1053,1050,1078,-1,1053,1078,1074,-1,1074,1078,1079,-1,1074,1079,1075,-1,1075,1079,1080,-1,1075,1080,1076,-1,1076,1080,1081,-1,1076,1081,1077,-1,1077,1081,1032,-1,1077,1032,1031,-1,1031,1032,249,-1,1031,249,247,-1,1082,1049,1052,-1,1052,1049,1048,-1,1052,1048,1050,-1,1050,1048,1045,-1,1050,1045,1078,-1,1078,1045,1042,-1,1078,1042,1079,-1,1079,1042,1039,-1,1079,1039,1080,-1,1080,1039,1036,-1,1080,1036,1081,-1,1081,1036,1033,-1,1081,1033,1032,-1,1032,1033,255,-1,1032,255,250,-1,0,252,283,-1,283,252,1034,-1,283,1034,327,-1,327,1034,1035,-1,327,1035,309,-1,309,1035,1037,-1,309,1037,256,-1,256,1037,1038,-1,256,1038,257,-1,257,1038,1040,-1,257,1040,259,-1,259,1040,1041,-1,259,1041,260,-1,260,1041,1043,-1,260,1043,262,-1,262,1043,1044,-1,262,1044,263,-1,263,1044,1046,-1,263,1046,265,-1,265,1046,1047,-1,265,1047,266,-1,266,1047,1049,-1,266,1049,308,-1,308,1049,1082,-1,1083,610,598,-1,1084,1085,1086,-1,856,824,1087,-1,788,790,1088,-1,1089,1090,598,-1,598,1090,1091,-1,598,1091,1083,-1,1087,824,1088,-1,927,928,1092,-1,824,812,1088,-1,1088,812,782,-1,1088,782,781,-1,369,371,1093,-1,503,504,1094,-1,1095,1096,1083,-1,1083,1096,1097,-1,1083,1097,610,-1,610,1097,1098,-1,610,1098,1099,-1,1099,1084,610,-1,610,1084,1086,-1,610,1086,642,-1,642,1086,1100,-1,790,758,1088,-1,1088,758,701,-1,1088,701,1101,-1,1101,701,703,-1,703,705,1101,-1,1101,705,706,-1,1101,706,708,-1,708,710,1101,-1,1101,710,711,-1,1101,711,713,-1,435,437,1102,-1,1102,437,405,-1,1102,405,1093,-1,539,1103,537,-1,537,1103,1104,-1,537,1104,575,-1,575,1104,1105,-1,575,1105,574,-1,574,1105,1106,-1,574,1106,572,-1,572,1106,1107,-1,572,1107,570,-1,570,1107,1108,-1,570,1108,567,-1,567,1108,1089,-1,567,1089,568,-1,568,1089,598,-1,717,1109,716,-1,716,1109,1101,-1,716,1101,714,-1,714,1101,713,-1,850,1087,847,-1,847,1087,848,-1,371,339,1093,-1,1093,339,289,-1,1093,289,1110,-1,1110,289,291,-1,291,293,1110,-1,1110,293,294,-1,1110,294,296,-1,296,298,1110,-1,1110,298,299,-1,1110,299,301,-1,920,922,1092,-1,928,930,1092,-1,1092,930,931,-1,1092,931,932,-1,405,393,1093,-1,1093,393,363,-1,1093,363,362,-1,1111,535,1112,-1,1112,535,491,-1,498,500,1094,-1,1094,500,501,-1,1094,501,503,-1,719,676,1113,-1,1113,676,664,-1,1113,664,1114,-1,1114,664,634,-1,1114,634,1115,-1,1115,634,633,-1,1115,633,1116,-1,1116,633,636,-1,1116,636,1117,-1,1117,636,638,-1,1117,638,1100,-1,1100,638,640,-1,1100,640,642,-1,717,718,1109,-1,1109,718,719,-1,1109,719,1118,-1,1118,719,1113,-1,1118,1113,1119,-1,850,852,1087,-1,1087,852,854,-1,1087,854,856,-1,781,784,1088,-1,1088,784,786,-1,1088,786,788,-1,1120,1121,1016,-1,922,924,1092,-1,1092,924,925,-1,1092,925,927,-1,932,933,1092,-1,1092,933,890,-1,1092,890,1087,-1,1087,890,878,-1,1087,878,848,-1,491,493,1112,-1,1112,493,495,-1,1112,495,1094,-1,1094,495,496,-1,1094,496,498,-1,504,506,1094,-1,1094,506,507,-1,1094,507,508,-1,1102,429,428,-1,508,509,1094,-1,1094,509,479,-1,1094,479,1102,-1,1102,479,459,-1,1102,459,429,-1,428,431,1102,-1,1102,431,433,-1,1102,433,435,-1,362,365,1093,-1,1093,365,367,-1,1093,367,369,-1,920,1092,919,-1,919,1092,1122,-1,919,1122,917,-1,1121,1123,1016,-1,1016,1123,1124,-1,1016,1124,1028,-1,1125,994,1126,-1,1126,994,962,-1,1126,962,1122,-1,1122,962,915,-1,1122,915,917,-1,1120,1016,1127,-1,1127,1016,986,-1,1127,986,985,-1,1124,1128,1028,-1,1028,1128,1129,-1,1028,1129,1060,-1,1060,1129,1130,-1,985,988,1127,-1,1127,988,990,-1,1127,990,1125,-1,1125,990,992,-1,1125,992,994,-1,1131,1051,1130,-1,1130,1051,1054,-1,1054,1056,1130,-1,1130,1056,1058,-1,1130,1058,1060,-1,301,302,1110,-1,1110,302,304,-1,1110,304,1132,-1,1132,304,305,-1,1132,305,1133,-1,1133,305,306,-1,1133,306,307,-1,307,308,1133,-1,1133,308,1082,-1,1133,1082,1131,-1,1131,1082,1052,-1,1131,1052,1051,-1,467,465,1134,-1,1135,460,463,-1,1136,1135,1137,-1,1137,1135,463,-1,1137,463,1138,-1,1138,463,467,-1,1138,467,1139,-1,1139,467,1134,-1,460,1135,461,-1,461,1135,1140,-1,461,1140,466,-1,466,1140,1141,-1,466,1141,465,-1,465,1141,1134,-1,464,462,466,-1,466,462,461,-1,1142,1143,1144,-1,1145,1146,1147,-1,1147,1148,1145,-1,1145,1148,1149,-1,1145,1149,1144,-1,1144,1149,1150,-1,1144,1150,1142,-1,1145,1151,1146,-1,1146,1151,1152,-1,1146,1152,1153,-1,1153,1152,1154,-1,1153,1154,1155,-1,1155,1154,1156,-1,1154,1157,1156,-1,1156,1157,1158,-1,1156,1158,1159,-1,1159,1158,1160,-1,1159,1160,1161,-1,1161,1160,1162,-1,1162,1163,1161,-1,1161,1163,1164,-1,1161,1164,1165,-1,1165,1164,1166,-1,1165,1166,1167,-1,1168,1169,1170,-1,1170,1169,1171,-1,1170,1171,1166,-1,1166,1171,1172,-1,1166,1172,1167,-1,1173,1174,1168,-1,1168,1174,1175,-1,1168,1175,1169,-1,1176,536,535,-1,1173,1176,1174,-1,1174,1176,535,-1,1174,535,1177,-1,1177,535,1111,-1,1178,1179,1180,-1,1181,1182,1183,-1,1184,1185,1186,-1,1186,1185,1187,-1,1188,1189,1184,-1,1190,1191,1192,-1,1192,1191,1189,-1,1193,1194,1190,-1,1143,1194,1144,-1,1144,1194,1193,-1,1144,1193,1145,-1,1145,1193,1195,-1,1145,1195,1151,-1,1196,1157,1197,-1,1197,1157,1154,-1,1197,1154,1195,-1,1195,1154,1198,-1,1195,1198,1151,-1,1196,1197,1160,-1,1160,1197,1199,-1,1160,1199,1162,-1,1200,1164,1199,-1,1199,1164,1163,-1,1199,1163,1162,-1,1201,1170,1200,-1,1200,1170,1166,-1,1200,1166,1164,-1,1104,1103,1201,-1,1201,1103,539,-1,536,1176,539,-1,539,1176,1173,-1,539,1173,1201,-1,1201,1173,1168,-1,1201,1168,1170,-1,1202,1106,1105,-1,1203,1108,1107,-1,1204,1090,1089,-1,1090,1204,1091,-1,1083,1091,1205,-1,1205,1091,1204,-1,1205,1204,1206,-1,1206,1204,1207,-1,1182,1181,1204,-1,1204,1181,1208,-1,1204,1208,1207,-1,1179,1178,1183,-1,1183,1178,1209,-1,1183,1209,1210,-1,1210,1211,1183,-1,1183,1211,1212,-1,1183,1212,1181,-1,1187,1213,1186,-1,1186,1213,1214,-1,1186,1214,1180,-1,1180,1214,1215,-1,1180,1215,1216,-1,1216,1217,1180,-1,1180,1217,1218,-1,1180,1218,1178,-1,1190,1192,1193,-1,1193,1192,1219,-1,1193,1219,1195,-1,1195,1219,1220,-1,1195,1220,1197,-1,1197,1220,1221,-1,1197,1221,1199,-1,1199,1221,1222,-1,1199,1222,1200,-1,1200,1222,1202,-1,1200,1202,1201,-1,1201,1202,1105,-1,1201,1105,1104,-1,1189,1188,1192,-1,1192,1188,1223,-1,1192,1223,1219,-1,1219,1223,1224,-1,1219,1224,1220,-1,1220,1224,1225,-1,1220,1225,1221,-1,1221,1225,1226,-1,1221,1226,1222,-1,1222,1226,1203,-1,1222,1203,1202,-1,1202,1203,1107,-1,1202,1107,1106,-1,1184,1186,1188,-1,1188,1186,1180,-1,1188,1180,1223,-1,1223,1180,1179,-1,1223,1179,1224,-1,1224,1179,1183,-1,1224,1183,1225,-1,1225,1183,1182,-1,1225,1182,1226,-1,1226,1182,1204,-1,1226,1204,1203,-1,1203,1204,1089,-1,1203,1089,1108,-1,744,739,745,-1,745,739,738,-1,746,1227,744,-1,744,1227,1228,-1,744,1228,739,-1,739,1228,1229,-1,739,1229,737,-1,737,1229,1230,-1,1230,1231,1232,-1,1233,1234,1235,-1,1235,1234,1236,-1,1236,743,1235,-1,1235,743,740,-1,1235,740,1232,-1,1232,740,737,-1,1232,737,1230,-1,743,1236,741,-1,741,1236,1237,-1,741,1237,742,-1,742,1237,1238,-1,742,1238,746,-1,746,1238,1227,-1,1085,1239,1240,-1,1240,1239,1241,-1,1099,1098,1242,-1,1243,1239,1244,-1,1244,1239,1085,-1,1244,1085,1245,-1,1245,1085,1084,-1,1245,1084,1246,-1,1246,1084,1099,-1,1246,1099,1247,-1,1247,1099,1242,-1,1248,1249,1250,-1,1251,1252,1253,-1,1253,1252,1254,-1,1254,1252,1255,-1,1254,1255,1241,-1,1241,1255,1256,-1,1241,1256,1240,-1,1240,1256,1085,-1,1085,1256,1257,-1,1085,1257,1086,-1,1253,1258,1251,-1,1251,1258,1259,-1,1251,1259,1260,-1,1260,1259,1261,-1,1260,1261,1262,-1,1262,1261,1263,-1,1262,1263,1264,-1,1250,1249,1265,-1,1265,1249,1266,-1,1265,1266,1267,-1,1263,1268,1264,-1,1264,1268,1269,-1,1264,1269,1270,-1,1270,1269,1267,-1,1270,1267,1271,-1,1271,1267,1266,-1,1272,1273,1274,-1,1248,1250,1275,-1,1275,1250,1276,-1,1275,1276,1277,-1,1277,1276,1278,-1,1277,1278,1279,-1,1279,1278,1274,-1,1274,1278,1280,-1,1274,1280,1272,-1,1281,1282,1283,-1,1284,1285,1286,-1,1287,1288,1289,-1,1289,1288,1290,-1,1289,1290,1291,-1,1292,1293,1287,-1,1274,1293,1279,-1,1279,1293,1292,-1,1279,1292,1277,-1,1277,1292,1294,-1,1277,1294,1275,-1,1275,1294,1248,-1,1248,1294,1249,-1,1249,1294,1295,-1,1249,1295,1266,-1,1296,1270,1295,-1,1295,1270,1271,-1,1295,1271,1266,-1,1297,1262,1296,-1,1296,1262,1264,-1,1296,1264,1270,-1,1298,1251,1297,-1,1297,1251,1260,-1,1297,1260,1262,-1,1100,1086,1257,-1,1298,1117,1100,-1,1257,1256,1100,-1,1100,1256,1255,-1,1100,1255,1298,-1,1298,1255,1252,-1,1298,1252,1251,-1,1286,1115,1116,-1,1115,1286,1114,-1,1286,1285,1114,-1,1114,1285,1299,-1,1114,1299,1113,-1,1283,1282,1286,-1,1286,1282,1300,-1,1286,1300,1284,-1,1301,1302,1283,-1,1283,1302,1303,-1,1283,1303,1281,-1,1304,1305,1306,-1,1306,1305,1307,-1,1306,1307,1301,-1,1301,1307,1308,-1,1301,1308,1302,-1,1304,1306,1309,-1,1309,1306,1310,-1,1309,1310,1311,-1,1291,1312,1289,-1,1289,1312,1313,-1,1289,1313,1310,-1,1310,1313,1314,-1,1310,1314,1311,-1,1287,1289,1292,-1,1292,1289,1310,-1,1292,1310,1294,-1,1294,1310,1306,-1,1294,1306,1295,-1,1295,1306,1301,-1,1295,1301,1296,-1,1296,1301,1283,-1,1296,1283,1297,-1,1297,1283,1286,-1,1297,1286,1298,-1,1298,1286,1116,-1,1298,1116,1117,-1,1315,1316,1308,-1,1317,1318,1281,-1,1299,1285,1319,-1,1319,1285,1284,-1,1319,1284,1320,-1,1320,1284,1321,-1,1281,1318,1282,-1,1321,1284,1318,-1,1318,1284,1300,-1,1318,1300,1282,-1,1308,1316,1302,-1,1317,1281,1316,-1,1316,1281,1303,-1,1316,1303,1302,-1,1315,1308,1322,-1,1322,1308,1307,-1,1322,1307,1323,-1,1309,1324,1304,-1,1304,1324,1325,-1,1307,1305,1323,-1,1323,1305,1304,-1,1323,1304,1326,-1,1326,1304,1325,-1,1309,1311,1324,-1,1324,1311,1314,-1,1324,1314,1327,-1,1327,1314,1313,-1,1327,1313,1328,-1,1313,1312,1328,-1,1328,1312,1291,-1,1328,1291,1329,-1,1329,1291,1290,-1,1329,1290,1330,-1,1319,1331,1299,-1,1299,1331,1119,-1,1299,1119,1113,-1,1319,1332,1331,-1,1331,1332,1333,-1,1331,1333,1119,-1,1119,1333,1334,-1,1119,1334,1118,-1,1118,1334,1335,-1,1118,1335,1109,-1,1336,1101,1337,-1,1337,1101,1109,-1,1337,1109,1338,-1,1338,1109,1335,-1,1088,1101,1339,-1,1088,1339,1340,-1,1340,1339,1341,-1,1340,1341,1342,-1,1342,1341,1343,-1,1342,1343,1344,-1,1344,1343,1345,-1,1344,1345,1346,-1,1346,1345,1347,-1,1346,1347,1348,-1,1348,1347,1349,-1,1348,1349,1350,-1,1350,1349,1351,-1,1350,1351,1352,-1,1352,1351,1353,-1,1352,1353,1354,-1,1354,1353,1232,-1,1354,1232,1231,-1,1348,1350,1087,-1,1087,1350,1352,-1,1087,1352,1355,-1,1355,1352,1356,-1,1088,1340,1087,-1,1087,1340,1342,-1,1342,1344,1087,-1,1087,1344,1346,-1,1087,1346,1348,-1,1231,1230,1229,-1,1357,1358,1352,-1,1352,1358,1359,-1,1352,1359,1356,-1,1229,1360,1231,-1,1231,1360,1361,-1,1231,1361,1354,-1,1354,1361,1362,-1,1354,1362,1352,-1,1352,1362,1363,-1,1352,1363,1357,-1,1092,1087,1355,-1,1092,1355,1364,-1,1364,1355,1356,-1,1364,1356,1365,-1,1365,1356,1359,-1,1365,1359,1366,-1,1366,1359,1358,-1,1366,1358,1367,-1,1367,1358,1357,-1,1367,1357,1368,-1,1368,1357,1363,-1,1368,1363,1369,-1,1369,1363,1362,-1,1369,1362,1370,-1,1370,1362,1361,-1,1370,1361,1371,-1,1371,1361,1360,-1,1371,1360,1372,-1,1122,1092,1373,-1,1373,1374,1122,-1,1122,1374,1375,-1,1122,1375,1126,-1,1375,1376,1126,-1,1126,1376,1377,-1,1126,1377,1125,-1,1377,1378,1125,-1,1125,1378,1379,-1,1125,1379,1127,-1,1379,1380,1127,-1,1127,1380,1381,-1,1127,1381,1120,-1,1382,1123,1383,-1,1383,1123,1121,-1,1383,1121,1384,-1,1384,1121,1120,-1,1384,1120,1385,-1,1385,1120,1381,-1,1123,1382,1124,-1,1124,1382,1386,-1,1128,1124,1386,-1,1386,1387,1128,-1,1128,1387,1388,-1,1128,1388,1129,-1,1388,1389,1129,-1,1129,1389,1390,-1,1129,1390,1130,-1,1130,1390,1391,-1,1130,1391,1131,-1,1391,1392,1131,-1,1131,1392,1393,-1,1131,1393,1133,-1,1393,1394,1133,-1,1133,1394,1395,-1,1133,1395,1132,-1,1396,1110,1397,-1,1397,1110,1132,-1,1397,1132,1398,-1,1398,1132,1395,-1,1399,1400,1401,-1,1399,1401,1402,-1,1402,1401,1403,-1,1402,1403,1404,-1,1404,1403,1405,-1,1404,1405,1406,-1,1406,1405,1407,-1,1407,1405,1408,-1,1407,1408,1409,-1,1409,1408,1410,-1,1409,1410,1411,-1,1411,1410,1412,-1,1411,1412,1413,-1,1412,1414,1413,-1,1413,1414,1415,-1,1413,1415,1416,-1,1416,1415,1093,-1,1416,1093,1110,-1,1405,1403,1102,-1,1405,1102,1408,-1,1417,1418,1403,-1,1403,1418,1419,-1,1093,1415,1102,-1,1102,1415,1414,-1,1420,1421,1403,-1,1403,1421,1422,-1,1403,1422,1102,-1,1414,1412,1102,-1,1102,1412,1410,-1,1102,1410,1408,-1,1400,1140,1135,-1,1403,1401,1417,-1,1417,1401,1400,-1,1417,1400,1136,-1,1136,1400,1135,-1,1419,1423,1403,-1,1403,1423,1424,-1,1403,1424,1420,-1,1094,1102,1422,-1,1094,1422,1425,-1,1425,1422,1421,-1,1425,1421,1426,-1,1426,1421,1420,-1,1426,1420,1427,-1,1427,1420,1424,-1,1427,1424,1428,-1,1428,1424,1423,-1,1428,1423,1429,-1,1429,1423,1419,-1,1429,1419,1430,-1,1430,1419,1431,-1,1431,1419,1418,-1,1431,1418,1432,-1,1432,1418,1433,-1,1433,1418,1417,-1,1433,1417,1434,-1,1434,1417,1435,-1,1435,1417,1136,-1,1435,1136,1137,-1,1436,1437,1438,-1,1177,1111,1438,-1,1438,1111,1112,-1,1438,1112,1436,-1,1094,1439,1112,-1,1112,1439,1440,-1,1112,1440,1436,-1,1441,1095,1083,-1,1187,1442,1213,-1,1213,1442,1443,-1,1213,1443,1214,-1,1214,1443,1215,-1,1215,1443,1216,-1,1216,1443,1444,-1,1216,1444,1445,-1,1446,1218,1447,-1,1447,1218,1217,-1,1447,1217,1448,-1,1448,1217,1216,-1,1448,1216,1449,-1,1449,1216,1445,-1,1450,1451,1210,-1,1210,1451,1211,-1,1450,1210,1452,-1,1452,1210,1209,-1,1452,1209,1446,-1,1446,1209,1178,-1,1446,1178,1218,-1,1208,1181,1453,-1,1453,1181,1212,-1,1453,1212,1454,-1,1211,1451,1212,-1,1212,1451,1455,-1,1212,1455,1454,-1,1205,1206,1456,-1,1456,1206,1207,-1,1456,1207,1457,-1,1208,1453,1207,-1,1207,1453,1458,-1,1207,1458,1457,-1,1205,1456,1083,-1,1083,1456,1459,-1,1083,1459,1441,-1,1460,1096,1461,-1,1461,1096,1095,-1,1461,1095,1441,-1,1462,1097,1463,-1,1463,1097,1096,-1,1463,1096,1464,-1,1464,1096,1460,-1,1097,1462,1098,-1,1098,1462,1242,-1,1139,1134,1465,-1,1465,1134,1141,-1,1466,1467,1468,-1,1439,1469,1470,-1,1470,1469,1471,-1,1468,1467,1472,-1,1467,1473,1472,-1,1472,1473,1474,-1,1472,1474,1469,-1,1469,1474,1475,-1,1469,1475,1471,-1,1466,1468,1476,-1,1476,1468,1477,-1,1476,1477,1478,-1,1478,1477,1479,-1,1478,1479,1480,-1,1481,1138,1139,-1,1139,1482,1481,-1,1481,1482,1483,-1,1481,1483,1479,-1,1479,1483,1484,-1,1479,1484,1480,-1,1439,1094,1425,-1,1439,1425,1469,-1,1469,1425,1426,-1,1469,1426,1472,-1,1426,1427,1472,-1,1472,1427,1428,-1,1472,1428,1468,-1,1428,1429,1468,-1,1468,1429,1430,-1,1468,1430,1477,-1,1430,1431,1477,-1,1477,1431,1432,-1,1477,1432,1479,-1,1432,1433,1479,-1,1479,1433,1434,-1,1479,1434,1481,-1,1434,1435,1481,-1,1481,1435,1137,-1,1481,1137,1138,-1,1465,1141,1485,-1,1485,1141,1140,-1,1485,1140,1399,-1,1399,1140,1400,-1,1486,1487,1488,-1,1488,1489,1486,-1,1486,1489,1490,-1,1486,1490,1491,-1,1491,1490,1492,-1,1491,1492,1142,-1,1142,1492,1143,-1,1171,1169,1493,-1,1493,1169,1175,-1,1493,1175,1438,-1,1438,1175,1174,-1,1438,1174,1177,-1,1165,1167,1494,-1,1494,1167,1172,-1,1494,1172,1495,-1,1495,1172,1171,-1,1496,1156,1497,-1,1497,1156,1159,-1,1497,1159,1494,-1,1494,1159,1161,-1,1494,1161,1165,-1,1147,1146,1496,-1,1146,1153,1496,-1,1496,1153,1155,-1,1496,1155,1156,-1,1142,1150,1498,-1,1498,1150,1149,-1,1142,1498,1491,-1,1491,1498,1499,-1,1491,1499,1486,-1,1500,1501,1502,-1,1502,1501,1503,-1,1502,1503,1498,-1,1498,1503,1504,-1,1498,1504,1499,-1,1149,1148,1498,-1,1498,1148,1147,-1,1498,1147,1502,-1,1502,1147,1496,-1,1502,1496,1500,-1,1505,1506,1497,-1,1497,1506,1507,-1,1497,1507,1496,-1,1496,1507,1508,-1,1496,1508,1500,-1,1505,1497,1509,-1,1509,1497,1494,-1,1509,1494,1510,-1,1510,1494,1511,-1,1511,1494,1495,-1,1511,1495,1512,-1,1171,1493,1495,-1,1495,1493,1513,-1,1495,1513,1512,-1,1437,1514,1438,-1,1438,1514,1515,-1,1438,1515,1493,-1,1493,1515,1516,-1,1493,1516,1513,-1,1184,1517,1185,-1,1185,1517,1518,-1,1185,1518,1187,-1,1184,1189,1517,-1,1517,1189,1191,-1,1517,1191,1519,-1,1143,1492,1194,-1,1194,1492,1519,-1,1194,1519,1190,-1,1190,1519,1191,-1,1234,1233,1238,-1,1238,1233,1520,-1,1238,1520,1227,-1,1227,1520,1228,-1,1372,1360,1229,-1,1372,1229,1521,-1,1521,1229,1228,-1,1521,1228,1520,-1,1522,1523,1524,-1,1524,1523,1525,-1,1524,1525,1336,-1,1526,1527,1528,-1,1528,1527,1529,-1,1528,1529,1522,-1,1522,1529,1530,-1,1522,1530,1523,-1,1528,1531,1526,-1,1526,1531,1532,-1,1526,1532,1533,-1,1532,1534,1533,-1,1533,1534,1535,-1,1533,1535,1536,-1,1233,1235,1537,-1,1537,1235,1536,-1,1537,1536,1538,-1,1538,1536,1535,-1,1238,1237,1234,-1,1234,1237,1236,-1,1101,1336,1525,-1,1101,1525,1339,-1,1339,1525,1523,-1,1339,1523,1341,-1,1341,1523,1530,-1,1341,1530,1343,-1,1343,1530,1529,-1,1343,1529,1345,-1,1345,1529,1527,-1,1345,1527,1347,-1,1347,1527,1526,-1,1347,1526,1349,-1,1349,1526,1533,-1,1349,1533,1351,-1,1351,1533,1536,-1,1351,1536,1353,-1,1353,1536,1235,-1,1353,1235,1232,-1,1539,1540,1541,-1,1541,1540,1542,-1,1541,1542,1543,-1,1543,1542,1544,-1,1543,1544,1545,-1,1545,1544,1546,-1,1545,1546,1547,-1,1548,1549,1524,-1,1336,1337,1524,-1,1524,1337,1550,-1,1524,1550,1548,-1,1337,1338,1550,-1,1550,1338,1335,-1,1550,1335,1546,-1,1546,1335,1334,-1,1546,1334,1547,-1,1547,1334,1333,-1,1547,1333,1551,-1,1552,1243,1539,-1,1539,1243,1244,-1,1539,1244,1540,-1,1540,1244,1245,-1,1540,1245,1553,-1,1553,1245,1246,-1,1553,1246,1554,-1,1554,1246,1247,-1,1554,1247,1555,-1,1555,1247,1242,-1,1555,1242,1556,-1,1241,1239,1557,-1,1258,1253,1557,-1,1557,1253,1254,-1,1557,1254,1241,-1,1268,1263,1558,-1,1263,1261,1558,-1,1558,1261,1259,-1,1558,1259,1258,-1,1250,1265,1559,-1,1559,1265,1267,-1,1559,1267,1560,-1,1561,1276,1250,-1,1276,1561,1278,-1,1278,1561,1562,-1,1278,1562,1280,-1,1280,1562,1272,-1,1272,1562,1563,-1,1272,1563,1273,-1,1564,1563,1565,-1,1565,1563,1562,-1,1565,1562,1566,-1,1566,1562,1561,-1,1566,1561,1567,-1,1250,1559,1561,-1,1561,1559,1568,-1,1561,1568,1567,-1,1560,1569,1559,-1,1559,1569,1570,-1,1559,1570,1568,-1,1571,1572,1573,-1,1573,1572,1574,-1,1573,1574,1560,-1,1560,1574,1575,-1,1560,1575,1569,-1,1576,1571,1558,-1,1558,1571,1573,-1,1558,1573,1268,-1,1268,1573,1560,-1,1268,1560,1269,-1,1269,1560,1267,-1,1258,1557,1558,-1,1558,1557,1577,-1,1558,1577,1576,-1,1243,1552,1239,-1,1239,1552,1578,-1,1239,1578,1557,-1,1557,1578,1579,-1,1557,1579,1577,-1,1580,1581,1564,-1,1564,1581,1582,-1,1564,1582,1583,-1,1583,1584,1564,-1,1564,1584,1585,-1,1564,1585,1586,-1,1586,1587,1564,-1,1564,1587,1588,-1,1564,1588,1563,-1,1563,1588,1589,-1,1563,1589,1273,-1,1273,1589,1274,-1,1290,1288,1590,-1,1590,1288,1591,-1,1274,1589,1293,-1,1293,1589,1591,-1,1293,1591,1287,-1,1287,1591,1288,-1,1592,1593,1594,-1,1594,1593,1595,-1,1594,1595,1596,-1,1597,1598,1594,-1,1594,1598,1599,-1,1594,1599,1592,-1,1330,1290,1600,-1,1600,1290,1590,-1,1600,1590,1594,-1,1594,1590,1601,-1,1594,1601,1597,-1,1551,1333,1332,-1,1602,1600,1594,-1,1330,1600,1329,-1,1329,1600,1602,-1,1329,1602,1328,-1,1328,1602,1603,-1,1328,1603,1327,-1,1327,1603,1324,-1,1604,1325,1324,-1,1326,1605,1323,-1,1323,1605,1606,-1,1323,1606,1322,-1,1607,1316,1606,-1,1606,1316,1315,-1,1606,1315,1322,-1,1320,1321,1608,-1,1608,1321,1318,-1,1608,1318,1607,-1,1607,1318,1317,-1,1607,1317,1316,-1,1332,1319,1320,-1,1320,1608,1332,-1,1332,1608,1609,-1,1332,1609,1551,-1,1610,1611,1607,-1,1607,1611,1612,-1,1607,1612,1608,-1,1608,1612,1613,-1,1608,1613,1609,-1,1614,1615,1605,-1,1605,1615,1616,-1,1605,1616,1606,-1,1606,1616,1617,-1,1606,1617,1607,-1,1607,1617,1618,-1,1607,1618,1610,-1,1619,1614,1604,-1,1604,1614,1605,-1,1604,1605,1325,-1,1325,1605,1326,-1,1324,1603,1604,-1,1604,1603,1620,-1,1604,1620,1619,-1,1594,1621,1602,-1,1602,1621,1622,-1,1602,1622,1603,-1,1603,1622,1623,-1,1603,1623,1620,-1,1624,1370,1625,-1,1625,1370,1371,-1,1625,1371,1626,-1,1626,1371,1372,-1,1626,1372,1521,-1,1373,1092,1627,-1,1627,1092,1364,-1,1627,1364,1628,-1,1628,1364,1365,-1,1628,1365,1629,-1,1629,1365,1366,-1,1629,1366,1630,-1,1630,1366,1367,-1,1630,1367,1631,-1,1631,1367,1368,-1,1631,1368,1624,-1,1624,1368,1369,-1,1624,1369,1370,-1,1632,1382,1633,-1,1633,1382,1383,-1,1633,1383,1634,-1,1634,1383,1635,-1,1383,1384,1635,-1,1635,1384,1385,-1,1635,1385,1636,-1,1385,1381,1636,-1,1636,1381,1380,-1,1636,1380,1637,-1,1380,1379,1637,-1,1637,1379,1378,-1,1637,1378,1638,-1,1375,1639,1376,-1,1376,1639,1638,-1,1376,1638,1377,-1,1377,1638,1378,-1,1374,1373,1640,-1,1375,1374,1639,-1,1639,1374,1640,-1,1639,1640,1641,-1,1641,1640,1642,-1,1382,1632,1643,-1,1644,1386,1645,-1,1645,1386,1382,-1,1645,1382,1646,-1,1646,1382,1643,-1,1647,1648,1649,-1,1396,1397,1649,-1,1649,1397,1650,-1,1649,1650,1647,-1,1397,1398,1650,-1,1650,1398,1395,-1,1650,1395,1651,-1,1395,1394,1651,-1,1651,1394,1393,-1,1651,1393,1652,-1,1393,1392,1652,-1,1652,1392,1391,-1,1652,1391,1653,-1,1391,1390,1653,-1,1653,1390,1389,-1,1653,1389,1654,-1,1386,1644,1387,-1,1387,1644,1654,-1,1387,1654,1388,-1,1388,1654,1389,-1,1110,1396,1655,-1,1110,1655,1416,-1,1416,1655,1656,-1,1416,1656,1413,-1,1413,1656,1657,-1,1413,1657,1411,-1,1411,1657,1658,-1,1411,1658,1409,-1,1409,1658,1659,-1,1409,1659,1407,-1,1407,1659,1660,-1,1407,1660,1406,-1,1406,1660,1661,-1,1406,1661,1404,-1,1404,1661,1662,-1,1404,1662,1402,-1,1402,1662,1485,-1,1402,1485,1399,-1,1437,1436,1663,-1,1663,1436,1664,-1,1663,1664,1665,-1,1665,1664,1666,-1,1665,1666,1667,-1,1667,1666,1668,-1,1667,1668,1669,-1,1670,1671,1672,-1,1672,1671,1673,-1,1672,1673,1668,-1,1668,1673,1674,-1,1668,1674,1669,-1,1675,1676,1670,-1,1670,1676,1677,-1,1670,1677,1671,-1,1460,1676,1464,-1,1464,1676,1675,-1,1464,1675,1463,-1,1463,1675,1678,-1,1463,1678,1462,-1,1440,1439,1470,-1,1436,1440,1664,-1,1664,1440,1470,-1,1664,1470,1679,-1,1679,1470,1680,-1,1681,1682,1683,-1,1681,1683,1684,-1,1442,1187,1685,-1,1685,1187,1518,-1,1685,1518,1683,-1,1683,1518,1686,-1,1683,1686,1684,-1,1451,1450,1687,-1,1445,1444,1688,-1,1443,1442,1685,-1,1689,1448,1690,-1,1690,1448,1449,-1,1690,1449,1445,-1,1450,1452,1687,-1,1687,1452,1446,-1,1687,1446,1689,-1,1689,1446,1447,-1,1689,1447,1448,-1,1453,1454,1691,-1,1691,1454,1455,-1,1691,1455,1692,-1,1692,1455,1451,-1,1456,1457,1693,-1,1693,1457,1458,-1,1456,1461,1459,-1,1459,1461,1441,-1,1456,1693,1461,-1,1461,1693,1694,-1,1461,1694,1460,-1,1695,1696,1693,-1,1696,1697,1693,-1,1693,1697,1698,-1,1693,1698,1694,-1,1458,1453,1693,-1,1693,1453,1691,-1,1693,1691,1695,-1,1695,1691,1692,-1,1695,1692,1699,-1,1451,1687,1692,-1,1692,1687,1700,-1,1692,1700,1699,-1,1701,1702,1689,-1,1689,1702,1703,-1,1689,1703,1687,-1,1687,1703,1704,-1,1687,1704,1700,-1,1445,1688,1690,-1,1690,1688,1705,-1,1690,1705,1689,-1,1689,1705,1706,-1,1689,1706,1701,-1,1707,1708,1688,-1,1688,1708,1709,-1,1688,1709,1705,-1,1683,1707,1685,-1,1685,1707,1688,-1,1685,1688,1443,-1,1443,1688,1444,-1,1462,1678,1710,-1,1556,1242,1711,-1,1711,1242,1462,-1,1711,1462,1712,-1,1712,1462,1710,-1,1649,1470,1471,-1,1649,1471,1713,-1,1471,1475,1713,-1,1713,1475,1474,-1,1713,1474,1714,-1,1474,1473,1714,-1,1714,1473,1467,-1,1714,1467,1715,-1,1715,1467,1466,-1,1715,1466,1476,-1,1480,1484,1716,-1,1480,1716,1478,-1,1716,1717,1478,-1,1478,1717,1718,-1,1478,1718,1476,-1,1476,1718,1719,-1,1476,1719,1715,-1,1482,1139,1465,-1,1484,1483,1716,-1,1716,1483,1482,-1,1716,1482,1720,-1,1720,1482,1465,-1,1713,1656,1649,-1,1649,1656,1655,-1,1649,1655,1396,-1,1660,1659,1714,-1,1714,1659,1658,-1,1714,1658,1713,-1,1713,1658,1657,-1,1713,1657,1656,-1,1714,1715,1660,-1,1660,1715,1719,-1,1660,1719,1661,-1,1719,1718,1661,-1,1661,1718,1717,-1,1661,1717,1662,-1,1465,1485,1720,-1,1720,1485,1662,-1,1720,1662,1716,-1,1716,1662,1717,-1,1514,1437,1663,-1,1511,1512,1721,-1,1514,1663,1515,-1,1515,1663,1721,-1,1515,1721,1516,-1,1516,1721,1512,-1,1516,1512,1513,-1,1721,1722,1511,-1,1511,1722,1723,-1,1511,1723,1510,-1,1510,1723,1509,-1,1723,1724,1509,-1,1509,1724,1725,-1,1509,1725,1505,-1,1726,1507,1725,-1,1725,1507,1506,-1,1725,1506,1505,-1,1726,1727,1507,-1,1507,1727,1728,-1,1507,1728,1508,-1,1508,1728,1500,-1,1499,1504,1729,-1,1728,1730,1500,-1,1500,1730,1729,-1,1500,1729,1501,-1,1501,1729,1504,-1,1501,1504,1503,-1,1731,1487,1486,-1,1729,1732,1499,-1,1499,1732,1733,-1,1499,1733,1486,-1,1486,1733,1734,-1,1486,1734,1731,-1,1487,1731,1735,-1,1487,1735,1488,-1,1735,1736,1488,-1,1488,1736,1737,-1,1488,1737,1489,-1,1738,1739,1740,-1,1686,1739,1684,-1,1684,1739,1738,-1,1684,1738,1741,-1,1742,1682,1741,-1,1741,1682,1681,-1,1741,1681,1684,-1,1743,1744,1745,-1,1745,1746,1743,-1,1743,1746,1747,-1,1743,1747,1742,-1,1742,1747,1748,-1,1742,1748,1682,-1,1744,1743,1749,-1,1749,1743,1750,-1,1749,1750,1751,-1,1752,1753,1754,-1,1754,1753,1755,-1,1754,1755,1750,-1,1750,1755,1756,-1,1750,1756,1751,-1,1754,1671,1677,-1,1676,1757,1677,-1,1677,1757,1758,-1,1677,1758,1754,-1,1754,1758,1759,-1,1754,1759,1752,-1,1674,1673,1760,-1,1760,1673,1671,-1,1761,1667,1669,-1,1667,1761,1665,-1,1663,1665,1721,-1,1721,1665,1761,-1,1721,1761,1722,-1,1722,1761,1723,-1,1762,1726,1725,-1,1762,1725,1761,-1,1761,1725,1724,-1,1761,1724,1723,-1,1729,1730,1763,-1,1763,1730,1728,-1,1763,1728,1762,-1,1762,1728,1727,-1,1762,1727,1726,-1,1731,1734,1735,-1,1735,1734,1733,-1,1735,1733,1763,-1,1763,1733,1732,-1,1763,1732,1729,-1,1490,1489,1764,-1,1764,1489,1737,-1,1764,1737,1765,-1,1765,1737,1736,-1,1765,1736,1766,-1,1766,1736,1735,-1,1766,1735,1767,-1,1767,1735,1763,-1,1767,1763,1768,-1,1768,1763,1762,-1,1768,1762,1769,-1,1769,1762,1761,-1,1769,1761,1770,-1,1770,1761,1669,-1,1770,1669,1674,-1,1674,1760,1770,-1,1770,1760,1771,-1,1770,1771,1769,-1,1769,1771,1772,-1,1769,1772,1768,-1,1768,1772,1773,-1,1768,1773,1767,-1,1767,1773,1774,-1,1767,1774,1766,-1,1766,1774,1775,-1,1766,1775,1765,-1,1765,1775,1776,-1,1765,1776,1764,-1,1671,1754,1760,-1,1760,1754,1750,-1,1760,1750,1771,-1,1771,1750,1743,-1,1771,1743,1772,-1,1772,1743,1742,-1,1772,1742,1773,-1,1773,1742,1741,-1,1773,1741,1774,-1,1774,1741,1738,-1,1774,1738,1775,-1,1775,1738,1740,-1,1775,1740,1776,-1,1492,1490,1764,-1,1492,1764,1519,-1,1519,1764,1776,-1,1519,1776,1517,-1,1517,1776,1740,-1,1517,1740,1518,-1,1518,1740,1739,-1,1518,1739,1686,-1,1777,1528,1778,-1,1778,1528,1522,-1,1778,1522,1779,-1,1779,1522,1524,-1,1779,1524,1640,-1,1520,1233,1780,-1,1780,1233,1537,-1,1780,1537,1781,-1,1781,1537,1538,-1,1781,1538,1782,-1,1782,1538,1535,-1,1782,1535,1783,-1,1783,1535,1534,-1,1783,1534,1784,-1,1784,1534,1532,-1,1784,1532,1777,-1,1777,1532,1531,-1,1777,1531,1528,-1,1640,1373,1627,-1,1640,1627,1779,-1,1627,1628,1779,-1,1779,1628,1629,-1,1779,1629,1778,-1,1624,1625,1783,-1,1629,1630,1778,-1,1778,1630,1631,-1,1778,1631,1777,-1,1777,1631,1624,-1,1777,1624,1784,-1,1784,1624,1783,-1,1626,1521,1520,-1,1520,1780,1626,-1,1626,1780,1781,-1,1626,1781,1625,-1,1625,1781,1782,-1,1625,1782,1783,-1,1785,1646,1643,-1,1786,1787,1788,-1,1789,1790,1791,-1,1792,1793,1794,-1,1795,1796,1797,-1,1544,1542,1798,-1,1644,1645,1799,-1,1651,1652,1799,-1,1651,1799,1650,-1,1652,1653,1799,-1,1799,1653,1654,-1,1799,1654,1644,-1,1800,1801,1647,-1,1648,1647,1802,-1,1801,1803,1647,-1,1647,1803,1804,-1,1647,1804,1802,-1,1805,1806,1807,-1,1808,1809,1799,-1,1799,1809,1810,-1,1650,1799,1647,-1,1647,1799,1811,-1,1647,1811,1800,-1,1802,1812,1648,-1,1648,1812,1813,-1,1648,1813,1814,-1,1814,1813,1815,-1,1814,1815,1816,-1,1805,1807,1817,-1,1810,1818,1799,-1,1799,1818,1819,-1,1799,1819,1811,-1,1806,1820,1807,-1,1807,1820,1821,-1,1807,1821,1799,-1,1799,1821,1822,-1,1799,1822,1808,-1,1816,1823,1814,-1,1814,1823,1824,-1,1814,1824,1807,-1,1807,1824,1825,-1,1807,1825,1817,-1,1826,1827,1828,-1,1826,1828,1829,-1,1680,1830,1679,-1,1679,1830,1831,-1,1831,1832,1679,-1,1679,1832,1833,-1,1679,1833,1834,-1,1835,1836,1814,-1,1814,1836,1837,-1,1814,1837,1680,-1,1680,1837,1838,-1,1680,1838,1830,-1,1827,1839,1828,-1,1828,1839,1840,-1,1828,1840,1807,-1,1807,1840,1841,-1,1841,1842,1807,-1,1807,1842,1843,-1,1807,1843,1844,-1,1834,1845,1679,-1,1679,1845,1846,-1,1679,1846,1828,-1,1828,1846,1847,-1,1828,1847,1829,-1,1844,1848,1807,-1,1807,1848,1849,-1,1807,1849,1814,-1,1814,1849,1850,-1,1814,1850,1835,-1,1668,1666,1828,-1,1828,1666,1664,-1,1828,1664,1679,-1,1672,1851,1670,-1,1670,1851,1675,-1,1852,1853,1556,-1,1556,1853,1555,-1,1555,1853,1798,-1,1555,1798,1554,-1,1542,1540,1798,-1,1798,1540,1553,-1,1798,1553,1554,-1,1787,1548,1788,-1,1788,1548,1550,-1,1788,1550,1546,-1,1787,1854,1548,-1,1548,1854,1855,-1,1548,1855,1549,-1,1856,1794,1857,-1,1857,1794,1858,-1,1857,1858,1859,-1,1859,1858,1549,-1,1859,1549,1860,-1,1860,1549,1855,-1,1794,1793,1858,-1,1858,1793,1861,-1,1858,1861,1642,-1,1861,1862,1642,-1,1642,1862,1863,-1,1642,1863,1641,-1,1641,1863,1864,-1,1635,1636,1797,-1,1797,1636,1637,-1,1797,1637,1638,-1,1864,1795,1641,-1,1641,1795,1797,-1,1641,1797,1639,-1,1639,1797,1638,-1,1635,1797,1634,-1,1634,1797,1865,-1,1634,1865,1633,-1,1866,1867,1868,-1,1866,1865,1869,-1,1869,1865,1870,-1,1869,1870,1871,-1,1791,1790,1794,-1,1794,1790,1872,-1,1794,1872,1792,-1,1873,1874,1870,-1,1875,1876,1865,-1,1865,1876,1877,-1,1865,1877,1870,-1,1870,1877,1878,-1,1870,1878,1873,-1,1874,1879,1870,-1,1870,1879,1880,-1,1870,1880,1881,-1,1880,1882,1881,-1,1881,1882,1883,-1,1881,1883,1884,-1,1884,1885,1881,-1,1881,1885,1886,-1,1881,1886,1791,-1,1791,1886,1887,-1,1791,1887,1789,-1,1796,1888,1797,-1,1797,1888,1889,-1,1797,1889,1865,-1,1865,1889,1890,-1,1865,1890,1875,-1,1891,1892,1893,-1,1894,1895,1896,-1,1896,1895,1897,-1,1896,1897,1788,-1,1788,1897,1898,-1,1788,1898,1786,-1,1899,1900,1881,-1,1881,1900,1901,-1,1901,1902,1881,-1,1881,1902,1903,-1,1881,1903,1893,-1,1893,1903,1904,-1,1893,1904,1891,-1,1892,1905,1893,-1,1893,1905,1906,-1,1893,1906,1896,-1,1896,1906,1907,-1,1896,1907,1894,-1,1899,1881,1908,-1,1908,1881,1791,-1,1908,1791,1909,-1,1856,1910,1794,-1,1794,1910,1911,-1,1794,1911,1791,-1,1791,1911,1912,-1,1791,1912,1909,-1,1913,1914,1915,-1,1915,1914,1916,-1,1915,1916,1917,-1,1918,1919,1798,-1,1798,1919,1788,-1,1798,1788,1544,-1,1544,1788,1546,-1,1913,1920,1914,-1,1914,1920,1788,-1,1914,1788,1921,-1,1921,1788,1919,-1,1922,1923,1852,-1,1924,1925,1893,-1,1922,1852,1926,-1,1920,1927,1788,-1,1788,1927,1928,-1,1788,1928,1896,-1,1896,1928,1929,-1,1896,1929,1930,-1,1931,1932,1933,-1,1933,1932,1934,-1,1893,1931,1926,-1,1935,1936,1853,-1,1853,1936,1937,-1,1853,1937,1798,-1,1798,1937,1938,-1,1798,1938,1918,-1,1925,1939,1893,-1,1893,1939,1940,-1,1893,1940,1931,-1,1931,1940,1941,-1,1931,1941,1932,-1,1930,1942,1896,-1,1896,1942,1943,-1,1896,1943,1893,-1,1893,1943,1944,-1,1893,1944,1924,-1,1923,1945,1852,-1,1852,1945,1946,-1,1852,1946,1853,-1,1853,1946,1947,-1,1853,1947,1935,-1,1948,1949,1950,-1,1951,1952,1799,-1,1952,1953,1799,-1,1799,1953,1954,-1,1799,1954,1955,-1,1955,1956,1799,-1,1799,1956,1957,-1,1799,1957,1807,-1,1807,1957,1958,-1,1958,1959,1807,-1,1807,1959,1960,-1,1807,1960,1961,-1,1962,1963,1785,-1,1645,1646,1799,-1,1799,1646,1785,-1,1799,1785,1951,-1,1951,1785,1964,-1,1949,1965,1950,-1,1950,1965,1966,-1,1950,1966,1785,-1,1785,1966,1967,-1,1785,1967,1962,-1,1961,1968,1807,-1,1807,1968,1969,-1,1807,1969,1950,-1,1950,1969,1970,-1,1950,1970,1948,-1,1963,1971,1785,-1,1785,1971,1972,-1,1785,1972,1964,-1,1973,1974,1881,-1,1950,1975,1976,-1,1973,1881,1977,-1,1978,1979,1870,-1,1870,1980,1981,-1,1982,1983,1785,-1,1785,1983,1984,-1,1785,1984,1985,-1,1985,1986,1785,-1,1785,1986,1987,-1,1785,1987,1950,-1,1950,1987,1988,-1,1950,1988,1975,-1,1866,1868,1865,-1,1865,1868,1989,-1,1865,1989,1633,-1,1633,1989,1990,-1,1633,1990,1632,-1,1632,1990,1871,-1,1632,1871,1643,-1,1643,1871,1870,-1,1643,1870,1785,-1,1785,1870,1981,-1,1785,1981,1982,-1,1979,1991,1870,-1,1870,1991,1992,-1,1870,1992,1980,-1,1976,1993,1950,-1,1950,1993,1994,-1,1950,1994,1881,-1,1881,1994,1995,-1,1881,1995,1977,-1,1974,1996,1881,-1,1881,1996,1997,-1,1881,1997,1870,-1,1870,1997,1998,-1,1870,1998,1978,-1,1999,2000,1828,-1,1828,2000,2001,-1,1828,2001,2002,-1,2003,2004,2005,-1,2005,2004,2006,-1,2002,2007,1828,-1,1828,2007,2008,-1,1828,2008,2005,-1,2005,2008,2009,-1,2005,2009,2003,-1,2006,2010,2005,-1,2005,2010,2011,-1,2005,2011,1950,-1,2012,2013,1807,-1,1807,2013,2014,-1,2014,2015,1807,-1,1807,2015,2016,-1,1807,2016,1828,-1,1828,2016,2017,-1,1828,2017,1999,-1,2011,2018,1950,-1,1950,2018,2019,-1,1950,2019,2020,-1,2020,2021,1950,-1,1950,2021,2022,-1,1950,2022,1807,-1,1807,2022,2023,-1,1807,2023,2012,-1,2024,2025,2005,-1,2005,2025,2026,-1,2005,2026,2027,-1,2027,2028,2005,-1,2005,2028,2029,-1,2005,2029,1893,-1,1893,2029,2030,-1,2030,2031,1893,-1,1893,2031,2032,-1,1893,2032,2033,-1,1950,2034,2035,-1,2035,2036,1950,-1,1950,2036,2037,-1,1950,2037,2005,-1,2005,2037,2038,-1,2005,2038,2024,-1,2039,1881,2040,-1,2040,1881,2041,-1,2039,2042,1881,-1,1881,2042,2043,-1,1881,2043,1950,-1,1950,2043,2044,-1,1950,2044,2034,-1,2033,2045,1893,-1,1893,2045,2046,-1,1893,2046,1881,-1,1881,2046,2047,-1,1881,2047,2041,-1,1926,1852,1893,-1,1893,1852,2048,-1,1893,2048,2005,-1,2005,2048,1851,-1,2005,1851,1828,-1,1828,1851,1672,-1,1828,1672,1668,-1,1556,1711,1852,-1,1852,1711,1712,-1,1852,1712,2048,-1,2048,1712,1710,-1,2048,1710,1851,-1,1851,1710,1678,-1,1851,1678,1675,-1,1642,1640,1858,-1,1858,1640,1524,-1,1858,1524,1549,-1,2049,1620,2050,-1,2050,1620,1623,-1,2050,1623,2051,-1,2051,1623,1622,-1,2051,1622,1596,-1,1596,1622,1621,-1,1596,1621,1594,-1,1615,1614,2049,-1,2049,1614,1619,-1,2049,1619,1620,-1,1615,2049,1616,-1,1616,2049,2052,-1,1616,2052,1617,-1,1617,2052,2053,-1,1617,2053,1618,-1,2054,1612,2055,-1,2055,1612,1611,-1,2053,2056,1618,-1,1618,2056,2055,-1,1618,2055,1610,-1,1610,2055,1611,-1,2054,2057,1612,-1,1612,2057,2058,-1,1612,2058,1613,-1,1613,2058,1609,-1,1609,2058,1547,-1,1609,1547,1551,-1,2059,1539,1541,-1,2057,2054,2060,-1,1580,2061,1581,-1,1581,2061,2062,-1,1585,1584,2063,-1,2063,1584,1583,-1,2063,1583,2062,-1,2062,1583,1582,-1,2062,1582,1581,-1,1585,2063,1586,-1,1586,2063,2064,-1,1586,2064,1587,-1,2065,2066,2067,-1,2067,2066,1597,-1,2067,1597,1601,-1,2068,1599,2066,-1,2066,1599,1598,-1,2066,1598,1597,-1,2069,1593,2068,-1,2068,1593,1592,-1,2068,1592,1599,-1,2050,2051,2070,-1,2070,2051,1596,-1,2070,1596,2069,-1,2069,1596,1595,-1,2069,1595,1593,-1,2050,2070,2049,-1,2049,2070,2071,-1,2049,2071,2052,-1,2054,2055,2060,-1,2060,2055,2056,-1,2060,2056,2071,-1,2071,2056,2053,-1,2071,2053,2052,-1,1545,1547,2058,-1,2072,1541,1543,-1,2073,2074,2072,-1,2072,2074,2075,-1,2072,2075,1541,-1,1541,2075,2076,-1,1541,2076,2059,-1,1580,2077,2061,-1,2061,2077,2078,-1,2061,2078,2073,-1,2073,2078,2079,-1,2073,2079,2080,-1,2080,2081,2073,-1,2073,2081,2082,-1,2073,2082,2074,-1,1588,1587,2083,-1,2083,1587,2064,-1,2083,2064,2084,-1,2084,2064,2063,-1,2084,2063,2085,-1,2085,2063,2062,-1,2085,2062,2086,-1,2086,2062,2061,-1,2086,2061,2087,-1,2087,2061,2073,-1,2087,2073,2088,-1,2088,2073,2072,-1,2088,2072,2089,-1,2089,2072,1543,-1,2089,1543,1545,-1,2058,2057,1545,-1,1545,2057,2060,-1,1545,2060,2089,-1,2089,2060,2071,-1,2089,2071,2088,-1,2088,2071,2070,-1,2088,2070,2087,-1,2087,2070,2069,-1,2087,2069,2086,-1,2086,2069,2068,-1,2086,2068,2085,-1,2085,2068,2066,-1,2085,2066,2084,-1,2084,2066,2065,-1,2084,2065,2083,-1,1569,1575,2081,-1,1578,1552,1539,-1,2059,2076,1571,-1,1571,1576,2059,-1,2059,1576,1577,-1,2059,1577,1539,-1,1539,1577,1579,-1,1539,1579,1578,-1,2081,1575,2082,-1,2076,2075,1571,-1,1571,2075,2074,-1,1571,2074,1572,-1,2082,1575,2074,-1,2074,1575,1574,-1,2074,1574,1572,-1,2080,2079,1566,-1,1566,1567,2080,-1,2080,1567,1568,-1,2080,1568,2081,-1,2081,1568,1570,-1,2081,1570,1569,-1,2077,1580,1564,-1,2079,2078,1566,-1,1566,2078,2077,-1,1566,2077,1565,-1,1565,2077,1564,-1,1589,1588,2083,-1,1589,2083,1591,-1,1591,2083,2065,-1,1591,2065,1590,-1,1590,2065,2067,-1,1590,2067,1601,-1,1680,1470,1814,-1,1814,1470,1649,-1,1814,1649,1648,-1,1694,1698,1752,-1,1752,1759,1694,-1,1694,1759,1758,-1,1694,1758,1460,-1,1460,1758,1757,-1,1460,1757,1676,-1,1698,1697,1752,-1,1752,1697,1696,-1,1752,1696,1753,-1,1753,1696,1695,-1,1753,1695,1755,-1,1695,1699,1755,-1,1755,1699,1700,-1,1755,1700,1756,-1,1756,1700,1704,-1,1756,1704,1751,-1,1751,1704,1703,-1,1751,1703,1749,-1,1702,1745,1703,-1,1703,1745,1744,-1,1703,1744,1749,-1,1702,1701,1745,-1,1745,1701,1706,-1,1745,1706,1746,-1,1746,1706,1705,-1,1746,1705,1747,-1,1683,1682,1707,-1,1707,1682,1748,-1,1707,1748,1708,-1,1708,1748,1747,-1,1708,1747,1709,-1,1709,1747,1705,-1,1916,1914,2090,-1,2090,1914,2091,-1,1917,1916,2092,-1,2092,1916,2090,-1,1915,1917,2093,-1,2093,1917,2092,-1,1913,1915,2094,-1,2094,1915,2093,-1,1920,1913,2095,-1,2095,1913,2094,-1,1927,1920,2096,-1,2096,1920,2095,-1,1928,1927,2097,-1,2097,1927,2096,-1,1929,1928,2098,-1,2098,1928,2097,-1,1930,1929,2099,-1,2099,1929,2098,-1,1942,1930,2100,-1,2100,1930,2099,-1,1943,1942,2101,-1,2101,1942,2100,-1,1944,1943,2102,-1,2102,1943,2101,-1,1924,1944,2103,-1,2103,1944,2102,-1,1925,1924,2104,-1,2104,1924,2103,-1,1939,1925,2105,-1,2105,1925,2104,-1,1940,1939,2106,-1,2106,1939,2105,-1,1941,1940,2107,-1,2107,1940,2106,-1,1932,1941,2108,-1,2108,1941,2107,-1,1934,1932,2109,-1,2109,1932,2108,-1,1933,1934,2110,-1,2110,1934,2109,-1,1931,1933,2111,-1,2111,1933,2110,-1,1926,1931,2112,-1,2112,1931,2111,-1,1922,1926,2113,-1,2113,1926,2112,-1,1923,1922,2114,-1,2114,1922,2113,-1,1945,1923,2115,-1,2115,1923,2114,-1,1946,1945,2116,-1,2116,1945,2115,-1,1947,1946,2117,-1,2117,1946,2116,-1,1935,1947,2118,-1,2118,1947,2117,-1,1936,1935,2119,-1,2119,1935,2118,-1,1936,2119,1937,-1,1937,2119,2120,-1,1937,2120,1938,-1,1918,1938,2121,-1,2121,1938,2120,-1,1919,1918,2122,-1,2122,1918,2121,-1,1921,1919,2123,-1,2123,1919,2122,-1,1914,1921,2091,-1,2091,1921,2123,-1,1871,1990,2124,-1,2124,1990,2125,-1,1869,1871,2126,-1,2126,1871,2124,-1,1866,1869,2127,-1,2127,1869,2126,-1,1867,1866,2128,-1,2128,1866,2127,-1,1868,1867,2129,-1,2129,1867,2128,-1,1989,1868,2130,-1,2130,1868,2129,-1,1990,1989,2125,-1,2125,1989,2130,-1,
        ]
    }
}
Shape{
    appearance Appearance {
        material  Material 	{
            diffuseColor 0.7529411764705882 0.7529411764705882 0.7529411764705882
            specularColor 0.3764705882352941 0.3764705882352941 0.3764705882352941
            ambientIntensity 0.2
            transparency 0
            shininess 0.5
        }
    }
    geometry IndexedFaceSet {
        ccw TRUE
        solid FALSE
        coord DEF co Coordinate {
            point [
                1.3835 -1.795 -5.3575, 1.373 -1.7152 -7.7, 1.373 -1.7152 -5.3575, 1.3422 -1.6408 -7.7, 1.3422 -1.6408 -5.3575, 1.2931 -1.5769 -7.7, 1.2931 -1.5769 -5.3575, 1.2292 -1.5278 -7.7, 1.2292 -1.5278 -5.3575, 1.1548 -1.497 -7.7, 1.1548 -1.497 -5.3575, 1.075 -1.4865 -7.7, 1.075 -1.4865 -5.3575, 0.9952 -1.497 -7.7, 0.9952 -1.497 -5.3575, 0.9207 -1.5278 -7.7, 0.9207 -1.5278 -5.3575, 0.8569 -1.5769 -7.7, 0.8569 -1.5769 -5.3575, 0.8078 -1.6408 -7.7, 0.8078 -1.6408 -5.3575, 0.777 -1.7152 -7.7, 0.777 -1.7152 -5.3575, 0.7665 -1.795 -7.7, 0.7665 -1.795 -5.3575, 0.777 -1.8748 -7.7, 0.777 -1.8748 -5.3575, 0.8078 -1.9492 -7.7, 0.8078 -1.9492 -5.3575, 0.8569 -2.0131 -7.7, 0.8569 -2.0131 -5.3575, 0.9207 -2.0622 -7.7, 0.9207 -2.0622 -5.3575, 0.9952 -2.093 -7.7, 0.9952 -2.093 -5.3575, 1.075 -2.1035 -7.7, 1.075 -2.1035 -5.3575, 1.1548 -2.093 -7.7, 1.1548 -2.093 -5.3575, 1.2292 -2.0622 -7.7, 1.2292 -2.0622 -5.3575, 1.2931 -2.0131 -7.7, 1.2931 -2.0131 -5.3575, 1.3422 -1.9492 -7.7, 1.3422 -1.9492 -5.3575, 1.373 -1.8748 -7.7, 1.373 -1.8748 -5.3575, 1.3835 -1.795 -7.7, 3.1335 -1.795 -5.3575, 3.123 -1.7152 -7.7, 3.123 -1.7152 -5.3575, 3.0922 -1.6408 -7.7, 3.0922 -1.6408 -5.3575, 3.0431 -1.5769 -7.7, 3.0431 -1.5769 -5.3575, 2.9792 -1.5278 -7.7, 2.9792 -1.5278 -5.3575, 2.9048 -1.497 -7.7, 2.9048 -1.497 -5.3575, 2.825 -1.4865 -7.7, 2.825 -1.4865 -5.3575, 2.7452 -1.497 -7.7, 2.7452 -1.497 -5.3575, 2.6707 -1.5278 -7.7, 2.6707 -1.5278 -5.3575, 2.6069 -1.5769 -7.7, 2.6069 -1.5769 -5.3575, 2.5578 -1.6408 -7.7, 2.5578 -1.6408 -5.3575, 2.527 -1.7152 -7.7, 2.527 -1.7152 -5.3575, 2.5165 -1.795 -7.7, 2.5165 -1.795 -5.3575, 2.527 -1.8748 -7.7, 2.527 -1.8748 -5.3575, 2.5578 -1.9492 -7.7, 2.5578 -1.9492 -5.3575, 2.6069 -2.0131 -7.7, 2.6069 -2.0131 -5.3575, 2.6707 -2.0622 -7.7, 2.6707 -2.0622 -5.3575, 2.7452 -2.093 -7.7, 2.7452 -2.093 -5.3575, 2.825 -2.1035 -7.7, 2.825 -2.1035 -5.3575, 2.9048 -2.093 -7.7, 2.9048 -2.093 -5.3575, 2.9792 -2.0622 -7.7, 2.9792 -2.0622 -5.3575, 3.0431 -2.0131 -7.7, 3.0431 -2.0131 -5.3575, 3.0922 -1.9492 -7.7, 3.0922 -1.9492 -5.3575, 3.123 -1.8748 -7.7, 3.123 -1.8748 -5.3575, 3.1335 -1.795 -7.7, -0.7665 -1.795 -5.3575, -0.777 -1.7152 -7.7, -0.777 -1.7152 -5.3575, -0.8078 -1.6408 -7.7, -0.8078 -1.6408 -5.3575, -0.8569 -1.5769 -7.7, -0.8569 -1.5769 -5.3575, -0.9207 -1.5278 -7.7, -0.9207 -1.5278 -5.3575, -0.9952 -1.497 -7.7, -0.9952 -1.497 -5.3575, -1.075 -1.4865 -7.7, -1.075 -1.4865 -5.3575, -1.1548 -1.497 -7.7, -1.1548 -1.497 -5.3575, -1.2292 -1.5278 -7.7, -1.2292 -1.5278 -5.3575, -1.2931 -1.5769 -7.7, -1.2931 -1.5769 -5.3575, -1.3422 -1.6408 -7.7, -1.3422 -1.6408 -5.3575, -1.373 -1.7152 -7.7, -1.373 -1.7152 -5.3575, -1.3835 -1.795 -7.7, -1.3835 -1.795 -5.3575, -1.373 -1.8748 -7.7, -1.373 -1.8748 -5.3575, -1.3422 -1.9492 -7.7, -1.3422 -1.9492 -5.3575, -1.2931 -2.0131 -7.7, -1.2931 -2.0131 -5.3575, -1.2292 -2.0622 -7.7, -1.2292 -2.0622 -5.3575, -1.1548 -2.093 -7.7, -1.1548 -2.093 -5.3575, -1.075 -2.1035 -7.7, -1.075 -2.1035 -5.3575, -0.9952 -2.093 -7.7, -0.9952 -2.093 -5.3575, -0.9207 -2.0622 -7.7, -0.9207 -2.0622 -5.3575, -0.8569 -2.0131 -7.7, -0.8569 -2.0131 -5.3575, -0.8078 -1.9492 -7.7, -0.8078 -1.9492 -5.3575, -0.777 -1.8748 -7.7, -0.777 -1.8748 -5.3575, -0.7665 -1.795 -7.7, 1.3835 1.795 -5.3575, 1.373 1.8748 -7.7, 1.373 1.8748 -5.3575, 1.3422 1.9492 -7.7, 1.3422 1.9492 -5.3575, 1.2931 2.0131 -7.7, 1.2931 2.0131 -5.3575, 1.2292 2.0622 -7.7, 1.2292 2.0622 -5.3575, 1.1548 2.093 -7.7, 1.1548 2.093 -5.3575, 1.075 2.1035 -7.7, 1.075 2.1035 -5.3575, 0.9952 2.093 -7.7, 0.9952 2.093 -5.3575, 0.9207 2.0622 -7.7, 0.9207 2.0622 -5.3575, 0.8569 2.0131 -7.7, 0.8569 2.0131 -5.3575, 0.8078 1.9492 -7.7, 0.8078 1.9492 -5.3575, 0.777 1.8748 -7.7, 0.777 1.8748 -5.3575, 0.7665 1.795 -7.7, 0.7665 1.795 -5.3575, 0.777 1.7152 -7.7, 0.777 1.7152 -5.3575, 0.8078 1.6408 -7.7, 0.8078 1.6408 -5.3575, 0.8569 1.5769 -7.7, 0.8569 1.5769 -5.3575, 0.9207 1.5278 -7.7, 0.9207 1.5278 -5.3575, 0.9952 1.497 -7.7, 0.9952 1.497 -5.3575, 1.075 1.4865 -7.7, 1.075 1.4865 -5.3575, 1.1548 1.497 -7.7, 1.1548 1.497 -5.3575, 1.2292 1.5278 -7.7, 1.2292 1.5278 -5.3575, 1.2931 1.5769 -7.7, 1.2931 1.5769 -5.3575, 1.3422 1.6408 -7.7, 1.3422 1.6408 -5.3575, 1.373 1.7152 -7.7, 1.373 1.7152 -5.3575, 1.3835 1.795 -7.7, 3.1335 1.795 -5.3575, 3.123 1.8748 -7.7, 3.123 1.8748 -5.3575, 3.0922 1.9492 -7.7, 3.0922 1.9492 -5.3575, 3.0431 2.0131 -7.7, 3.0431 2.0131 -5.3575, 2.9792 2.0622 -7.7, 2.9792 2.0622 -5.3575, 2.9048 2.093 -7.7, 2.9048 2.093 -5.3575, 2.825 2.1035 -7.7, 2.825 2.1035 -5.3575, 2.7452 2.093 -7.7, 2.7452 2.093 -5.3575, 2.6707 2.0622 -7.7, 2.6707 2.0622 -5.3575, 2.6069 2.0131 -7.7, 2.6069 2.0131 -5.3575, 2.5578 1.9492 -7.7, 2.5578 1.9492 -5.3575, 2.527 1.8748 -7.7, 2.527 1.8748 -5.3575, 2.5165 1.795 -7.7, 2.5165 1.795 -5.3575, 2.527 1.7152 -7.7, 2.527 1.7152 -5.3575, 2.5578 1.6408 -7.7, 2.5578 1.6408 -5.3575, 2.6069 1.5769 -7.7, 2.6069 1.5769 -5.3575, 2.6707 1.5278 -7.7, 2.6707 1.5278 -5.3575, 2.7452 1.497 -7.7, 2.7452 1.497 -5.3575, 2.825 1.4865 -7.7, 2.825 1.4865 -5.3575, 2.9048 1.497 -7.7, 2.9048 1.497 -5.3575, 2.9792 1.5278 -7.7, 2.9792 1.5278 -5.3575, 3.0431 1.5769 -7.7, 3.0431 1.5769 -5.3575, 3.0922 1.6408 -7.7, 3.0922 1.6408 -5.3575, 3.123 1.7152 -7.7, 3.123 1.7152 -5.3575, 3.1335 1.795 -7.7, -0.7665 1.795 -5.3575, -0.777 1.8748 -7.7, -0.777 1.8748 -5.3575, -0.8078 1.9492 -7.7, -0.8078 1.9492 -5.3575, -0.8569 2.0131 -7.7, -0.8569 2.0131 -5.3575, -0.9207 2.0622 -7.7, -0.9207 2.0622 -5.3575, -0.9952 2.093 -7.7, -0.9952 2.093 -5.3575, -1.075 2.1035 -7.7, -1.075 2.1035 -5.3575, -1.1548 2.093 -7.7, -1.1548 2.093 -5.3575, -1.2292 2.0622 -7.7, -1.2292 2.0622 -5.3575, -1.2931 2.0131 -7.7, -1.2931 2.0131 -5.3575, -1.3422 1.9492 -7.7, -1.3422 1.9492 -5.3575, -1.373 1.8748 -7.7, -1.373 1.8748 -5.3575, -1.3835 1.795 -7.7, -1.3835 1.795 -5.3575, -1.373 1.7152 -7.7, -1.373 1.7152 -5.3575, -1.3422 1.6408 -7.7, -1.3422 1.6408 -5.3575, -1.2931 1.5769 -7.7, -1.2931 1.5769 -5.3575, -1.2292 1.5278 -7.7, -1.2292 1.5278 -5.3575, -1.1548 1.497 -7.7, -1.1548 1.497 -5.3575, -1.075 1.4865 -7.7, -1.075 1.4865 -5.3575, -0.9952 1.497 -7.7, -0.9952 1.497 -5.3575, -0.9207 1.5278 -7.7, -0.9207 1.5278 -5.3575, -0.8569 1.5769 -7.7, -0.8569 1.5769 -5.3575, -0.8078 1.6408 -7.7, -0.8078 1.6408 -5.3575, -0.777 1.7152 -7.7, -0.777 1.7152 -5.3575, -0.7665 1.795 -7.7, -3.0431 -2.0131 -5.3575, -2.9792 -2.0622 -7.7, -2.9792 -2.0622 -5.3575, -2.925 -2.0846 -7.7, -2.9048 -2.093 -5.3575, -3.0922 -1.6408 -5.3575, -3.123 -1.7152 -7.7, -3.123 -1.7152 -5.3575, -3.1335 -1.795 -7.7, -3.1335 -1.795 -5.3575, -3.123 -1.8748 -7.7, -3.123 -1.8748 -5.3575, -3.0922 -1.9492 -7.7, -3.0922 -1.9492 -5.3575, -3.0542 -1.9987 -7.7, -3.0431 -2.0131 -7.7, -2.9792 -1.5278 -5.3575, -3.0431 -1.5769 -7.7, -3.0431 -1.5769 -5.3575, -3.0542 -1.5913 -7.7, -3.0922 -1.6408 -7.7, -2.9048 -2.093 -7.7, -2.825 -2.1035 -7.7, -2.825 -2.1035 -5.3575, -2.7452 -2.093 -7.7, -2.7452 -2.093 -5.3575, -2.6707 -2.0622 -7.7, -2.6707 -2.0622 -5.3575, -2.6069 -2.0131 -7.7, -2.6069 -2.0131 -5.3575, -2.5578 -1.9492 -7.7, -2.5578 -1.9492 -5.3575, -2.527 -1.8748 -7.7, -2.527 -1.8748 -5.3575, -2.5165 -1.795 -7.7, -2.5165 -1.795 -5.3575, -2.527 -1.7152 -7.7, -2.527 -1.7152 -5.3575, -2.5578 -1.6408 -7.7, -2.5578 -1.6408 -5.3575, -2.6069 -1.5769 -7.7, -2.6069 -1.5769 -5.3575, -2.6707 -1.5278 -7.7, -2.6707 -1.5278 -5.3575, -2.7452 -1.497 -7.7, -2.7452 -1.497 -5.3575, -2.825 -1.4865 -7.7, -2.825 -1.4865 -5.3575, -2.9048 -1.497 -7.7, -2.9048 -1.497 -5.3575, -2.925 -1.5054 -7.7, -2.9792 -1.5278 -7.7, -3.0431 1.5769 -5.3575, -2.9792 1.5278 -7.7, -2.9792 1.5278 -5.3575, -2.925 1.5054 -7.7, -2.9048 1.497 -5.3575, -3.0922 1.9492 -5.3575, -3.123 1.8748 -7.7, -3.123 1.8748 -5.3575, -3.1335 1.795 -7.7, -3.1335 1.795 -5.3575, -3.123 1.7152 -7.7, -3.123 1.7152 -5.3575, -3.0922 1.6408 -7.7, -3.0922 1.6408 -5.3575, -3.0542 1.5913 -7.7, -3.0431 1.5769 -7.7, -2.9792 2.0622 -5.3575, -3.0431 2.0131 -7.7, -3.0431 2.0131 -5.3575, -3.0542 1.9987 -7.7, -3.0922 1.9492 -7.7, -2.9048 1.497 -7.7, -2.825 1.4865 -7.7, -2.825 1.4865 -5.3575, -2.7452 1.497 -7.7, -2.7452 1.497 -5.3575, -2.6707 1.5278 -7.7, -2.6707 1.5278 -5.3575, -2.6069 1.5769 -7.7, -2.6069 1.5769 -5.3575, -2.5578 1.6408 -7.7, -2.5578 1.6408 -5.3575, -2.527 1.7152 -7.7, -2.527 1.7152 -5.3575, -2.5165 1.795 -7.7, -2.5165 1.795 -5.3575, -2.527 1.8748 -7.7, -2.527 1.8748 -5.3575, -2.5578 1.9492 -7.7, -2.5578 1.9492 -5.3575, -2.6069 2.0131 -7.7, -2.6069 2.0131 -5.3575, -2.6707 2.0622 -7.7, -2.6707 2.0622 -5.3575, -2.7452 2.093 -7.7, -2.7452 2.093 -5.3575, -2.825 2.1035 -7.7, -2.825 2.1035 -5.3575, -2.9048 2.093 -7.7, -2.9048 2.093 -5.3575, -2.925 2.0846 -7.7, -2.9792 2.0622 -7.7, -2.9792 2.0622 -7.7
            ]
        }
        coordIndex [
            0,1,2,-1,2,1,3,-1,2,3,4,-1,4,3,5,-1,4,5,6,-1,6,5,7,-1,6,7,8,-1,8,7,9,-1,8,9,10,-1,10,9,11,-1,10,11,12,-1,12,11,13,-1,12,13,14,-1,14,13,15,-1,14,15,16,-1,16,15,17,-1,16,17,18,-1,18,17,19,-1,18,19,20,-1,20,19,21,-1,20,21,22,-1,22,21,23,-1,22,23,24,-1,24,23,25,-1,24,25,26,-1,26,25,27,-1,26,27,28,-1,28,27,29,-1,28,29,30,-1,30,29,31,-1,30,31,32,-1,32,31,33,-1,32,33,34,-1,34,33,35,-1,34,35,36,-1,36,35,37,-1,36,37,38,-1,38,37,39,-1,38,39,40,-1,40,39,41,-1,40,41,42,-1,42,41,43,-1,42,43,44,-1,44,43,45,-1,44,45,46,-1,46,45,47,-1,46,47,0,-1,0,47,1,-1,48,49,50,-1,50,49,51,-1,50,51,52,-1,52,51,53,-1,52,53,54,-1,54,53,55,-1,54,55,56,-1,56,55,57,-1,56,57,58,-1,58,57,59,-1,58,59,60,-1,60,59,61,-1,60,61,62,-1,62,61,63,-1,62,63,64,-1,64,63,65,-1,64,65,66,-1,66,65,67,-1,66,67,68,-1,68,67,69,-1,68,69,70,-1,70,69,71,-1,70,71,72,-1,72,71,73,-1,72,73,74,-1,74,73,75,-1,74,75,76,-1,76,75,77,-1,76,77,78,-1,78,77,79,-1,78,79,80,-1,80,79,81,-1,80,81,82,-1,82,81,83,-1,82,83,84,-1,84,83,85,-1,84,85,86,-1,86,85,87,-1,86,87,88,-1,88,87,89,-1,88,89,90,-1,90,89,91,-1,90,91,92,-1,92,91,93,-1,92,93,94,-1,94,93,95,-1,94,95,48,-1,48,95,49,-1,96,97,98,-1,98,97,99,-1,98,99,100,-1,100,99,101,-1,100,101,102,-1,102,101,103,-1,102,103,104,-1,104,103,105,-1,104,105,106,-1,106,105,107,-1,106,107,108,-1,108,107,109,-1,108,109,110,-1,110,109,111,-1,110,111,112,-1,112,111,113,-1,112,113,114,-1,114,113,115,-1,114,115,116,-1,116,115,117,-1,116,117,118,-1,118,117,119,-1,118,119,120,-1,120,119,121,-1,120,121,122,-1,122,121,123,-1,122,123,124,-1,124,123,125,-1,124,125,126,-1,126,125,127,-1,126,127,128,-1,128,127,129,-1,128,129,130,-1,130,129,131,-1,130,131,132,-1,132,131,133,-1,132,133,134,-1,134,133,135,-1,134,135,136,-1,136,135,137,-1,136,137,138,-1,138,137,139,-1,138,139,140,-1,140,139,141,-1,140,141,142,-1,142,141,143,-1,142,143,96,-1,96,143,97,-1,144,145,146,-1,146,145,147,-1,146,147,148,-1,148,147,149,-1,148,149,150,-1,150,149,151,-1,150,151,152,-1,152,151,153,-1,152,153,154,-1,154,153,155,-1,154,155,156,-1,156,155,157,-1,156,157,158,-1,158,157,159,-1,158,159,160,-1,160,159,161,-1,160,161,162,-1,162,161,163,-1,162,163,164,-1,164,163,165,-1,164,165,166,-1,166,165,167,-1,166,167,168,-1,168,167,169,-1,168,169,170,-1,170,169,171,-1,170,171,172,-1,172,171,173,-1,172,173,174,-1,174,173,175,-1,174,175,176,-1,176,175,177,-1,176,177,178,-1,178,177,179,-1,178,179,180,-1,180,179,181,-1,180,181,182,-1,182,181,183,-1,182,183,184,-1,184,183,185,-1,184,185,186,-1,186,185,187,-1,186,187,188,-1,188,187,189,-1,188,189,190,-1,190,189,191,-1,190,191,144,-1,144,191,145,-1,192,193,194,-1,194,193,195,-1,194,195,196,-1,196,195,197,-1,196,197,198,-1,198,197,199,-1,198,199,200,-1,200,199,201,-1,200,201,202,-1,202,201,203,-1,202,203,204,-1,204,203,205,-1,204,205,206,-1,206,205,207,-1,206,207,208,-1,208,207,209,-1,208,209,210,-1,210,209,211,-1,210,211,212,-1,212,211,213,-1,212,213,214,-1,214,213,215,-1,214,215,216,-1,216,215,217,-1,216,217,218,-1,218,217,219,-1,218,219,220,-1,220,219,221,-1,220,221,222,-1,222,221,223,-1,222,223,224,-1,224,223,225,-1,224,225,226,-1,226,225,227,-1,226,227,228,-1,228,227,229,-1,228,229,230,-1,230,229,231,-1,230,231,232,-1,232,231,233,-1,232,233,234,-1,234,233,235,-1,234,235,236,-1,236,235,237,-1,236,237,238,-1,238,237,239,-1,238,239,192,-1,192,239,193,-1,240,241,242,-1,242,241,243,-1,242,243,244,-1,244,243,245,-1,244,245,246,-1,246,245,247,-1,246,247,248,-1,248,247,249,-1,248,249,250,-1,250,249,251,-1,250,251,252,-1,252,251,253,-1,252,253,254,-1,254,253,255,-1,254,255,256,-1,256,255,257,-1,256,257,258,-1,258,257,259,-1,258,259,260,-1,260,259,261,-1,260,261,262,-1,262,261,263,-1,262,263,264,-1,264,263,265,-1,264,265,266,-1,266,265,267,-1,266,267,268,-1,268,267,269,-1,268,269,270,-1,270,269,271,-1,270,271,272,-1,272,271,273,-1,272,273,274,-1,274,273,275,-1,274,275,276,-1,276,275,277,-1,276,277,278,-1,278,277,279,-1,278,279,280,-1,280,279,281,-1,280,281,282,-1,282,281,283,-1,282,283,284,-1,284,283,285,-1,284,285,286,-1,286,285,287,-1,286,287,240,-1,240,287,241,-1,288,289,290,-1,290,289,291,-1,290,291,292,-1,293,294,295,-1,295,294,296,-1,295,296,297,-1,297,296,298,-1,297,298,299,-1,299,298,300,-1,299,300,301,-1,301,300,302,-1,301,302,288,-1,288,302,303,-1,288,303,289,-1,304,305,306,-1,306,305,307,-1,306,307,293,-1,293,307,308,-1,293,308,294,-1,291,309,292,-1,292,309,310,-1,292,310,311,-1,311,310,312,-1,311,312,313,-1,313,312,314,-1,313,314,315,-1,315,314,316,-1,315,316,317,-1,317,316,318,-1,317,318,319,-1,319,318,320,-1,319,320,321,-1,321,320,322,-1,321,322,323,-1,323,322,324,-1,323,324,325,-1,325,324,326,-1,325,326,327,-1,327,326,328,-1,327,328,329,-1,329,328,330,-1,329,330,331,-1,331,330,332,-1,331,332,333,-1,333,332,334,-1,333,334,335,-1,335,334,336,-1,335,336,337,-1,337,336,338,-1,337,338,304,-1,304,338,339,-1,304,339,305,-1,340,341,342,-1,342,341,343,-1,342,343,344,-1,345,346,347,-1,347,346,348,-1,347,348,349,-1,349,348,350,-1,349,350,351,-1,351,350,352,-1,351,352,353,-1,353,352,354,-1,353,354,340,-1,340,354,355,-1,340,355,341,-1,356,357,358,-1,358,357,359,-1,358,359,345,-1,345,359,360,-1,345,360,346,-1,343,361,344,-1,344,361,362,-1,344,362,363,-1,363,362,364,-1,363,364,365,-1,365,364,366,-1,365,366,367,-1,367,366,368,-1,367,368,369,-1,369,368,370,-1,369,370,371,-1,371,370,372,-1,371,372,373,-1,373,372,374,-1,373,374,375,-1,375,374,376,-1,375,376,377,-1,377,376,378,-1,377,378,379,-1,379,378,380,-1,379,380,381,-1,381,380,382,-1,381,382,383,-1,383,382,384,-1,383,384,385,-1,385,384,386,-1,385,386,387,-1,387,386,388,-1,387,388,389,-1,389,388,390,-1,389,390,356,-1,356,390,391,-1,356,391,357,-1,
        ]
    }
}
Shape{
    appearance Appearance {
        material  Material 	{
            diffuseColor 0.5019607843137255 0.5019607843137255 0.5019607843137255
            specularColor 0.25098039215686274 0.25098039215686274 0.25098039215686274
            ambientIntensity 0.2
            transparency 0
            shininess 0.5
        }
    }
    geometry IndexedFaceSet {
        ccw TRUE
        solid FALSE
        coord DEF co Coordinate {
            point [
                -2.7417 -2.6266 -7.8, -2.725 -2.6521 -7.8, -2.6833 -2.6521 -7.8, -2.6833 -2.6777 -7.8, -2.725 -2.6691 -7.8, -2.7 -2.7117 -7.8, -2.7417 -2.6947 -7.8, -2.725 -2.7372 -7.8, -2.775 -2.7202 -7.8, -2.7417 -2.7457 -7.8, -2.7417 -2.8819 -7.8, -2.6917 -2.8904 -7.8, -2.7167 -2.8479 -7.8, -2.675 -2.8479 -7.8, -2.7167 -2.8223 -7.8, -2.9083 -2.7457 -7.8, -2.925 -2.7543 -7.8, -2.9083 -2.7883 -7.8, -2.9583 -2.7798 -7.8, -2.9333 -2.8223 -7.8, -2.975 -2.8223 -7.8, -2.9333 -2.8479 -7.8, -2.975 -2.8479 -7.8, -2.9083 -2.8819 -7.8, -2.675 -2.8223 -7.8, -2.6917 -2.7798 -7.8, -2.7417 -2.7883 -7.8, -2.725 -2.7543 -7.8, -2.775 -2.7713 -7.8, -2.8083 -2.7287 -7.8, -2.8417 -2.7287 -7.8, -2.875 -2.7202 -7.8, -2.925 -2.7372 -7.8, -2.9083 -2.6947 -7.8, -2.875 -2.6011 -7.8, -2.925 -2.584 -7.8, -2.9083 -2.6266 -7.8, -2.95 -2.6096 -7.8, -2.925 -2.6521 -7.8, -2.9667 -2.6521 -7.8, -2.925 -2.6691 -7.8, -2.9667 -2.6777 -7.8, -2.95 -2.7117 -7.8, -2.9583 -2.8904 -7.8, -2.9333 -2.916 -7.8, -2.875 -2.8989 -7.8, -2.8917 -2.9415 -7.8, -2.8417 -2.9074 -7.8, -2.85 -2.95 -7.8, -2.8083 -2.9074 -7.8, -2.8 -2.95 -7.8, -2.775 -2.8989 -7.8, -2.7583 -2.9415 -7.8, -2.7167 -2.916 -7.8, -2.875 -2.7713 -7.8, -2.8417 -2.7628 -7.8, -2.8083 -2.7628 -7.8, -2.7 -2.6096 -7.8, -2.725 -2.584 -7.8, -2.775 -2.6011 -7.8, -2.7667 -2.5585 -7.8, -2.8083 -2.5926 -7.8, -2.8083 -2.55 -7.8, -2.8417 -2.5926 -7.8, -2.8417 -2.55 -7.8, -2.8833 -2.5585 -7.8, -2.825 2.55 -7.8, -2.775 2.55 -7.8, -2.825 2.8819 -7.8, -2.775 2.95 -7.8, -2.825 2.95 -7.8, -2.875 2.8904 -7.8, -2.875 2.8223 -7.8, -2.875 2.8223 -7.8
            ]
        }
        coordIndex [
            0,1,2,-1,2,1,3,-1,3,1,4,-1,3,4,5,-1,5,4,6,-1,5,6,7,-1,7,6,8,-1,7,8,9,-1,10,11,12,-1,12,11,13,-1,12,13,14,-1,15,16,17,-1,17,16,18,-1,17,18,19,-1,19,18,20,-1,19,20,21,-1,21,20,22,-1,21,22,23,-1,13,24,14,-1,14,24,25,-1,14,25,26,-1,26,25,27,-1,26,27,28,-1,28,27,9,-1,8,29,9,-1,9,29,30,-1,9,30,15,-1,15,30,31,-1,15,31,32,-1,32,31,33,-1,34,35,36,-1,36,35,37,-1,36,37,38,-1,38,37,39,-1,38,39,40,-1,40,39,41,-1,40,41,33,-1,33,41,42,-1,33,42,32,-1,22,43,23,-1,23,43,44,-1,23,44,45,-1,45,44,46,-1,45,46,47,-1,47,46,48,-1,47,48,49,-1,49,48,50,-1,49,50,51,-1,51,50,52,-1,51,52,10,-1,10,52,53,-1,10,53,11,-1,17,54,15,-1,15,54,55,-1,15,55,9,-1,9,55,56,-1,9,56,28,-1,2,57,0,-1,0,57,58,-1,0,58,59,-1,59,58,60,-1,59,60,61,-1,61,60,62,-1,61,62,63,-1,63,62,64,-1,63,64,34,-1,34,64,65,-1,34,65,35,-1,66,67,68,-1,68,67,69,-1,69,70,68,-1,68,70,71,-1,68,71,72,-1,
        ]
    }
}
Shape{
    appearance Appearance {
        material  Material 	{
            diffuseColor 0.7529411764705882 0.7529411764705882 0.7529411764705882
            specularColor 0.3764705882352941 0.3764705882352941 0.3764705882352941
            ambientIntensity 0.2
            transparency 0
            shininess 0.5
        }
    }
    geometry IndexedFaceSet {
        ccw TRUE
        solid FALSE
        coord DEF co Coordinate {
            point [
                1.2209 -1.8341 -5.2, 1.226 -1.795 -5.2, 0.9291 -1.7559 -5.2, 1.2209 -1.7559 -5.2, 1.2058 -1.7195 -5.2, 1.1818 -1.6882 -5.2, 1.1505 -1.6642 -5.2, 1.1141 -1.6491 -5.2, 1.0359 -1.6491 -5.2, 0.9995 -1.6642 -5.2, 0.9682 -1.6882 -5.2, 1.075 -1.644 -5.2, 0.9442 -1.7195 -5.2, 0.924 -1.795 -5.2, 0.9291 -1.8341 -5.2, 1.2058 -1.8705 -5.2, 0.9442 -1.8705 -5.2, 0.9682 -1.9018 -5.2, 0.9995 -1.9258 -5.2, 1.0359 -1.9409 -5.2, 1.075 -1.946 -5.2, 1.1141 -1.9409 -5.2, 1.1505 -1.9258 -5.2, 1.1818 -1.9018 -5.2, 2.976 -1.795 -5.2, 2.9709 -1.7559 -5.2, 2.6942 -1.7195 -5.2, 2.9558 -1.8705 -5.2, 2.6791 -1.7559 -5.2, 2.674 -1.795 -5.2, 2.6791 -1.8341 -5.2, 2.6942 -1.8705 -5.2, 2.7182 -1.9018 -5.2, 2.7495 -1.9258 -5.2, 2.7859 -1.9409 -5.2, 2.825 -1.946 -5.2, 2.8641 -1.9409 -5.2, 2.9005 -1.9258 -5.2, 2.9318 -1.9018 -5.2, 2.9709 -1.8341 -5.2, 2.9558 -1.7195 -5.2, 2.9318 -1.6882 -5.2, 2.7182 -1.6882 -5.2, 2.9005 -1.6642 -5.2, 2.8641 -1.6491 -5.2, 2.825 -1.644 -5.2, 2.7859 -1.6491 -5.2, 2.7495 -1.6642 -5.2, -1.2058 -1.8705 -5.2, -1.1818 -1.9018 -5.2, -0.9291 -1.7559 -5.2, -1.2209 -1.8341 -5.2, -0.9442 -1.7195 -5.2, -0.9682 -1.6882 -5.2, -0.9995 -1.6642 -5.2, -1.0359 -1.6491 -5.2, -1.075 -1.644 -5.2, -1.1505 -1.9258 -5.2, -1.1141 -1.9409 -5.2, -1.075 -1.946 -5.2, -0.9291 -1.8341 -5.2, -0.9995 -1.9258 -5.2, -0.9442 -1.8705 -5.2, -0.9682 -1.9018 -5.2, -1.0359 -1.9409 -5.2, -0.924 -1.795 -5.2, -1.1141 -1.6491 -5.2, -1.1505 -1.6642 -5.2, -1.1818 -1.6882 -5.2, -1.2058 -1.7195 -5.2, -1.2209 -1.7559 -5.2, -1.226 -1.795 -5.2, 1.2209 1.7559 -5.2, 1.226 1.795 -5.2, 0.9291 1.8341 -5.2, 1.2209 1.8341 -5.2, 1.2058 1.8705 -5.2, 0.924 1.795 -5.2, 0.9291 1.7559 -5.2, 0.9442 1.7195 -5.2, 1.1141 1.9409 -5.2, 1.075 1.946 -5.2, 1.1818 1.9018 -5.2, 1.1505 1.9258 -5.2, 1.0359 1.9409 -5.2, 0.9995 1.9258 -5.2, 0.9442 1.8705 -5.2, 0.9682 1.9018 -5.2, 0.9682 1.6882 -5.2, 0.9995 1.6642 -5.2, 1.0359 1.6491 -5.2, 1.075 1.644 -5.2, 1.1141 1.6491 -5.2, 1.2058 1.7195 -5.2, 1.1505 1.6642 -5.2, 1.1818 1.6882 -5.2, 2.7859 1.6491 -5.2, 2.825 1.644 -5.2, 2.8641 1.9409 -5.2, 2.8641 1.6491 -5.2, 2.9005 1.6642 -5.2, 2.9709 1.8341 -5.2, 2.9558 1.8705 -5.2, 2.9318 1.9018 -5.2, 2.825 1.946 -5.2, 2.7859 1.9409 -5.2, 2.7495 1.9258 -5.2, 2.7182 1.9018 -5.2, 2.6942 1.8705 -5.2, 2.6791 1.8341 -5.2, 2.6791 1.7559 -5.2, 2.6942 1.7195 -5.2, 2.7182 1.6882 -5.2, 2.9318 1.6882 -5.2, 2.9558 1.7195 -5.2, 2.9709 1.7559 -5.2, 2.976 1.795 -5.2, 2.9005 1.9258 -5.2, 2.674 1.795 -5.2, 2.7495 1.6642 -5.2, -1.075 1.946 -5.2, -1.1141 1.9409 -5.2, -1.1141 1.6491 -5.2, -0.9682 1.9018 -5.2, -0.9995 1.9258 -5.2, -1.0359 1.9409 -5.2, -1.075 1.644 -5.2, -0.9291 1.8341 -5.2, -0.9442 1.8705 -5.2, -0.9291 1.7559 -5.2, -0.9995 1.6642 -5.2, -0.9442 1.7195 -5.2, -0.9682 1.6882 -5.2, -1.0359 1.6491 -5.2, -0.924 1.795 -5.2, -1.1505 1.9258 -5.2, -1.1818 1.9018 -5.2, -1.2058 1.8705 -5.2, -1.2209 1.8341 -5.2, -1.226 1.795 -5.2, -1.2209 1.7559 -5.2, -1.2058 1.7195 -5.2, -1.1818 1.6882 -5.2, -1.1505 1.6642 -5.2, -2.7182 -1.9018 -5.2, -2.6942 -1.8705 -5.2, -2.9318 -1.9018 -5.2, -2.6791 -1.8341 -5.2, -2.674 -1.795 -5.2, -2.825 -1.946 -5.2, -2.7859 -1.9409 -5.2, -2.8641 -1.9409 -5.2, -2.9005 -1.9258 -5.2, -2.7495 -1.9258 -5.2, -2.6791 -1.7559 -5.2, -2.6942 -1.7195 -5.2, -2.7182 -1.6882 -5.2, -2.7495 -1.6642 -5.2, -2.7859 -1.6491 -5.2, -2.825 -1.644 -5.2, -2.9709 -1.7559 -5.2, -2.976 -1.795 -5.2, -2.9709 -1.8341 -5.2, -2.8641 -1.6491 -5.2, -2.9005 -1.6642 -5.2, -2.9318 -1.6882 -5.2, -2.9558 -1.7195 -5.2, -2.9558 -1.8705 -5.2, -2.7495 1.6642 -5.2, -2.7182 1.6882 -5.2, -2.9558 1.8705 -5.2, -2.6942 1.7195 -5.2, -2.6791 1.7559 -5.2, -2.674 1.795 -5.2, -2.8641 1.6491 -5.2, -2.825 1.644 -5.2, -2.7859 1.6491 -5.2, -2.6791 1.8341 -5.2, -2.6942 1.8705 -5.2, -2.7182 1.9018 -5.2, -2.9005 1.9258 -5.2, -2.7859 1.9409 -5.2, -2.8641 1.9409 -5.2, -2.825 1.946 -5.2, -2.7495 1.9258 -5.2, -2.9318 1.9018 -5.2, -2.9005 1.6642 -5.2, -2.9709 1.8341 -5.2, -2.976 1.795 -5.2, -2.9709 1.7559 -5.2, -2.9558 1.7195 -5.2, -2.9318 1.6882 -5.2, -2.9318 1.6882 -5.2
            ]
        }
        coordIndex [
            0,1,2,-1,2,1,3,-1,2,3,4,-1,4,5,2,-1,2,5,6,-1,2,6,7,-1,8,9,10,-1,7,11,2,-1,2,11,8,-1,2,8,12,-1,12,8,10,-1,2,13,0,-1,0,13,14,-1,0,14,15,-1,15,14,16,-1,15,16,17,-1,17,18,15,-1,15,18,19,-1,15,19,20,-1,20,21,15,-1,15,21,22,-1,15,22,23,-1,24,25,26,-1,27,28,29,-1,29,30,27,-1,27,30,31,-1,27,31,32,-1,32,33,27,-1,27,33,34,-1,27,34,35,-1,35,36,27,-1,27,36,37,-1,27,37,38,-1,28,27,26,-1,26,27,39,-1,26,39,24,-1,25,40,26,-1,26,40,41,-1,26,41,42,-1,42,41,43,-1,42,43,44,-1,44,45,42,-1,42,45,46,-1,42,46,47,-1,48,49,50,-1,48,50,51,-1,51,50,52,-1,51,52,53,-1,53,54,51,-1,51,54,55,-1,51,55,56,-1,49,57,50,-1,50,57,58,-1,50,58,59,-1,60,61,62,-1,62,61,63,-1,59,64,50,-1,50,64,61,-1,50,61,65,-1,65,61,60,-1,56,66,51,-1,51,66,67,-1,51,67,68,-1,68,69,51,-1,51,69,70,-1,51,70,71,-1,72,73,74,-1,74,73,75,-1,74,75,76,-1,74,77,72,-1,72,77,78,-1,72,78,79,-1,74,80,81,-1,76,82,74,-1,74,82,83,-1,74,83,80,-1,81,84,74,-1,74,84,85,-1,74,85,86,-1,86,85,87,-1,79,88,72,-1,72,88,89,-1,72,89,90,-1,90,91,72,-1,72,91,92,-1,72,92,93,-1,93,92,94,-1,93,94,95,-1,96,97,98,-1,98,97,99,-1,98,99,100,-1,101,102,103,-1,98,104,96,-1,96,104,105,-1,96,105,106,-1,106,107,96,-1,96,107,108,-1,96,108,109,-1,110,111,112,-1,100,113,98,-1,98,113,114,-1,98,114,115,-1,115,116,98,-1,98,116,101,-1,98,101,117,-1,117,101,103,-1,109,118,96,-1,96,118,110,-1,96,110,119,-1,119,110,112,-1,120,121,122,-1,123,124,122,-1,122,124,125,-1,122,125,120,-1,126,127,122,-1,122,127,128,-1,122,128,123,-1,129,130,131,-1,131,130,132,-1,126,133,127,-1,127,133,130,-1,127,130,134,-1,134,130,129,-1,121,135,122,-1,122,135,136,-1,122,136,137,-1,137,138,122,-1,122,138,139,-1,122,139,140,-1,140,141,122,-1,122,141,142,-1,122,142,143,-1,144,145,146,-1,146,145,147,-1,146,147,148,-1,149,150,151,-1,151,150,152,-1,152,150,146,-1,146,150,153,-1,146,153,144,-1,148,154,146,-1,146,154,155,-1,146,155,156,-1,156,157,146,-1,146,157,158,-1,146,158,159,-1,160,161,162,-1,159,163,146,-1,146,163,164,-1,146,164,165,-1,165,166,146,-1,146,166,160,-1,146,160,167,-1,167,160,162,-1,168,169,170,-1,169,171,170,-1,170,171,172,-1,170,172,173,-1,174,175,170,-1,170,175,176,-1,170,176,168,-1,173,177,170,-1,170,177,178,-1,170,178,179,-1,180,181,182,-1,182,181,183,-1,179,184,170,-1,170,184,181,-1,170,181,185,-1,185,181,180,-1,174,170,186,-1,186,170,187,-1,186,187,188,-1,188,189,186,-1,186,189,190,-1,186,190,191,-1,
        ]
    }
}
Shape{
    appearance Appearance {
        material  Material 	{
            diffuseColor 0.5019607843137255 0.5019607843137255 0.5019607843137255
            specularColor 0.25098039215686274 0.25098039215686274 0.25098039215686274
            ambientIntensity 0.2
            transparency 0
            shininess 0.5
        }
    }
    geometry IndexedFaceSet {
        ccw TRUE
        solid FALSE
        coord DEF co Coordinate {
            point [
                -2.8417 -2.5926 -7.7, -2.8083 -2.5926 -7.7, -2.8417 -2.5926 -7.8, -2.8083 -2.5926 -7.8, -2.775 -2.6011 -7.7, -2.775 -2.6011 -7.8, -2.7417 -2.6266 -7.7, -2.7417 -2.6266 -7.8, -2.725 -2.6521 -7.7, -2.725 -2.6521 -7.8, -2.725 -2.6691 -7.7, -2.725 -2.6691 -7.8, -2.7417 -2.6947 -7.7, -2.7417 -2.6947 -7.8, -2.775 -2.7202 -7.7, -2.775 -2.7202 -7.8, -2.8083 -2.7287 -7.7, -2.8083 -2.7287 -7.8, -2.8417 -2.7287 -7.7, -2.8417 -2.7287 -7.8, -2.875 -2.7202 -7.7, -2.875 -2.7202 -7.8, -2.9083 -2.6947 -7.7, -2.9083 -2.6947 -7.8, -2.925 -2.6691 -7.7, -2.925 -2.6691 -7.8, -2.925 -2.6521 -7.7, -2.925 -2.6521 -7.8, -2.9083 -2.6266 -7.7, -2.9083 -2.6266 -7.8, -2.875 -2.6011 -7.7, -2.875 -2.6011 -7.8, -2.8083 -2.9074 -7.7, -2.8417 -2.9074 -7.7, -2.8083 -2.9074 -7.8, -2.8417 -2.9074 -7.8, -2.875 -2.8989 -7.7, -2.875 -2.8989 -7.8, -2.9083 -2.8819 -7.7, -2.9083 -2.8819 -7.8, -2.9333 -2.8479 -7.7, -2.9333 -2.8479 -7.8, -2.9333 -2.8223 -7.7, -2.9333 -2.8223 -7.8, -2.9083 -2.7883 -7.7, -2.9083 -2.7883 -7.8, -2.875 -2.7713 -7.7, -2.875 -2.7713 -7.8, -2.8417 -2.7628 -7.7, -2.8417 -2.7628 -7.8, -2.8083 -2.7628 -7.7, -2.8083 -2.7628 -7.8, -2.775 -2.7713 -7.7, -2.775 -2.7713 -7.8, -2.7417 -2.7883 -7.7, -2.7417 -2.7883 -7.8, -2.7167 -2.8223 -7.7, -2.7167 -2.8223 -7.8, -2.7167 -2.8479 -7.7, -2.7167 -2.8479 -7.8, -2.7417 -2.8819 -7.7, -2.7417 -2.8819 -7.8, -2.775 -2.8989 -7.7, -2.775 -2.8989 -7.8, -2.775 -2.8989 -7.8
            ]
        }
        coordIndex [
            0,1,2,-1,2,1,3,-1,1,4,3,-1,3,4,5,-1,4,6,5,-1,5,6,7,-1,6,8,7,-1,7,8,9,-1,8,10,9,-1,9,10,11,-1,10,12,11,-1,11,12,13,-1,12,14,13,-1,13,14,15,-1,14,16,15,-1,15,16,17,-1,16,18,17,-1,17,18,19,-1,18,20,19,-1,19,20,21,-1,20,22,21,-1,21,22,23,-1,22,24,23,-1,23,24,25,-1,24,26,25,-1,25,26,27,-1,26,28,27,-1,27,28,29,-1,28,30,29,-1,29,30,31,-1,30,0,31,-1,31,0,2,-1,32,33,34,-1,34,33,35,-1,33,36,35,-1,35,36,37,-1,36,38,37,-1,37,38,39,-1,38,40,39,-1,39,40,41,-1,40,42,41,-1,41,42,43,-1,42,44,43,-1,43,44,45,-1,44,46,45,-1,45,46,47,-1,46,48,47,-1,47,48,49,-1,48,50,49,-1,49,50,51,-1,50,52,51,-1,51,52,53,-1,52,54,53,-1,53,54,55,-1,54,56,55,-1,55,56,57,-1,56,58,57,-1,57,58,59,-1,58,60,59,-1,59,60,61,-1,60,62,61,-1,61,62,63,-1,62,32,63,-1,63,32,34,-1,14,12,1,-1,14,1,16,-1,16,1,0,-1,16,0,18,-1,18,0,22,-1,18,22,20,-1,4,1,6,-1,6,1,12,-1,6,12,8,-1,8,12,10,-1,26,24,28,-1,28,24,22,-1,28,22,30,-1,30,22,0,-1,33,32,46,-1,52,50,32,-1,32,50,48,-1,32,48,46,-1,60,58,56,-1,42,40,44,-1,44,40,38,-1,44,38,46,-1,46,38,36,-1,46,36,33,-1,32,62,52,-1,52,62,60,-1,52,60,54,-1,54,60,56,-1,
        ]
    }
}
Shape{
    appearance Appearance {
        material  Material 	{
            diffuseColor 0.5019607843137255 0.0 0.0
            specularColor 0.25098039215686274 0.0 0.0
            ambientIntensity 0.2
            transparency 0
            shininess 0.5
        }
    }
    geometry IndexedFaceSet {
        ccw TRUE
        solid FALSE
        coord DEF co Coordinate {
            point [
                -8.8285 1.18 -5.6001, -8.7011 1.18 -5.6003, -8.7 1.48 -5.6, 8.5908 2.1804 -5.6, 8.6582 1.9167 -5.6, 8.9238 1.1799 -5.6, 8.6757 1.7857 -5.6, 8.6936 1.6521 -5.6, 8.7 1.18 -5.6002, 8.823 1.1799 -5.6001, 8.7 1.48 -5.6, 8.8707 1.1798 -5.6, 9.914 -0.1817 -5.6, 10.0726 -0.1346 -5.6, 9.93 -0.0 -5.6, 10.0766 -0.0025 -5.6, 9.93 0.0009 -5.6, 10.0785 0.0613 -5.6, -8.9238 -1.1799 -5.6, -8.6582 -1.9417 -5.6, -8.6757 -1.8107 -5.6, -8.7 -1.505 -5.6, -8.7 -1.18 -5.6002, -8.823 -1.1798 -5.6001, 8.7881 -1.18 -5.6, 8.7 -1.18 -5.6002, 8.7 -1.505 -5.6, 8.9636 1.0241 -5.6, 9.0444 1.02 -5.6, 9.0341 1.1727 -5.6, 9.2225 1.1365 -5.6, -8.6936 -1.6771 -5.6, -8.8734 -1.1797 -5.6, 8.8762 -1.1799 -5.6, -9.1 -1.18 -5.6003, -9.1 -1.505 -5.6, -9.0119 -1.18 -5.6, -9.0846 -1.7872 -5.6, -9.0839 -1.7994 -5.6, 8.9378 -1.0293 -5.6, 8.7556 -1.02 -5.6, 8.6884 -1.1611 -5.6, 8.7085 -1.009 -5.6, 8.5795 -1.1321 -5.6, 8.5786 -0.9786 -5.6, 8.5092 -1.1134 -5.6, 8.4632 -0.9301 -5.6, 8.3436 -1.0399 -5.6, 8.4248 -0.914 -5.6, 8.3344 -1.0358 -5.6, 8.2673 -0.8129 -5.6, 8.1721 -0.929 -5.6, 9.2232 1.1364 -5.6, 9.2214 0.9786 -5.6, 9.4027 1.069 -5.6, 9.3752 0.914 -5.6, 9.4571 1.038 -5.6, 9.5513 0.9843 -5.6, 9.449 0.8667 -5.6, 9.6672 0.8949 -5.6, 9.5327 0.8129 -5.6, 9.6849 0.8812 -5.6, 9.649 0.7044 -5.6, 9.8185 0.7413 -5.6, 9.6669 0.6877 -5.6, 9.8405 0.7092 -5.6, 9.761 0.5658 -5.6, 9.9203 0.5929 -5.6, 9.7988 0.4952 -5.6, 9.9694 0.4903 -5.6, 9.8467 0.4057 -5.6, 10.0025 0.4212 -5.6, 9.8966 0.2567 -5.6, 10.0527 0.2547 -5.6, 9.9009 0.2437 -5.6, 9.9279 0.0665 -5.6, -9.1 1.48 -5.6, -9.1 1.18 -5.6002, -8.977 1.18 -5.6001, -5.7785 4.9929 -5.6, -6.1186 5.2904 -5.6, -6.0295 4.8975 -5.6, -6.2446 5.2387 -5.6, -6.1405 4.8392 -5.6, -6.4586 5.122 -5.6, -6.2701 4.7712 -5.6, -6.5004 5.0991 -5.6, -6.4678 4.6344 -5.6, -6.7365 4.9344 -5.6, -6.4928 4.6171 -5.6, -7.886 -0.1817 -5.6, -7.7218 -0.0696 -5.6, -7.87 -0.0 -5.6, -7.7235 0.0027 -5.6, -7.87 0.0009 -5.6, -7.7267 0.1332 -5.6, -7.8721 0.0665 -5.6, 9.0991 -1.5736 -5.6, 8.6839 -1.7766 -5.6, 8.4444 -2.5588 -5.6, 8.8909 -2.5367 -5.6, 8.5546 -2.3099 -5.6, 8.9399 -2.4209 -5.6, 8.5891 -2.1974 -5.6, 9.0154 -2.1692 -5.6, 8.6354 -2.0465 -5.6, 9.0246 -2.1386 -5.6, 8.6778 -1.8109 -5.6, 9.0777 -1.8519 -5.6, 9.0827 -1.787 -5.6, 5.8104 -4.9858 -5.6, 6.1418 -5.2858 -5.6, 6.0643 -4.8877 -5.6, 6.2583 -5.2386 -5.6, 6.1684 -4.8325 -5.6, 6.4898 -5.114 -5.6, 6.3077 -4.7586 -5.6, 6.5178 -5.0989 -5.6, 6.5043 -4.6219 -5.6, 6.7581 -4.9337 -5.6, 6.533 -4.602 -5.6, -6.1638 -4.8394 -5.6, -6.1417 -5.2859 -5.6, -5.9149 -4.9496 -5.6, -6.0259 -5.3349 -5.6, -5.8024 -4.9841 -5.6, -5.7742 -5.4104 -5.6, -5.6515 -5.0304 -5.6, -5.7436 -5.4196 -5.6, -5.4159 -5.0728 -5.6, -5.4569 -5.4727 -5.6, -5.3816 -5.0789 -5.6, -9.0138 -2.1687 -5.6, -8.9544 -2.3798 -5.6, -8.5908 -2.2054 -5.6, -8.8908 -2.5368 -5.6, -8.4927 -2.4593 -5.6, -8.8437 -2.6533 -5.6, -8.4375 -2.5634 -5.6, -8.719 -2.8848 -5.6, -8.3636 -2.7027 -5.6, -8.7039 -2.9128 -5.6, -8.2269 -2.8993 -5.6, -8.5387 -3.1531 -5.6, -8.207 -2.928 -5.6, -9.0355 -2.0918 -5.6, 9.2791 -0.9577 -5.6, 9.4528 -1.0408 -5.6, 9.4252 -0.8863 -5.6, 9.487 -1.0245 -5.6, 9.4514 -0.8674 -5.6, 9.6553 -0.9067 -5.6, 9.5719 -0.7808 -5.6, 9.6635 -0.8987 -5.6, 9.6487 -0.7018 -5.6, 9.7875 -0.7782 -5.6, 9.6993 -0.6498 -5.6, 9.837 -0.713 -5.6, 9.7874 -0.5233 -5.6, 9.886 -0.6485 -5.6, 9.801 -0.4945 -5.6, 9.9686 -0.4956 -5.6, 9.8661 -0.3573 -5.6, 9.9828 -0.4693 -5.6, 9.8942 -0.2543 -5.6, 10.0428 -0.2958 -5.6, 10.0503 -0.2552 -5.6, 8.1358 -0.8953 -5.6, 8.2456 -0.7927 -5.6, 8.0281 -0.7952 -5.6, 8.1331 -0.6877 -5.6, 7.9627 -0.7105 -5.6, 8.0691 -0.6047 -5.6, 7.9093 -0.6415 -5.6, 8.039 -0.5658 -5.6, 7.8306 -0.4945 -5.6, 7.9533 -0.4057 -5.6, 7.8181 -0.4712 -5.6, 7.9445 -0.3794 -5.6, 7.7543 -0.283 -5.6, 7.8991 -0.2437 -5.6, 7.7497 -0.2547 -5.6, 7.8817 -0.1294 -5.6, 7.7234 -0.0909 -5.6, 7.8721 -0.0665 -5.6, 7.7239 -0.0028 -5.6, 7.87 -0.0 -5.6, 7.7246 0.1047 -5.6, 7.8813 0.1279 -5.6, 7.7493 0.2491 -5.6, 7.886 0.1817 -5.6, 7.7567 0.2928 -5.6, 7.9339 0.3573 -5.6, 7.8164 0.4671 -5.6, 7.9436 0.3776 -5.6, 7.8283 0.4895 -5.6, 8.0126 0.5233 -5.6, 7.9074 0.6386 -5.6, 8.0683 0.6033 -5.6, 7.9593 0.7062 -5.6, 8.1007 0.6498 -5.6, 8.026 0.7929 -5.6, 8.2281 0.7808 -5.6, 8.1317 0.8916 -5.6, 8.9713 1.1768 -5.6, 8.8622 1.0293 -5.6, -9.0777 1.8269 -5.6, -8.6778 1.7859 -5.6, -9.0246 2.1136 -5.6, -8.6354 2.0215 -5.6, -9.0154 2.1442 -5.6, -8.5891 2.1724 -5.6, -8.9399 2.3959 -5.6, -8.5546 2.2849 -5.6, -8.8909 2.5117 -5.6, -8.4444 2.5338 -5.6, 8.924 -1.1799 -5.6, 8.9653 -1.0259 -5.6, 8.9658 -1.1755 -5.6, 9.1182 -1.0068 -5.6, 9.1277 -1.1588 -5.6, 9.2182 -0.9763 -5.6, 9.2164 -1.134 -5.6, 9.3141 -1.1067 -5.6, 8.1698 0.9272 -5.6, 8.2436 0.7919 -5.6, 8.3357 1.0365 -5.6, -9.0991 1.5486 -5.6, -8.9285 1.18 -5.6, -8.6839 1.7516 -5.6, -9.4252 0.8863 -5.6, -9.338 0.9289 -5.6, -8.8762 1.18 -5.6, -9.2791 0.9577 -5.6, -9.1182 1.0068 -5.6, -9.0936 1.0099 -5.6, -8.9378 1.0293 -5.6, -8.8289 1.1764 -5.6, -8.8364 1.0241 -5.6, -8.7325 1.169 -5.6, -8.7556 1.02 -5.6, -8.5786 1.1358 -5.6, -8.5786 0.9786 -5.6, -7.8991 0.2437 -5.6, -7.7496 0.2546 -5.6, -7.9034 0.2567 -5.6, -7.7632 0.3274 -5.6, -7.9533 0.4057 -5.6, -7.8266 0.4963 -5.6, -8.0012 0.4952 -5.6, -7.8299 0.5052 -5.6, -8.039 0.5658 -5.6, 9.1 -1.18 -5.6002, 8.9663 -1.1799 -5.6001, 9.1 -1.505 -5.6, 8.3055 -2.793 -5.6, 8.7176 -2.8839 -5.6, 8.8248 -2.6926 -5.6, 5.5467 -5.0532 -5.6, 5.7737 -5.4088 -5.6, 5.9848 -5.3494 -5.6, -6.398 -4.7005 -5.6, -6.4889 -5.1126 -5.6, -6.2976 -5.2198 -5.6, 8.3748 0.8863 -5.6, 8.462 0.9289 -5.6, 8.4897 1.1064 -5.6, 8.5209 0.9577 -5.6, 8.5744 1.1301 -5.6, 8.6818 1.0068 -5.6, 8.6771 1.1589 -5.6, 8.7064 1.0099 -5.6, 8.8236 1.1747 -5.6, -9.0827 1.762 -5.6, -8.3055 2.768 -5.6, -8.7176 2.8589 -5.6, -8.8248 2.6676 -5.6, 9.0355 2.0668 -5.6, 9.0138 2.1437 -5.6, -7.926 0.6691 -5.6, -7.9613 0.7115 -5.6, -8.1331 0.6877 -5.6, -8.0528 0.8214 -5.6, -8.151 0.7044 -5.6, -8.1361 0.8948 -5.6, -8.2673 0.8129 -5.6, -8.2045 0.9552 -5.6, -8.351 0.8667 -5.6, -8.3429 1.0412 -5.6, -8.4248 0.914 -5.6, -8.3699 1.058 -5.6, -8.5452 1.1286 -5.6, 8.8291 -1.1752 -5.6, -5.518 5.0575 -5.6, -5.7589 5.4109 -5.6, -5.9746 5.3494 -5.6, 6.1388 4.8394 -5.6, 6.1167 5.2859 -5.6, 5.8899 4.9496 -5.6, 6.0009 5.3349 -5.6, 5.7774 4.9841 -5.6, 5.7492 5.4104 -5.6, 5.6265 5.0304 -5.6, 5.7186 5.4196 -5.6, 5.3909 5.0728 -5.6, 5.4319 5.4727 -5.6, 5.3566 5.0789 -5.6, 8.9544 2.3548 -5.6, 8.8908 2.5118 -5.6, 8.4927 2.4343 -5.6, 8.8437 2.6283 -5.6, 8.4375 2.5384 -5.6, 8.719 2.8598 -5.6, 8.3636 2.6777 -5.6, 8.7039 2.8878 -5.6, 8.2269 2.8743 -5.6, 8.5387 3.1281 -5.6, 8.207 2.903 -5.6, 9.1 1.18 -5.6002, 9.1 1.48 -5.6, 8.9716 1.1799 -5.6001, 9.0846 1.7622 -5.6, -9.1222 -1.1599 -5.6, -8.9709 -1.1751 -5.6, -8.8622 -1.0293 -5.6, -9.1277 1.1588 -5.6, -9.2259 1.1313 -5.6, -9.314 1.1066 -5.6, 6.8075 -4.8914 -5.6, 6.9701 -4.7521 -5.6, 6.7363 -4.4213 -5.6, 7.0192 -4.7042 -5.6, 8.0263 -3.1313 -5.6, 8.3092 -3.4142 -5.6, 8.1435 -3.0052 -5.6, 8.4978 -3.2038 -5.6, 8.2253 -2.898 -5.6, 8.506 -3.1946 -5.6, 8.6785 -2.9536 -5.6, -5.392 -5.4777 -5.6, -5.1786 -5.4941 -5.6, -5.11 -5.095 -5.6, -5.11 -5.495 -5.6, 5.11 -5.095 -5.6, 5.11 -5.495 -5.6, 5.2821 -5.0886 -5.6, 5.3922 -5.4796 -5.6, 5.4157 -5.0707 -5.6, 5.4044 -5.4789 -5.6, 5.6968 -5.4305 -5.6, -8.4964 -3.2025 -5.6, -8.3571 -3.3651 -5.6, -8.0263 -3.1313 -5.6, -8.3092 -3.4142 -5.6, -6.7363 -4.4213 -5.6, -7.0192 -4.7042 -5.6, -6.6102 -4.5385 -5.6, -6.8088 -4.8928 -5.6, -6.503 -4.6203 -5.6, -6.7996 -4.901 -5.6, -6.5586 -5.0735 -5.6, -6.7699 4.9053 -5.6, -6.9447 4.7531 -5.6, -6.6937 4.439 -5.6, -6.9765 4.7219 -5.6, -8.0263 3.1063 -5.6, -8.3092 3.3892 -5.6, -8.1435 2.9802 -5.6, -8.4978 3.1788 -5.6, -8.2253 2.873 -5.6, -8.506 3.1696 -5.6, -8.6785 2.9286 -5.6, 9.0839 1.7744 -5.6, -9.5327 -0.8129 -5.6, -9.4773 -1.0301 -5.6, -9.3752 -0.914 -5.6, -9.4563 -1.0398 -5.6, -9.3368 -0.9301 -5.6, -9.3066 -1.1094 -5.6, -9.2214 -0.9786 -5.6, -9.2207 -1.1329 -5.6, -9.0915 -1.009 -5.6, -9.0444 -1.02 -5.6, -9.7874 0.5233 -5.6, -9.9713 0.4893 -5.6, -9.8564 0.3776 -5.6, -9.9884 0.4563 -5.6, -9.8661 0.3573 -5.6, -10.0474 0.2777 -5.6, -9.914 0.1817 -5.6, -10.0518 0.2493 -5.6, -9.9187 0.1279 -5.6, -10.077 0.0865 -5.6, -9.93 -0.0 -5.6, -10.0761 -0.0027 -5.6, -9.9279 -0.0665 -5.6, -10.0751 -0.11 -5.6, -9.9183 -0.1294 -5.6, -10.0508 -0.2547 -5.6, -9.9009 -0.2437 -5.6, -10.0461 -0.2829 -5.6, -9.8555 -0.3794 -5.6, -9.9842 -0.4661 -5.6, -9.8467 -0.4057 -5.6, -9.9693 -0.4945 -5.6, -9.761 -0.5658 -5.6, -9.8978 -0.6301 -5.6, -9.7309 -0.6047 -5.6, -9.8373 -0.7106 -5.6, -9.6669 -0.6877 -5.6, -9.7817 -0.7847 -5.6, -9.5544 -0.7927 -5.6, -9.6647 -0.8958 -5.6, -9.6407 -0.9186 -5.6, -9.461 1.0368 -5.6, -9.487 1.0245 -5.6, -9.5564 0.7919 -5.6, -9.6561 0.9059 -5.6, -9.5719 0.7808 -5.6, -9.6695 0.8929 -5.6, -9.6993 0.6498 -5.6, -9.7881 0.7774 -5.6, -9.7317 0.6033 -5.6, -9.8407 0.7062 -5.6, -9.903 0.6218 -5.6, -8.9764 1.1749 -5.6, 5.367 5.4777 -5.6, 5.1536 5.4941 -5.6, 5.085 5.095 -5.6, 5.085 5.495 -5.6, -5.11 5.095 -5.6, -5.11 5.495 -5.6, -5.2563 5.0902 -5.6, -5.3859 5.4798 -5.6, -5.4077 5.0713 -5.6, -5.4011 5.4789 -5.6, -5.6902 5.4305 -5.6, 6.373 4.7005 -5.6, 6.4639 5.1126 -5.6, 6.2726 5.2198 -5.6, -8.5209 -0.9577 -5.6, -8.3381 -1.0387 -5.6, -8.3748 -0.8863 -5.6, -8.3107 -1.0256 -5.6, -8.3486 -0.8674 -5.6, -8.1537 -0.9151 -5.6, -8.2281 -0.7808 -5.6, -8.1307 -0.8927 -5.6, -8.1513 -0.7018 -5.6, -8.0093 -0.7744 -5.6, -8.1007 -0.6498 -5.6, -7.9587 -0.7067 -5.6, -8.0126 -0.5233 -5.6, -7.8896 -0.6141 -5.6, -7.999 -0.4945 -5.6, -7.8266 -0.4904 -5.6, -7.9339 -0.3573 -5.6, -7.8027 -0.4433 -5.6, -7.9058 -0.2543 -5.6, -7.7472 -0.2626 -5.6, -7.7455 -0.2497 -5.6, -8.8347 -1.0259 -5.6, -8.8236 -1.1746 -5.6, -8.6818 -1.0068 -5.6, -8.6687 -1.1588 -5.6, -8.5818 -0.9763 -5.6, -8.5738 -1.1324 -5.6, -8.4814 -1.1068 -5.6, 8.4964 3.1775 -5.6, 8.3571 3.3401 -5.6, 8.0263 3.1063 -5.6, 8.3092 3.3892 -5.6, 6.7113 4.4213 -5.6, 6.9942 4.7042 -5.6, 6.5852 4.5385 -5.6, 6.7838 4.8928 -5.6, 6.478 4.6203 -5.6, 6.7746 4.901 -5.6, 6.5336 5.0735 -5.6, -8.405 1.3895 -5.8498, -8.405 1.3895 -5.8495, -8.2039 1.3012 -5.8495, -8.5327 1.296 -5.654, -8.5462 1.25 -5.6247, -8.2872 1.1455 -5.6247, -8.3208 1.0826 -5.6038, -7.7857 0.5154 -5.6038, -8.6608 -1.1955 -5.6026, -8.6526 -1.202 -5.6049, -8.5601 -1.1798 -5.6038, -8.6796 -1.18 -5.6007, -8.3158 -1.0799 -5.6038, -8.0984 -0.93 -5.6038, -7.9181 -0.7371 -5.6038, -7.7833 -0.5102 -5.6038, -7.7 -0.2597 -5.6038, -7.6722 0.0029 -5.6038, -7.7012 0.2653 -5.6038, -7.9216 0.7417 -5.6038, -8.1028 0.9337 -5.6038, -8.5657 1.1814 -5.6038, -8.6796 1.18 -5.6007, -8.5811 1.2591 -5.6251, -8.6501 1.204 -5.6056, -8.6526 1.202 -5.6049, -8.6608 1.1955 -5.6026, -8.5652 1.2715 -5.632, -8.5776 1.2619 -5.6261, -8.5791 1.2607 -5.6257, -8.4656 1.3459 -5.7159, -8.4907 1.3277 -5.6851, -8.257 1.2019 -5.6624, -8.5012 1.3199 -5.6753, -8.5166 1.3082 -5.6649, -8.5181 1.3071 -5.6639, -8.4272 1.3737 -5.7789, -8.4366 1.367 -5.7564, -8.2321 1.2485 -5.7147, -8.4471 1.3594 -5.7386, -8.4649 1.3465 -5.7168, -8.4058 1.3889 -5.8412, -8.4125 1.3842 -5.8143, -8.214 1.2823 -5.7783, -8.4269 1.3739 -5.7796, -8.2019 1.305 -5.9, -8.4 1.393 -5.9, -7.9418 1.1223 -5.8495, -7.939 1.1256 -5.9, -7.724 0.8915 -5.8495, -7.7206 0.8941 -5.9, -7.5606 0.6195 -5.8495, -7.5567 0.6213 -5.9, -7.4591 0.3189 -5.8495, -7.455 0.3198 -5.9, -7.4243 0.0035 -5.8495, -7.42 0.0035 -5.9, -7.4577 -0.3121 -5.8495, -7.4535 -0.313 -5.9, -7.5577 -0.6132 -5.8495, -7.5538 -0.615 -5.9, -7.7199 -0.886 -5.8495, -7.7164 -0.8886 -5.9, -7.9366 -1.1178 -5.8495, -7.9338 -1.1211 -5.9, -8.1978 -1.2979 -5.8495, -8.1958 -1.3017 -5.9, -8.4125 -1.3842 -5.8143, -8.4058 -1.3889 -5.8412, -8.405 -1.3895 -5.8495, -8.405 -1.3895 -5.8498, -8.4 -1.393 -5.9, -8.4366 -1.367 -5.7564, -8.4272 -1.3737 -5.7789, -8.208 -1.279 -5.7783, -8.4269 -1.3739 -5.7796, -8.4907 -1.3277 -5.6851, -8.4656 -1.3459 -5.7159, -8.2263 -1.2453 -5.7147, -8.4649 -1.3465 -5.7168, -8.4471 -1.3594 -5.7386, -8.5243 -1.3024 -5.6597, -8.5181 -1.3071 -5.6639, -8.2514 -1.1989 -5.6624, -8.5166 -1.3082 -5.6649, -8.5012 -1.3199 -5.6753, -8.6501 -1.204 -5.6056, -8.5811 -1.2591 -5.6251, -8.5404 -1.2483 -5.6247, -8.5791 -1.2607 -5.6257, -8.5776 -1.2619 -5.6261, -7.9558 1.106 -5.7783, -7.7412 0.8785 -5.7783, -7.5801 0.6105 -5.7783, -7.4801 0.3142 -5.7783, -7.4458 0.0034 -5.7783, -7.4787 -0.3076 -5.7783, -7.5773 -0.6043 -5.7783, -7.7371 -0.8731 -5.7783, -7.9506 -1.1015 -5.7783, -7.9806 1.0768 -5.7147, -7.7717 0.8554 -5.7147, -7.6149 0.5944 -5.7147, -7.5175 0.3059 -5.7147, -7.4841 0.0033 -5.7147, -7.5161 -0.2995 -5.7147, -7.6121 -0.5884 -5.7147, -7.7677 -0.8501 -5.7147, -7.9756 -1.0725 -5.7147, -8.0149 1.0367 -5.6624, -7.8138 0.8235 -5.6624, -7.6628 0.5722 -5.6624, -7.5691 0.2945 -5.6624, -7.5369 0.0032 -5.6624, -7.5677 -0.2883 -5.6624, -7.6601 -0.5664 -5.6624, -7.8099 -0.8184 -5.6624, -8.0101 -1.0325 -5.6624, -8.0565 0.988 -5.6247, -7.8648 0.7848 -5.6247, -7.7209 0.5454 -5.6247, -7.6316 0.2807 -5.6247, -7.6009 0.003 -5.6247, -7.6303 -0.2747 -5.6247, -7.7184 -0.5398 -5.6247, -7.8611 -0.78 -5.6247, -8.0519 -0.984 -5.6247, -8.2818 -1.1426 -5.6247, -8.5652 -1.2715 -5.632, -8.5652 -1.2715 -5.632
            ]
        }
        coordIndex [
            0,1,2,-1,3,4,5,-1,5,4,6,-1,5,6,7,-1,8,9,10,-1,10,9,11,-1,12,13,14,-1,14,13,15,-1,14,15,16,-1,16,15,17,-1,18,19,20,-1,21,22,23,-1,24,25,26,-1,27,28,29,-1,29,28,30,-1,20,31,18,-1,18,31,21,-1,18,21,32,-1,32,21,23,-1,24,26,33,-1,34,35,36,-1,36,35,37,-1,36,37,38,-1,39,40,41,-1,41,40,42,-1,41,42,43,-1,43,42,44,-1,43,44,45,-1,45,44,46,-1,45,46,47,-1,47,46,48,-1,47,48,49,-1,49,48,50,-1,49,50,51,-1,30,28,52,-1,52,28,53,-1,52,53,54,-1,54,53,55,-1,54,55,56,-1,56,55,57,-1,57,55,58,-1,57,58,59,-1,59,58,60,-1,59,60,61,-1,61,60,62,-1,61,62,63,-1,63,62,64,-1,63,64,65,-1,65,64,66,-1,65,66,67,-1,67,66,68,-1,67,68,69,-1,69,68,70,-1,69,70,71,-1,71,70,72,-1,71,72,73,-1,73,72,74,-1,73,74,17,-1,17,74,75,-1,17,75,16,-1,76,77,78,-1,79,80,81,-1,81,80,82,-1,81,82,83,-1,83,82,84,-1,83,84,85,-1,85,84,86,-1,85,86,87,-1,87,86,88,-1,87,88,89,-1,90,91,92,-1,92,91,93,-1,92,93,94,-1,94,93,95,-1,94,95,96,-1,97,26,98,-1,99,100,101,-1,101,100,102,-1,101,102,103,-1,103,102,104,-1,103,104,105,-1,105,104,106,-1,105,106,107,-1,107,106,108,-1,107,108,98,-1,98,108,109,-1,98,109,97,-1,110,111,112,-1,112,111,113,-1,112,113,114,-1,114,113,115,-1,114,115,116,-1,116,115,117,-1,116,117,118,-1,118,117,119,-1,118,119,120,-1,121,122,123,-1,123,122,124,-1,123,124,125,-1,125,124,126,-1,125,126,127,-1,127,126,128,-1,127,128,129,-1,129,128,130,-1,129,130,131,-1,132,133,134,-1,134,133,135,-1,134,135,136,-1,136,135,137,-1,136,137,138,-1,138,137,139,-1,138,139,140,-1,140,139,141,-1,140,141,142,-1,142,141,143,-1,142,143,144,-1,38,145,36,-1,36,145,132,-1,36,132,18,-1,18,132,134,-1,18,134,19,-1,146,147,148,-1,148,147,149,-1,148,149,150,-1,150,149,151,-1,150,151,152,-1,152,151,153,-1,152,153,154,-1,154,153,155,-1,154,155,156,-1,156,155,157,-1,156,157,158,-1,158,157,159,-1,158,159,160,-1,160,159,161,-1,160,161,162,-1,162,161,163,-1,162,163,164,-1,164,163,165,-1,164,165,12,-1,12,165,166,-1,12,166,13,-1,51,50,167,-1,167,50,168,-1,167,168,169,-1,169,168,170,-1,169,170,171,-1,171,170,172,-1,171,172,173,-1,173,172,174,-1,173,174,175,-1,175,174,176,-1,175,176,177,-1,177,176,178,-1,177,178,179,-1,179,178,180,-1,179,180,181,-1,181,180,182,-1,181,182,183,-1,183,182,184,-1,183,184,185,-1,185,184,186,-1,185,186,187,-1,187,186,188,-1,187,188,189,-1,189,188,190,-1,189,190,191,-1,191,190,192,-1,191,192,193,-1,193,192,194,-1,193,194,195,-1,195,194,196,-1,195,196,197,-1,197,196,198,-1,197,198,199,-1,199,198,200,-1,199,200,201,-1,201,200,202,-1,201,202,203,-1,29,204,27,-1,27,204,5,-1,27,5,205,-1,206,207,208,-1,208,207,209,-1,208,209,210,-1,210,209,211,-1,210,211,212,-1,212,211,213,-1,212,213,214,-1,214,213,215,-1,39,216,217,-1,217,216,218,-1,217,218,219,-1,219,218,220,-1,219,220,221,-1,221,220,222,-1,221,222,146,-1,146,222,223,-1,146,223,147,-1,203,202,224,-1,224,202,225,-1,224,225,226,-1,76,78,227,-1,228,2,206,-1,206,2,229,-1,206,229,207,-1,230,231,232,-1,232,231,233,-1,232,233,234,-1,234,235,232,-1,232,235,236,-1,232,236,237,-1,237,236,238,-1,237,238,239,-1,239,238,240,-1,239,240,241,-1,241,240,242,-1,96,95,243,-1,243,95,244,-1,243,244,245,-1,245,244,246,-1,245,246,247,-1,247,246,248,-1,247,248,249,-1,249,248,250,-1,249,250,251,-1,252,253,254,-1,254,253,216,-1,255,256,99,-1,99,256,257,-1,99,257,100,-1,258,259,110,-1,110,259,260,-1,110,260,111,-1,261,262,121,-1,121,262,263,-1,121,263,122,-1,225,264,226,-1,226,264,265,-1,226,265,266,-1,266,265,267,-1,266,267,268,-1,268,267,269,-1,268,269,270,-1,270,269,271,-1,270,271,272,-1,272,271,205,-1,272,205,11,-1,11,205,5,-1,11,5,10,-1,10,5,7,-1,228,206,78,-1,78,206,273,-1,78,273,227,-1,274,275,215,-1,215,275,276,-1,215,276,214,-1,277,278,3,-1,250,279,251,-1,251,279,280,-1,251,280,281,-1,281,280,282,-1,281,282,283,-1,283,282,284,-1,283,284,285,-1,285,284,286,-1,285,286,287,-1,287,286,288,-1,287,288,289,-1,289,288,290,-1,289,290,242,-1,242,290,291,-1,242,291,241,-1,97,254,26,-1,26,254,216,-1,26,216,33,-1,33,216,39,-1,33,39,292,-1,292,39,41,-1,293,294,79,-1,79,294,295,-1,79,295,80,-1,296,297,298,-1,298,297,299,-1,298,299,300,-1,300,299,301,-1,300,301,302,-1,302,301,303,-1,302,303,304,-1,304,303,305,-1,304,305,306,-1,278,307,3,-1,3,307,308,-1,3,308,309,-1,309,308,310,-1,309,310,311,-1,311,310,312,-1,311,312,313,-1,313,312,314,-1,313,314,315,-1,315,314,316,-1,315,316,317,-1,318,319,320,-1,320,319,321,-1,320,321,5,-1,322,323,324,-1,325,326,230,-1,230,326,327,-1,119,328,120,-1,120,328,329,-1,120,329,330,-1,330,329,331,-1,330,331,332,-1,332,331,333,-1,332,333,334,-1,334,333,335,-1,334,335,336,-1,336,335,337,-1,336,337,255,-1,255,337,338,-1,255,338,256,-1,130,339,131,-1,131,339,340,-1,131,340,341,-1,341,340,342,-1,341,342,343,-1,343,342,344,-1,343,344,345,-1,345,344,346,-1,345,346,347,-1,347,346,348,-1,347,348,258,-1,258,348,349,-1,258,349,259,-1,143,350,144,-1,144,350,351,-1,144,351,352,-1,352,351,353,-1,352,353,354,-1,354,353,355,-1,354,355,356,-1,356,355,357,-1,356,357,358,-1,358,357,359,-1,358,359,261,-1,261,359,360,-1,261,360,262,-1,88,361,89,-1,89,361,362,-1,89,362,363,-1,363,362,364,-1,363,364,365,-1,365,364,366,-1,365,366,367,-1,367,366,368,-1,367,368,369,-1,369,368,370,-1,369,370,274,-1,274,370,371,-1,274,371,275,-1,5,321,3,-1,3,321,372,-1,3,372,277,-1,373,374,375,-1,375,374,376,-1,375,376,377,-1,377,376,378,-1,377,378,379,-1,379,378,380,-1,379,380,381,-1,381,380,322,-1,381,322,382,-1,382,322,324,-1,383,384,385,-1,385,384,386,-1,385,386,387,-1,387,386,388,-1,387,388,389,-1,389,388,390,-1,389,390,391,-1,391,390,392,-1,391,392,393,-1,393,392,394,-1,393,394,395,-1,395,394,396,-1,395,396,397,-1,397,396,398,-1,397,398,399,-1,399,398,400,-1,399,400,401,-1,401,400,402,-1,401,402,403,-1,403,402,404,-1,403,404,405,-1,405,404,406,-1,405,406,407,-1,407,406,408,-1,407,408,409,-1,409,408,410,-1,409,410,411,-1,411,410,412,-1,411,412,373,-1,373,412,413,-1,373,413,374,-1,327,414,230,-1,230,414,415,-1,230,415,416,-1,416,415,417,-1,416,417,418,-1,418,417,419,-1,418,419,420,-1,420,419,421,-1,420,421,422,-1,422,421,423,-1,422,423,383,-1,383,423,424,-1,383,424,384,-1,0,2,232,-1,232,2,228,-1,232,228,230,-1,230,228,425,-1,230,425,325,-1,305,426,306,-1,306,426,427,-1,306,427,428,-1,428,427,429,-1,428,429,430,-1,430,429,431,-1,430,431,432,-1,432,431,433,-1,432,433,434,-1,434,433,435,-1,434,435,293,-1,293,435,436,-1,293,436,294,-1,437,438,296,-1,296,438,439,-1,296,439,297,-1,440,441,442,-1,442,441,443,-1,442,443,444,-1,444,443,445,-1,444,445,446,-1,446,445,447,-1,446,447,448,-1,448,447,449,-1,448,449,450,-1,450,449,451,-1,450,451,452,-1,452,451,453,-1,452,453,454,-1,454,453,455,-1,454,455,456,-1,456,455,457,-1,456,457,458,-1,458,457,459,-1,458,459,90,-1,90,459,460,-1,90,460,91,-1,323,18,324,-1,324,18,32,-1,324,32,461,-1,461,32,462,-1,461,462,463,-1,463,462,464,-1,463,464,465,-1,465,464,466,-1,465,466,440,-1,440,466,467,-1,440,467,441,-1,316,468,317,-1,317,468,469,-1,317,469,470,-1,470,469,471,-1,470,471,472,-1,472,471,473,-1,472,473,474,-1,474,473,475,-1,474,475,476,-1,476,475,477,-1,476,477,437,-1,437,477,478,-1,437,478,438,-1,479,480,481,-1,482,483,484,-1,290,288,485,-1,250,248,486,-1,23,462,32,-1,487,488,489,-1,462,23,464,-1,23,22,464,-1,464,22,490,-1,464,490,466,-1,490,487,466,-1,466,487,489,-1,466,489,467,-1,467,489,491,-1,467,491,441,-1,492,445,491,-1,491,445,443,-1,491,443,441,-1,493,449,492,-1,492,449,447,-1,492,447,445,-1,457,455,494,-1,494,455,453,-1,494,453,493,-1,493,453,451,-1,493,451,449,-1,457,494,459,-1,459,494,495,-1,459,495,460,-1,460,495,91,-1,91,495,496,-1,91,496,93,-1,93,496,95,-1,95,496,497,-1,95,497,244,-1,486,248,497,-1,497,248,246,-1,497,246,244,-1,250,486,279,-1,279,486,498,-1,279,498,280,-1,280,498,282,-1,282,498,499,-1,282,499,284,-1,485,288,499,-1,499,288,286,-1,499,286,284,-1,290,485,291,-1,291,485,500,-1,291,500,241,-1,241,501,239,-1,239,501,1,-1,239,1,237,-1,237,1,0,-1,237,0,232,-1,502,503,500,-1,500,503,504,-1,500,504,241,-1,241,504,505,-1,241,505,501,-1,482,506,483,-1,483,506,507,-1,483,507,508,-1,509,510,511,-1,510,512,511,-1,511,512,513,-1,511,513,514,-1,515,516,517,-1,517,516,518,-1,517,518,519,-1,520,521,522,-1,522,521,523,-1,524,525,479,-1,479,481,524,-1,524,481,526,-1,524,526,527,-1,527,526,528,-1,527,528,529,-1,529,528,530,-1,529,530,531,-1,531,530,532,-1,531,532,533,-1,533,532,534,-1,533,534,535,-1,535,534,536,-1,535,536,537,-1,537,536,538,-1,537,538,539,-1,539,538,540,-1,539,540,541,-1,541,540,542,-1,541,542,543,-1,543,542,544,-1,543,544,545,-1,546,547,544,-1,544,547,548,-1,544,548,545,-1,545,548,549,-1,545,549,550,-1,551,552,553,-1,553,552,554,-1,555,556,557,-1,557,556,558,-1,557,558,559,-1,560,561,562,-1,562,561,563,-1,562,563,564,-1,565,566,567,-1,567,566,568,-1,567,568,569,-1,480,520,481,-1,481,520,522,-1,481,522,526,-1,526,522,570,-1,526,570,528,-1,528,570,571,-1,528,571,530,-1,530,571,572,-1,530,572,532,-1,532,572,573,-1,532,573,534,-1,534,573,574,-1,534,574,536,-1,536,574,575,-1,536,575,538,-1,538,575,576,-1,538,576,540,-1,540,576,577,-1,540,577,542,-1,542,577,578,-1,542,578,544,-1,544,578,553,-1,544,553,546,-1,546,553,554,-1,523,515,522,-1,522,515,517,-1,522,517,570,-1,570,517,579,-1,570,579,571,-1,571,579,580,-1,571,580,572,-1,572,580,581,-1,572,581,573,-1,573,581,582,-1,573,582,574,-1,574,582,583,-1,574,583,575,-1,575,583,584,-1,575,584,576,-1,576,584,585,-1,576,585,577,-1,577,585,586,-1,577,586,578,-1,578,586,587,-1,578,587,553,-1,553,587,557,-1,553,557,551,-1,551,557,559,-1,519,509,517,-1,517,509,511,-1,517,511,579,-1,579,511,588,-1,579,588,580,-1,580,588,589,-1,580,589,581,-1,581,589,590,-1,581,590,582,-1,582,590,591,-1,582,591,583,-1,583,591,592,-1,583,592,584,-1,584,592,593,-1,584,593,585,-1,585,593,594,-1,585,594,586,-1,586,594,595,-1,586,595,587,-1,587,595,596,-1,587,596,557,-1,557,596,562,-1,557,562,555,-1,555,562,564,-1,514,482,511,-1,511,482,484,-1,511,484,588,-1,588,484,597,-1,588,597,589,-1,589,597,598,-1,589,598,590,-1,590,598,599,-1,590,599,591,-1,591,599,600,-1,591,600,592,-1,592,600,601,-1,592,601,593,-1,593,601,602,-1,593,602,594,-1,594,602,603,-1,594,603,595,-1,595,603,604,-1,595,604,596,-1,596,604,605,-1,596,605,562,-1,562,605,606,-1,562,606,560,-1,560,606,567,-1,560,567,607,-1,607,567,569,-1,508,502,483,-1,483,502,500,-1,483,500,484,-1,484,500,485,-1,484,485,597,-1,597,485,499,-1,597,499,598,-1,598,499,498,-1,598,498,599,-1,599,498,486,-1,599,486,600,-1,600,486,497,-1,600,497,601,-1,601,497,496,-1,601,496,602,-1,602,496,495,-1,602,495,603,-1,603,495,494,-1,603,494,604,-1,604,494,493,-1,604,493,605,-1,605,493,492,-1,605,492,606,-1,606,492,491,-1,606,491,567,-1,567,491,489,-1,567,489,565,-1,565,489,488,-1,
        ]
    }
}
Shape{
    appearance Appearance {
        material  Material 	{
            diffuseColor 0.7529411764705882 0.7529411764705882 0.7529411764705882
            specularColor 0.3764705882352941 0.3764705882352941 0.3764705882352941
            ambientIntensity 0.2
            transparency 0
            shininess 0.5
        }
    }
    geometry IndexedFaceSet {
        ccw TRUE
        solid FALSE
        coord DEF co Coordinate {
            point [
                -3.1335 -1.795 -5.3575, -3.1281 -1.795 -5.3167, -3.1178 -1.7165 -5.3167, -3.1124 -1.795 -5.2787, -3.1026 -1.7206 -5.2787, -3.0874 -1.795 -5.2461, -3.0784 -1.7271 -5.2461, -3.0548 -1.795 -5.2211, -3.0469 -1.7355 -5.2211, -3.0168 -1.795 -5.2054, -3.0102 -1.7454 -5.2054, -2.976 -1.795 -5.2, -2.9709 -1.7559 -5.2, -2.9558 -1.7195 -5.2, -2.9911 -1.6991 -5.2054, -2.9318 -1.6882 -5.2, -2.9606 -1.6594 -5.2054, -2.9005 -1.6642 -5.2, -2.9209 -1.6289 -5.2054, -2.8641 -1.6491 -5.2, -2.8746 -1.6098 -5.2054, -2.825 -1.644 -5.2, -2.825 -1.6032 -5.2054, -2.7859 -1.6491 -5.2, -2.7754 -1.6098 -5.2054, -2.7495 -1.6642 -5.2, -2.7291 -1.6289 -5.2054, -2.7182 -1.6882 -5.2, -2.6894 -1.6594 -5.2054, -2.6942 -1.7195 -5.2, -2.6589 -1.6991 -5.2054, -2.6791 -1.7559 -5.2, -2.6398 -1.7454 -5.2054, -2.674 -1.795 -5.2, -2.6332 -1.795 -5.2054, -3.024 -1.6801 -5.2211, -2.9875 -1.6325 -5.2211, -2.9399 -1.596 -5.2211, -2.8845 -1.5731 -5.2211, -2.825 -1.5652 -5.2211, -2.7655 -1.5731 -5.2211, -2.7101 -1.596 -5.2211, -2.6625 -1.6325 -5.2211, -2.626 -1.6801 -5.2211, -2.6031 -1.7355 -5.2211, -2.5952 -1.795 -5.2211, -3.0522 -1.6638 -5.2461, -3.0105 -1.6095 -5.2461, -2.9562 -1.5678 -5.2461, -2.8929 -1.5416 -5.2461, -2.825 -1.5326 -5.2461, -2.7571 -1.5416 -5.2461, -2.6938 -1.5678 -5.2461, -2.6395 -1.6095 -5.2461, -2.5978 -1.6638 -5.2461, -2.5716 -1.7271 -5.2461, -2.5626 -1.795 -5.2461, -3.0739 -1.6513 -5.2787, -3.0282 -1.5918 -5.2787, -2.9687 -1.5461 -5.2787, -2.8994 -1.5174 -5.2787, -2.825 -1.5076 -5.2787, -2.7506 -1.5174 -5.2787, -2.6813 -1.5461 -5.2787, -2.6218 -1.5918 -5.2787, -2.5761 -1.6513 -5.2787, -2.5474 -1.7206 -5.2787, -2.5376 -1.795 -5.2787, -3.0875 -1.6434 -5.3167, -3.0393 -1.5807 -5.3167, -2.9766 -1.5325 -5.3167, -2.9035 -1.5022 -5.3167, -2.825 -1.4919 -5.3167, -2.7465 -1.5022 -5.3167, -2.6734 -1.5325 -5.3167, -2.6107 -1.5807 -5.3167, -2.5625 -1.6434 -5.3167, -2.5322 -1.7165 -5.3167, -2.5219 -1.795 -5.3167, -3.123 -1.7152 -5.3575, -3.0922 -1.6408 -5.3575, -3.0431 -1.5769 -5.3575, -2.9792 -1.5278 -5.3575, -2.9048 -1.497 -5.3575, -2.825 -1.4865 -5.3575, -2.7452 -1.497 -5.3575, -2.6707 -1.5278 -5.3575, -2.6069 -1.5769 -5.3575, -2.5578 -1.6408 -5.3575, -2.527 -1.7152 -5.3575, -2.5165 -1.795 -5.3575, -2.5322 -1.8735 -5.3167, -2.5474 -1.8694 -5.2787, -2.5716 -1.8629 -5.2461, -2.6031 -1.8545 -5.2211, -2.6398 -1.8446 -5.2054, -2.6791 -1.8341 -5.2, -2.6942 -1.8705 -5.2, -2.6589 -1.8909 -5.2054, -2.7182 -1.9018 -5.2, -2.6894 -1.9306 -5.2054, -2.7495 -1.9258 -5.2, -2.7291 -1.9611 -5.2054, -2.7859 -1.9409 -5.2, -2.7754 -1.9802 -5.2054, -2.825 -1.946 -5.2, -2.825 -1.9868 -5.2054, -2.8641 -1.9409 -5.2, -2.8746 -1.9802 -5.2054, -2.9005 -1.9258 -5.2, -2.9209 -1.9611 -5.2054, -2.9318 -1.9018 -5.2, -2.9606 -1.9306 -5.2054, -2.9558 -1.8705 -5.2, -2.9911 -1.8909 -5.2054, -2.9709 -1.8341 -5.2, -3.0102 -1.8446 -5.2054, -2.626 -1.9099 -5.2211, -2.6625 -1.9575 -5.2211, -2.7101 -1.994 -5.2211, -2.7655 -2.0169 -5.2211, -2.825 -2.0248 -5.2211, -2.8845 -2.0169 -5.2211, -2.9399 -1.994 -5.2211, -2.9875 -1.9575 -5.2211, -3.024 -1.9099 -5.2211, -3.0469 -1.8545 -5.2211, -2.5978 -1.9262 -5.2461, -2.6395 -1.9805 -5.2461, -2.6938 -2.0222 -5.2461, -2.7571 -2.0484 -5.2461, -2.825 -2.0574 -5.2461, -2.8929 -2.0484 -5.2461, -2.9562 -2.0222 -5.2461, -3.0105 -1.9805 -5.2461, -3.0522 -1.9262 -5.2461, -3.0784 -1.8629 -5.2461, -2.5761 -1.9387 -5.2787, -2.6218 -1.9982 -5.2787, -2.6813 -2.0439 -5.2787, -2.7506 -2.0726 -5.2787, -2.825 -2.0824 -5.2787, -2.8994 -2.0726 -5.2787, -2.9687 -2.0439 -5.2787, -3.0282 -1.9982 -5.2787, -3.0739 -1.9387 -5.2787, -3.1026 -1.8694 -5.2787, -2.5625 -1.9466 -5.3167, -2.6107 -2.0093 -5.3167, -2.6734 -2.0575 -5.3167, -2.7465 -2.0878 -5.3167, -2.825 -2.0981 -5.3167, -2.9035 -2.0878 -5.3167, -2.9766 -2.0575 -5.3167, -3.0393 -2.0093 -5.3167, -3.0875 -1.9466 -5.3167, -3.1178 -1.8735 -5.3167, -2.527 -1.8748 -5.3575, -2.5578 -1.9492 -5.3575, -2.6069 -2.0131 -5.3575, -2.6707 -2.0622 -5.3575, -2.7452 -2.093 -5.3575, -2.825 -2.1035 -5.3575, -2.9048 -2.093 -5.3575, -2.9792 -2.0622 -5.3575, -3.0431 -2.0131 -5.3575, -3.0922 -1.9492 -5.3575, -3.123 -1.8748 -5.3575, -1.3835 -1.795 -5.3575, -1.3781 -1.795 -5.3167, -1.3678 -1.7165 -5.3167, -1.3624 -1.795 -5.2787, -1.3526 -1.7206 -5.2787, -1.3374 -1.795 -5.2461, -1.3284 -1.7271 -5.2461, -1.3048 -1.795 -5.2211, -1.2969 -1.7355 -5.2211, -1.2668 -1.795 -5.2054, -1.2602 -1.7454 -5.2054, -1.226 -1.795 -5.2, -1.2209 -1.7559 -5.2, -1.2058 -1.7195 -5.2, -1.2411 -1.6991 -5.2054, -1.1818 -1.6882 -5.2, -1.2106 -1.6594 -5.2054, -1.1505 -1.6642 -5.2, -1.1709 -1.6289 -5.2054, -1.1141 -1.6491 -5.2, -1.1246 -1.6098 -5.2054, -1.075 -1.644 -5.2, -1.075 -1.6032 -5.2054, -1.0359 -1.6491 -5.2, -1.0254 -1.6098 -5.2054, -0.9995 -1.6642 -5.2, -0.9791 -1.6289 -5.2054, -0.9682 -1.6882 -5.2, -0.9394 -1.6594 -5.2054, -0.9442 -1.7195 -5.2, -0.9089 -1.6991 -5.2054, -0.9291 -1.7559 -5.2, -0.8898 -1.7454 -5.2054, -0.924 -1.795 -5.2, -0.8832 -1.795 -5.2054, -1.274 -1.6801 -5.2211, -1.2375 -1.6325 -5.2211, -1.1899 -1.596 -5.2211, -1.1345 -1.5731 -5.2211, -1.075 -1.5652 -5.2211, -1.0155 -1.5731 -5.2211, -0.9601 -1.596 -5.2211, -0.9125 -1.6325 -5.2211, -0.876 -1.6801 -5.2211, -0.8531 -1.7355 -5.2211, -0.8452 -1.795 -5.2211, -1.3022 -1.6638 -5.2461, -1.2605 -1.6095 -5.2461, -1.2062 -1.5678 -5.2461, -1.1429 -1.5416 -5.2461, -1.075 -1.5326 -5.2461, -1.0071 -1.5416 -5.2461, -0.9438 -1.5678 -5.2461, -0.8895 -1.6095 -5.2461, -0.8478 -1.6638 -5.2461, -0.8216 -1.7271 -5.2461, -0.8126 -1.795 -5.2461, -1.3239 -1.6513 -5.2787, -1.2782 -1.5918 -5.2787, -1.2187 -1.5461 -5.2787, -1.1494 -1.5174 -5.2787, -1.075 -1.5076 -5.2787, -1.0006 -1.5174 -5.2787, -0.9313 -1.5461 -5.2787, -0.8718 -1.5918 -5.2787, -0.8261 -1.6513 -5.2787, -0.7974 -1.7206 -5.2787, -0.7876 -1.795 -5.2787, -1.3375 -1.6434 -5.3167, -1.2893 -1.5807 -5.3167, -1.2266 -1.5325 -5.3167, -1.1535 -1.5022 -5.3167, -1.075 -1.4919 -5.3167, -0.9965 -1.5022 -5.3167, -0.9234 -1.5325 -5.3167, -0.8607 -1.5807 -5.3167, -0.8125 -1.6434 -5.3167, -0.7822 -1.7165 -5.3167, -0.7719 -1.795 -5.3167, -1.373 -1.7152 -5.3575, -1.3422 -1.6408 -5.3575, -1.2931 -1.5769 -5.3575, -1.2292 -1.5278 -5.3575, -1.1548 -1.497 -5.3575, -1.075 -1.4865 -5.3575, -0.9952 -1.497 -5.3575, -0.9207 -1.5278 -5.3575, -0.8569 -1.5769 -5.3575, -0.8078 -1.6408 -5.3575, -0.777 -1.7152 -5.3575, -0.7665 -1.795 -5.3575, -0.7822 -1.8735 -5.3167, -0.7974 -1.8694 -5.2787, -0.8216 -1.8629 -5.2461, -0.8531 -1.8545 -5.2211, -0.8898 -1.8446 -5.2054, -0.9291 -1.8341 -5.2, -0.9442 -1.8705 -5.2, -0.9089 -1.8909 -5.2054, -0.9682 -1.9018 -5.2, -0.9394 -1.9306 -5.2054, -0.9995 -1.9258 -5.2, -0.9791 -1.9611 -5.2054, -1.0359 -1.9409 -5.2, -1.0254 -1.9802 -5.2054, -1.075 -1.946 -5.2, -1.075 -1.9868 -5.2054, -1.1141 -1.9409 -5.2, -1.1246 -1.9802 -5.2054, -1.1505 -1.9258 -5.2, -1.1709 -1.9611 -5.2054, -1.1818 -1.9018 -5.2, -1.2106 -1.9306 -5.2054, -1.2058 -1.8705 -5.2, -1.2411 -1.8909 -5.2054, -1.2209 -1.8341 -5.2, -1.2602 -1.8446 -5.2054, -0.876 -1.9099 -5.2211, -0.9125 -1.9575 -5.2211, -0.9601 -1.994 -5.2211, -1.0155 -2.0169 -5.2211, -1.075 -2.0248 -5.2211, -1.1345 -2.0169 -5.2211, -1.1899 -1.994 -5.2211, -1.2375 -1.9575 -5.2211, -1.274 -1.9099 -5.2211, -1.2969 -1.8545 -5.2211, -0.8478 -1.9262 -5.2461, -0.8895 -1.9805 -5.2461, -0.9438 -2.0222 -5.2461, -1.0071 -2.0484 -5.2461, -1.075 -2.0574 -5.2461, -1.1429 -2.0484 -5.2461, -1.2062 -2.0222 -5.2461, -1.2605 -1.9805 -5.2461, -1.3022 -1.9262 -5.2461, -1.3284 -1.8629 -5.2461, -0.8261 -1.9387 -5.2787, -0.8718 -1.9982 -5.2787, -0.9313 -2.0439 -5.2787, -1.0006 -2.0726 -5.2787, -1.075 -2.0824 -5.2787, -1.1494 -2.0726 -5.2787, -1.2187 -2.0439 -5.2787, -1.2782 -1.9982 -5.2787, -1.3239 -1.9387 -5.2787, -1.3526 -1.8694 -5.2787, -0.8125 -1.9466 -5.3167, -0.8607 -2.0093 -5.3167, -0.9234 -2.0575 -5.3167, -0.9965 -2.0878 -5.3167, -1.075 -2.0981 -5.3167, -1.1535 -2.0878 -5.3167, -1.2266 -2.0575 -5.3167, -1.2893 -2.0093 -5.3167, -1.3375 -1.9466 -5.3167, -1.3678 -1.8735 -5.3167, -0.777 -1.8748 -5.3575, -0.8078 -1.9492 -5.3575, -0.8569 -2.0131 -5.3575, -0.9207 -2.0622 -5.3575, -0.9952 -2.093 -5.3575, -1.075 -2.1035 -5.3575, -1.1548 -2.093 -5.3575, -1.2292 -2.0622 -5.3575, -1.2931 -2.0131 -5.3575, -1.3422 -1.9492 -5.3575, -1.373 -1.8748 -5.3575, 0.7665 -1.795 -5.3575, 0.7719 -1.795 -5.3167, 0.7822 -1.7165 -5.3167, 0.7876 -1.795 -5.2787, 0.7974 -1.7206 -5.2787, 0.8126 -1.795 -5.2461, 0.8216 -1.7271 -5.2461, 0.8452 -1.795 -5.2211, 0.8531 -1.7355 -5.2211, 0.8832 -1.795 -5.2054, 0.8898 -1.7454 -5.2054, 0.924 -1.795 -5.2, 0.9291 -1.7559 -5.2, 0.9442 -1.7195 -5.2, 0.9089 -1.6991 -5.2054, 0.9682 -1.6882 -5.2, 0.9394 -1.6594 -5.2054, 0.9995 -1.6642 -5.2, 0.9791 -1.6289 -5.2054, 1.0359 -1.6491 -5.2, 1.0254 -1.6098 -5.2054, 1.075 -1.644 -5.2, 1.075 -1.6032 -5.2054, 1.1141 -1.6491 -5.2, 1.1246 -1.6098 -5.2054, 1.1505 -1.6642 -5.2, 1.1709 -1.6289 -5.2054, 1.1818 -1.6882 -5.2, 1.2106 -1.6594 -5.2054, 1.2058 -1.7195 -5.2, 1.2411 -1.6991 -5.2054, 1.2209 -1.7559 -5.2, 1.2602 -1.7454 -5.2054, 1.226 -1.795 -5.2, 1.2668 -1.795 -5.2054, 0.876 -1.6801 -5.2211, 0.9125 -1.6325 -5.2211, 0.9601 -1.596 -5.2211, 1.0155 -1.5731 -5.2211, 1.075 -1.5652 -5.2211, 1.1345 -1.5731 -5.2211, 1.1899 -1.596 -5.2211, 1.2375 -1.6325 -5.2211, 1.274 -1.6801 -5.2211, 1.2969 -1.7355 -5.2211, 1.3048 -1.795 -5.2211, 0.8478 -1.6638 -5.2461, 0.8895 -1.6095 -5.2461, 0.9438 -1.5678 -5.2461, 1.0071 -1.5416 -5.2461, 1.075 -1.5326 -5.2461, 1.1429 -1.5416 -5.2461, 1.2062 -1.5678 -5.2461, 1.2605 -1.6095 -5.2461, 1.3022 -1.6638 -5.2461, 1.3284 -1.7271 -5.2461, 1.3374 -1.795 -5.2461, 0.8261 -1.6513 -5.2787, 0.8718 -1.5918 -5.2787, 0.9313 -1.5461 -5.2787, 1.0006 -1.5174 -5.2787, 1.075 -1.5076 -5.2787, 1.1494 -1.5174 -5.2787, 1.2187 -1.5461 -5.2787, 1.2782 -1.5918 -5.2787, 1.3239 -1.6513 -5.2787, 1.3526 -1.7206 -5.2787, 1.3624 -1.795 -5.2787, 0.8125 -1.6434 -5.3167, 0.8607 -1.5807 -5.3167, 0.9234 -1.5325 -5.3167, 0.9965 -1.5022 -5.3167, 1.075 -1.4919 -5.3167, 1.1535 -1.5022 -5.3167, 1.2266 -1.5325 -5.3167, 1.2893 -1.5807 -5.3167, 1.3375 -1.6434 -5.3167, 1.3678 -1.7165 -5.3167, 1.3781 -1.795 -5.3167, 0.777 -1.7152 -5.3575, 0.8078 -1.6408 -5.3575, 0.8569 -1.5769 -5.3575, 0.9207 -1.5278 -5.3575, 0.9952 -1.497 -5.3575, 1.075 -1.4865 -5.3575, 1.1548 -1.497 -5.3575, 1.2292 -1.5278 -5.3575, 1.2931 -1.5769 -5.3575, 1.3422 -1.6408 -5.3575, 1.373 -1.7152 -5.3575, 1.3835 -1.795 -5.3575, 1.3678 -1.8735 -5.3167, 1.3526 -1.8694 -5.2787, 1.3284 -1.8629 -5.2461, 1.2969 -1.8545 -5.2211, 1.2602 -1.8446 -5.2054, 1.2209 -1.8341 -5.2, 1.2058 -1.8705 -5.2, 1.2411 -1.8909 -5.2054, 1.1818 -1.9018 -5.2, 1.2106 -1.9306 -5.2054, 1.1505 -1.9258 -5.2, 1.1709 -1.9611 -5.2054, 1.1141 -1.9409 -5.2, 1.1246 -1.9802 -5.2054, 1.075 -1.946 -5.2, 1.075 -1.9868 -5.2054, 1.0359 -1.9409 -5.2, 1.0254 -1.9802 -5.2054, 0.9995 -1.9258 -5.2, 0.9791 -1.9611 -5.2054, 0.9682 -1.9018 -5.2, 0.9394 -1.9306 -5.2054, 0.9442 -1.8705 -5.2, 0.9089 -1.8909 -5.2054, 0.9291 -1.8341 -5.2, 0.8898 -1.8446 -5.2054, 1.274 -1.9099 -5.2211, 1.2375 -1.9575 -5.2211, 1.1899 -1.994 -5.2211, 1.1345 -2.0169 -5.2211, 1.075 -2.0248 -5.2211, 1.0155 -2.0169 -5.2211, 0.9601 -1.994 -5.2211, 0.9125 -1.9575 -5.2211, 0.876 -1.9099 -5.2211, 0.8531 -1.8545 -5.2211, 1.3022 -1.9262 -5.2461, 1.2605 -1.9805 -5.2461, 1.2062 -2.0222 -5.2461, 1.1429 -2.0484 -5.2461, 1.075 -2.0574 -5.2461, 1.0071 -2.0484 -5.2461, 0.9438 -2.0222 -5.2461, 0.8895 -1.9805 -5.2461, 0.8478 -1.9262 -5.2461, 0.8216 -1.8629 -5.2461, 1.3239 -1.9387 -5.2787, 1.2782 -1.9982 -5.2787, 1.2187 -2.0439 -5.2787, 1.1494 -2.0726 -5.2787, 1.075 -2.0824 -5.2787, 1.0006 -2.0726 -5.2787, 0.9313 -2.0439 -5.2787, 0.8718 -1.9982 -5.2787, 0.8261 -1.9387 -5.2787, 0.7974 -1.8694 -5.2787, 1.3375 -1.9466 -5.3167, 1.2893 -2.0093 -5.3167, 1.2266 -2.0575 -5.3167, 1.1535 -2.0878 -5.3167, 1.075 -2.0981 -5.3167, 0.9965 -2.0878 -5.3167, 0.9234 -2.0575 -5.3167, 0.8607 -2.0093 -5.3167, 0.8125 -1.9466 -5.3167, 0.7822 -1.8735 -5.3167, 1.373 -1.8748 -5.3575, 1.3422 -1.9492 -5.3575, 1.2931 -2.0131 -5.3575, 1.2292 -2.0622 -5.3575, 1.1548 -2.093 -5.3575, 1.075 -2.1035 -5.3575, 0.9952 -2.093 -5.3575, 0.9207 -2.0622 -5.3575, 0.8569 -2.0131 -5.3575, 0.8078 -1.9492 -5.3575, 0.777 -1.8748 -5.3575, 2.5165 -1.795 -5.3575, 2.5219 -1.795 -5.3167, 2.5322 -1.7165 -5.3167, 2.5376 -1.795 -5.2787, 2.5474 -1.7206 -5.2787, 2.5626 -1.795 -5.2461, 2.5716 -1.7271 -5.2461, 2.5952 -1.795 -5.2211, 2.6031 -1.7355 -5.2211, 2.6332 -1.795 -5.2054, 2.6398 -1.7454 -5.2054, 2.674 -1.795 -5.2, 2.6791 -1.7559 -5.2, 2.6942 -1.7195 -5.2, 2.6589 -1.6991 -5.2054, 2.7182 -1.6882 -5.2, 2.6894 -1.6594 -5.2054, 2.7495 -1.6642 -5.2, 2.7291 -1.6289 -5.2054, 2.7859 -1.6491 -5.2, 2.7754 -1.6098 -5.2054, 2.825 -1.644 -5.2, 2.825 -1.6032 -5.2054, 2.8641 -1.6491 -5.2, 2.8746 -1.6098 -5.2054, 2.9005 -1.6642 -5.2, 2.9209 -1.6289 -5.2054, 2.9318 -1.6882 -5.2, 2.9606 -1.6594 -5.2054, 2.9558 -1.7195 -5.2, 2.9911 -1.6991 -5.2054, 2.9709 -1.7559 -5.2, 3.0102 -1.7454 -5.2054, 2.976 -1.795 -5.2, 3.0168 -1.795 -5.2054, 2.626 -1.6801 -5.2211, 2.6625 -1.6325 -5.2211, 2.7101 -1.596 -5.2211, 2.7655 -1.5731 -5.2211, 2.825 -1.5652 -5.2211, 2.8845 -1.5731 -5.2211, 2.9399 -1.596 -5.2211, 2.9875 -1.6325 -5.2211, 3.024 -1.6801 -5.2211, 3.0469 -1.7355 -5.2211, 3.0548 -1.795 -5.2211, 2.5978 -1.6638 -5.2461, 2.6395 -1.6095 -5.2461, 2.6938 -1.5678 -5.2461, 2.7571 -1.5416 -5.2461, 2.825 -1.5326 -5.2461, 2.8929 -1.5416 -5.2461, 2.9562 -1.5678 -5.2461, 3.0105 -1.6095 -5.2461, 3.0522 -1.6638 -5.2461, 3.0784 -1.7271 -5.2461, 3.0874 -1.795 -5.2461, 2.5761 -1.6513 -5.2787, 2.6218 -1.5918 -5.2787, 2.6813 -1.5461 -5.2787, 2.7506 -1.5174 -5.2787, 2.825 -1.5076 -5.2787, 2.8994 -1.5174 -5.2787, 2.9687 -1.5461 -5.2787, 3.0282 -1.5918 -5.2787, 3.0739 -1.6513 -5.2787, 3.1026 -1.7206 -5.2787, 3.1124 -1.795 -5.2787, 2.5625 -1.6434 -5.3167, 2.6107 -1.5807 -5.3167, 2.6734 -1.5325 -5.3167, 2.7465 -1.5022 -5.3167, 2.825 -1.4919 -5.3167, 2.9035 -1.5022 -5.3167, 2.9766 -1.5325 -5.3167, 3.0393 -1.5807 -5.3167, 3.0875 -1.6434 -5.3167, 3.1178 -1.7165 -5.3167, 3.1281 -1.795 -5.3167, 2.527 -1.7152 -5.3575, 2.5578 -1.6408 -5.3575, 2.6069 -1.5769 -5.3575, 2.6707 -1.5278 -5.3575, 2.7452 -1.497 -5.3575, 2.825 -1.4865 -5.3575, 2.9048 -1.497 -5.3575, 2.9792 -1.5278 -5.3575, 3.0431 -1.5769 -5.3575, 3.0922 -1.6408 -5.3575, 3.123 -1.7152 -5.3575, 3.1335 -1.795 -5.3575, 3.1178 -1.8735 -5.3167, 3.1026 -1.8694 -5.2787, 3.0784 -1.8629 -5.2461, 3.0469 -1.8545 -5.2211, 3.0102 -1.8446 -5.2054, 2.9709 -1.8341 -5.2, 2.9558 -1.8705 -5.2, 2.9911 -1.8909 -5.2054, 2.9318 -1.9018 -5.2, 2.9606 -1.9306 -5.2054, 2.9005 -1.9258 -5.2, 2.9209 -1.9611 -5.2054, 2.8641 -1.9409 -5.2, 2.8746 -1.9802 -5.2054, 2.825 -1.946 -5.2, 2.825 -1.9868 -5.2054, 2.7859 -1.9409 -5.2, 2.7754 -1.9802 -5.2054, 2.7495 -1.9258 -5.2, 2.7291 -1.9611 -5.2054, 2.7182 -1.9018 -5.2, 2.6894 -1.9306 -5.2054, 2.6942 -1.8705 -5.2, 2.6589 -1.8909 -5.2054, 2.6791 -1.8341 -5.2, 2.6398 -1.8446 -5.2054, 3.024 -1.9099 -5.2211, 2.9875 -1.9575 -5.2211, 2.9399 -1.994 -5.2211, 2.8845 -2.0169 -5.2211, 2.825 -2.0248 -5.2211, 2.7655 -2.0169 -5.2211, 2.7101 -1.994 -5.2211, 2.6625 -1.9575 -5.2211, 2.626 -1.9099 -5.2211, 2.6031 -1.8545 -5.2211, 3.0522 -1.9262 -5.2461, 3.0105 -1.9805 -5.2461, 2.9562 -2.0222 -5.2461, 2.8929 -2.0484 -5.2461, 2.825 -2.0574 -5.2461, 2.7571 -2.0484 -5.2461, 2.6938 -2.0222 -5.2461, 2.6395 -1.9805 -5.2461, 2.5978 -1.9262 -5.2461, 2.5716 -1.8629 -5.2461, 3.0739 -1.9387 -5.2787, 3.0282 -1.9982 -5.2787, 2.9687 -2.0439 -5.2787, 2.8994 -2.0726 -5.2787, 2.825 -2.0824 -5.2787, 2.7506 -2.0726 -5.2787, 2.6813 -2.0439 -5.2787, 2.6218 -1.9982 -5.2787, 2.5761 -1.9387 -5.2787, 2.5474 -1.8694 -5.2787, 3.0875 -1.9466 -5.3167, 3.0393 -2.0093 -5.3167, 2.9766 -2.0575 -5.3167, 2.9035 -2.0878 -5.3167, 2.825 -2.0981 -5.3167, 2.7465 -2.0878 -5.3167, 2.6734 -2.0575 -5.3167, 2.6107 -2.0093 -5.3167, 2.5625 -1.9466 -5.3167, 2.5322 -1.8735 -5.3167, 3.123 -1.8748 -5.3575, 3.0922 -1.9492 -5.3575, 3.0431 -2.0131 -5.3575, 2.9792 -2.0622 -5.3575, 2.9048 -2.093 -5.3575, 2.825 -2.1035 -5.3575, 2.7452 -2.093 -5.3575, 2.6707 -2.0622 -5.3575, 2.6069 -2.0131 -5.3575, 2.5578 -1.9492 -5.3575, 2.527 -1.8748 -5.3575, 2.5165 1.795 -5.3575, 2.5219 1.795 -5.3167, 2.5322 1.8735 -5.3167, 2.5376 1.795 -5.2787, 2.5474 1.8694 -5.2787, 2.5626 1.795 -5.2461, 2.5716 1.8629 -5.2461, 2.5952 1.795 -5.2211, 2.6031 1.8545 -5.2211, 2.6332 1.795 -5.2054, 2.6398 1.8446 -5.2054, 2.674 1.795 -5.2, 2.6791 1.8341 -5.2, 2.6942 1.8705 -5.2, 2.6589 1.8909 -5.2054, 2.7182 1.9018 -5.2, 2.6894 1.9306 -5.2054, 2.7495 1.9258 -5.2, 2.7291 1.9611 -5.2054, 2.7859 1.9409 -5.2, 2.7754 1.9802 -5.2054, 2.825 1.946 -5.2, 2.825 1.9868 -5.2054, 2.8641 1.9409 -5.2, 2.8746 1.9802 -5.2054, 2.9005 1.9258 -5.2, 2.9209 1.9611 -5.2054, 2.9318 1.9018 -5.2, 2.9606 1.9306 -5.2054, 2.9558 1.8705 -5.2, 2.9911 1.8909 -5.2054, 2.9709 1.8341 -5.2, 3.0102 1.8446 -5.2054, 2.976 1.795 -5.2, 3.0168 1.795 -5.2054, 2.626 1.9099 -5.2211, 2.6625 1.9575 -5.2211, 2.7101 1.994 -5.2211, 2.7655 2.0169 -5.2211, 2.825 2.0248 -5.2211, 2.8845 2.0169 -5.2211, 2.9399 1.994 -5.2211, 2.9875 1.9575 -5.2211, 3.024 1.9099 -5.2211, 3.0469 1.8545 -5.2211, 3.0548 1.795 -5.2211, 2.5978 1.9262 -5.2461, 2.6395 1.9805 -5.2461, 2.6938 2.0222 -5.2461, 2.7571 2.0484 -5.2461, 2.825 2.0574 -5.2461, 2.8929 2.0484 -5.2461, 2.9562 2.0222 -5.2461, 3.0105 1.9805 -5.2461, 3.0522 1.9262 -5.2461, 3.0784 1.8629 -5.2461, 3.0874 1.795 -5.2461, 2.5761 1.9387 -5.2787, 2.6218 1.9982 -5.2787, 2.6813 2.0439 -5.2787, 2.7506 2.0726 -5.2787, 2.825 2.0824 -5.2787, 2.8994 2.0726 -5.2787, 2.9687 2.0439 -5.2787, 3.0282 1.9982 -5.2787, 3.0739 1.9387 -5.2787, 3.1026 1.8694 -5.2787, 3.1124 1.795 -5.2787, 2.5625 1.9466 -5.3167, 2.6107 2.0093 -5.3167, 2.6734 2.0575 -5.3167, 2.7465 2.0878 -5.3167, 2.825 2.0981 -5.3167, 2.9035 2.0878 -5.3167, 2.9766 2.0575 -5.3167, 3.0393 2.0093 -5.3167, 3.0875 1.9466 -5.3167, 3.1178 1.8735 -5.3167, 3.1281 1.795 -5.3167, 2.527 1.8748 -5.3575, 2.5578 1.9492 -5.3575, 2.6069 2.0131 -5.3575, 2.6707 2.0622 -5.3575, 2.7452 2.093 -5.3575, 2.825 2.1035 -5.3575, 2.9048 2.093 -5.3575, 2.9792 2.0622 -5.3575, 3.0431 2.0131 -5.3575, 3.0922 1.9492 -5.3575, 3.123 1.8748 -5.3575, 3.1335 1.795 -5.3575, 3.1178 1.7165 -5.3167, 3.1026 1.7206 -5.2787, 3.0784 1.7271 -5.2461, 3.0469 1.7355 -5.2211, 3.0102 1.7454 -5.2054, 2.9709 1.7559 -5.2, 2.9558 1.7195 -5.2, 2.9911 1.6991 -5.2054, 2.9318 1.6882 -5.2, 2.9606 1.6594 -5.2054, 2.9005 1.6642 -5.2, 2.9209 1.6289 -5.2054, 2.8641 1.6491 -5.2, 2.8746 1.6098 -5.2054, 2.825 1.644 -5.2, 2.825 1.6032 -5.2054, 2.7859 1.6491 -5.2, 2.7754 1.6098 -5.2054, 2.7495 1.6642 -5.2, 2.7291 1.6289 -5.2054, 2.7182 1.6882 -5.2, 2.6894 1.6594 -5.2054, 2.6942 1.7195 -5.2, 2.6589 1.6991 -5.2054, 2.6791 1.7559 -5.2, 2.6398 1.7454 -5.2054, 3.024 1.6801 -5.2211, 2.9875 1.6325 -5.2211, 2.9399 1.596 -5.2211, 2.8845 1.5731 -5.2211, 2.825 1.5652 -5.2211, 2.7655 1.5731 -5.2211, 2.7101 1.596 -5.2211, 2.6625 1.6325 -5.2211, 2.626 1.6801 -5.2211, 2.6031 1.7355 -5.2211, 3.0522 1.6638 -5.2461, 3.0105 1.6095 -5.2461, 2.9562 1.5678 -5.2461, 2.8929 1.5416 -5.2461, 2.825 1.5326 -5.2461, 2.7571 1.5416 -5.2461, 2.6938 1.5678 -5.2461, 2.6395 1.6095 -5.2461, 2.5978 1.6638 -5.2461, 2.5716 1.7271 -5.2461, 3.0739 1.6513 -5.2787, 3.0282 1.5918 -5.2787, 2.9687 1.5461 -5.2787, 2.8994 1.5174 -5.2787, 2.825 1.5076 -5.2787, 2.7506 1.5174 -5.2787, 2.6813 1.5461 -5.2787, 2.6218 1.5918 -5.2787, 2.5761 1.6513 -5.2787, 2.5474 1.7206 -5.2787, 3.0875 1.6434 -5.3167, 3.0393 1.5807 -5.3167, 2.9766 1.5325 -5.3167, 2.9035 1.5022 -5.3167, 2.825 1.4919 -5.3167, 2.7465 1.5022 -5.3167, 2.6734 1.5325 -5.3167, 2.6107 1.5807 -5.3167, 2.5625 1.6434 -5.3167, 2.5322 1.7165 -5.3167, 3.123 1.7152 -5.3575, 3.0922 1.6408 -5.3575, 3.0431 1.5769 -5.3575, 2.9792 1.5278 -5.3575, 2.9048 1.497 -5.3575, 2.825 1.4865 -5.3575, 2.7452 1.497 -5.3575, 2.6707 1.5278 -5.3575, 2.6069 1.5769 -5.3575, 2.5578 1.6408 -5.3575, 2.527 1.7152 -5.3575, 0.7665 1.795 -5.3575, 0.7719 1.795 -5.3167, 0.7822 1.8735 -5.3167, 0.7876 1.795 -5.2787, 0.7974 1.8694 -5.2787, 0.8126 1.795 -5.2461, 0.8216 1.8629 -5.2461, 0.8452 1.795 -5.2211, 0.8531 1.8545 -5.2211, 0.8832 1.795 -5.2054, 0.8898 1.8446 -5.2054, 0.924 1.795 -5.2, 0.9291 1.8341 -5.2, 0.9442 1.8705 -5.2, 0.9089 1.8909 -5.2054, 0.9682 1.9018 -5.2, 0.9394 1.9306 -5.2054, 0.9995 1.9258 -5.2, 0.9791 1.9611 -5.2054, 1.0359 1.9409 -5.2, 1.0254 1.9802 -5.2054, 1.075 1.946 -5.2, 1.075 1.9868 -5.2054, 1.1141 1.9409 -5.2, 1.1246 1.9802 -5.2054, 1.1505 1.9258 -5.2, 1.1709 1.9611 -5.2054, 1.1818 1.9018 -5.2, 1.2106 1.9306 -5.2054, 1.2058 1.8705 -5.2, 1.2411 1.8909 -5.2054, 1.2209 1.8341 -5.2, 1.2602 1.8446 -5.2054, 1.226 1.795 -5.2, 1.2668 1.795 -5.2054, 0.876 1.9099 -5.2211, 0.9125 1.9575 -5.2211, 0.9601 1.994 -5.2211, 1.0155 2.0169 -5.2211, 1.075 2.0248 -5.2211, 1.1345 2.0169 -5.2211, 1.1899 1.994 -5.2211, 1.2375 1.9575 -5.2211, 1.274 1.9099 -5.2211, 1.2969 1.8545 -5.2211, 1.3048 1.795 -5.2211, 0.8478 1.9262 -5.2461, 0.8895 1.9805 -5.2461, 0.9438 2.0222 -5.2461, 1.0071 2.0484 -5.2461, 1.075 2.0574 -5.2461, 1.1429 2.0484 -5.2461, 1.2062 2.0222 -5.2461, 1.2605 1.9805 -5.2461, 1.3022 1.9262 -5.2461, 1.3284 1.8629 -5.2461, 1.3374 1.795 -5.2461, 0.8261 1.9387 -5.2787, 0.8718 1.9982 -5.2787, 0.9313 2.0439 -5.2787, 1.0006 2.0726 -5.2787, 1.075 2.0824 -5.2787, 1.1494 2.0726 -5.2787, 1.2187 2.0439 -5.2787, 1.2782 1.9982 -5.2787, 1.3239 1.9387 -5.2787, 1.3526 1.8694 -5.2787, 1.3624 1.795 -5.2787, 0.8125 1.9466 -5.3167, 0.8607 2.0093 -5.3167, 0.9234 2.0575 -5.3167, 0.9965 2.0878 -5.3167, 1.075 2.0981 -5.3167, 1.1535 2.0878 -5.3167, 1.2266 2.0575 -5.3167, 1.2893 2.0093 -5.3167, 1.3375 1.9466 -5.3167, 1.3678 1.8735 -5.3167, 1.3781 1.795 -5.3167, 0.777 1.8748 -5.3575, 0.8078 1.9492 -5.3575, 0.8569 2.0131 -5.3575, 0.9207 2.0622 -5.3575, 0.9952 2.093 -5.3575, 1.075 2.1035 -5.3575, 1.1548 2.093 -5.3575, 1.2292 2.0622 -5.3575, 1.2931 2.0131 -5.3575, 1.3422 1.9492 -5.3575, 1.373 1.8748 -5.3575, 1.3835 1.795 -5.3575, 1.3678 1.7165 -5.3167, 1.3526 1.7206 -5.2787, 1.3284 1.7271 -5.2461, 1.2969 1.7355 -5.2211, 1.2602 1.7454 -5.2054, 1.2209 1.7559 -5.2, 1.2058 1.7195 -5.2, 1.2411 1.6991 -5.2054, 1.1818 1.6882 -5.2, 1.2106 1.6594 -5.2054, 1.1505 1.6642 -5.2, 1.1709 1.6289 -5.2054, 1.1141 1.6491 -5.2, 1.1246 1.6098 -5.2054, 1.075 1.644 -5.2, 1.075 1.6032 -5.2054, 1.0359 1.6491 -5.2, 1.0254 1.6098 -5.2054, 0.9995 1.6642 -5.2, 0.9791 1.6289 -5.2054, 0.9682 1.6882 -5.2, 0.9394 1.6594 -5.2054, 0.9442 1.7195 -5.2, 0.9089 1.6991 -5.2054, 0.9291 1.7559 -5.2, 0.8898 1.7454 -5.2054, 1.274 1.6801 -5.2211, 1.2375 1.6325 -5.2211, 1.1899 1.596 -5.2211, 1.1345 1.5731 -5.2211, 1.075 1.5652 -5.2211, 1.0155 1.5731 -5.2211, 0.9601 1.596 -5.2211, 0.9125 1.6325 -5.2211, 0.876 1.6801 -5.2211, 0.8531 1.7355 -5.2211, 1.3022 1.6638 -5.2461, 1.2605 1.6095 -5.2461, 1.2062 1.5678 -5.2461, 1.1429 1.5416 -5.2461, 1.075 1.5326 -5.2461, 1.0071 1.5416 -5.2461, 0.9438 1.5678 -5.2461, 0.8895 1.6095 -5.2461, 0.8478 1.6638 -5.2461, 0.8216 1.7271 -5.2461, 1.3239 1.6513 -5.2787, 1.2782 1.5918 -5.2787, 1.2187 1.5461 -5.2787, 1.1494 1.5174 -5.2787, 1.075 1.5076 -5.2787, 1.0006 1.5174 -5.2787, 0.9313 1.5461 -5.2787, 0.8718 1.5918 -5.2787, 0.8261 1.6513 -5.2787, 0.7974 1.7206 -5.2787, 1.3375 1.6434 -5.3167, 1.2893 1.5807 -5.3167, 1.2266 1.5325 -5.3167, 1.1535 1.5022 -5.3167, 1.075 1.4919 -5.3167, 0.9965 1.5022 -5.3167, 0.9234 1.5325 -5.3167, 0.8607 1.5807 -5.3167, 0.8125 1.6434 -5.3167, 0.7822 1.7165 -5.3167, 1.373 1.7152 -5.3575, 1.3422 1.6408 -5.3575, 1.2931 1.5769 -5.3575, 1.2292 1.5278 -5.3575, 1.1548 1.497 -5.3575, 1.075 1.4865 -5.3575, 0.9952 1.497 -5.3575, 0.9207 1.5278 -5.3575, 0.8569 1.5769 -5.3575, 0.8078 1.6408 -5.3575, 0.777 1.7152 -5.3575, -1.3835 1.795 -5.3575, -1.3781 1.795 -5.3167, -1.3678 1.8735 -5.3167, -1.3624 1.795 -5.2787, -1.3526 1.8694 -5.2787, -1.3374 1.795 -5.2461, -1.3284 1.8629 -5.2461, -1.3048 1.795 -5.2211, -1.2969 1.8545 -5.2211, -1.2668 1.795 -5.2054, -1.2602 1.8446 -5.2054, -1.226 1.795 -5.2, -1.2209 1.8341 -5.2, -1.2058 1.8705 -5.2, -1.2411 1.8909 -5.2054, -1.1818 1.9018 -5.2, -1.2106 1.9306 -5.2054, -1.1505 1.9258 -5.2, -1.1709 1.9611 -5.2054, -1.1141 1.9409 -5.2, -1.1246 1.9802 -5.2054, -1.075 1.946 -5.2, -1.075 1.9868 -5.2054, -1.0359 1.9409 -5.2, -1.0254 1.9802 -5.2054, -0.9995 1.9258 -5.2, -0.9791 1.9611 -5.2054, -0.9682 1.9018 -5.2, -0.9394 1.9306 -5.2054, -0.9442 1.8705 -5.2, -0.9089 1.8909 -5.2054, -0.9291 1.8341 -5.2, -0.8898 1.8446 -5.2054, -0.924 1.795 -5.2, -0.8832 1.795 -5.2054, -1.274 1.9099 -5.2211, -1.2375 1.9575 -5.2211, -1.1899 1.994 -5.2211, -1.1345 2.0169 -5.2211, -1.075 2.0248 -5.2211, -1.0155 2.0169 -5.2211, -0.9601 1.994 -5.2211, -0.9125 1.9575 -5.2211, -0.876 1.9099 -5.2211, -0.8531 1.8545 -5.2211, -0.8452 1.795 -5.2211, -1.3022 1.9262 -5.2461, -1.2605 1.9805 -5.2461, -1.2062 2.0222 -5.2461, -1.1429 2.0484 -5.2461, -1.075 2.0574 -5.2461, -1.0071 2.0484 -5.2461, -0.9438 2.0222 -5.2461, -0.8895 1.9805 -5.2461, -0.8478 1.9262 -5.2461, -0.8216 1.8629 -5.2461, -0.8126 1.795 -5.2461, -1.3239 1.9387 -5.2787, -1.2782 1.9982 -5.2787, -1.2187 2.0439 -5.2787, -1.1494 2.0726 -5.2787, -1.075 2.0824 -5.2787, -1.0006 2.0726 -5.2787, -0.9313 2.0439 -5.2787, -0.8718 1.9982 -5.2787, -0.8261 1.9387 -5.2787, -0.7974 1.8694 -5.2787, -0.7876 1.795 -5.2787, -1.3375 1.9466 -5.3167, -1.2893 2.0093 -5.3167, -1.2266 2.0575 -5.3167, -1.1535 2.0878 -5.3167, -1.075 2.0981 -5.3167, -0.9965 2.0878 -5.3167, -0.9234 2.0575 -5.3167, -0.8607 2.0093 -5.3167, -0.8125 1.9466 -5.3167, -0.7822 1.8735 -5.3167, -0.7719 1.795 -5.3167, -1.373 1.8748 -5.3575, -1.3422 1.9492 -5.3575, -1.2931 2.0131 -5.3575, -1.2292 2.0622 -5.3575, -1.1548 2.093 -5.3575, -1.075 2.1035 -5.3575, -0.9952 2.093 -5.3575, -0.9207 2.0622 -5.3575, -0.8569 2.0131 -5.3575, -0.8078 1.9492 -5.3575, -0.777 1.8748 -5.3575, -0.7665 1.795 -5.3575, -0.7822 1.7165 -5.3167, -0.7974 1.7206 -5.2787, -0.8216 1.7271 -5.2461, -0.8531 1.7355 -5.2211, -0.8898 1.7454 -5.2054, -0.9291 1.7559 -5.2, -0.9442 1.7195 -5.2, -0.9089 1.6991 -5.2054, -0.9682 1.6882 -5.2, -0.9394 1.6594 -5.2054, -0.9995 1.6642 -5.2, -0.9791 1.6289 -5.2054, -1.0359 1.6491 -5.2, -1.0254 1.6098 -5.2054, -1.075 1.644 -5.2, -1.075 1.6032 -5.2054, -1.1141 1.6491 -5.2, -1.1246 1.6098 -5.2054, -1.1505 1.6642 -5.2, -1.1709 1.6289 -5.2054, -1.1818 1.6882 -5.2, -1.2106 1.6594 -5.2054, -1.2058 1.7195 -5.2, -1.2411 1.6991 -5.2054, -1.2209 1.7559 -5.2, -1.2602 1.7454 -5.2054, -0.876 1.6801 -5.2211, -0.9125 1.6325 -5.2211, -0.9601 1.596 -5.2211, -1.0155 1.5731 -5.2211, -1.075 1.5652 -5.2211, -1.1345 1.5731 -5.2211, -1.1899 1.596 -5.2211, -1.2375 1.6325 -5.2211, -1.274 1.6801 -5.2211, -1.2969 1.7355 -5.2211, -0.8478 1.6638 -5.2461, -0.8895 1.6095 -5.2461, -0.9438 1.5678 -5.2461, -1.0071 1.5416 -5.2461, -1.075 1.5326 -5.2461, -1.1429 1.5416 -5.2461, -1.2062 1.5678 -5.2461, -1.2605 1.6095 -5.2461, -1.3022 1.6638 -5.2461, -1.3284 1.7271 -5.2461, -0.8261 1.6513 -5.2787, -0.8718 1.5918 -5.2787, -0.9313 1.5461 -5.2787, -1.0006 1.5174 -5.2787, -1.075 1.5076 -5.2787, -1.1494 1.5174 -5.2787, -1.2187 1.5461 -5.2787, -1.2782 1.5918 -5.2787, -1.3239 1.6513 -5.2787, -1.3526 1.7206 -5.2787, -0.8125 1.6434 -5.3167, -0.8607 1.5807 -5.3167, -0.9234 1.5325 -5.3167, -0.9965 1.5022 -5.3167, -1.075 1.4919 -5.3167, -1.1535 1.5022 -5.3167, -1.2266 1.5325 -5.3167, -1.2893 1.5807 -5.3167, -1.3375 1.6434 -5.3167, -1.3678 1.7165 -5.3167, -0.777 1.7152 -5.3575, -0.8078 1.6408 -5.3575, -0.8569 1.5769 -5.3575, -0.9207 1.5278 -5.3575, -0.9952 1.497 -5.3575, -1.075 1.4865 -5.3575, -1.1548 1.497 -5.3575, -1.2292 1.5278 -5.3575, -1.2931 1.5769 -5.3575, -1.3422 1.6408 -5.3575, -1.373 1.7152 -5.3575, -3.1335 1.795 -5.3575, -3.1281 1.795 -5.3167, -3.1178 1.8735 -5.3167, -3.1124 1.795 -5.2787, -3.1026 1.8694 -5.2787, -3.0874 1.795 -5.2461, -3.0784 1.8629 -5.2461, -3.0548 1.795 -5.2211, -3.0469 1.8545 -5.2211, -3.0168 1.795 -5.2054, -3.0102 1.8446 -5.2054, -2.976 1.795 -5.2, -2.9709 1.8341 -5.2, -2.9558 1.8705 -5.2, -2.9911 1.8909 -5.2054, -2.9318 1.9018 -5.2, -2.9606 1.9306 -5.2054, -2.9005 1.9258 -5.2, -2.9209 1.9611 -5.2054, -2.8641 1.9409 -5.2, -2.8746 1.9802 -5.2054, -2.825 1.946 -5.2, -2.825 1.9868 -5.2054, -2.7859 1.9409 -5.2, -2.7754 1.9802 -5.2054, -2.7495 1.9258 -5.2, -2.7291 1.9611 -5.2054, -2.7182 1.9018 -5.2, -2.6894 1.9306 -5.2054, -2.6942 1.8705 -5.2, -2.6589 1.8909 -5.2054, -2.6791 1.8341 -5.2, -2.6398 1.8446 -5.2054, -2.674 1.795 -5.2, -2.6332 1.795 -5.2054, -3.024 1.9099 -5.2211, -2.9875 1.9575 -5.2211, -2.9399 1.994 -5.2211, -2.8845 2.0169 -5.2211, -2.825 2.0248 -5.2211, -2.7655 2.0169 -5.2211, -2.7101 1.994 -5.2211, -2.6625 1.9575 -5.2211, -2.626 1.9099 -5.2211, -2.6031 1.8545 -5.2211, -2.5952 1.795 -5.2211, -3.0522 1.9262 -5.2461, -3.0105 1.9805 -5.2461, -2.9562 2.0222 -5.2461, -2.8929 2.0484 -5.2461, -2.825 2.0574 -5.2461, -2.7571 2.0484 -5.2461, -2.6938 2.0222 -5.2461, -2.6395 1.9805 -5.2461, -2.5978 1.9262 -5.2461, -2.5716 1.8629 -5.2461, -2.5626 1.795 -5.2461, -3.0739 1.9387 -5.2787, -3.0282 1.9982 -5.2787, -2.9687 2.0439 -5.2787, -2.8994 2.0726 -5.2787, -2.825 2.0824 -5.2787, -2.7506 2.0726 -5.2787, -2.6813 2.0439 -5.2787, -2.6218 1.9982 -5.2787, -2.5761 1.9387 -5.2787, -2.5474 1.8694 -5.2787, -2.5376 1.795 -5.2787, -3.0875 1.9466 -5.3167, -3.0393 2.0093 -5.3167, -2.9766 2.0575 -5.3167, -2.9035 2.0878 -5.3167, -2.825 2.0981 -5.3167, -2.7465 2.0878 -5.3167, -2.6734 2.0575 -5.3167, -2.6107 2.0093 -5.3167, -2.5625 1.9466 -5.3167, -2.5322 1.8735 -5.3167, -2.5219 1.795 -5.3167, -3.123 1.8748 -5.3575, -3.0922 1.9492 -5.3575, -3.0431 2.0131 -5.3575, -2.9792 2.0622 -5.3575, -2.9048 2.093 -5.3575, -2.825 2.1035 -5.3575, -2.7452 2.093 -5.3575, -2.6707 2.0622 -5.3575, -2.6069 2.0131 -5.3575, -2.5578 1.9492 -5.3575, -2.527 1.8748 -5.3575, -2.5165 1.795 -5.3575, -2.5322 1.7165 -5.3167, -2.5474 1.7206 -5.2787, -2.5716 1.7271 -5.2461, -2.6031 1.7355 -5.2211, -2.6398 1.7454 -5.2054, -2.6791 1.7559 -5.2, -2.6942 1.7195 -5.2, -2.6589 1.6991 -5.2054, -2.7182 1.6882 -5.2, -2.6894 1.6594 -5.2054, -2.7495 1.6642 -5.2, -2.7291 1.6289 -5.2054, -2.7859 1.6491 -5.2, -2.7754 1.6098 -5.2054, -2.825 1.644 -5.2, -2.825 1.6032 -5.2054, -2.8641 1.6491 -5.2, -2.8746 1.6098 -5.2054, -2.9005 1.6642 -5.2, -2.9209 1.6289 -5.2054, -2.9318 1.6882 -5.2, -2.9606 1.6594 -5.2054, -2.9558 1.7195 -5.2, -2.9911 1.6991 -5.2054, -2.9709 1.7559 -5.2, -3.0102 1.7454 -5.2054, -2.626 1.6801 -5.2211, -2.6625 1.6325 -5.2211, -2.7101 1.596 -5.2211, -2.7655 1.5731 -5.2211, -2.825 1.5652 -5.2211, -2.8845 1.5731 -5.2211, -2.9399 1.596 -5.2211, -2.9875 1.6325 -5.2211, -3.024 1.6801 -5.2211, -3.0469 1.7355 -5.2211, -2.5978 1.6638 -5.2461, -2.6395 1.6095 -5.2461, -2.6938 1.5678 -5.2461, -2.7571 1.5416 -5.2461, -2.825 1.5326 -5.2461, -2.8929 1.5416 -5.2461, -2.9562 1.5678 -5.2461, -3.0105 1.6095 -5.2461, -3.0522 1.6638 -5.2461, -3.0784 1.7271 -5.2461, -2.5761 1.6513 -5.2787, -2.6218 1.5918 -5.2787, -2.6813 1.5461 -5.2787, -2.7506 1.5174 -5.2787, -2.825 1.5076 -5.2787, -2.8994 1.5174 -5.2787, -2.9687 1.5461 -5.2787, -3.0282 1.5918 -5.2787, -3.0739 1.6513 -5.2787, -3.1026 1.7206 -5.2787, -2.5625 1.6434 -5.3167, -2.6107 1.5807 -5.3167, -2.6734 1.5325 -5.3167, -2.7465 1.5022 -5.3167, -2.825 1.4919 -5.3167, -2.9035 1.5022 -5.3167, -2.9766 1.5325 -5.3167, -3.0393 1.5807 -5.3167, -3.0875 1.6434 -5.3167, -3.1178 1.7165 -5.3167, -2.527 1.7152 -5.3575, -2.5578 1.6408 -5.3575, -2.6069 1.5769 -5.3575, -2.6707 1.5278 -5.3575, -2.7452 1.497 -5.3575, -2.825 1.4865 -5.3575, -2.9048 1.497 -5.3575, -2.9792 1.5278 -5.3575, -3.0431 1.5769 -5.3575, -3.0922 1.6408 -5.3575, -3.123 1.7152 -5.3575, -2.5165 1.795 -12.9125, -2.5322 1.8735 -12.9533, -2.527 1.8748 -12.9125, -2.5625 1.9466 -12.9533, -2.5578 1.9492 -12.9125, -2.6107 2.0093 -12.9533, -2.6069 2.0131 -12.9125, -2.6734 2.0575 -12.9533, -2.6707 2.0622 -12.9125, -2.7465 2.0878 -12.9533, -2.7452 2.093 -12.9125, -2.825 2.0981 -12.9533, -2.825 2.1035 -12.9125, -2.9035 2.0878 -12.9533, -2.9048 2.093 -12.9125, -2.9766 2.0575 -12.9533, -2.9792 2.0622 -12.9125, -3.0393 2.0093 -12.9533, -3.0431 2.0131 -12.9125, -3.0875 1.9466 -12.9533, -3.0922 1.9492 -12.9125, -3.1178 1.8735 -12.9533, -3.123 1.8748 -12.9125, -3.1281 1.795 -12.9533, -3.1335 1.795 -12.9125, -3.1178 1.7165 -12.9533, -3.123 1.7152 -12.9125, -3.0875 1.6434 -12.9533, -3.0922 1.6408 -12.9125, -3.0393 1.5807 -12.9533, -3.0431 1.5769 -12.9125, -2.9766 1.5325 -12.9533, -2.9792 1.5278 -12.9125, -2.9035 1.5022 -12.9533, -2.9048 1.497 -12.9125, -2.825 1.4919 -12.9533, -2.825 1.4865 -12.9125, -2.7465 1.5022 -12.9533, -2.7452 1.497 -12.9125, -2.6734 1.5325 -12.9533, -2.6707 1.5278 -12.9125, -2.6107 1.5807 -12.9533, -2.6069 1.5769 -12.9125, -2.5625 1.6434 -12.9533, -2.5578 1.6408 -12.9125, -2.5322 1.7165 -12.9533, -2.527 1.7152 -12.9125, -2.5219 1.795 -12.9533, -2.5474 1.8694 -12.9913, -2.5761 1.9387 -12.9913, -2.6218 1.9982 -12.9913, -2.6813 2.0439 -12.9913, -2.7506 2.0726 -12.9913, -2.825 2.0824 -12.9913, -2.8994 2.0726 -12.9913, -2.9687 2.0439 -12.9913, -3.0282 1.9982 -12.9913, -3.0739 1.9387 -12.9913, -3.1026 1.8694 -12.9913, -3.1124 1.795 -12.9913, -3.1026 1.7206 -12.9913, -3.0739 1.6513 -12.9913, -3.0282 1.5918 -12.9913, -2.9687 1.5461 -12.9913, -2.8994 1.5174 -12.9913, -2.825 1.5076 -12.9913, -2.7506 1.5174 -12.9913, -2.6813 1.5461 -12.9913, -2.6218 1.5918 -12.9913, -2.5761 1.6513 -12.9913, -2.5474 1.7206 -12.9913, -2.5376 1.795 -12.9913, -2.5716 1.8629 -13.0239, -2.5978 1.9262 -13.0239, -2.6395 1.9805 -13.0239, -2.6938 2.0222 -13.0239, -2.7571 2.0484 -13.0239, -2.825 2.0574 -13.0239, -2.8929 2.0484 -13.0239, -2.9562 2.0222 -13.0239, -3.0105 1.9805 -13.0239, -3.0522 1.9262 -13.0239, -3.0784 1.8629 -13.0239, -3.0874 1.795 -13.0239, -3.0784 1.7271 -13.0239, -3.0522 1.6638 -13.0239, -3.0105 1.6095 -13.0239, -2.9562 1.5678 -13.0239, -2.8929 1.5416 -13.0239, -2.825 1.5326 -13.0239, -2.7571 1.5416 -13.0239, -2.6938 1.5678 -13.0239, -2.6395 1.6095 -13.0239, -2.5978 1.6638 -13.0239, -2.5716 1.7271 -13.0239, -2.5626 1.795 -13.0239, -2.6031 1.8545 -13.0489, -2.626 1.9099 -13.0489, -2.6625 1.9575 -13.0489, -2.7101 1.994 -13.0489, -2.7655 2.0169 -13.0489, -2.825 2.0248 -13.0489, -2.8845 2.0169 -13.0489, -2.9399 1.994 -13.0489, -2.9875 1.9575 -13.0489, -3.024 1.9099 -13.0489, -3.0469 1.8545 -13.0489, -3.0548 1.795 -13.0489, -3.0469 1.7355 -13.0489, -3.024 1.6801 -13.0489, -2.9875 1.6325 -13.0489, -2.9399 1.596 -13.0489, -2.8845 1.5731 -13.0489, -2.825 1.5652 -13.0489, -2.7655 1.5731 -13.0489, -2.7101 1.596 -13.0489, -2.6625 1.6325 -13.0489, -2.626 1.6801 -13.0489, -2.6031 1.7355 -13.0489, -2.5952 1.795 -13.0489, -2.6398 1.8446 -13.0646, -2.6589 1.8909 -13.0646, -2.6894 1.9306 -13.0646, -2.7291 1.9611 -13.0646, -2.7754 1.9802 -13.0646, -2.825 1.9868 -13.0646, -2.8746 1.9802 -13.0646, -2.9209 1.9611 -13.0646, -2.9606 1.9306 -13.0646, -2.9911 1.8909 -13.0646, -3.0102 1.8446 -13.0646, -3.0168 1.795 -13.0646, -3.0102 1.7454 -13.0646, -2.9911 1.6991 -13.0646, -2.9606 1.6594 -13.0646, -2.9209 1.6289 -13.0646, -2.8746 1.6098 -13.0646, -2.825 1.6032 -13.0646, -2.7754 1.6098 -13.0646, -2.7291 1.6289 -13.0646, -2.6894 1.6594 -13.0646, -2.6589 1.6991 -13.0646, -2.6398 1.7454 -13.0646, -2.6332 1.795 -13.0646, -2.6791 1.8341 -13.07, -2.6942 1.8705 -13.07, -2.7182 1.9018 -13.07, -2.7495 1.9258 -13.07, -2.7859 1.9409 -13.07, -2.825 1.946 -13.07, -2.8641 1.9409 -13.07, -2.9005 1.9258 -13.07, -2.9318 1.9018 -13.07, -2.9558 1.8705 -13.07, -2.9709 1.8341 -13.07, -2.976 1.795 -13.07, -2.9709 1.7559 -13.07, -2.9558 1.7195 -13.07, -2.9318 1.6882 -13.07, -2.9005 1.6642 -13.07, -2.8641 1.6491 -13.07, -2.825 1.644 -13.07, -2.7859 1.6491 -13.07, -2.7495 1.6642 -13.07, -2.7182 1.6882 -13.07, -2.6942 1.7195 -13.07, -2.6791 1.7559 -13.07, -2.674 1.795 -13.07, -2.5165 -1.795 -12.9125, -2.5322 -1.7165 -12.9533, -2.527 -1.7152 -12.9125, -2.5625 -1.6434 -12.9533, -2.5578 -1.6408 -12.9125, -2.6107 -1.5807 -12.9533, -2.6069 -1.5769 -12.9125, -2.6734 -1.5325 -12.9533, -2.6707 -1.5278 -12.9125, -2.7465 -1.5022 -12.9533, -2.7452 -1.497 -12.9125, -2.825 -1.4919 -12.9533, -2.825 -1.4865 -12.9125, -2.9035 -1.5022 -12.9533, -2.9048 -1.497 -12.9125, -2.9766 -1.5325 -12.9533, -2.9792 -1.5278 -12.9125, -3.0393 -1.5807 -12.9533, -3.0431 -1.5769 -12.9125, -3.0875 -1.6434 -12.9533, -3.0922 -1.6408 -12.9125, -3.1178 -1.7165 -12.9533, -3.123 -1.7152 -12.9125, -3.1281 -1.795 -12.9533, -3.1335 -1.795 -12.9125, -3.1178 -1.8735 -12.9533, -3.123 -1.8748 -12.9125, -3.0875 -1.9466 -12.9533, -3.0922 -1.9492 -12.9125, -3.0393 -2.0093 -12.9533, -3.0431 -2.0131 -12.9125, -2.9766 -2.0575 -12.9533, -2.9792 -2.0622 -12.9125, -2.9035 -2.0878 -12.9533, -2.9048 -2.093 -12.9125, -2.825 -2.0981 -12.9533, -2.825 -2.1035 -12.9125, -2.7465 -2.0878 -12.9533, -2.7452 -2.093 -12.9125, -2.6734 -2.0575 -12.9533, -2.6707 -2.0622 -12.9125, -2.6107 -2.0093 -12.9533, -2.6069 -2.0131 -12.9125, -2.5625 -1.9466 -12.9533, -2.5578 -1.9492 -12.9125, -2.5322 -1.8735 -12.9533, -2.527 -1.8748 -12.9125, -2.5219 -1.795 -12.9533, -2.5474 -1.7206 -12.9913, -2.5761 -1.6513 -12.9913, -2.6218 -1.5918 -12.9913, -2.6813 -1.5461 -12.9913, -2.7506 -1.5174 -12.9913, -2.825 -1.5076 -12.9913, -2.8994 -1.5174 -12.9913, -2.9687 -1.5461 -12.9913, -3.0282 -1.5918 -12.9913, -3.0739 -1.6513 -12.9913, -3.1026 -1.7206 -12.9913, -3.1124 -1.795 -12.9913, -3.1026 -1.8694 -12.9913, -3.0739 -1.9387 -12.9913, -3.0282 -1.9982 -12.9913, -2.9687 -2.0439 -12.9913, -2.8994 -2.0726 -12.9913, -2.825 -2.0824 -12.9913, -2.7506 -2.0726 -12.9913, -2.6813 -2.0439 -12.9913, -2.6218 -1.9982 -12.9913, -2.5761 -1.9387 -12.9913, -2.5474 -1.8694 -12.9913, -2.5376 -1.795 -12.9913, -2.5716 -1.7271 -13.0239, -2.5978 -1.6638 -13.0239, -2.6395 -1.6095 -13.0239, -2.6938 -1.5678 -13.0239, -2.7571 -1.5416 -13.0239, -2.825 -1.5326 -13.0239, -2.8929 -1.5416 -13.0239, -2.9562 -1.5678 -13.0239, -3.0105 -1.6095 -13.0239, -3.0522 -1.6638 -13.0239, -3.0784 -1.7271 -13.0239, -3.0874 -1.795 -13.0239, -3.0784 -1.8629 -13.0239, -3.0522 -1.9262 -13.0239, -3.0105 -1.9805 -13.0239, -2.9562 -2.0222 -13.0239, -2.8929 -2.0484 -13.0239, -2.825 -2.0574 -13.0239, -2.7571 -2.0484 -13.0239, -2.6938 -2.0222 -13.0239, -2.6395 -1.9805 -13.0239, -2.5978 -1.9262 -13.0239, -2.5716 -1.8629 -13.0239, -2.5626 -1.795 -13.0239, -2.6031 -1.7355 -13.0489, -2.626 -1.6801 -13.0489, -2.6625 -1.6325 -13.0489, -2.7101 -1.596 -13.0489, -2.7655 -1.5731 -13.0489, -2.825 -1.5652 -13.0489, -2.8845 -1.5731 -13.0489, -2.9399 -1.596 -13.0489, -2.9875 -1.6325 -13.0489, -3.024 -1.6801 -13.0489, -3.0469 -1.7355 -13.0489, -3.0548 -1.795 -13.0489, -3.0469 -1.8545 -13.0489, -3.024 -1.9099 -13.0489, -2.9875 -1.9575 -13.0489, -2.9399 -1.994 -13.0489, -2.8845 -2.0169 -13.0489, -2.825 -2.0248 -13.0489, -2.7655 -2.0169 -13.0489, -2.7101 -1.994 -13.0489, -2.6625 -1.9575 -13.0489, -2.626 -1.9099 -13.0489, -2.6031 -1.8545 -13.0489, -2.5952 -1.795 -13.0489, -2.6398 -1.7454 -13.0646, -2.6589 -1.6991 -13.0646, -2.6894 -1.6594 -13.0646, -2.7291 -1.6289 -13.0646, -2.7754 -1.6098 -13.0646, -2.825 -1.6032 -13.0646, -2.8746 -1.6098 -13.0646, -2.9209 -1.6289 -13.0646, -2.9606 -1.6594 -13.0646, -2.9911 -1.6991 -13.0646, -3.0102 -1.7454 -13.0646, -3.0168 -1.795 -13.0646, -3.0102 -1.8446 -13.0646, -2.9911 -1.8909 -13.0646, -2.9606 -1.9306 -13.0646, -2.9209 -1.9611 -13.0646, -2.8746 -1.9802 -13.0646, -2.825 -1.9868 -13.0646, -2.7754 -1.9802 -13.0646, -2.7291 -1.9611 -13.0646, -2.6894 -1.9306 -13.0646, -2.6589 -1.8909 -13.0646, -2.6398 -1.8446 -13.0646, -2.6332 -1.795 -13.0646, -2.6791 -1.7559 -13.07, -2.6942 -1.7195 -13.07, -2.7182 -1.6882 -13.07, -2.7495 -1.6642 -13.07, -2.7859 -1.6491 -13.07, -2.825 -1.644 -13.07, -2.8641 -1.6491 -13.07, -2.9005 -1.6642 -13.07, -2.9318 -1.6882 -13.07, -2.9558 -1.7195 -13.07, -2.9709 -1.7559 -13.07, -2.976 -1.795 -13.07, -2.9709 -1.8341 -13.07, -2.9558 -1.8705 -13.07, -2.9318 -1.9018 -13.07, -2.9005 -1.9258 -13.07, -2.8641 -1.9409 -13.07, -2.825 -1.946 -13.07, -2.7859 -1.9409 -13.07, -2.7495 -1.9258 -13.07, -2.7182 -1.9018 -13.07, -2.6942 -1.8705 -13.07, -2.6791 -1.8341 -13.07, -2.674 -1.795 -13.07, -0.7665 1.795 -12.9125, -0.7822 1.8735 -12.9533, -0.777 1.8748 -12.9125, -0.8125 1.9466 -12.9533, -0.8078 1.9492 -12.9125, -0.8607 2.0093 -12.9533, -0.8569 2.0131 -12.9125, -0.9234 2.0575 -12.9533, -0.9207 2.0622 -12.9125, -0.9965 2.0878 -12.9533, -0.9952 2.093 -12.9125, -1.075 2.0981 -12.9533, -1.075 2.1035 -12.9125, -1.1535 2.0878 -12.9533, -1.1548 2.093 -12.9125, -1.2266 2.0575 -12.9533, -1.2292 2.0622 -12.9125, -1.2893 2.0093 -12.9533, -1.2931 2.0131 -12.9125, -1.3375 1.9466 -12.9533, -1.3422 1.9492 -12.9125, -1.3678 1.8735 -12.9533, -1.373 1.8748 -12.9125, -1.3781 1.795 -12.9533, -1.3835 1.795 -12.9125, -1.3678 1.7165 -12.9533, -1.373 1.7152 -12.9125, -1.3375 1.6434 -12.9533, -1.3422 1.6408 -12.9125, -1.2893 1.5807 -12.9533, -1.2931 1.5769 -12.9125, -1.2266 1.5325 -12.9533, -1.2292 1.5278 -12.9125, -1.1535 1.5022 -12.9533, -1.1548 1.497 -12.9125, -1.075 1.4919 -12.9533, -1.075 1.4865 -12.9125, -0.9965 1.5022 -12.9533, -0.9952 1.497 -12.9125, -0.9234 1.5325 -12.9533, -0.9207 1.5278 -12.9125, -0.8607 1.5807 -12.9533, -0.8569 1.5769 -12.9125, -0.8125 1.6434 -12.9533, -0.8078 1.6408 -12.9125, -0.7822 1.7165 -12.9533, -0.777 1.7152 -12.9125, -0.7719 1.795 -12.9533, -0.7974 1.8694 -12.9913, -0.8261 1.9387 -12.9913, -0.8718 1.9982 -12.9913, -0.9313 2.0439 -12.9913, -1.0006 2.0726 -12.9913, -1.075 2.0824 -12.9913, -1.1494 2.0726 -12.9913, -1.2187 2.0439 -12.9913, -1.2782 1.9982 -12.9913, -1.3239 1.9387 -12.9913, -1.3526 1.8694 -12.9913, -1.3624 1.795 -12.9913, -1.3526 1.7206 -12.9913, -1.3239 1.6513 -12.9913, -1.2782 1.5918 -12.9913, -1.2187 1.5461 -12.9913, -1.1494 1.5174 -12.9913, -1.075 1.5076 -12.9913, -1.0006 1.5174 -12.9913, -0.9313 1.5461 -12.9913, -0.8718 1.5918 -12.9913, -0.8261 1.6513 -12.9913, -0.7974 1.7206 -12.9913, -0.7876 1.795 -12.9913, -0.8216 1.8629 -13.0239, -0.8478 1.9262 -13.0239, -0.8895 1.9805 -13.0239, -0.9438 2.0222 -13.0239, -1.0071 2.0484 -13.0239, -1.075 2.0574 -13.0239, -1.1429 2.0484 -13.0239, -1.2062 2.0222 -13.0239, -1.2605 1.9805 -13.0239, -1.3022 1.9262 -13.0239, -1.3284 1.8629 -13.0239, -1.3374 1.795 -13.0239, -1.3284 1.7271 -13.0239, -1.3022 1.6638 -13.0239, -1.2605 1.6095 -13.0239, -1.2062 1.5678 -13.0239, -1.1429 1.5416 -13.0239, -1.075 1.5326 -13.0239, -1.0071 1.5416 -13.0239, -0.9438 1.5678 -13.0239, -0.8895 1.6095 -13.0239, -0.8478 1.6638 -13.0239, -0.8216 1.7271 -13.0239, -0.8126 1.795 -13.0239, -0.8531 1.8545 -13.0489, -0.876 1.9099 -13.0489, -0.9125 1.9575 -13.0489, -0.9601 1.994 -13.0489, -1.0155 2.0169 -13.0489, -1.075 2.0248 -13.0489, -1.1345 2.0169 -13.0489, -1.1899 1.994 -13.0489, -1.2375 1.9575 -13.0489, -1.274 1.9099 -13.0489, -1.2969 1.8545 -13.0489, -1.3048 1.795 -13.0489, -1.2969 1.7355 -13.0489, -1.274 1.6801 -13.0489, -1.2375 1.6325 -13.0489, -1.1899 1.596 -13.0489, -1.1345 1.5731 -13.0489, -1.075 1.5652 -13.0489, -1.0155 1.5731 -13.0489, -0.9601 1.596 -13.0489, -0.9125 1.6325 -13.0489, -0.876 1.6801 -13.0489, -0.8531 1.7355 -13.0489, -0.8452 1.795 -13.0489, -0.8898 1.8446 -13.0646, -0.9089 1.8909 -13.0646, -0.9394 1.9306 -13.0646, -0.9791 1.9611 -13.0646, -1.0254 1.9802 -13.0646, -1.075 1.9868 -13.0646, -1.1246 1.9802 -13.0646, -1.1709 1.9611 -13.0646, -1.2106 1.9306 -13.0646, -1.2411 1.8909 -13.0646, -1.2602 1.8446 -13.0646, -1.2668 1.795 -13.0646, -1.2602 1.7454 -13.0646, -1.2411 1.6991 -13.0646, -1.2106 1.6594 -13.0646, -1.1709 1.6289 -13.0646, -1.1246 1.6098 -13.0646, -1.075 1.6032 -13.0646, -1.0254 1.6098 -13.0646, -0.9791 1.6289 -13.0646, -0.9394 1.6594 -13.0646, -0.9089 1.6991 -13.0646, -0.8898 1.7454 -13.0646, -0.8832 1.795 -13.0646, -0.9291 1.8341 -13.07, -0.9442 1.8705 -13.07, -0.9682 1.9018 -13.07, -0.9995 1.9258 -13.07, -1.0359 1.9409 -13.07, -1.075 1.946 -13.07, -1.1141 1.9409 -13.07, -1.1505 1.9258 -13.07, -1.1818 1.9018 -13.07, -1.2058 1.8705 -13.07, -1.2209 1.8341 -13.07, -1.226 1.795 -13.07, -1.2209 1.7559 -13.07, -1.2058 1.7195 -13.07, -1.1818 1.6882 -13.07, -1.1505 1.6642 -13.07, -1.1141 1.6491 -13.07, -1.075 1.644 -13.07, -1.0359 1.6491 -13.07, -0.9995 1.6642 -13.07, -0.9682 1.6882 -13.07, -0.9442 1.7195 -13.07, -0.9291 1.7559 -13.07, -0.924 1.795 -13.07, 3.1335 1.795 -12.9125, 3.1178 1.8735 -12.9533, 3.123 1.8748 -12.9125, 3.0875 1.9466 -12.9533, 3.0922 1.9492 -12.9125, 3.0393 2.0093 -12.9533, 3.0431 2.0131 -12.9125, 2.9766 2.0575 -12.9533, 2.9792 2.0622 -12.9125, 2.9035 2.0878 -12.9533, 2.9048 2.093 -12.9125, 2.825 2.0981 -12.9533, 2.825 2.1035 -12.9125, 2.7465 2.0878 -12.9533, 2.7452 2.093 -12.9125, 2.6734 2.0575 -12.9533, 2.6707 2.0622 -12.9125, 2.6107 2.0093 -12.9533, 2.6069 2.0131 -12.9125, 2.5625 1.9466 -12.9533, 2.5578 1.9492 -12.9125, 2.5322 1.8735 -12.9533, 2.527 1.8748 -12.9125, 2.5219 1.795 -12.9533, 2.5165 1.795 -12.9125, 2.5322 1.7165 -12.9533, 2.527 1.7152 -12.9125, 2.5625 1.6434 -12.9533, 2.5578 1.6408 -12.9125, 2.6107 1.5807 -12.9533, 2.6069 1.5769 -12.9125, 2.6734 1.5325 -12.9533, 2.6707 1.5278 -12.9125, 2.7465 1.5022 -12.9533, 2.7452 1.497 -12.9125, 2.825 1.4919 -12.9533, 2.825 1.4865 -12.9125, 2.9035 1.5022 -12.9533, 2.9048 1.497 -12.9125, 2.9766 1.5325 -12.9533, 2.9792 1.5278 -12.9125, 3.0393 1.5807 -12.9533, 3.0431 1.5769 -12.9125, 3.0875 1.6434 -12.9533, 3.0922 1.6408 -12.9125, 3.1178 1.7165 -12.9533, 3.123 1.7152 -12.9125, 3.1281 1.795 -12.9533, 3.1026 1.8694 -12.9913, 3.0739 1.9387 -12.9913, 3.0282 1.9982 -12.9913, 2.9687 2.0439 -12.9913, 2.8994 2.0726 -12.9913, 2.825 2.0824 -12.9913, 2.7506 2.0726 -12.9913, 2.6813 2.0439 -12.9913, 2.6218 1.9982 -12.9913, 2.5761 1.9387 -12.9913, 2.5474 1.8694 -12.9913, 2.5376 1.795 -12.9913, 2.5474 1.7206 -12.9913, 2.5761 1.6513 -12.9913, 2.6218 1.5918 -12.9913, 2.6813 1.5461 -12.9913, 2.7506 1.5174 -12.9913, 2.825 1.5076 -12.9913, 2.8994 1.5174 -12.9913, 2.9687 1.5461 -12.9913, 3.0282 1.5918 -12.9913, 3.0739 1.6513 -12.9913, 3.1026 1.7206 -12.9913, 3.1124 1.795 -12.9913, 3.0784 1.8629 -13.0239, 3.0522 1.9262 -13.0239, 3.0105 1.9805 -13.0239, 2.9562 2.0222 -13.0239, 2.8929 2.0484 -13.0239, 2.825 2.0574 -13.0239, 2.7571 2.0484 -13.0239, 2.6938 2.0222 -13.0239, 2.6395 1.9805 -13.0239, 2.5978 1.9262 -13.0239, 2.5716 1.8629 -13.0239, 2.5626 1.795 -13.0239, 2.5716 1.7271 -13.0239, 2.5978 1.6638 -13.0239, 2.6395 1.6095 -13.0239, 2.6938 1.5678 -13.0239, 2.7571 1.5416 -13.0239, 2.825 1.5326 -13.0239, 2.8929 1.5416 -13.0239, 2.9562 1.5678 -13.0239, 3.0105 1.6095 -13.0239, 3.0522 1.6638 -13.0239, 3.0784 1.7271 -13.0239, 3.0874 1.795 -13.0239, 3.0469 1.8545 -13.0489, 3.024 1.9099 -13.0489, 2.9875 1.9575 -13.0489, 2.9399 1.994 -13.0489, 2.8845 2.0169 -13.0489, 2.825 2.0248 -13.0489, 2.7655 2.0169 -13.0489, 2.7101 1.994 -13.0489, 2.6625 1.9575 -13.0489, 2.626 1.9099 -13.0489, 2.6031 1.8545 -13.0489, 2.5952 1.795 -13.0489, 2.6031 1.7355 -13.0489, 2.626 1.6801 -13.0489, 2.6625 1.6325 -13.0489, 2.7101 1.596 -13.0489, 2.7655 1.5731 -13.0489, 2.825 1.5652 -13.0489, 2.8845 1.5731 -13.0489, 2.9399 1.596 -13.0489, 2.9875 1.6325 -13.0489, 3.024 1.6801 -13.0489, 3.0469 1.7355 -13.0489, 3.0548 1.795 -13.0489, 3.0102 1.8446 -13.0646, 2.9911 1.8909 -13.0646, 2.9606 1.9306 -13.0646, 2.9209 1.9611 -13.0646, 2.8746 1.9802 -13.0646, 2.825 1.9868 -13.0646, 2.7754 1.9802 -13.0646, 2.7291 1.9611 -13.0646, 2.6894 1.9306 -13.0646, 2.6589 1.8909 -13.0646, 2.6398 1.8446 -13.0646, 2.6332 1.795 -13.0646, 2.6398 1.7454 -13.0646, 2.6589 1.6991 -13.0646, 2.6894 1.6594 -13.0646, 2.7291 1.6289 -13.0646, 2.7754 1.6098 -13.0646, 2.825 1.6032 -13.0646, 2.8746 1.6098 -13.0646, 2.9209 1.6289 -13.0646, 2.9606 1.6594 -13.0646, 2.9911 1.6991 -13.0646, 3.0102 1.7454 -13.0646, 3.0168 1.795 -13.0646, 2.9709 1.8341 -13.07, 2.9558 1.8705 -13.07, 2.9318 1.9018 -13.07, 2.9005 1.9258 -13.07, 2.8641 1.9409 -13.07, 2.825 1.946 -13.07, 2.7859 1.9409 -13.07, 2.7495 1.9258 -13.07, 2.7182 1.9018 -13.07, 2.6942 1.8705 -13.07, 2.6791 1.8341 -13.07, 2.674 1.795 -13.07, 2.6791 1.7559 -13.07, 2.6942 1.7195 -13.07, 2.7182 1.6882 -13.07, 2.7495 1.6642 -13.07, 2.7859 1.6491 -13.07, 2.825 1.644 -13.07, 2.8641 1.6491 -13.07, 2.9005 1.6642 -13.07, 2.9318 1.6882 -13.07, 2.9558 1.7195 -13.07, 2.9709 1.7559 -13.07, 2.976 1.795 -13.07, 1.3835 1.795 -12.9125, 1.3678 1.8735 -12.9533, 1.373 1.8748 -12.9125, 1.3375 1.9466 -12.9533, 1.3422 1.9492 -12.9125, 1.2893 2.0093 -12.9533, 1.2931 2.0131 -12.9125, 1.2266 2.0575 -12.9533, 1.2292 2.0622 -12.9125, 1.1535 2.0878 -12.9533, 1.1548 2.093 -12.9125, 1.075 2.0981 -12.9533, 1.075 2.1035 -12.9125, 0.9965 2.0878 -12.9533, 0.9952 2.093 -12.9125, 0.9234 2.0575 -12.9533, 0.9207 2.0622 -12.9125, 0.8607 2.0093 -12.9533, 0.8569 2.0131 -12.9125, 0.8125 1.9466 -12.9533, 0.8078 1.9492 -12.9125, 0.7822 1.8735 -12.9533, 0.777 1.8748 -12.9125, 0.7719 1.795 -12.9533, 0.7665 1.795 -12.9125, 0.7822 1.7165 -12.9533, 0.777 1.7152 -12.9125, 0.8125 1.6434 -12.9533, 0.8078 1.6408 -12.9125, 0.8607 1.5807 -12.9533, 0.8569 1.5769 -12.9125, 0.9234 1.5325 -12.9533, 0.9207 1.5278 -12.9125, 0.9965 1.5022 -12.9533, 0.9952 1.497 -12.9125, 1.075 1.4919 -12.9533, 1.075 1.4865 -12.9125, 1.1535 1.5022 -12.9533, 1.1548 1.497 -12.9125, 1.2266 1.5325 -12.9533, 1.2292 1.5278 -12.9125, 1.2893 1.5807 -12.9533, 1.2931 1.5769 -12.9125, 1.3375 1.6434 -12.9533, 1.3422 1.6408 -12.9125, 1.3678 1.7165 -12.9533, 1.373 1.7152 -12.9125, 1.3781 1.795 -12.9533, 1.3526 1.8694 -12.9913, 1.3239 1.9387 -12.9913, 1.2782 1.9982 -12.9913, 1.2187 2.0439 -12.9913, 1.1494 2.0726 -12.9913, 1.075 2.0824 -12.9913, 1.0006 2.0726 -12.9913, 0.9313 2.0439 -12.9913, 0.8718 1.9982 -12.9913, 0.8261 1.9387 -12.9913, 0.7974 1.8694 -12.9913, 0.7876 1.795 -12.9913, 0.7974 1.7206 -12.9913, 0.8261 1.6513 -12.9913, 0.8718 1.5918 -12.9913, 0.9313 1.5461 -12.9913, 1.0006 1.5174 -12.9913, 1.075 1.5076 -12.9913, 1.1494 1.5174 -12.9913, 1.2187 1.5461 -12.9913, 1.2782 1.5918 -12.9913, 1.3239 1.6513 -12.9913, 1.3526 1.7206 -12.9913, 1.3624 1.795 -12.9913, 1.3284 1.8629 -13.0239, 1.3022 1.9262 -13.0239, 1.2605 1.9805 -13.0239, 1.2062 2.0222 -13.0239, 1.1429 2.0484 -13.0239, 1.075 2.0574 -13.0239, 1.0071 2.0484 -13.0239, 0.9438 2.0222 -13.0239, 0.8895 1.9805 -13.0239, 0.8478 1.9262 -13.0239, 0.8216 1.8629 -13.0239, 0.8126 1.795 -13.0239, 0.8216 1.7271 -13.0239, 0.8478 1.6638 -13.0239, 0.8895 1.6095 -13.0239, 0.9438 1.5678 -13.0239, 1.0071 1.5416 -13.0239, 1.075 1.5326 -13.0239, 1.1429 1.5416 -13.0239, 1.2062 1.5678 -13.0239, 1.2605 1.6095 -13.0239, 1.3022 1.6638 -13.0239, 1.3284 1.7271 -13.0239, 1.3374 1.795 -13.0239, 1.2969 1.8545 -13.0489, 1.274 1.9099 -13.0489, 1.2375 1.9575 -13.0489, 1.1899 1.994 -13.0489, 1.1345 2.0169 -13.0489, 1.075 2.0248 -13.0489, 1.0155 2.0169 -13.0489, 0.9601 1.994 -13.0489, 0.9125 1.9575 -13.0489, 0.876 1.9099 -13.0489, 0.8531 1.8545 -13.0489, 0.8452 1.795 -13.0489, 0.8531 1.7355 -13.0489, 0.876 1.6801 -13.0489, 0.9125 1.6325 -13.0489, 0.9601 1.596 -13.0489, 1.0155 1.5731 -13.0489, 1.075 1.5652 -13.0489, 1.1345 1.5731 -13.0489, 1.1899 1.596 -13.0489, 1.2375 1.6325 -13.0489, 1.274 1.6801 -13.0489, 1.2969 1.7355 -13.0489, 1.3048 1.795 -13.0489, 1.2602 1.8446 -13.0646, 1.2411 1.8909 -13.0646, 1.2106 1.9306 -13.0646, 1.1709 1.9611 -13.0646, 1.1246 1.9802 -13.0646, 1.075 1.9868 -13.0646, 1.0254 1.9802 -13.0646, 0.9791 1.9611 -13.0646, 0.9394 1.9306 -13.0646, 0.9089 1.8909 -13.0646, 0.8898 1.8446 -13.0646, 0.8832 1.795 -13.0646, 0.8898 1.7454 -13.0646, 0.9089 1.6991 -13.0646, 0.9394 1.6594 -13.0646, 0.9791 1.6289 -13.0646, 1.0254 1.6098 -13.0646, 1.075 1.6032 -13.0646, 1.1246 1.6098 -13.0646, 1.1709 1.6289 -13.0646, 1.2106 1.6594 -13.0646, 1.2411 1.6991 -13.0646, 1.2602 1.7454 -13.0646, 1.2668 1.795 -13.0646, 1.2209 1.8341 -13.07, 1.2058 1.8705 -13.07, 1.1818 1.9018 -13.07, 1.1505 1.9258 -13.07, 1.1141 1.9409 -13.07, 1.075 1.946 -13.07, 1.0359 1.9409 -13.07, 0.9995 1.9258 -13.07, 0.9682 1.9018 -13.07, 0.9442 1.8705 -13.07, 0.9291 1.8341 -13.07, 0.924 1.795 -13.07, 0.9291 1.7559 -13.07, 0.9442 1.7195 -13.07, 0.9682 1.6882 -13.07, 0.9995 1.6642 -13.07, 1.0359 1.6491 -13.07, 1.075 1.644 -13.07, 1.1141 1.6491 -13.07, 1.1505 1.6642 -13.07, 1.1818 1.6882 -13.07, 1.2058 1.7195 -13.07, 1.2209 1.7559 -13.07, 1.226 1.795 -13.07, -0.7665 -1.795 -12.9125, -0.7822 -1.7165 -12.9533, -0.777 -1.7152 -12.9125, -0.8125 -1.6434 -12.9533, -0.8078 -1.6408 -12.9125, -0.8607 -1.5807 -12.9533, -0.8569 -1.5769 -12.9125, -0.9234 -1.5325 -12.9533, -0.9207 -1.5278 -12.9125, -0.9965 -1.5022 -12.9533, -0.9952 -1.497 -12.9125, -1.075 -1.4919 -12.9533, -1.075 -1.4865 -12.9125, -1.1535 -1.5022 -12.9533, -1.1548 -1.497 -12.9125, -1.2266 -1.5325 -12.9533, -1.2292 -1.5278 -12.9125, -1.2893 -1.5807 -12.9533, -1.2931 -1.5769 -12.9125, -1.3375 -1.6434 -12.9533, -1.3422 -1.6408 -12.9125, -1.3678 -1.7165 -12.9533, -1.373 -1.7152 -12.9125, -1.3781 -1.795 -12.9533, -1.3835 -1.795 -12.9125, -1.3678 -1.8735 -12.9533, -1.373 -1.8748 -12.9125, -1.3375 -1.9466 -12.9533, -1.3422 -1.9492 -12.9125, -1.2893 -2.0093 -12.9533, -1.2931 -2.0131 -12.9125, -1.2266 -2.0575 -12.9533, -1.2292 -2.0622 -12.9125, -1.1535 -2.0878 -12.9533, -1.1548 -2.093 -12.9125, -1.075 -2.0981 -12.9533, -1.075 -2.1035 -12.9125, -0.9965 -2.0878 -12.9533, -0.9952 -2.093 -12.9125, -0.9234 -2.0575 -12.9533, -0.9207 -2.0622 -12.9125, -0.8607 -2.0093 -12.9533, -0.8569 -2.0131 -12.9125, -0.8125 -1.9466 -12.9533, -0.8078 -1.9492 -12.9125, -0.7822 -1.8735 -12.9533, -0.777 -1.8748 -12.9125, -0.7719 -1.795 -12.9533, -0.7974 -1.7206 -12.9913, -0.8261 -1.6513 -12.9913, -0.8718 -1.5918 -12.9913, -0.9313 -1.5461 -12.9913, -1.0006 -1.5174 -12.9913, -1.075 -1.5076 -12.9913, -1.1494 -1.5174 -12.9913, -1.2187 -1.5461 -12.9913, -1.2782 -1.5918 -12.9913, -1.3239 -1.6513 -12.9913, -1.3526 -1.7206 -12.9913, -1.3624 -1.795 -12.9913, -1.3526 -1.8694 -12.9913, -1.3239 -1.9387 -12.9913, -1.2782 -1.9982 -12.9913, -1.2187 -2.0439 -12.9913, -1.1494 -2.0726 -12.9913, -1.075 -2.0824 -12.9913, -1.0006 -2.0726 -12.9913, -0.9313 -2.0439 -12.9913, -0.8718 -1.9982 -12.9913, -0.8261 -1.9387 -12.9913, -0.7974 -1.8694 -12.9913, -0.7876 -1.795 -12.9913, -0.8216 -1.7271 -13.0239, -0.8478 -1.6638 -13.0239, -0.8895 -1.6095 -13.0239, -0.9438 -1.5678 -13.0239, -1.0071 -1.5416 -13.0239, -1.075 -1.5326 -13.0239, -1.1429 -1.5416 -13.0239, -1.2062 -1.5678 -13.0239, -1.2605 -1.6095 -13.0239, -1.3022 -1.6638 -13.0239, -1.3284 -1.7271 -13.0239, -1.3374 -1.795 -13.0239, -1.3284 -1.8629 -13.0239, -1.3022 -1.9262 -13.0239, -1.2605 -1.9805 -13.0239, -1.2062 -2.0222 -13.0239, -1.1429 -2.0484 -13.0239, -1.075 -2.0574 -13.0239, -1.0071 -2.0484 -13.0239, -0.9438 -2.0222 -13.0239, -0.8895 -1.9805 -13.0239, -0.8478 -1.9262 -13.0239, -0.8216 -1.8629 -13.0239, -0.8126 -1.795 -13.0239, -0.8531 -1.7355 -13.0489, -0.876 -1.6801 -13.0489, -0.9125 -1.6325 -13.0489, -0.9601 -1.596 -13.0489, -1.0155 -1.5731 -13.0489, -1.075 -1.5652 -13.0489, -1.1345 -1.5731 -13.0489, -1.1899 -1.596 -13.0489, -1.2375 -1.6325 -13.0489, -1.274 -1.6801 -13.0489, -1.2969 -1.7355 -13.0489, -1.3048 -1.795 -13.0489, -1.2969 -1.8545 -13.0489, -1.274 -1.9099 -13.0489, -1.2375 -1.9575 -13.0489, -1.1899 -1.994 -13.0489, -1.1345 -2.0169 -13.0489, -1.075 -2.0248 -13.0489, -1.0155 -2.0169 -13.0489, -0.9601 -1.994 -13.0489, -0.9125 -1.9575 -13.0489, -0.876 -1.9099 -13.0489, -0.8531 -1.8545 -13.0489, -0.8452 -1.795 -13.0489, -0.8898 -1.7454 -13.0646, -0.9089 -1.6991 -13.0646, -0.9394 -1.6594 -13.0646, -0.9791 -1.6289 -13.0646, -1.0254 -1.6098 -13.0646, -1.075 -1.6032 -13.0646, -1.1246 -1.6098 -13.0646, -1.1709 -1.6289 -13.0646, -1.2106 -1.6594 -13.0646, -1.2411 -1.6991 -13.0646, -1.2602 -1.7454 -13.0646, -1.2668 -1.795 -13.0646, -1.2602 -1.8446 -13.0646, -1.2411 -1.8909 -13.0646, -1.2106 -1.9306 -13.0646, -1.1709 -1.9611 -13.0646, -1.1246 -1.9802 -13.0646, -1.075 -1.9868 -13.0646, -1.0254 -1.9802 -13.0646, -0.9791 -1.9611 -13.0646, -0.9394 -1.9306 -13.0646, -0.9089 -1.8909 -13.0646, -0.8898 -1.8446 -13.0646, -0.8832 -1.795 -13.0646, -0.9291 -1.7559 -13.07, -0.9442 -1.7195 -13.07, -0.9682 -1.6882 -13.07, -0.9995 -1.6642 -13.07, -1.0359 -1.6491 -13.07, -1.075 -1.644 -13.07, -1.1141 -1.6491 -13.07, -1.1505 -1.6642 -13.07, -1.1818 -1.6882 -13.07, -1.2058 -1.7195 -13.07, -1.2209 -1.7559 -13.07, -1.226 -1.795 -13.07, -1.2209 -1.8341 -13.07, -1.2058 -1.8705 -13.07, -1.1818 -1.9018 -13.07, -1.1505 -1.9258 -13.07, -1.1141 -1.9409 -13.07, -1.075 -1.946 -13.07, -1.0359 -1.9409 -13.07, -0.9995 -1.9258 -13.07, -0.9682 -1.9018 -13.07, -0.9442 -1.8705 -13.07, -0.9291 -1.8341 -13.07, -0.924 -1.795 -13.07, 3.1335 -1.795 -12.9125, 3.1178 -1.7165 -12.9533, 3.123 -1.7152 -12.9125, 3.0875 -1.6434 -12.9533, 3.0922 -1.6408 -12.9125, 3.0393 -1.5807 -12.9533, 3.0431 -1.5769 -12.9125, 2.9766 -1.5325 -12.9533, 2.9792 -1.5278 -12.9125, 2.9035 -1.5022 -12.9533, 2.9048 -1.497 -12.9125, 2.825 -1.4919 -12.9533, 2.825 -1.4865 -12.9125, 2.7465 -1.5022 -12.9533, 2.7452 -1.497 -12.9125, 2.6734 -1.5325 -12.9533, 2.6707 -1.5278 -12.9125, 2.6107 -1.5807 -12.9533, 2.6069 -1.5769 -12.9125, 2.5625 -1.6434 -12.9533, 2.5578 -1.6408 -12.9125, 2.5322 -1.7165 -12.9533, 2.527 -1.7152 -12.9125, 2.5219 -1.795 -12.9533, 2.5165 -1.795 -12.9125, 2.5322 -1.8735 -12.9533, 2.527 -1.8748 -12.9125, 2.5625 -1.9466 -12.9533, 2.5578 -1.9492 -12.9125, 2.6107 -2.0093 -12.9533, 2.6069 -2.0131 -12.9125, 2.6734 -2.0575 -12.9533, 2.6707 -2.0622 -12.9125, 2.7465 -2.0878 -12.9533, 2.7452 -2.093 -12.9125, 2.825 -2.0981 -12.9533, 2.825 -2.1035 -12.9125, 2.9035 -2.0878 -12.9533, 2.9048 -2.093 -12.9125, 2.9766 -2.0575 -12.9533, 2.9792 -2.0622 -12.9125, 3.0393 -2.0093 -12.9533, 3.0431 -2.0131 -12.9125, 3.0875 -1.9466 -12.9533, 3.0922 -1.9492 -12.9125, 3.1178 -1.8735 -12.9533, 3.123 -1.8748 -12.9125, 3.1281 -1.795 -12.9533, 3.1026 -1.7206 -12.9913, 3.0739 -1.6513 -12.9913, 3.0282 -1.5918 -12.9913, 2.9687 -1.5461 -12.9913, 2.8994 -1.5174 -12.9913, 2.825 -1.5076 -12.9913, 2.7506 -1.5174 -12.9913, 2.6813 -1.5461 -12.9913, 2.6218 -1.5918 -12.9913, 2.5761 -1.6513 -12.9913, 2.5474 -1.7206 -12.9913, 2.5376 -1.795 -12.9913, 2.5474 -1.8694 -12.9913, 2.5761 -1.9387 -12.9913, 2.6218 -1.9982 -12.9913, 2.6813 -2.0439 -12.9913, 2.7506 -2.0726 -12.9913, 2.825 -2.0824 -12.9913, 2.8994 -2.0726 -12.9913, 2.9687 -2.0439 -12.9913, 3.0282 -1.9982 -12.9913, 3.0739 -1.9387 -12.9913, 3.1026 -1.8694 -12.9913, 3.1124 -1.795 -12.9913, 3.0784 -1.7271 -13.0239, 3.0522 -1.6638 -13.0239, 3.0105 -1.6095 -13.0239, 2.9562 -1.5678 -13.0239, 2.8929 -1.5416 -13.0239, 2.825 -1.5326 -13.0239, 2.7571 -1.5416 -13.0239, 2.6938 -1.5678 -13.0239, 2.6395 -1.6095 -13.0239, 2.5978 -1.6638 -13.0239, 2.5716 -1.7271 -13.0239, 2.5626 -1.795 -13.0239, 2.5716 -1.8629 -13.0239, 2.5978 -1.9262 -13.0239, 2.6395 -1.9805 -13.0239, 2.6938 -2.0222 -13.0239, 2.7571 -2.0484 -13.0239, 2.825 -2.0574 -13.0239, 2.8929 -2.0484 -13.0239, 2.9562 -2.0222 -13.0239, 3.0105 -1.9805 -13.0239, 3.0522 -1.9262 -13.0239, 3.0784 -1.8629 -13.0239, 3.0874 -1.795 -13.0239, 3.0469 -1.7355 -13.0489, 3.024 -1.6801 -13.0489, 2.9875 -1.6325 -13.0489, 2.9399 -1.596 -13.0489, 2.8845 -1.5731 -13.0489, 2.825 -1.5652 -13.0489, 2.7655 -1.5731 -13.0489, 2.7101 -1.596 -13.0489, 2.6625 -1.6325 -13.0489, 2.626 -1.6801 -13.0489, 2.6031 -1.7355 -13.0489, 2.5952 -1.795 -13.0489, 2.6031 -1.8545 -13.0489, 2.626 -1.9099 -13.0489, 2.6625 -1.9575 -13.0489, 2.7101 -1.994 -13.0489, 2.7655 -2.0169 -13.0489, 2.825 -2.0248 -13.0489, 2.8845 -2.0169 -13.0489, 2.9399 -1.994 -13.0489, 2.9875 -1.9575 -13.0489, 3.024 -1.9099 -13.0489, 3.0469 -1.8545 -13.0489, 3.0548 -1.795 -13.0489, 3.0102 -1.7454 -13.0646, 2.9911 -1.6991 -13.0646, 2.9606 -1.6594 -13.0646, 2.9209 -1.6289 -13.0646, 2.8746 -1.6098 -13.0646, 2.825 -1.6032 -13.0646, 2.7754 -1.6098 -13.0646, 2.7291 -1.6289 -13.0646, 2.6894 -1.6594 -13.0646, 2.6589 -1.6991 -13.0646, 2.6398 -1.7454 -13.0646, 2.6332 -1.795 -13.0646, 2.6398 -1.8446 -13.0646, 2.6589 -1.8909 -13.0646, 2.6894 -1.9306 -13.0646, 2.7291 -1.9611 -13.0646, 2.7754 -1.9802 -13.0646, 2.825 -1.9868 -13.0646, 2.8746 -1.9802 -13.0646, 2.9209 -1.9611 -13.0646, 2.9606 -1.9306 -13.0646, 2.9911 -1.8909 -13.0646, 3.0102 -1.8446 -13.0646, 3.0168 -1.795 -13.0646, 2.9709 -1.7559 -13.07, 2.9558 -1.7195 -13.07, 2.9318 -1.6882 -13.07, 2.9005 -1.6642 -13.07, 2.8641 -1.6491 -13.07, 2.825 -1.644 -13.07, 2.7859 -1.6491 -13.07, 2.7495 -1.6642 -13.07, 2.7182 -1.6882 -13.07, 2.6942 -1.7195 -13.07, 2.6791 -1.7559 -13.07, 2.674 -1.795 -13.07, 2.6791 -1.8341 -13.07, 2.6942 -1.8705 -13.07, 2.7182 -1.9018 -13.07, 2.7495 -1.9258 -13.07, 2.7859 -1.9409 -13.07, 2.825 -1.946 -13.07, 2.8641 -1.9409 -13.07, 2.9005 -1.9258 -13.07, 2.9318 -1.9018 -13.07, 2.9558 -1.8705 -13.07, 2.9709 -1.8341 -13.07, 2.976 -1.795 -13.07, 1.3835 -1.795 -12.9125, 1.3678 -1.7165 -12.9533, 1.373 -1.7152 -12.9125, 1.3375 -1.6434 -12.9533, 1.3422 -1.6408 -12.9125, 1.2893 -1.5807 -12.9533, 1.2931 -1.5769 -12.9125, 1.2266 -1.5325 -12.9533, 1.2292 -1.5278 -12.9125, 1.1535 -1.5022 -12.9533, 1.1548 -1.497 -12.9125, 1.075 -1.4919 -12.9533, 1.075 -1.4865 -12.9125, 0.9965 -1.5022 -12.9533, 0.9952 -1.497 -12.9125, 0.9234 -1.5325 -12.9533, 0.9207 -1.5278 -12.9125, 0.8607 -1.5807 -12.9533, 0.8569 -1.5769 -12.9125, 0.8125 -1.6434 -12.9533, 0.8078 -1.6408 -12.9125, 0.7822 -1.7165 -12.9533, 0.777 -1.7152 -12.9125, 0.7719 -1.795 -12.9533, 0.7665 -1.795 -12.9125, 0.7822 -1.8735 -12.9533, 0.777 -1.8748 -12.9125, 0.8125 -1.9466 -12.9533, 0.8078 -1.9492 -12.9125, 0.8607 -2.0093 -12.9533, 0.8569 -2.0131 -12.9125, 0.9234 -2.0575 -12.9533, 0.9207 -2.0622 -12.9125, 0.9965 -2.0878 -12.9533, 0.9952 -2.093 -12.9125, 1.075 -2.0981 -12.9533, 1.075 -2.1035 -12.9125, 1.1535 -2.0878 -12.9533, 1.1548 -2.093 -12.9125, 1.2266 -2.0575 -12.9533, 1.2292 -2.0622 -12.9125, 1.2893 -2.0093 -12.9533, 1.2931 -2.0131 -12.9125, 1.3375 -1.9466 -12.9533, 1.3422 -1.9492 -12.9125, 1.3678 -1.8735 -12.9533, 1.373 -1.8748 -12.9125, 1.3781 -1.795 -12.9533, 1.3526 -1.7206 -12.9913, 1.3239 -1.6513 -12.9913, 1.2782 -1.5918 -12.9913, 1.2187 -1.5461 -12.9913, 1.1494 -1.5174 -12.9913, 1.075 -1.5076 -12.9913, 1.0006 -1.5174 -12.9913, 0.9313 -1.5461 -12.9913, 0.8718 -1.5918 -12.9913, 0.8261 -1.6513 -12.9913, 0.7974 -1.7206 -12.9913, 0.7876 -1.795 -12.9913, 0.7974 -1.8694 -12.9913, 0.8261 -1.9387 -12.9913, 0.8718 -1.9982 -12.9913, 0.9313 -2.0439 -12.9913, 1.0006 -2.0726 -12.9913, 1.075 -2.0824 -12.9913, 1.1494 -2.0726 -12.9913, 1.2187 -2.0439 -12.9913, 1.2782 -1.9982 -12.9913, 1.3239 -1.9387 -12.9913, 1.3526 -1.8694 -12.9913, 1.3624 -1.795 -12.9913, 1.3284 -1.7271 -13.0239, 1.3022 -1.6638 -13.0239, 1.2605 -1.6095 -13.0239, 1.2062 -1.5678 -13.0239, 1.1429 -1.5416 -13.0239, 1.075 -1.5326 -13.0239, 1.0071 -1.5416 -13.0239, 0.9438 -1.5678 -13.0239, 0.8895 -1.6095 -13.0239, 0.8478 -1.6638 -13.0239, 0.8216 -1.7271 -13.0239, 0.8126 -1.795 -13.0239, 0.8216 -1.8629 -13.0239, 0.8478 -1.9262 -13.0239, 0.8895 -1.9805 -13.0239, 0.9438 -2.0222 -13.0239, 1.0071 -2.0484 -13.0239, 1.075 -2.0574 -13.0239, 1.1429 -2.0484 -13.0239, 1.2062 -2.0222 -13.0239, 1.2605 -1.9805 -13.0239, 1.3022 -1.9262 -13.0239, 1.3284 -1.8629 -13.0239, 1.3374 -1.795 -13.0239, 1.2969 -1.7355 -13.0489, 1.274 -1.6801 -13.0489, 1.2375 -1.6325 -13.0489, 1.1899 -1.596 -13.0489, 1.1345 -1.5731 -13.0489, 1.075 -1.5652 -13.0489, 1.0155 -1.5731 -13.0489, 0.9601 -1.596 -13.0489, 0.9125 -1.6325 -13.0489, 0.876 -1.6801 -13.0489, 0.8531 -1.7355 -13.0489, 0.8452 -1.795 -13.0489, 0.8531 -1.8545 -13.0489, 0.876 -1.9099 -13.0489, 0.9125 -1.9575 -13.0489, 0.9601 -1.994 -13.0489, 1.0155 -2.0169 -13.0489, 1.075 -2.0248 -13.0489, 1.1345 -2.0169 -13.0489, 1.1899 -1.994 -13.0489, 1.2375 -1.9575 -13.0489, 1.274 -1.9099 -13.0489, 1.2969 -1.8545 -13.0489, 1.3048 -1.795 -13.0489, 1.2602 -1.7454 -13.0646, 1.2411 -1.6991 -13.0646, 1.2106 -1.6594 -13.0646, 1.1709 -1.6289 -13.0646, 1.1246 -1.6098 -13.0646, 1.075 -1.6032 -13.0646, 1.0254 -1.6098 -13.0646, 0.9791 -1.6289 -13.0646, 0.9394 -1.6594 -13.0646, 0.9089 -1.6991 -13.0646, 0.8898 -1.7454 -13.0646, 0.8832 -1.795 -13.0646, 0.8898 -1.8446 -13.0646, 0.9089 -1.8909 -13.0646, 0.9394 -1.9306 -13.0646, 0.9791 -1.9611 -13.0646, 1.0254 -1.9802 -13.0646, 1.075 -1.9868 -13.0646, 1.1246 -1.9802 -13.0646, 1.1709 -1.9611 -13.0646, 1.2106 -1.9306 -13.0646, 1.2411 -1.8909 -13.0646, 1.2602 -1.8446 -13.0646, 1.2668 -1.795 -13.0646, 1.2209 -1.7559 -13.07, 1.2058 -1.7195 -13.07, 1.1818 -1.6882 -13.07, 1.1505 -1.6642 -13.07, 1.1141 -1.6491 -13.07, 1.075 -1.644 -13.07, 1.0359 -1.6491 -13.07, 0.9995 -1.6642 -13.07, 0.9682 -1.6882 -13.07, 0.9442 -1.7195 -13.07, 0.9291 -1.7559 -13.07, 0.924 -1.795 -13.07, 0.9291 -1.8341 -13.07, 0.9442 -1.8705 -13.07, 0.9682 -1.9018 -13.07, 0.9995 -1.9258 -13.07, 1.0359 -1.9409 -13.07, 1.075 -1.946 -13.07, 1.1141 -1.9409 -13.07, 1.1505 -1.9258 -13.07, 1.1818 -1.9018 -13.07, 1.2058 -1.8705 -13.07, 1.2209 -1.8341 -13.07, 1.226 -1.795 -13.07, 1.226 -1.795 -13.07
            ]
        }
        coordIndex [
            0,1,2,-1,1,3,4,-1,3,5,6,-1,5,7,8,-1,7,9,10,-1,9,11,12,-1,9,12,10,-1,10,12,13,-1,10,13,14,-1,14,13,15,-1,14,15,16,-1,16,15,17,-1,16,17,18,-1,18,17,19,-1,18,19,20,-1,20,19,21,-1,20,21,22,-1,22,21,23,-1,22,23,24,-1,24,23,25,-1,24,25,26,-1,26,25,27,-1,26,27,28,-1,28,27,29,-1,28,29,30,-1,30,29,31,-1,30,31,32,-1,32,31,33,-1,32,33,34,-1,7,10,8,-1,8,10,14,-1,8,14,35,-1,35,14,16,-1,35,16,36,-1,36,16,18,-1,36,18,37,-1,37,18,20,-1,37,20,38,-1,38,20,22,-1,38,22,39,-1,39,22,24,-1,39,24,40,-1,40,24,26,-1,40,26,41,-1,41,26,28,-1,41,28,42,-1,42,28,30,-1,42,30,43,-1,43,30,32,-1,43,32,44,-1,44,32,34,-1,44,34,45,-1,5,8,6,-1,6,8,35,-1,6,35,46,-1,46,35,36,-1,46,36,47,-1,47,36,37,-1,47,37,48,-1,48,37,38,-1,48,38,49,-1,49,38,39,-1,49,39,50,-1,50,39,40,-1,50,40,51,-1,51,40,41,-1,51,41,52,-1,52,41,42,-1,52,42,53,-1,53,42,43,-1,53,43,54,-1,54,43,44,-1,54,44,55,-1,55,44,45,-1,55,45,56,-1,3,6,4,-1,4,6,46,-1,4,46,57,-1,57,46,47,-1,57,47,58,-1,58,47,48,-1,58,48,59,-1,59,48,49,-1,59,49,60,-1,60,49,50,-1,60,50,61,-1,61,50,51,-1,61,51,62,-1,62,51,52,-1,62,52,63,-1,63,52,53,-1,63,53,64,-1,64,53,54,-1,64,54,65,-1,65,54,55,-1,65,55,66,-1,66,55,56,-1,66,56,67,-1,1,4,2,-1,2,4,57,-1,2,57,68,-1,68,57,58,-1,68,58,69,-1,69,58,59,-1,69,59,70,-1,70,59,60,-1,70,60,71,-1,71,60,61,-1,71,61,72,-1,72,61,62,-1,72,62,73,-1,73,62,63,-1,73,63,74,-1,74,63,64,-1,74,64,75,-1,75,64,65,-1,75,65,76,-1,76,65,66,-1,76,66,77,-1,77,66,67,-1,77,67,78,-1,0,2,79,-1,79,2,68,-1,79,68,80,-1,80,68,69,-1,80,69,81,-1,81,69,70,-1,81,70,82,-1,82,70,71,-1,82,71,83,-1,83,71,72,-1,83,72,84,-1,84,72,73,-1,84,73,85,-1,85,73,74,-1,85,74,86,-1,86,74,75,-1,86,75,87,-1,87,75,76,-1,87,76,88,-1,88,76,77,-1,88,77,89,-1,89,77,78,-1,89,78,90,-1,90,78,91,-1,78,67,92,-1,67,56,93,-1,56,45,94,-1,45,34,95,-1,34,33,96,-1,34,96,95,-1,95,96,97,-1,95,97,98,-1,98,97,99,-1,98,99,100,-1,100,99,101,-1,100,101,102,-1,102,101,103,-1,102,103,104,-1,104,103,105,-1,104,105,106,-1,106,105,107,-1,106,107,108,-1,108,107,109,-1,108,109,110,-1,110,109,111,-1,110,111,112,-1,112,111,113,-1,112,113,114,-1,114,113,115,-1,114,115,116,-1,116,115,11,-1,116,11,9,-1,45,95,94,-1,94,95,98,-1,94,98,117,-1,117,98,100,-1,117,100,118,-1,118,100,102,-1,118,102,119,-1,119,102,104,-1,119,104,120,-1,120,104,106,-1,120,106,121,-1,121,106,108,-1,121,108,122,-1,122,108,110,-1,122,110,123,-1,123,110,112,-1,123,112,124,-1,124,112,114,-1,124,114,125,-1,125,114,116,-1,125,116,126,-1,126,116,9,-1,126,9,7,-1,56,94,93,-1,93,94,117,-1,93,117,127,-1,127,117,118,-1,127,118,128,-1,128,118,119,-1,128,119,129,-1,129,119,120,-1,129,120,130,-1,130,120,121,-1,130,121,131,-1,131,121,122,-1,131,122,132,-1,132,122,123,-1,132,123,133,-1,133,123,124,-1,133,124,134,-1,134,124,125,-1,134,125,135,-1,135,125,126,-1,135,126,136,-1,136,126,7,-1,136,7,5,-1,67,93,92,-1,92,93,127,-1,92,127,137,-1,137,127,128,-1,137,128,138,-1,138,128,129,-1,138,129,139,-1,139,129,130,-1,139,130,140,-1,140,130,131,-1,140,131,141,-1,141,131,132,-1,141,132,142,-1,142,132,133,-1,142,133,143,-1,143,133,134,-1,143,134,144,-1,144,134,135,-1,144,135,145,-1,145,135,136,-1,145,136,146,-1,146,136,5,-1,146,5,3,-1,78,92,91,-1,91,92,137,-1,91,137,147,-1,147,137,138,-1,147,138,148,-1,148,138,139,-1,148,139,149,-1,149,139,140,-1,149,140,150,-1,150,140,141,-1,150,141,151,-1,151,141,142,-1,151,142,152,-1,152,142,143,-1,152,143,153,-1,153,143,144,-1,153,144,154,-1,154,144,145,-1,154,145,155,-1,155,145,146,-1,155,146,156,-1,156,146,3,-1,156,3,1,-1,90,91,157,-1,157,91,147,-1,157,147,158,-1,158,147,148,-1,158,148,159,-1,159,148,149,-1,159,149,160,-1,160,149,150,-1,160,150,161,-1,161,150,151,-1,161,151,162,-1,162,151,152,-1,162,152,163,-1,163,152,153,-1,163,153,164,-1,164,153,154,-1,164,154,165,-1,165,154,155,-1,165,155,166,-1,166,155,156,-1,166,156,167,-1,167,156,1,-1,167,1,0,-1,168,169,170,-1,169,171,172,-1,171,173,174,-1,173,175,176,-1,175,177,178,-1,177,179,180,-1,177,180,178,-1,178,180,181,-1,178,181,182,-1,182,181,183,-1,182,183,184,-1,184,183,185,-1,184,185,186,-1,186,185,187,-1,186,187,188,-1,188,187,189,-1,188,189,190,-1,190,189,191,-1,190,191,192,-1,192,191,193,-1,192,193,194,-1,194,193,195,-1,194,195,196,-1,196,195,197,-1,196,197,198,-1,198,197,199,-1,198,199,200,-1,200,199,201,-1,200,201,202,-1,175,178,176,-1,176,178,182,-1,176,182,203,-1,203,182,184,-1,203,184,204,-1,204,184,186,-1,204,186,205,-1,205,186,188,-1,205,188,206,-1,206,188,190,-1,206,190,207,-1,207,190,192,-1,207,192,208,-1,208,192,194,-1,208,194,209,-1,209,194,196,-1,209,196,210,-1,210,196,198,-1,210,198,211,-1,211,198,200,-1,211,200,212,-1,212,200,202,-1,212,202,213,-1,173,176,174,-1,174,176,203,-1,174,203,214,-1,214,203,204,-1,214,204,215,-1,215,204,205,-1,215,205,216,-1,216,205,206,-1,216,206,217,-1,217,206,207,-1,217,207,218,-1,218,207,208,-1,218,208,219,-1,219,208,209,-1,219,209,220,-1,220,209,210,-1,220,210,221,-1,221,210,211,-1,221,211,222,-1,222,211,212,-1,222,212,223,-1,223,212,213,-1,223,213,224,-1,171,174,172,-1,172,174,214,-1,172,214,225,-1,225,214,215,-1,225,215,226,-1,226,215,216,-1,226,216,227,-1,227,216,217,-1,227,217,228,-1,228,217,218,-1,228,218,229,-1,229,218,219,-1,229,219,230,-1,230,219,220,-1,230,220,231,-1,231,220,221,-1,231,221,232,-1,232,221,222,-1,232,222,233,-1,233,222,223,-1,233,223,234,-1,234,223,224,-1,234,224,235,-1,169,172,170,-1,170,172,225,-1,170,225,236,-1,236,225,226,-1,236,226,237,-1,237,226,227,-1,237,227,238,-1,238,227,228,-1,238,228,239,-1,239,228,229,-1,239,229,240,-1,240,229,230,-1,240,230,241,-1,241,230,231,-1,241,231,242,-1,242,231,232,-1,242,232,243,-1,243,232,233,-1,243,233,244,-1,244,233,234,-1,244,234,245,-1,245,234,235,-1,245,235,246,-1,168,170,247,-1,247,170,236,-1,247,236,248,-1,248,236,237,-1,248,237,249,-1,249,237,238,-1,249,238,250,-1,250,238,239,-1,250,239,251,-1,251,239,240,-1,251,240,252,-1,252,240,241,-1,252,241,253,-1,253,241,242,-1,253,242,254,-1,254,242,243,-1,254,243,255,-1,255,243,244,-1,255,244,256,-1,256,244,245,-1,256,245,257,-1,257,245,246,-1,257,246,258,-1,258,246,259,-1,246,235,260,-1,235,224,261,-1,224,213,262,-1,213,202,263,-1,202,201,264,-1,202,264,263,-1,263,264,265,-1,263,265,266,-1,266,265,267,-1,266,267,268,-1,268,267,269,-1,268,269,270,-1,270,269,271,-1,270,271,272,-1,272,271,273,-1,272,273,274,-1,274,273,275,-1,274,275,276,-1,276,275,277,-1,276,277,278,-1,278,277,279,-1,278,279,280,-1,280,279,281,-1,280,281,282,-1,282,281,283,-1,282,283,284,-1,284,283,179,-1,284,179,177,-1,213,263,262,-1,262,263,266,-1,262,266,285,-1,285,266,268,-1,285,268,286,-1,286,268,270,-1,286,270,287,-1,287,270,272,-1,287,272,288,-1,288,272,274,-1,288,274,289,-1,289,274,276,-1,289,276,290,-1,290,276,278,-1,290,278,291,-1,291,278,280,-1,291,280,292,-1,292,280,282,-1,292,282,293,-1,293,282,284,-1,293,284,294,-1,294,284,177,-1,294,177,175,-1,224,262,261,-1,261,262,285,-1,261,285,295,-1,295,285,286,-1,295,286,296,-1,296,286,287,-1,296,287,297,-1,297,287,288,-1,297,288,298,-1,298,288,289,-1,298,289,299,-1,299,289,290,-1,299,290,300,-1,300,290,291,-1,300,291,301,-1,301,291,292,-1,301,292,302,-1,302,292,293,-1,302,293,303,-1,303,293,294,-1,303,294,304,-1,304,294,175,-1,304,175,173,-1,235,261,260,-1,260,261,295,-1,260,295,305,-1,305,295,296,-1,305,296,306,-1,306,296,297,-1,306,297,307,-1,307,297,298,-1,307,298,308,-1,308,298,299,-1,308,299,309,-1,309,299,300,-1,309,300,310,-1,310,300,301,-1,310,301,311,-1,311,301,302,-1,311,302,312,-1,312,302,303,-1,312,303,313,-1,313,303,304,-1,313,304,314,-1,314,304,173,-1,314,173,171,-1,246,260,259,-1,259,260,305,-1,259,305,315,-1,315,305,306,-1,315,306,316,-1,316,306,307,-1,316,307,317,-1,317,307,308,-1,317,308,318,-1,318,308,309,-1,318,309,319,-1,319,309,310,-1,319,310,320,-1,320,310,311,-1,320,311,321,-1,321,311,312,-1,321,312,322,-1,322,312,313,-1,322,313,323,-1,323,313,314,-1,323,314,324,-1,324,314,171,-1,324,171,169,-1,258,259,325,-1,325,259,315,-1,325,315,326,-1,326,315,316,-1,326,316,327,-1,327,316,317,-1,327,317,328,-1,328,317,318,-1,328,318,329,-1,329,318,319,-1,329,319,330,-1,330,319,320,-1,330,320,331,-1,331,320,321,-1,331,321,332,-1,332,321,322,-1,332,322,333,-1,333,322,323,-1,333,323,334,-1,334,323,324,-1,334,324,335,-1,335,324,169,-1,335,169,168,-1,336,337,338,-1,337,339,340,-1,339,341,342,-1,341,343,344,-1,343,345,346,-1,345,347,348,-1,345,348,346,-1,346,348,349,-1,346,349,350,-1,350,349,351,-1,350,351,352,-1,352,351,353,-1,352,353,354,-1,354,353,355,-1,354,355,356,-1,356,355,357,-1,356,357,358,-1,358,357,359,-1,358,359,360,-1,360,359,361,-1,360,361,362,-1,362,361,363,-1,362,363,364,-1,364,363,365,-1,364,365,366,-1,366,365,367,-1,366,367,368,-1,368,367,369,-1,368,369,370,-1,343,346,344,-1,344,346,350,-1,344,350,371,-1,371,350,352,-1,371,352,372,-1,372,352,354,-1,372,354,373,-1,373,354,356,-1,373,356,374,-1,374,356,358,-1,374,358,375,-1,375,358,360,-1,375,360,376,-1,376,360,362,-1,376,362,377,-1,377,362,364,-1,377,364,378,-1,378,364,366,-1,378,366,379,-1,379,366,368,-1,379,368,380,-1,380,368,370,-1,380,370,381,-1,341,344,342,-1,342,344,371,-1,342,371,382,-1,382,371,372,-1,382,372,383,-1,383,372,373,-1,383,373,384,-1,384,373,374,-1,384,374,385,-1,385,374,375,-1,385,375,386,-1,386,375,376,-1,386,376,387,-1,387,376,377,-1,387,377,388,-1,388,377,378,-1,388,378,389,-1,389,378,379,-1,389,379,390,-1,390,379,380,-1,390,380,391,-1,391,380,381,-1,391,381,392,-1,339,342,340,-1,340,342,382,-1,340,382,393,-1,393,382,383,-1,393,383,394,-1,394,383,384,-1,394,384,395,-1,395,384,385,-1,395,385,396,-1,396,385,386,-1,396,386,397,-1,397,386,387,-1,397,387,398,-1,398,387,388,-1,398,388,399,-1,399,388,389,-1,399,389,400,-1,400,389,390,-1,400,390,401,-1,401,390,391,-1,401,391,402,-1,402,391,392,-1,402,392,403,-1,337,340,338,-1,338,340,393,-1,338,393,404,-1,404,393,394,-1,404,394,405,-1,405,394,395,-1,405,395,406,-1,406,395,396,-1,406,396,407,-1,407,396,397,-1,407,397,408,-1,408,397,398,-1,408,398,409,-1,409,398,399,-1,409,399,410,-1,410,399,400,-1,410,400,411,-1,411,400,401,-1,411,401,412,-1,412,401,402,-1,412,402,413,-1,413,402,403,-1,413,403,414,-1,336,338,415,-1,415,338,404,-1,415,404,416,-1,416,404,405,-1,416,405,417,-1,417,405,406,-1,417,406,418,-1,418,406,407,-1,418,407,419,-1,419,407,408,-1,419,408,420,-1,420,408,409,-1,420,409,421,-1,421,409,410,-1,421,410,422,-1,422,410,411,-1,422,411,423,-1,423,411,412,-1,423,412,424,-1,424,412,413,-1,424,413,425,-1,425,413,414,-1,425,414,426,-1,426,414,427,-1,414,403,428,-1,403,392,429,-1,392,381,430,-1,381,370,431,-1,370,369,432,-1,370,432,431,-1,431,432,433,-1,431,433,434,-1,434,433,435,-1,434,435,436,-1,436,435,437,-1,436,437,438,-1,438,437,439,-1,438,439,440,-1,440,439,441,-1,440,441,442,-1,442,441,443,-1,442,443,444,-1,444,443,445,-1,444,445,446,-1,446,445,447,-1,446,447,448,-1,448,447,449,-1,448,449,450,-1,450,449,451,-1,450,451,452,-1,452,451,347,-1,452,347,345,-1,381,431,430,-1,430,431,434,-1,430,434,453,-1,453,434,436,-1,453,436,454,-1,454,436,438,-1,454,438,455,-1,455,438,440,-1,455,440,456,-1,456,440,442,-1,456,442,457,-1,457,442,444,-1,457,444,458,-1,458,444,446,-1,458,446,459,-1,459,446,448,-1,459,448,460,-1,460,448,450,-1,460,450,461,-1,461,450,452,-1,461,452,462,-1,462,452,345,-1,462,345,343,-1,392,430,429,-1,429,430,453,-1,429,453,463,-1,463,453,454,-1,463,454,464,-1,464,454,455,-1,464,455,465,-1,465,455,456,-1,465,456,466,-1,466,456,457,-1,466,457,467,-1,467,457,458,-1,467,458,468,-1,468,458,459,-1,468,459,469,-1,469,459,460,-1,469,460,470,-1,470,460,461,-1,470,461,471,-1,471,461,462,-1,471,462,472,-1,472,462,343,-1,472,343,341,-1,403,429,428,-1,428,429,463,-1,428,463,473,-1,473,463,464,-1,473,464,474,-1,474,464,465,-1,474,465,475,-1,475,465,466,-1,475,466,476,-1,476,466,467,-1,476,467,477,-1,477,467,468,-1,477,468,478,-1,478,468,469,-1,478,469,479,-1,479,469,470,-1,479,470,480,-1,480,470,471,-1,480,471,481,-1,481,471,472,-1,481,472,482,-1,482,472,341,-1,482,341,339,-1,414,428,427,-1,427,428,473,-1,427,473,483,-1,483,473,474,-1,483,474,484,-1,484,474,475,-1,484,475,485,-1,485,475,476,-1,485,476,486,-1,486,476,477,-1,486,477,487,-1,487,477,478,-1,487,478,488,-1,488,478,479,-1,488,479,489,-1,489,479,480,-1,489,480,490,-1,490,480,481,-1,490,481,491,-1,491,481,482,-1,491,482,492,-1,492,482,339,-1,492,339,337,-1,426,427,493,-1,493,427,483,-1,493,483,494,-1,494,483,484,-1,494,484,495,-1,495,484,485,-1,495,485,496,-1,496,485,486,-1,496,486,497,-1,497,486,487,-1,497,487,498,-1,498,487,488,-1,498,488,499,-1,499,488,489,-1,499,489,500,-1,500,489,490,-1,500,490,501,-1,501,490,491,-1,501,491,502,-1,502,491,492,-1,502,492,503,-1,503,492,337,-1,503,337,336,-1,504,505,506,-1,505,507,508,-1,507,509,510,-1,509,511,512,-1,511,513,514,-1,513,515,516,-1,513,516,514,-1,514,516,517,-1,514,517,518,-1,518,517,519,-1,518,519,520,-1,520,519,521,-1,520,521,522,-1,522,521,523,-1,522,523,524,-1,524,523,525,-1,524,525,526,-1,526,525,527,-1,526,527,528,-1,528,527,529,-1,528,529,530,-1,530,529,531,-1,530,531,532,-1,532,531,533,-1,532,533,534,-1,534,533,535,-1,534,535,536,-1,536,535,537,-1,536,537,538,-1,511,514,512,-1,512,514,518,-1,512,518,539,-1,539,518,520,-1,539,520,540,-1,540,520,522,-1,540,522,541,-1,541,522,524,-1,541,524,542,-1,542,524,526,-1,542,526,543,-1,543,526,528,-1,543,528,544,-1,544,528,530,-1,544,530,545,-1,545,530,532,-1,545,532,546,-1,546,532,534,-1,546,534,547,-1,547,534,536,-1,547,536,548,-1,548,536,538,-1,548,538,549,-1,509,512,510,-1,510,512,539,-1,510,539,550,-1,550,539,540,-1,550,540,551,-1,551,540,541,-1,551,541,552,-1,552,541,542,-1,552,542,553,-1,553,542,543,-1,553,543,554,-1,554,543,544,-1,554,544,555,-1,555,544,545,-1,555,545,556,-1,556,545,546,-1,556,546,557,-1,557,546,547,-1,557,547,558,-1,558,547,548,-1,558,548,559,-1,559,548,549,-1,559,549,560,-1,507,510,508,-1,508,510,550,-1,508,550,561,-1,561,550,551,-1,561,551,562,-1,562,551,552,-1,562,552,563,-1,563,552,553,-1,563,553,564,-1,564,553,554,-1,564,554,565,-1,565,554,555,-1,565,555,566,-1,566,555,556,-1,566,556,567,-1,567,556,557,-1,567,557,568,-1,568,557,558,-1,568,558,569,-1,569,558,559,-1,569,559,570,-1,570,559,560,-1,570,560,571,-1,505,508,506,-1,506,508,561,-1,506,561,572,-1,572,561,562,-1,572,562,573,-1,573,562,563,-1,573,563,574,-1,574,563,564,-1,574,564,575,-1,575,564,565,-1,575,565,576,-1,576,565,566,-1,576,566,577,-1,577,566,567,-1,577,567,578,-1,578,567,568,-1,578,568,579,-1,579,568,569,-1,579,569,580,-1,580,569,570,-1,580,570,581,-1,581,570,571,-1,581,571,582,-1,504,506,583,-1,583,506,572,-1,583,572,584,-1,584,572,573,-1,584,573,585,-1,585,573,574,-1,585,574,586,-1,586,574,575,-1,586,575,587,-1,587,575,576,-1,587,576,588,-1,588,576,577,-1,588,577,589,-1,589,577,578,-1,589,578,590,-1,590,578,579,-1,590,579,591,-1,591,579,580,-1,591,580,592,-1,592,580,581,-1,592,581,593,-1,593,581,582,-1,593,582,594,-1,594,582,595,-1,582,571,596,-1,571,560,597,-1,560,549,598,-1,549,538,599,-1,538,537,600,-1,538,600,599,-1,599,600,601,-1,599,601,602,-1,602,601,603,-1,602,603,604,-1,604,603,605,-1,604,605,606,-1,606,605,607,-1,606,607,608,-1,608,607,609,-1,608,609,610,-1,610,609,611,-1,610,611,612,-1,612,611,613,-1,612,613,614,-1,614,613,615,-1,614,615,616,-1,616,615,617,-1,616,617,618,-1,618,617,619,-1,618,619,620,-1,620,619,515,-1,620,515,513,-1,549,599,598,-1,598,599,602,-1,598,602,621,-1,621,602,604,-1,621,604,622,-1,622,604,606,-1,622,606,623,-1,623,606,608,-1,623,608,624,-1,624,608,610,-1,624,610,625,-1,625,610,612,-1,625,612,626,-1,626,612,614,-1,626,614,627,-1,627,614,616,-1,627,616,628,-1,628,616,618,-1,628,618,629,-1,629,618,620,-1,629,620,630,-1,630,620,513,-1,630,513,511,-1,560,598,597,-1,597,598,621,-1,597,621,631,-1,631,621,622,-1,631,622,632,-1,632,622,623,-1,632,623,633,-1,633,623,624,-1,633,624,634,-1,634,624,625,-1,634,625,635,-1,635,625,626,-1,635,626,636,-1,636,626,627,-1,636,627,637,-1,637,627,628,-1,637,628,638,-1,638,628,629,-1,638,629,639,-1,639,629,630,-1,639,630,640,-1,640,630,511,-1,640,511,509,-1,571,597,596,-1,596,597,631,-1,596,631,641,-1,641,631,632,-1,641,632,642,-1,642,632,633,-1,642,633,643,-1,643,633,634,-1,643,634,644,-1,644,634,635,-1,644,635,645,-1,645,635,636,-1,645,636,646,-1,646,636,637,-1,646,637,647,-1,647,637,638,-1,647,638,648,-1,648,638,639,-1,648,639,649,-1,649,639,640,-1,649,640,650,-1,650,640,509,-1,650,509,507,-1,582,596,595,-1,595,596,641,-1,595,641,651,-1,651,641,642,-1,651,642,652,-1,652,642,643,-1,652,643,653,-1,653,643,644,-1,653,644,654,-1,654,644,645,-1,654,645,655,-1,655,645,646,-1,655,646,656,-1,656,646,647,-1,656,647,657,-1,657,647,648,-1,657,648,658,-1,658,648,649,-1,658,649,659,-1,659,649,650,-1,659,650,660,-1,660,650,507,-1,660,507,505,-1,594,595,661,-1,661,595,651,-1,661,651,662,-1,662,651,652,-1,662,652,663,-1,663,652,653,-1,663,653,664,-1,664,653,654,-1,664,654,665,-1,665,654,655,-1,665,655,666,-1,666,655,656,-1,666,656,667,-1,667,656,657,-1,667,657,668,-1,668,657,658,-1,668,658,669,-1,669,658,659,-1,669,659,670,-1,670,659,660,-1,670,660,671,-1,671,660,505,-1,671,505,504,-1,672,673,674,-1,673,675,676,-1,675,677,678,-1,677,679,680,-1,679,681,682,-1,681,683,684,-1,681,684,682,-1,682,684,685,-1,682,685,686,-1,686,685,687,-1,686,687,688,-1,688,687,689,-1,688,689,690,-1,690,689,691,-1,690,691,692,-1,692,691,693,-1,692,693,694,-1,694,693,695,-1,694,695,696,-1,696,695,697,-1,696,697,698,-1,698,697,699,-1,698,699,700,-1,700,699,701,-1,700,701,702,-1,702,701,703,-1,702,703,704,-1,704,703,705,-1,704,705,706,-1,679,682,680,-1,680,682,686,-1,680,686,707,-1,707,686,688,-1,707,688,708,-1,708,688,690,-1,708,690,709,-1,709,690,692,-1,709,692,710,-1,710,692,694,-1,710,694,711,-1,711,694,696,-1,711,696,712,-1,712,696,698,-1,712,698,713,-1,713,698,700,-1,713,700,714,-1,714,700,702,-1,714,702,715,-1,715,702,704,-1,715,704,716,-1,716,704,706,-1,716,706,717,-1,677,680,678,-1,678,680,707,-1,678,707,718,-1,718,707,708,-1,718,708,719,-1,719,708,709,-1,719,709,720,-1,720,709,710,-1,720,710,721,-1,721,710,711,-1,721,711,722,-1,722,711,712,-1,722,712,723,-1,723,712,713,-1,723,713,724,-1,724,713,714,-1,724,714,725,-1,725,714,715,-1,725,715,726,-1,726,715,716,-1,726,716,727,-1,727,716,717,-1,727,717,728,-1,675,678,676,-1,676,678,718,-1,676,718,729,-1,729,718,719,-1,729,719,730,-1,730,719,720,-1,730,720,731,-1,731,720,721,-1,731,721,732,-1,732,721,722,-1,732,722,733,-1,733,722,723,-1,733,723,734,-1,734,723,724,-1,734,724,735,-1,735,724,725,-1,735,725,736,-1,736,725,726,-1,736,726,737,-1,737,726,727,-1,737,727,738,-1,738,727,728,-1,738,728,739,-1,673,676,674,-1,674,676,729,-1,674,729,740,-1,740,729,730,-1,740,730,741,-1,741,730,731,-1,741,731,742,-1,742,731,732,-1,742,732,743,-1,743,732,733,-1,743,733,744,-1,744,733,734,-1,744,734,745,-1,745,734,735,-1,745,735,746,-1,746,735,736,-1,746,736,747,-1,747,736,737,-1,747,737,748,-1,748,737,738,-1,748,738,749,-1,749,738,739,-1,749,739,750,-1,672,674,751,-1,751,674,740,-1,751,740,752,-1,752,740,741,-1,752,741,753,-1,753,741,742,-1,753,742,754,-1,754,742,743,-1,754,743,755,-1,755,743,744,-1,755,744,756,-1,756,744,745,-1,756,745,757,-1,757,745,746,-1,757,746,758,-1,758,746,747,-1,758,747,759,-1,759,747,748,-1,759,748,760,-1,760,748,749,-1,760,749,761,-1,761,749,750,-1,761,750,762,-1,762,750,763,-1,750,739,764,-1,739,728,765,-1,728,717,766,-1,717,706,767,-1,706,705,768,-1,706,768,767,-1,767,768,769,-1,767,769,770,-1,770,769,771,-1,770,771,772,-1,772,771,773,-1,772,773,774,-1,774,773,775,-1,774,775,776,-1,776,775,777,-1,776,777,778,-1,778,777,779,-1,778,779,780,-1,780,779,781,-1,780,781,782,-1,782,781,783,-1,782,783,784,-1,784,783,785,-1,784,785,786,-1,786,785,787,-1,786,787,788,-1,788,787,683,-1,788,683,681,-1,717,767,766,-1,766,767,770,-1,766,770,789,-1,789,770,772,-1,789,772,790,-1,790,772,774,-1,790,774,791,-1,791,774,776,-1,791,776,792,-1,792,776,778,-1,792,778,793,-1,793,778,780,-1,793,780,794,-1,794,780,782,-1,794,782,795,-1,795,782,784,-1,795,784,796,-1,796,784,786,-1,796,786,797,-1,797,786,788,-1,797,788,798,-1,798,788,681,-1,798,681,679,-1,728,766,765,-1,765,766,789,-1,765,789,799,-1,799,789,790,-1,799,790,800,-1,800,790,791,-1,800,791,801,-1,801,791,792,-1,801,792,802,-1,802,792,793,-1,802,793,803,-1,803,793,794,-1,803,794,804,-1,804,794,795,-1,804,795,805,-1,805,795,796,-1,805,796,806,-1,806,796,797,-1,806,797,807,-1,807,797,798,-1,807,798,808,-1,808,798,679,-1,808,679,677,-1,739,765,764,-1,764,765,799,-1,764,799,809,-1,809,799,800,-1,809,800,810,-1,810,800,801,-1,810,801,811,-1,811,801,802,-1,811,802,812,-1,812,802,803,-1,812,803,813,-1,813,803,804,-1,813,804,814,-1,814,804,805,-1,814,805,815,-1,815,805,806,-1,815,806,816,-1,816,806,807,-1,816,807,817,-1,817,807,808,-1,817,808,818,-1,818,808,677,-1,818,677,675,-1,750,764,763,-1,763,764,809,-1,763,809,819,-1,819,809,810,-1,819,810,820,-1,820,810,811,-1,820,811,821,-1,821,811,812,-1,821,812,822,-1,822,812,813,-1,822,813,823,-1,823,813,814,-1,823,814,824,-1,824,814,815,-1,824,815,825,-1,825,815,816,-1,825,816,826,-1,826,816,817,-1,826,817,827,-1,827,817,818,-1,827,818,828,-1,828,818,675,-1,828,675,673,-1,762,763,829,-1,829,763,819,-1,829,819,830,-1,830,819,820,-1,830,820,831,-1,831,820,821,-1,831,821,832,-1,832,821,822,-1,832,822,833,-1,833,822,823,-1,833,823,834,-1,834,823,824,-1,834,824,835,-1,835,824,825,-1,835,825,836,-1,836,825,826,-1,836,826,837,-1,837,826,827,-1,837,827,838,-1,838,827,828,-1,838,828,839,-1,839,828,673,-1,839,673,672,-1,840,841,842,-1,841,843,844,-1,843,845,846,-1,845,847,848,-1,847,849,850,-1,849,851,852,-1,849,852,850,-1,850,852,853,-1,850,853,854,-1,854,853,855,-1,854,855,856,-1,856,855,857,-1,856,857,858,-1,858,857,859,-1,858,859,860,-1,860,859,861,-1,860,861,862,-1,862,861,863,-1,862,863,864,-1,864,863,865,-1,864,865,866,-1,866,865,867,-1,866,867,868,-1,868,867,869,-1,868,869,870,-1,870,869,871,-1,870,871,872,-1,872,871,873,-1,872,873,874,-1,847,850,848,-1,848,850,854,-1,848,854,875,-1,875,854,856,-1,875,856,876,-1,876,856,858,-1,876,858,877,-1,877,858,860,-1,877,860,878,-1,878,860,862,-1,878,862,879,-1,879,862,864,-1,879,864,880,-1,880,864,866,-1,880,866,881,-1,881,866,868,-1,881,868,882,-1,882,868,870,-1,882,870,883,-1,883,870,872,-1,883,872,884,-1,884,872,874,-1,884,874,885,-1,845,848,846,-1,846,848,875,-1,846,875,886,-1,886,875,876,-1,886,876,887,-1,887,876,877,-1,887,877,888,-1,888,877,878,-1,888,878,889,-1,889,878,879,-1,889,879,890,-1,890,879,880,-1,890,880,891,-1,891,880,881,-1,891,881,892,-1,892,881,882,-1,892,882,893,-1,893,882,883,-1,893,883,894,-1,894,883,884,-1,894,884,895,-1,895,884,885,-1,895,885,896,-1,843,846,844,-1,844,846,886,-1,844,886,897,-1,897,886,887,-1,897,887,898,-1,898,887,888,-1,898,888,899,-1,899,888,889,-1,899,889,900,-1,900,889,890,-1,900,890,901,-1,901,890,891,-1,901,891,902,-1,902,891,892,-1,902,892,903,-1,903,892,893,-1,903,893,904,-1,904,893,894,-1,904,894,905,-1,905,894,895,-1,905,895,906,-1,906,895,896,-1,906,896,907,-1,841,844,842,-1,842,844,897,-1,842,897,908,-1,908,897,898,-1,908,898,909,-1,909,898,899,-1,909,899,910,-1,910,899,900,-1,910,900,911,-1,911,900,901,-1,911,901,912,-1,912,901,902,-1,912,902,913,-1,913,902,903,-1,913,903,914,-1,914,903,904,-1,914,904,915,-1,915,904,905,-1,915,905,916,-1,916,905,906,-1,916,906,917,-1,917,906,907,-1,917,907,918,-1,840,842,919,-1,919,842,908,-1,919,908,920,-1,920,908,909,-1,920,909,921,-1,921,909,910,-1,921,910,922,-1,922,910,911,-1,922,911,923,-1,923,911,912,-1,923,912,924,-1,924,912,913,-1,924,913,925,-1,925,913,914,-1,925,914,926,-1,926,914,915,-1,926,915,927,-1,927,915,916,-1,927,916,928,-1,928,916,917,-1,928,917,929,-1,929,917,918,-1,929,918,930,-1,930,918,931,-1,918,907,932,-1,907,896,933,-1,896,885,934,-1,885,874,935,-1,874,873,936,-1,874,936,935,-1,935,936,937,-1,935,937,938,-1,938,937,939,-1,938,939,940,-1,940,939,941,-1,940,941,942,-1,942,941,943,-1,942,943,944,-1,944,943,945,-1,944,945,946,-1,946,945,947,-1,946,947,948,-1,948,947,949,-1,948,949,950,-1,950,949,951,-1,950,951,952,-1,952,951,953,-1,952,953,954,-1,954,953,955,-1,954,955,956,-1,956,955,851,-1,956,851,849,-1,885,935,934,-1,934,935,938,-1,934,938,957,-1,957,938,940,-1,957,940,958,-1,958,940,942,-1,958,942,959,-1,959,942,944,-1,959,944,960,-1,960,944,946,-1,960,946,961,-1,961,946,948,-1,961,948,962,-1,962,948,950,-1,962,950,963,-1,963,950,952,-1,963,952,964,-1,964,952,954,-1,964,954,965,-1,965,954,956,-1,965,956,966,-1,966,956,849,-1,966,849,847,-1,896,934,933,-1,933,934,957,-1,933,957,967,-1,967,957,958,-1,967,958,968,-1,968,958,959,-1,968,959,969,-1,969,959,960,-1,969,960,970,-1,970,960,961,-1,970,961,971,-1,971,961,962,-1,971,962,972,-1,972,962,963,-1,972,963,973,-1,973,963,964,-1,973,964,974,-1,974,964,965,-1,974,965,975,-1,975,965,966,-1,975,966,976,-1,976,966,847,-1,976,847,845,-1,907,933,932,-1,932,933,967,-1,932,967,977,-1,977,967,968,-1,977,968,978,-1,978,968,969,-1,978,969,979,-1,979,969,970,-1,979,970,980,-1,980,970,971,-1,980,971,981,-1,981,971,972,-1,981,972,982,-1,982,972,973,-1,982,973,983,-1,983,973,974,-1,983,974,984,-1,984,974,975,-1,984,975,985,-1,985,975,976,-1,985,976,986,-1,986,976,845,-1,986,845,843,-1,918,932,931,-1,931,932,977,-1,931,977,987,-1,987,977,978,-1,987,978,988,-1,988,978,979,-1,988,979,989,-1,989,979,980,-1,989,980,990,-1,990,980,981,-1,990,981,991,-1,991,981,982,-1,991,982,992,-1,992,982,983,-1,992,983,993,-1,993,983,984,-1,993,984,994,-1,994,984,985,-1,994,985,995,-1,995,985,986,-1,995,986,996,-1,996,986,843,-1,996,843,841,-1,930,931,997,-1,997,931,987,-1,997,987,998,-1,998,987,988,-1,998,988,999,-1,999,988,989,-1,999,989,1000,-1,1000,989,990,-1,1000,990,1001,-1,1001,990,991,-1,1001,991,1002,-1,1002,991,992,-1,1002,992,1003,-1,1003,992,993,-1,1003,993,1004,-1,1004,993,994,-1,1004,994,1005,-1,1005,994,995,-1,1005,995,1006,-1,1006,995,996,-1,1006,996,1007,-1,1007,996,841,-1,1007,841,840,-1,1008,1009,1010,-1,1009,1011,1012,-1,1011,1013,1014,-1,1013,1015,1016,-1,1015,1017,1018,-1,1017,1019,1020,-1,1017,1020,1018,-1,1018,1020,1021,-1,1018,1021,1022,-1,1022,1021,1023,-1,1022,1023,1024,-1,1024,1023,1025,-1,1024,1025,1026,-1,1026,1025,1027,-1,1026,1027,1028,-1,1028,1027,1029,-1,1028,1029,1030,-1,1030,1029,1031,-1,1030,1031,1032,-1,1032,1031,1033,-1,1032,1033,1034,-1,1034,1033,1035,-1,1034,1035,1036,-1,1036,1035,1037,-1,1036,1037,1038,-1,1038,1037,1039,-1,1038,1039,1040,-1,1040,1039,1041,-1,1040,1041,1042,-1,1015,1018,1016,-1,1016,1018,1022,-1,1016,1022,1043,-1,1043,1022,1024,-1,1043,1024,1044,-1,1044,1024,1026,-1,1044,1026,1045,-1,1045,1026,1028,-1,1045,1028,1046,-1,1046,1028,1030,-1,1046,1030,1047,-1,1047,1030,1032,-1,1047,1032,1048,-1,1048,1032,1034,-1,1048,1034,1049,-1,1049,1034,1036,-1,1049,1036,1050,-1,1050,1036,1038,-1,1050,1038,1051,-1,1051,1038,1040,-1,1051,1040,1052,-1,1052,1040,1042,-1,1052,1042,1053,-1,1013,1016,1014,-1,1014,1016,1043,-1,1014,1043,1054,-1,1054,1043,1044,-1,1054,1044,1055,-1,1055,1044,1045,-1,1055,1045,1056,-1,1056,1045,1046,-1,1056,1046,1057,-1,1057,1046,1047,-1,1057,1047,1058,-1,1058,1047,1048,-1,1058,1048,1059,-1,1059,1048,1049,-1,1059,1049,1060,-1,1060,1049,1050,-1,1060,1050,1061,-1,1061,1050,1051,-1,1061,1051,1062,-1,1062,1051,1052,-1,1062,1052,1063,-1,1063,1052,1053,-1,1063,1053,1064,-1,1011,1014,1012,-1,1012,1014,1054,-1,1012,1054,1065,-1,1065,1054,1055,-1,1065,1055,1066,-1,1066,1055,1056,-1,1066,1056,1067,-1,1067,1056,1057,-1,1067,1057,1068,-1,1068,1057,1058,-1,1068,1058,1069,-1,1069,1058,1059,-1,1069,1059,1070,-1,1070,1059,1060,-1,1070,1060,1071,-1,1071,1060,1061,-1,1071,1061,1072,-1,1072,1061,1062,-1,1072,1062,1073,-1,1073,1062,1063,-1,1073,1063,1074,-1,1074,1063,1064,-1,1074,1064,1075,-1,1009,1012,1010,-1,1010,1012,1065,-1,1010,1065,1076,-1,1076,1065,1066,-1,1076,1066,1077,-1,1077,1066,1067,-1,1077,1067,1078,-1,1078,1067,1068,-1,1078,1068,1079,-1,1079,1068,1069,-1,1079,1069,1080,-1,1080,1069,1070,-1,1080,1070,1081,-1,1081,1070,1071,-1,1081,1071,1082,-1,1082,1071,1072,-1,1082,1072,1083,-1,1083,1072,1073,-1,1083,1073,1084,-1,1084,1073,1074,-1,1084,1074,1085,-1,1085,1074,1075,-1,1085,1075,1086,-1,1008,1010,1087,-1,1087,1010,1076,-1,1087,1076,1088,-1,1088,1076,1077,-1,1088,1077,1089,-1,1089,1077,1078,-1,1089,1078,1090,-1,1090,1078,1079,-1,1090,1079,1091,-1,1091,1079,1080,-1,1091,1080,1092,-1,1092,1080,1081,-1,1092,1081,1093,-1,1093,1081,1082,-1,1093,1082,1094,-1,1094,1082,1083,-1,1094,1083,1095,-1,1095,1083,1084,-1,1095,1084,1096,-1,1096,1084,1085,-1,1096,1085,1097,-1,1097,1085,1086,-1,1097,1086,1098,-1,1098,1086,1099,-1,1086,1075,1100,-1,1075,1064,1101,-1,1064,1053,1102,-1,1053,1042,1103,-1,1042,1041,1104,-1,1042,1104,1103,-1,1103,1104,1105,-1,1103,1105,1106,-1,1106,1105,1107,-1,1106,1107,1108,-1,1108,1107,1109,-1,1108,1109,1110,-1,1110,1109,1111,-1,1110,1111,1112,-1,1112,1111,1113,-1,1112,1113,1114,-1,1114,1113,1115,-1,1114,1115,1116,-1,1116,1115,1117,-1,1116,1117,1118,-1,1118,1117,1119,-1,1118,1119,1120,-1,1120,1119,1121,-1,1120,1121,1122,-1,1122,1121,1123,-1,1122,1123,1124,-1,1124,1123,1019,-1,1124,1019,1017,-1,1053,1103,1102,-1,1102,1103,1106,-1,1102,1106,1125,-1,1125,1106,1108,-1,1125,1108,1126,-1,1126,1108,1110,-1,1126,1110,1127,-1,1127,1110,1112,-1,1127,1112,1128,-1,1128,1112,1114,-1,1128,1114,1129,-1,1129,1114,1116,-1,1129,1116,1130,-1,1130,1116,1118,-1,1130,1118,1131,-1,1131,1118,1120,-1,1131,1120,1132,-1,1132,1120,1122,-1,1132,1122,1133,-1,1133,1122,1124,-1,1133,1124,1134,-1,1134,1124,1017,-1,1134,1017,1015,-1,1064,1102,1101,-1,1101,1102,1125,-1,1101,1125,1135,-1,1135,1125,1126,-1,1135,1126,1136,-1,1136,1126,1127,-1,1136,1127,1137,-1,1137,1127,1128,-1,1137,1128,1138,-1,1138,1128,1129,-1,1138,1129,1139,-1,1139,1129,1130,-1,1139,1130,1140,-1,1140,1130,1131,-1,1140,1131,1141,-1,1141,1131,1132,-1,1141,1132,1142,-1,1142,1132,1133,-1,1142,1133,1143,-1,1143,1133,1134,-1,1143,1134,1144,-1,1144,1134,1015,-1,1144,1015,1013,-1,1075,1101,1100,-1,1100,1101,1135,-1,1100,1135,1145,-1,1145,1135,1136,-1,1145,1136,1146,-1,1146,1136,1137,-1,1146,1137,1147,-1,1147,1137,1138,-1,1147,1138,1148,-1,1148,1138,1139,-1,1148,1139,1149,-1,1149,1139,1140,-1,1149,1140,1150,-1,1150,1140,1141,-1,1150,1141,1151,-1,1151,1141,1142,-1,1151,1142,1152,-1,1152,1142,1143,-1,1152,1143,1153,-1,1153,1143,1144,-1,1153,1144,1154,-1,1154,1144,1013,-1,1154,1013,1011,-1,1086,1100,1099,-1,1099,1100,1145,-1,1099,1145,1155,-1,1155,1145,1146,-1,1155,1146,1156,-1,1156,1146,1147,-1,1156,1147,1157,-1,1157,1147,1148,-1,1157,1148,1158,-1,1158,1148,1149,-1,1158,1149,1159,-1,1159,1149,1150,-1,1159,1150,1160,-1,1160,1150,1151,-1,1160,1151,1161,-1,1161,1151,1152,-1,1161,1152,1162,-1,1162,1152,1153,-1,1162,1153,1163,-1,1163,1153,1154,-1,1163,1154,1164,-1,1164,1154,1011,-1,1164,1011,1009,-1,1098,1099,1165,-1,1165,1099,1155,-1,1165,1155,1166,-1,1166,1155,1156,-1,1166,1156,1167,-1,1167,1156,1157,-1,1167,1157,1168,-1,1168,1157,1158,-1,1168,1158,1169,-1,1169,1158,1159,-1,1169,1159,1170,-1,1170,1159,1160,-1,1170,1160,1171,-1,1171,1160,1161,-1,1171,1161,1172,-1,1172,1161,1162,-1,1172,1162,1173,-1,1173,1162,1163,-1,1173,1163,1174,-1,1174,1163,1164,-1,1174,1164,1175,-1,1175,1164,1009,-1,1175,1009,1008,-1,1176,1177,1178,-1,1177,1179,1180,-1,1179,1181,1182,-1,1181,1183,1184,-1,1183,1185,1186,-1,1185,1187,1188,-1,1185,1188,1186,-1,1186,1188,1189,-1,1186,1189,1190,-1,1190,1189,1191,-1,1190,1191,1192,-1,1192,1191,1193,-1,1192,1193,1194,-1,1194,1193,1195,-1,1194,1195,1196,-1,1196,1195,1197,-1,1196,1197,1198,-1,1198,1197,1199,-1,1198,1199,1200,-1,1200,1199,1201,-1,1200,1201,1202,-1,1202,1201,1203,-1,1202,1203,1204,-1,1204,1203,1205,-1,1204,1205,1206,-1,1206,1205,1207,-1,1206,1207,1208,-1,1208,1207,1209,-1,1208,1209,1210,-1,1183,1186,1184,-1,1184,1186,1190,-1,1184,1190,1211,-1,1211,1190,1192,-1,1211,1192,1212,-1,1212,1192,1194,-1,1212,1194,1213,-1,1213,1194,1196,-1,1213,1196,1214,-1,1214,1196,1198,-1,1214,1198,1215,-1,1215,1198,1200,-1,1215,1200,1216,-1,1216,1200,1202,-1,1216,1202,1217,-1,1217,1202,1204,-1,1217,1204,1218,-1,1218,1204,1206,-1,1218,1206,1219,-1,1219,1206,1208,-1,1219,1208,1220,-1,1220,1208,1210,-1,1220,1210,1221,-1,1181,1184,1182,-1,1182,1184,1211,-1,1182,1211,1222,-1,1222,1211,1212,-1,1222,1212,1223,-1,1223,1212,1213,-1,1223,1213,1224,-1,1224,1213,1214,-1,1224,1214,1225,-1,1225,1214,1215,-1,1225,1215,1226,-1,1226,1215,1216,-1,1226,1216,1227,-1,1227,1216,1217,-1,1227,1217,1228,-1,1228,1217,1218,-1,1228,1218,1229,-1,1229,1218,1219,-1,1229,1219,1230,-1,1230,1219,1220,-1,1230,1220,1231,-1,1231,1220,1221,-1,1231,1221,1232,-1,1179,1182,1180,-1,1180,1182,1222,-1,1180,1222,1233,-1,1233,1222,1223,-1,1233,1223,1234,-1,1234,1223,1224,-1,1234,1224,1235,-1,1235,1224,1225,-1,1235,1225,1236,-1,1236,1225,1226,-1,1236,1226,1237,-1,1237,1226,1227,-1,1237,1227,1238,-1,1238,1227,1228,-1,1238,1228,1239,-1,1239,1228,1229,-1,1239,1229,1240,-1,1240,1229,1230,-1,1240,1230,1241,-1,1241,1230,1231,-1,1241,1231,1242,-1,1242,1231,1232,-1,1242,1232,1243,-1,1177,1180,1178,-1,1178,1180,1233,-1,1178,1233,1244,-1,1244,1233,1234,-1,1244,1234,1245,-1,1245,1234,1235,-1,1245,1235,1246,-1,1246,1235,1236,-1,1246,1236,1247,-1,1247,1236,1237,-1,1247,1237,1248,-1,1248,1237,1238,-1,1248,1238,1249,-1,1249,1238,1239,-1,1249,1239,1250,-1,1250,1239,1240,-1,1250,1240,1251,-1,1251,1240,1241,-1,1251,1241,1252,-1,1252,1241,1242,-1,1252,1242,1253,-1,1253,1242,1243,-1,1253,1243,1254,-1,1176,1178,1255,-1,1255,1178,1244,-1,1255,1244,1256,-1,1256,1244,1245,-1,1256,1245,1257,-1,1257,1245,1246,-1,1257,1246,1258,-1,1258,1246,1247,-1,1258,1247,1259,-1,1259,1247,1248,-1,1259,1248,1260,-1,1260,1248,1249,-1,1260,1249,1261,-1,1261,1249,1250,-1,1261,1250,1262,-1,1262,1250,1251,-1,1262,1251,1263,-1,1263,1251,1252,-1,1263,1252,1264,-1,1264,1252,1253,-1,1264,1253,1265,-1,1265,1253,1254,-1,1265,1254,1266,-1,1266,1254,1267,-1,1254,1243,1268,-1,1243,1232,1269,-1,1232,1221,1270,-1,1221,1210,1271,-1,1210,1209,1272,-1,1210,1272,1271,-1,1271,1272,1273,-1,1271,1273,1274,-1,1274,1273,1275,-1,1274,1275,1276,-1,1276,1275,1277,-1,1276,1277,1278,-1,1278,1277,1279,-1,1278,1279,1280,-1,1280,1279,1281,-1,1280,1281,1282,-1,1282,1281,1283,-1,1282,1283,1284,-1,1284,1283,1285,-1,1284,1285,1286,-1,1286,1285,1287,-1,1286,1287,1288,-1,1288,1287,1289,-1,1288,1289,1290,-1,1290,1289,1291,-1,1290,1291,1292,-1,1292,1291,1187,-1,1292,1187,1185,-1,1221,1271,1270,-1,1270,1271,1274,-1,1270,1274,1293,-1,1293,1274,1276,-1,1293,1276,1294,-1,1294,1276,1278,-1,1294,1278,1295,-1,1295,1278,1280,-1,1295,1280,1296,-1,1296,1280,1282,-1,1296,1282,1297,-1,1297,1282,1284,-1,1297,1284,1298,-1,1298,1284,1286,-1,1298,1286,1299,-1,1299,1286,1288,-1,1299,1288,1300,-1,1300,1288,1290,-1,1300,1290,1301,-1,1301,1290,1292,-1,1301,1292,1302,-1,1302,1292,1185,-1,1302,1185,1183,-1,1232,1270,1269,-1,1269,1270,1293,-1,1269,1293,1303,-1,1303,1293,1294,-1,1303,1294,1304,-1,1304,1294,1295,-1,1304,1295,1305,-1,1305,1295,1296,-1,1305,1296,1306,-1,1306,1296,1297,-1,1306,1297,1307,-1,1307,1297,1298,-1,1307,1298,1308,-1,1308,1298,1299,-1,1308,1299,1309,-1,1309,1299,1300,-1,1309,1300,1310,-1,1310,1300,1301,-1,1310,1301,1311,-1,1311,1301,1302,-1,1311,1302,1312,-1,1312,1302,1183,-1,1312,1183,1181,-1,1243,1269,1268,-1,1268,1269,1303,-1,1268,1303,1313,-1,1313,1303,1304,-1,1313,1304,1314,-1,1314,1304,1305,-1,1314,1305,1315,-1,1315,1305,1306,-1,1315,1306,1316,-1,1316,1306,1307,-1,1316,1307,1317,-1,1317,1307,1308,-1,1317,1308,1318,-1,1318,1308,1309,-1,1318,1309,1319,-1,1319,1309,1310,-1,1319,1310,1320,-1,1320,1310,1311,-1,1320,1311,1321,-1,1321,1311,1312,-1,1321,1312,1322,-1,1322,1312,1181,-1,1322,1181,1179,-1,1254,1268,1267,-1,1267,1268,1313,-1,1267,1313,1323,-1,1323,1313,1314,-1,1323,1314,1324,-1,1324,1314,1315,-1,1324,1315,1325,-1,1325,1315,1316,-1,1325,1316,1326,-1,1326,1316,1317,-1,1326,1317,1327,-1,1327,1317,1318,-1,1327,1318,1328,-1,1328,1318,1319,-1,1328,1319,1329,-1,1329,1319,1320,-1,1329,1320,1330,-1,1330,1320,1321,-1,1330,1321,1331,-1,1331,1321,1322,-1,1331,1322,1332,-1,1332,1322,1179,-1,1332,1179,1177,-1,1266,1267,1333,-1,1333,1267,1323,-1,1333,1323,1334,-1,1334,1323,1324,-1,1334,1324,1335,-1,1335,1324,1325,-1,1335,1325,1336,-1,1336,1325,1326,-1,1336,1326,1337,-1,1337,1326,1327,-1,1337,1327,1338,-1,1338,1327,1328,-1,1338,1328,1339,-1,1339,1328,1329,-1,1339,1329,1340,-1,1340,1329,1330,-1,1340,1330,1341,-1,1341,1330,1331,-1,1341,1331,1342,-1,1342,1331,1332,-1,1342,1332,1343,-1,1343,1332,1177,-1,1343,1177,1176,-1,1344,1345,1346,-1,1346,1345,1347,-1,1346,1347,1348,-1,1348,1347,1349,-1,1348,1349,1350,-1,1350,1349,1351,-1,1350,1351,1352,-1,1352,1351,1353,-1,1352,1353,1354,-1,1354,1353,1355,-1,1354,1355,1356,-1,1356,1355,1357,-1,1356,1357,1358,-1,1358,1357,1359,-1,1358,1359,1360,-1,1360,1359,1361,-1,1360,1361,1362,-1,1362,1361,1363,-1,1362,1363,1364,-1,1364,1363,1365,-1,1364,1365,1366,-1,1366,1365,1367,-1,1366,1367,1368,-1,1368,1367,1369,-1,1368,1369,1370,-1,1370,1369,1371,-1,1370,1371,1372,-1,1372,1371,1373,-1,1372,1373,1374,-1,1374,1373,1375,-1,1374,1375,1376,-1,1376,1375,1377,-1,1376,1377,1378,-1,1378,1377,1379,-1,1378,1379,1380,-1,1380,1379,1381,-1,1380,1381,1382,-1,1382,1381,1383,-1,1382,1383,1384,-1,1384,1383,1385,-1,1384,1385,1386,-1,1386,1385,1387,-1,1386,1387,1388,-1,1388,1387,1389,-1,1388,1389,1390,-1,1390,1389,1391,-1,1390,1391,1344,-1,1344,1391,1345,-1,1391,1392,1345,-1,1345,1392,1393,-1,1345,1393,1347,-1,1347,1393,1394,-1,1347,1394,1349,-1,1349,1394,1395,-1,1349,1395,1351,-1,1351,1395,1396,-1,1351,1396,1353,-1,1353,1396,1397,-1,1353,1397,1355,-1,1355,1397,1398,-1,1355,1398,1357,-1,1357,1398,1399,-1,1357,1399,1359,-1,1359,1399,1400,-1,1359,1400,1361,-1,1361,1400,1401,-1,1361,1401,1363,-1,1363,1401,1402,-1,1363,1402,1365,-1,1365,1402,1403,-1,1365,1403,1367,-1,1367,1403,1404,-1,1367,1404,1369,-1,1369,1404,1405,-1,1369,1405,1371,-1,1371,1405,1406,-1,1371,1406,1373,-1,1373,1406,1407,-1,1373,1407,1375,-1,1375,1407,1408,-1,1375,1408,1377,-1,1377,1408,1409,-1,1377,1409,1379,-1,1379,1409,1410,-1,1379,1410,1381,-1,1381,1410,1411,-1,1381,1411,1383,-1,1383,1411,1412,-1,1383,1412,1385,-1,1385,1412,1413,-1,1385,1413,1387,-1,1387,1413,1414,-1,1387,1414,1389,-1,1389,1414,1415,-1,1389,1415,1391,-1,1391,1415,1392,-1,1415,1416,1392,-1,1392,1416,1417,-1,1392,1417,1393,-1,1393,1417,1418,-1,1393,1418,1394,-1,1394,1418,1419,-1,1394,1419,1395,-1,1395,1419,1420,-1,1395,1420,1396,-1,1396,1420,1421,-1,1396,1421,1397,-1,1397,1421,1422,-1,1397,1422,1398,-1,1398,1422,1423,-1,1398,1423,1399,-1,1399,1423,1424,-1,1399,1424,1400,-1,1400,1424,1425,-1,1400,1425,1401,-1,1401,1425,1426,-1,1401,1426,1402,-1,1402,1426,1427,-1,1402,1427,1403,-1,1403,1427,1428,-1,1403,1428,1404,-1,1404,1428,1429,-1,1404,1429,1405,-1,1405,1429,1430,-1,1405,1430,1406,-1,1406,1430,1431,-1,1406,1431,1407,-1,1407,1431,1432,-1,1407,1432,1408,-1,1408,1432,1433,-1,1408,1433,1409,-1,1409,1433,1434,-1,1409,1434,1410,-1,1410,1434,1435,-1,1410,1435,1411,-1,1411,1435,1436,-1,1411,1436,1412,-1,1412,1436,1437,-1,1412,1437,1413,-1,1413,1437,1438,-1,1413,1438,1414,-1,1414,1438,1439,-1,1414,1439,1415,-1,1415,1439,1416,-1,1439,1440,1416,-1,1416,1440,1441,-1,1416,1441,1417,-1,1417,1441,1442,-1,1417,1442,1418,-1,1418,1442,1443,-1,1418,1443,1419,-1,1419,1443,1444,-1,1419,1444,1420,-1,1420,1444,1445,-1,1420,1445,1421,-1,1421,1445,1446,-1,1421,1446,1422,-1,1422,1446,1447,-1,1422,1447,1423,-1,1423,1447,1448,-1,1423,1448,1424,-1,1424,1448,1449,-1,1424,1449,1425,-1,1425,1449,1450,-1,1425,1450,1426,-1,1426,1450,1451,-1,1426,1451,1427,-1,1427,1451,1452,-1,1427,1452,1428,-1,1428,1452,1453,-1,1428,1453,1429,-1,1429,1453,1454,-1,1429,1454,1430,-1,1430,1454,1455,-1,1430,1455,1431,-1,1431,1455,1456,-1,1431,1456,1432,-1,1432,1456,1457,-1,1432,1457,1433,-1,1433,1457,1458,-1,1433,1458,1434,-1,1434,1458,1459,-1,1434,1459,1435,-1,1435,1459,1460,-1,1435,1460,1436,-1,1436,1460,1461,-1,1436,1461,1437,-1,1437,1461,1462,-1,1437,1462,1438,-1,1438,1462,1463,-1,1438,1463,1439,-1,1439,1463,1440,-1,1463,1464,1440,-1,1440,1464,1465,-1,1440,1465,1441,-1,1441,1465,1466,-1,1441,1466,1442,-1,1442,1466,1467,-1,1442,1467,1443,-1,1443,1467,1468,-1,1443,1468,1444,-1,1444,1468,1469,-1,1444,1469,1445,-1,1445,1469,1470,-1,1445,1470,1446,-1,1446,1470,1471,-1,1446,1471,1447,-1,1447,1471,1472,-1,1447,1472,1448,-1,1448,1472,1473,-1,1448,1473,1449,-1,1449,1473,1474,-1,1449,1474,1450,-1,1450,1474,1475,-1,1450,1475,1451,-1,1451,1475,1476,-1,1451,1476,1452,-1,1452,1476,1477,-1,1452,1477,1453,-1,1453,1477,1478,-1,1453,1478,1454,-1,1454,1478,1479,-1,1454,1479,1455,-1,1455,1479,1480,-1,1455,1480,1456,-1,1456,1480,1481,-1,1456,1481,1457,-1,1457,1481,1482,-1,1457,1482,1458,-1,1458,1482,1483,-1,1458,1483,1459,-1,1459,1483,1484,-1,1459,1484,1460,-1,1460,1484,1485,-1,1460,1485,1461,-1,1461,1485,1486,-1,1461,1486,1462,-1,1462,1486,1487,-1,1462,1487,1463,-1,1463,1487,1464,-1,1487,1488,1464,-1,1464,1488,1489,-1,1464,1489,1465,-1,1465,1489,1490,-1,1465,1490,1466,-1,1466,1490,1491,-1,1466,1491,1467,-1,1467,1491,1492,-1,1467,1492,1468,-1,1468,1492,1493,-1,1468,1493,1469,-1,1469,1493,1494,-1,1469,1494,1470,-1,1470,1494,1495,-1,1470,1495,1471,-1,1471,1495,1496,-1,1471,1496,1472,-1,1472,1496,1497,-1,1472,1497,1473,-1,1473,1497,1498,-1,1473,1498,1474,-1,1474,1498,1499,-1,1474,1499,1475,-1,1475,1499,1500,-1,1475,1500,1476,-1,1476,1500,1501,-1,1476,1501,1477,-1,1477,1501,1502,-1,1477,1502,1478,-1,1478,1502,1503,-1,1478,1503,1479,-1,1479,1503,1504,-1,1479,1504,1480,-1,1480,1504,1505,-1,1480,1505,1481,-1,1481,1505,1506,-1,1481,1506,1482,-1,1482,1506,1507,-1,1482,1507,1483,-1,1483,1507,1508,-1,1483,1508,1484,-1,1484,1508,1509,-1,1484,1509,1485,-1,1485,1509,1510,-1,1485,1510,1486,-1,1486,1510,1511,-1,1486,1511,1487,-1,1487,1511,1488,-1,1512,1513,1514,-1,1514,1513,1515,-1,1514,1515,1516,-1,1516,1515,1517,-1,1516,1517,1518,-1,1518,1517,1519,-1,1518,1519,1520,-1,1520,1519,1521,-1,1520,1521,1522,-1,1522,1521,1523,-1,1522,1523,1524,-1,1524,1523,1525,-1,1524,1525,1526,-1,1526,1525,1527,-1,1526,1527,1528,-1,1528,1527,1529,-1,1528,1529,1530,-1,1530,1529,1531,-1,1530,1531,1532,-1,1532,1531,1533,-1,1532,1533,1534,-1,1534,1533,1535,-1,1534,1535,1536,-1,1536,1535,1537,-1,1536,1537,1538,-1,1538,1537,1539,-1,1538,1539,1540,-1,1540,1539,1541,-1,1540,1541,1542,-1,1542,1541,1543,-1,1542,1543,1544,-1,1544,1543,1545,-1,1544,1545,1546,-1,1546,1545,1547,-1,1546,1547,1548,-1,1548,1547,1549,-1,1548,1549,1550,-1,1550,1549,1551,-1,1550,1551,1552,-1,1552,1551,1553,-1,1552,1553,1554,-1,1554,1553,1555,-1,1554,1555,1556,-1,1556,1555,1557,-1,1556,1557,1558,-1,1558,1557,1559,-1,1558,1559,1512,-1,1512,1559,1513,-1,1559,1560,1513,-1,1513,1560,1561,-1,1513,1561,1515,-1,1515,1561,1562,-1,1515,1562,1517,-1,1517,1562,1563,-1,1517,1563,1519,-1,1519,1563,1564,-1,1519,1564,1521,-1,1521,1564,1565,-1,1521,1565,1523,-1,1523,1565,1566,-1,1523,1566,1525,-1,1525,1566,1567,-1,1525,1567,1527,-1,1527,1567,1568,-1,1527,1568,1529,-1,1529,1568,1569,-1,1529,1569,1531,-1,1531,1569,1570,-1,1531,1570,1533,-1,1533,1570,1571,-1,1533,1571,1535,-1,1535,1571,1572,-1,1535,1572,1537,-1,1537,1572,1573,-1,1537,1573,1539,-1,1539,1573,1574,-1,1539,1574,1541,-1,1541,1574,1575,-1,1541,1575,1543,-1,1543,1575,1576,-1,1543,1576,1545,-1,1545,1576,1577,-1,1545,1577,1547,-1,1547,1577,1578,-1,1547,1578,1549,-1,1549,1578,1579,-1,1549,1579,1551,-1,1551,1579,1580,-1,1551,1580,1553,-1,1553,1580,1581,-1,1553,1581,1555,-1,1555,1581,1582,-1,1555,1582,1557,-1,1557,1582,1583,-1,1557,1583,1559,-1,1559,1583,1560,-1,1583,1584,1560,-1,1560,1584,1585,-1,1560,1585,1561,-1,1561,1585,1586,-1,1561,1586,1562,-1,1562,1586,1587,-1,1562,1587,1563,-1,1563,1587,1588,-1,1563,1588,1564,-1,1564,1588,1589,-1,1564,1589,1565,-1,1565,1589,1590,-1,1565,1590,1566,-1,1566,1590,1591,-1,1566,1591,1567,-1,1567,1591,1592,-1,1567,1592,1568,-1,1568,1592,1593,-1,1568,1593,1569,-1,1569,1593,1594,-1,1569,1594,1570,-1,1570,1594,1595,-1,1570,1595,1571,-1,1571,1595,1596,-1,1571,1596,1572,-1,1572,1596,1597,-1,1572,1597,1573,-1,1573,1597,1598,-1,1573,1598,1574,-1,1574,1598,1599,-1,1574,1599,1575,-1,1575,1599,1600,-1,1575,1600,1576,-1,1576,1600,1601,-1,1576,1601,1577,-1,1577,1601,1602,-1,1577,1602,1578,-1,1578,1602,1603,-1,1578,1603,1579,-1,1579,1603,1604,-1,1579,1604,1580,-1,1580,1604,1605,-1,1580,1605,1581,-1,1581,1605,1606,-1,1581,1606,1582,-1,1582,1606,1607,-1,1582,1607,1583,-1,1583,1607,1584,-1,1607,1608,1584,-1,1584,1608,1609,-1,1584,1609,1585,-1,1585,1609,1610,-1,1585,1610,1586,-1,1586,1610,1611,-1,1586,1611,1587,-1,1587,1611,1612,-1,1587,1612,1588,-1,1588,1612,1613,-1,1588,1613,1589,-1,1589,1613,1614,-1,1589,1614,1590,-1,1590,1614,1615,-1,1590,1615,1591,-1,1591,1615,1616,-1,1591,1616,1592,-1,1592,1616,1617,-1,1592,1617,1593,-1,1593,1617,1618,-1,1593,1618,1594,-1,1594,1618,1619,-1,1594,1619,1595,-1,1595,1619,1620,-1,1595,1620,1596,-1,1596,1620,1621,-1,1596,1621,1597,-1,1597,1621,1622,-1,1597,1622,1598,-1,1598,1622,1623,-1,1598,1623,1599,-1,1599,1623,1624,-1,1599,1624,1600,-1,1600,1624,1625,-1,1600,1625,1601,-1,1601,1625,1626,-1,1601,1626,1602,-1,1602,1626,1627,-1,1602,1627,1603,-1,1603,1627,1628,-1,1603,1628,1604,-1,1604,1628,1629,-1,1604,1629,1605,-1,1605,1629,1630,-1,1605,1630,1606,-1,1606,1630,1631,-1,1606,1631,1607,-1,1607,1631,1608,-1,1631,1632,1608,-1,1608,1632,1633,-1,1608,1633,1609,-1,1609,1633,1634,-1,1609,1634,1610,-1,1610,1634,1635,-1,1610,1635,1611,-1,1611,1635,1636,-1,1611,1636,1612,-1,1612,1636,1637,-1,1612,1637,1613,-1,1613,1637,1638,-1,1613,1638,1614,-1,1614,1638,1639,-1,1614,1639,1615,-1,1615,1639,1640,-1,1615,1640,1616,-1,1616,1640,1641,-1,1616,1641,1617,-1,1617,1641,1642,-1,1617,1642,1618,-1,1618,1642,1643,-1,1618,1643,1619,-1,1619,1643,1644,-1,1619,1644,1620,-1,1620,1644,1645,-1,1620,1645,1621,-1,1621,1645,1646,-1,1621,1646,1622,-1,1622,1646,1647,-1,1622,1647,1623,-1,1623,1647,1648,-1,1623,1648,1624,-1,1624,1648,1649,-1,1624,1649,1625,-1,1625,1649,1650,-1,1625,1650,1626,-1,1626,1650,1651,-1,1626,1651,1627,-1,1627,1651,1652,-1,1627,1652,1628,-1,1628,1652,1653,-1,1628,1653,1629,-1,1629,1653,1654,-1,1629,1654,1630,-1,1630,1654,1655,-1,1630,1655,1631,-1,1631,1655,1632,-1,1655,1656,1632,-1,1632,1656,1657,-1,1632,1657,1633,-1,1633,1657,1658,-1,1633,1658,1634,-1,1634,1658,1659,-1,1634,1659,1635,-1,1635,1659,1660,-1,1635,1660,1636,-1,1636,1660,1661,-1,1636,1661,1637,-1,1637,1661,1662,-1,1637,1662,1638,-1,1638,1662,1663,-1,1638,1663,1639,-1,1639,1663,1664,-1,1639,1664,1640,-1,1640,1664,1665,-1,1640,1665,1641,-1,1641,1665,1666,-1,1641,1666,1642,-1,1642,1666,1667,-1,1642,1667,1643,-1,1643,1667,1668,-1,1643,1668,1644,-1,1644,1668,1669,-1,1644,1669,1645,-1,1645,1669,1670,-1,1645,1670,1646,-1,1646,1670,1671,-1,1646,1671,1647,-1,1647,1671,1672,-1,1647,1672,1648,-1,1648,1672,1673,-1,1648,1673,1649,-1,1649,1673,1674,-1,1649,1674,1650,-1,1650,1674,1675,-1,1650,1675,1651,-1,1651,1675,1676,-1,1651,1676,1652,-1,1652,1676,1677,-1,1652,1677,1653,-1,1653,1677,1678,-1,1653,1678,1654,-1,1654,1678,1679,-1,1654,1679,1655,-1,1655,1679,1656,-1,1680,1681,1682,-1,1682,1681,1683,-1,1682,1683,1684,-1,1684,1683,1685,-1,1684,1685,1686,-1,1686,1685,1687,-1,1686,1687,1688,-1,1688,1687,1689,-1,1688,1689,1690,-1,1690,1689,1691,-1,1690,1691,1692,-1,1692,1691,1693,-1,1692,1693,1694,-1,1694,1693,1695,-1,1694,1695,1696,-1,1696,1695,1697,-1,1696,1697,1698,-1,1698,1697,1699,-1,1698,1699,1700,-1,1700,1699,1701,-1,1700,1701,1702,-1,1702,1701,1703,-1,1702,1703,1704,-1,1704,1703,1705,-1,1704,1705,1706,-1,1706,1705,1707,-1,1706,1707,1708,-1,1708,1707,1709,-1,1708,1709,1710,-1,1710,1709,1711,-1,1710,1711,1712,-1,1712,1711,1713,-1,1712,1713,1714,-1,1714,1713,1715,-1,1714,1715,1716,-1,1716,1715,1717,-1,1716,1717,1718,-1,1718,1717,1719,-1,1718,1719,1720,-1,1720,1719,1721,-1,1720,1721,1722,-1,1722,1721,1723,-1,1722,1723,1724,-1,1724,1723,1725,-1,1724,1725,1726,-1,1726,1725,1727,-1,1726,1727,1680,-1,1680,1727,1681,-1,1727,1728,1681,-1,1681,1728,1729,-1,1681,1729,1683,-1,1683,1729,1730,-1,1683,1730,1685,-1,1685,1730,1731,-1,1685,1731,1687,-1,1687,1731,1732,-1,1687,1732,1689,-1,1689,1732,1733,-1,1689,1733,1691,-1,1691,1733,1734,-1,1691,1734,1693,-1,1693,1734,1735,-1,1693,1735,1695,-1,1695,1735,1736,-1,1695,1736,1697,-1,1697,1736,1737,-1,1697,1737,1699,-1,1699,1737,1738,-1,1699,1738,1701,-1,1701,1738,1739,-1,1701,1739,1703,-1,1703,1739,1740,-1,1703,1740,1705,-1,1705,1740,1741,-1,1705,1741,1707,-1,1707,1741,1742,-1,1707,1742,1709,-1,1709,1742,1743,-1,1709,1743,1711,-1,1711,1743,1744,-1,1711,1744,1713,-1,1713,1744,1745,-1,1713,1745,1715,-1,1715,1745,1746,-1,1715,1746,1717,-1,1717,1746,1747,-1,1717,1747,1719,-1,1719,1747,1748,-1,1719,1748,1721,-1,1721,1748,1749,-1,1721,1749,1723,-1,1723,1749,1750,-1,1723,1750,1725,-1,1725,1750,1751,-1,1725,1751,1727,-1,1727,1751,1728,-1,1751,1752,1728,-1,1728,1752,1753,-1,1728,1753,1729,-1,1729,1753,1754,-1,1729,1754,1730,-1,1730,1754,1755,-1,1730,1755,1731,-1,1731,1755,1756,-1,1731,1756,1732,-1,1732,1756,1757,-1,1732,1757,1733,-1,1733,1757,1758,-1,1733,1758,1734,-1,1734,1758,1759,-1,1734,1759,1735,-1,1735,1759,1760,-1,1735,1760,1736,-1,1736,1760,1761,-1,1736,1761,1737,-1,1737,1761,1762,-1,1737,1762,1738,-1,1738,1762,1763,-1,1738,1763,1739,-1,1739,1763,1764,-1,1739,1764,1740,-1,1740,1764,1765,-1,1740,1765,1741,-1,1741,1765,1766,-1,1741,1766,1742,-1,1742,1766,1767,-1,1742,1767,1743,-1,1743,1767,1768,-1,1743,1768,1744,-1,1744,1768,1769,-1,1744,1769,1745,-1,1745,1769,1770,-1,1745,1770,1746,-1,1746,1770,1771,-1,1746,1771,1747,-1,1747,1771,1772,-1,1747,1772,1748,-1,1748,1772,1773,-1,1748,1773,1749,-1,1749,1773,1774,-1,1749,1774,1750,-1,1750,1774,1775,-1,1750,1775,1751,-1,1751,1775,1752,-1,1775,1776,1752,-1,1752,1776,1777,-1,1752,1777,1753,-1,1753,1777,1778,-1,1753,1778,1754,-1,1754,1778,1779,-1,1754,1779,1755,-1,1755,1779,1780,-1,1755,1780,1756,-1,1756,1780,1781,-1,1756,1781,1757,-1,1757,1781,1782,-1,1757,1782,1758,-1,1758,1782,1783,-1,1758,1783,1759,-1,1759,1783,1784,-1,1759,1784,1760,-1,1760,1784,1785,-1,1760,1785,1761,-1,1761,1785,1786,-1,1761,1786,1762,-1,1762,1786,1787,-1,1762,1787,1763,-1,1763,1787,1788,-1,1763,1788,1764,-1,1764,1788,1789,-1,1764,1789,1765,-1,1765,1789,1790,-1,1765,1790,1766,-1,1766,1790,1791,-1,1766,1791,1767,-1,1767,1791,1792,-1,1767,1792,1768,-1,1768,1792,1793,-1,1768,1793,1769,-1,1769,1793,1794,-1,1769,1794,1770,-1,1770,1794,1795,-1,1770,1795,1771,-1,1771,1795,1796,-1,1771,1796,1772,-1,1772,1796,1797,-1,1772,1797,1773,-1,1773,1797,1798,-1,1773,1798,1774,-1,1774,1798,1799,-1,1774,1799,1775,-1,1775,1799,1776,-1,1799,1800,1776,-1,1776,1800,1801,-1,1776,1801,1777,-1,1777,1801,1802,-1,1777,1802,1778,-1,1778,1802,1803,-1,1778,1803,1779,-1,1779,1803,1804,-1,1779,1804,1780,-1,1780,1804,1805,-1,1780,1805,1781,-1,1781,1805,1806,-1,1781,1806,1782,-1,1782,1806,1807,-1,1782,1807,1783,-1,1783,1807,1808,-1,1783,1808,1784,-1,1784,1808,1809,-1,1784,1809,1785,-1,1785,1809,1810,-1,1785,1810,1786,-1,1786,1810,1811,-1,1786,1811,1787,-1,1787,1811,1812,-1,1787,1812,1788,-1,1788,1812,1813,-1,1788,1813,1789,-1,1789,1813,1814,-1,1789,1814,1790,-1,1790,1814,1815,-1,1790,1815,1791,-1,1791,1815,1816,-1,1791,1816,1792,-1,1792,1816,1817,-1,1792,1817,1793,-1,1793,1817,1818,-1,1793,1818,1794,-1,1794,1818,1819,-1,1794,1819,1795,-1,1795,1819,1820,-1,1795,1820,1796,-1,1796,1820,1821,-1,1796,1821,1797,-1,1797,1821,1822,-1,1797,1822,1798,-1,1798,1822,1823,-1,1798,1823,1799,-1,1799,1823,1800,-1,1823,1824,1800,-1,1800,1824,1825,-1,1800,1825,1801,-1,1801,1825,1826,-1,1801,1826,1802,-1,1802,1826,1827,-1,1802,1827,1803,-1,1803,1827,1828,-1,1803,1828,1804,-1,1804,1828,1829,-1,1804,1829,1805,-1,1805,1829,1830,-1,1805,1830,1806,-1,1806,1830,1831,-1,1806,1831,1807,-1,1807,1831,1832,-1,1807,1832,1808,-1,1808,1832,1833,-1,1808,1833,1809,-1,1809,1833,1834,-1,1809,1834,1810,-1,1810,1834,1835,-1,1810,1835,1811,-1,1811,1835,1836,-1,1811,1836,1812,-1,1812,1836,1837,-1,1812,1837,1813,-1,1813,1837,1838,-1,1813,1838,1814,-1,1814,1838,1839,-1,1814,1839,1815,-1,1815,1839,1840,-1,1815,1840,1816,-1,1816,1840,1841,-1,1816,1841,1817,-1,1817,1841,1842,-1,1817,1842,1818,-1,1818,1842,1843,-1,1818,1843,1819,-1,1819,1843,1844,-1,1819,1844,1820,-1,1820,1844,1845,-1,1820,1845,1821,-1,1821,1845,1846,-1,1821,1846,1822,-1,1822,1846,1847,-1,1822,1847,1823,-1,1823,1847,1824,-1,1848,1849,1850,-1,1850,1849,1851,-1,1850,1851,1852,-1,1852,1851,1853,-1,1852,1853,1854,-1,1854,1853,1855,-1,1854,1855,1856,-1,1856,1855,1857,-1,1856,1857,1858,-1,1858,1857,1859,-1,1858,1859,1860,-1,1860,1859,1861,-1,1860,1861,1862,-1,1862,1861,1863,-1,1862,1863,1864,-1,1864,1863,1865,-1,1864,1865,1866,-1,1866,1865,1867,-1,1866,1867,1868,-1,1868,1867,1869,-1,1868,1869,1870,-1,1870,1869,1871,-1,1870,1871,1872,-1,1872,1871,1873,-1,1872,1873,1874,-1,1874,1873,1875,-1,1874,1875,1876,-1,1876,1875,1877,-1,1876,1877,1878,-1,1878,1877,1879,-1,1878,1879,1880,-1,1880,1879,1881,-1,1880,1881,1882,-1,1882,1881,1883,-1,1882,1883,1884,-1,1884,1883,1885,-1,1884,1885,1886,-1,1886,1885,1887,-1,1886,1887,1888,-1,1888,1887,1889,-1,1888,1889,1890,-1,1890,1889,1891,-1,1890,1891,1892,-1,1892,1891,1893,-1,1892,1893,1894,-1,1894,1893,1895,-1,1894,1895,1848,-1,1848,1895,1849,-1,1895,1896,1849,-1,1849,1896,1897,-1,1849,1897,1851,-1,1851,1897,1898,-1,1851,1898,1853,-1,1853,1898,1899,-1,1853,1899,1855,-1,1855,1899,1900,-1,1855,1900,1857,-1,1857,1900,1901,-1,1857,1901,1859,-1,1859,1901,1902,-1,1859,1902,1861,-1,1861,1902,1903,-1,1861,1903,1863,-1,1863,1903,1904,-1,1863,1904,1865,-1,1865,1904,1905,-1,1865,1905,1867,-1,1867,1905,1906,-1,1867,1906,1869,-1,1869,1906,1907,-1,1869,1907,1871,-1,1871,1907,1908,-1,1871,1908,1873,-1,1873,1908,1909,-1,1873,1909,1875,-1,1875,1909,1910,-1,1875,1910,1877,-1,1877,1910,1911,-1,1877,1911,1879,-1,1879,1911,1912,-1,1879,1912,1881,-1,1881,1912,1913,-1,1881,1913,1883,-1,1883,1913,1914,-1,1883,1914,1885,-1,1885,1914,1915,-1,1885,1915,1887,-1,1887,1915,1916,-1,1887,1916,1889,-1,1889,1916,1917,-1,1889,1917,1891,-1,1891,1917,1918,-1,1891,1918,1893,-1,1893,1918,1919,-1,1893,1919,1895,-1,1895,1919,1896,-1,1919,1920,1896,-1,1896,1920,1921,-1,1896,1921,1897,-1,1897,1921,1922,-1,1897,1922,1898,-1,1898,1922,1923,-1,1898,1923,1899,-1,1899,1923,1924,-1,1899,1924,1900,-1,1900,1924,1925,-1,1900,1925,1901,-1,1901,1925,1926,-1,1901,1926,1902,-1,1902,1926,1927,-1,1902,1927,1903,-1,1903,1927,1928,-1,1903,1928,1904,-1,1904,1928,1929,-1,1904,1929,1905,-1,1905,1929,1930,-1,1905,1930,1906,-1,1906,1930,1931,-1,1906,1931,1907,-1,1907,1931,1932,-1,1907,1932,1908,-1,1908,1932,1933,-1,1908,1933,1909,-1,1909,1933,1934,-1,1909,1934,1910,-1,1910,1934,1935,-1,1910,1935,1911,-1,1911,1935,1936,-1,1911,1936,1912,-1,1912,1936,1937,-1,1912,1937,1913,-1,1913,1937,1938,-1,1913,1938,1914,-1,1914,1938,1939,-1,1914,1939,1915,-1,1915,1939,1940,-1,1915,1940,1916,-1,1916,1940,1941,-1,1916,1941,1917,-1,1917,1941,1942,-1,1917,1942,1918,-1,1918,1942,1943,-1,1918,1943,1919,-1,1919,1943,1920,-1,1943,1944,1920,-1,1920,1944,1945,-1,1920,1945,1921,-1,1921,1945,1946,-1,1921,1946,1922,-1,1922,1946,1947,-1,1922,1947,1923,-1,1923,1947,1948,-1,1923,1948,1924,-1,1924,1948,1949,-1,1924,1949,1925,-1,1925,1949,1950,-1,1925,1950,1926,-1,1926,1950,1951,-1,1926,1951,1927,-1,1927,1951,1952,-1,1927,1952,1928,-1,1928,1952,1953,-1,1928,1953,1929,-1,1929,1953,1954,-1,1929,1954,1930,-1,1930,1954,1955,-1,1930,1955,1931,-1,1931,1955,1956,-1,1931,1956,1932,-1,1932,1956,1957,-1,1932,1957,1933,-1,1933,1957,1958,-1,1933,1958,1934,-1,1934,1958,1959,-1,1934,1959,1935,-1,1935,1959,1960,-1,1935,1960,1936,-1,1936,1960,1961,-1,1936,1961,1937,-1,1937,1961,1962,-1,1937,1962,1938,-1,1938,1962,1963,-1,1938,1963,1939,-1,1939,1963,1964,-1,1939,1964,1940,-1,1940,1964,1965,-1,1940,1965,1941,-1,1941,1965,1966,-1,1941,1966,1942,-1,1942,1966,1967,-1,1942,1967,1943,-1,1943,1967,1944,-1,1967,1968,1944,-1,1944,1968,1969,-1,1944,1969,1945,-1,1945,1969,1970,-1,1945,1970,1946,-1,1946,1970,1971,-1,1946,1971,1947,-1,1947,1971,1972,-1,1947,1972,1948,-1,1948,1972,1973,-1,1948,1973,1949,-1,1949,1973,1974,-1,1949,1974,1950,-1,1950,1974,1975,-1,1950,1975,1951,-1,1951,1975,1976,-1,1951,1976,1952,-1,1952,1976,1977,-1,1952,1977,1953,-1,1953,1977,1978,-1,1953,1978,1954,-1,1954,1978,1979,-1,1954,1979,1955,-1,1955,1979,1980,-1,1955,1980,1956,-1,1956,1980,1981,-1,1956,1981,1957,-1,1957,1981,1982,-1,1957,1982,1958,-1,1958,1982,1983,-1,1958,1983,1959,-1,1959,1983,1984,-1,1959,1984,1960,-1,1960,1984,1985,-1,1960,1985,1961,-1,1961,1985,1986,-1,1961,1986,1962,-1,1962,1986,1987,-1,1962,1987,1963,-1,1963,1987,1988,-1,1963,1988,1964,-1,1964,1988,1989,-1,1964,1989,1965,-1,1965,1989,1990,-1,1965,1990,1966,-1,1966,1990,1991,-1,1966,1991,1967,-1,1967,1991,1968,-1,1991,1992,1968,-1,1968,1992,1993,-1,1968,1993,1969,-1,1969,1993,1994,-1,1969,1994,1970,-1,1970,1994,1995,-1,1970,1995,1971,-1,1971,1995,1996,-1,1971,1996,1972,-1,1972,1996,1997,-1,1972,1997,1973,-1,1973,1997,1998,-1,1973,1998,1974,-1,1974,1998,1999,-1,1974,1999,1975,-1,1975,1999,2000,-1,1975,2000,1976,-1,1976,2000,2001,-1,1976,2001,1977,-1,1977,2001,2002,-1,1977,2002,1978,-1,1978,2002,2003,-1,1978,2003,1979,-1,1979,2003,2004,-1,1979,2004,1980,-1,1980,2004,2005,-1,1980,2005,1981,-1,1981,2005,2006,-1,1981,2006,1982,-1,1982,2006,2007,-1,1982,2007,1983,-1,1983,2007,2008,-1,1983,2008,1984,-1,1984,2008,2009,-1,1984,2009,1985,-1,1985,2009,2010,-1,1985,2010,1986,-1,1986,2010,2011,-1,1986,2011,1987,-1,1987,2011,2012,-1,1987,2012,1988,-1,1988,2012,2013,-1,1988,2013,1989,-1,1989,2013,2014,-1,1989,2014,1990,-1,1990,2014,2015,-1,1990,2015,1991,-1,1991,2015,1992,-1,2016,2017,2018,-1,2018,2017,2019,-1,2018,2019,2020,-1,2020,2019,2021,-1,2020,2021,2022,-1,2022,2021,2023,-1,2022,2023,2024,-1,2024,2023,2025,-1,2024,2025,2026,-1,2026,2025,2027,-1,2026,2027,2028,-1,2028,2027,2029,-1,2028,2029,2030,-1,2030,2029,2031,-1,2030,2031,2032,-1,2032,2031,2033,-1,2032,2033,2034,-1,2034,2033,2035,-1,2034,2035,2036,-1,2036,2035,2037,-1,2036,2037,2038,-1,2038,2037,2039,-1,2038,2039,2040,-1,2040,2039,2041,-1,2040,2041,2042,-1,2042,2041,2043,-1,2042,2043,2044,-1,2044,2043,2045,-1,2044,2045,2046,-1,2046,2045,2047,-1,2046,2047,2048,-1,2048,2047,2049,-1,2048,2049,2050,-1,2050,2049,2051,-1,2050,2051,2052,-1,2052,2051,2053,-1,2052,2053,2054,-1,2054,2053,2055,-1,2054,2055,2056,-1,2056,2055,2057,-1,2056,2057,2058,-1,2058,2057,2059,-1,2058,2059,2060,-1,2060,2059,2061,-1,2060,2061,2062,-1,2062,2061,2063,-1,2062,2063,2016,-1,2016,2063,2017,-1,2063,2064,2017,-1,2017,2064,2065,-1,2017,2065,2019,-1,2019,2065,2066,-1,2019,2066,2021,-1,2021,2066,2067,-1,2021,2067,2023,-1,2023,2067,2068,-1,2023,2068,2025,-1,2025,2068,2069,-1,2025,2069,2027,-1,2027,2069,2070,-1,2027,2070,2029,-1,2029,2070,2071,-1,2029,2071,2031,-1,2031,2071,2072,-1,2031,2072,2033,-1,2033,2072,2073,-1,2033,2073,2035,-1,2035,2073,2074,-1,2035,2074,2037,-1,2037,2074,2075,-1,2037,2075,2039,-1,2039,2075,2076,-1,2039,2076,2041,-1,2041,2076,2077,-1,2041,2077,2043,-1,2043,2077,2078,-1,2043,2078,2045,-1,2045,2078,2079,-1,2045,2079,2047,-1,2047,2079,2080,-1,2047,2080,2049,-1,2049,2080,2081,-1,2049,2081,2051,-1,2051,2081,2082,-1,2051,2082,2053,-1,2053,2082,2083,-1,2053,2083,2055,-1,2055,2083,2084,-1,2055,2084,2057,-1,2057,2084,2085,-1,2057,2085,2059,-1,2059,2085,2086,-1,2059,2086,2061,-1,2061,2086,2087,-1,2061,2087,2063,-1,2063,2087,2064,-1,2087,2088,2064,-1,2064,2088,2089,-1,2064,2089,2065,-1,2065,2089,2090,-1,2065,2090,2066,-1,2066,2090,2091,-1,2066,2091,2067,-1,2067,2091,2092,-1,2067,2092,2068,-1,2068,2092,2093,-1,2068,2093,2069,-1,2069,2093,2094,-1,2069,2094,2070,-1,2070,2094,2095,-1,2070,2095,2071,-1,2071,2095,2096,-1,2071,2096,2072,-1,2072,2096,2097,-1,2072,2097,2073,-1,2073,2097,2098,-1,2073,2098,2074,-1,2074,2098,2099,-1,2074,2099,2075,-1,2075,2099,2100,-1,2075,2100,2076,-1,2076,2100,2101,-1,2076,2101,2077,-1,2077,2101,2102,-1,2077,2102,2078,-1,2078,2102,2103,-1,2078,2103,2079,-1,2079,2103,2104,-1,2079,2104,2080,-1,2080,2104,2105,-1,2080,2105,2081,-1,2081,2105,2106,-1,2081,2106,2082,-1,2082,2106,2107,-1,2082,2107,2083,-1,2083,2107,2108,-1,2083,2108,2084,-1,2084,2108,2109,-1,2084,2109,2085,-1,2085,2109,2110,-1,2085,2110,2086,-1,2086,2110,2111,-1,2086,2111,2087,-1,2087,2111,2088,-1,2111,2112,2088,-1,2088,2112,2113,-1,2088,2113,2089,-1,2089,2113,2114,-1,2089,2114,2090,-1,2090,2114,2115,-1,2090,2115,2091,-1,2091,2115,2116,-1,2091,2116,2092,-1,2092,2116,2117,-1,2092,2117,2093,-1,2093,2117,2118,-1,2093,2118,2094,-1,2094,2118,2119,-1,2094,2119,2095,-1,2095,2119,2120,-1,2095,2120,2096,-1,2096,2120,2121,-1,2096,2121,2097,-1,2097,2121,2122,-1,2097,2122,2098,-1,2098,2122,2123,-1,2098,2123,2099,-1,2099,2123,2124,-1,2099,2124,2100,-1,2100,2124,2125,-1,2100,2125,2101,-1,2101,2125,2126,-1,2101,2126,2102,-1,2102,2126,2127,-1,2102,2127,2103,-1,2103,2127,2128,-1,2103,2128,2104,-1,2104,2128,2129,-1,2104,2129,2105,-1,2105,2129,2130,-1,2105,2130,2106,-1,2106,2130,2131,-1,2106,2131,2107,-1,2107,2131,2132,-1,2107,2132,2108,-1,2108,2132,2133,-1,2108,2133,2109,-1,2109,2133,2134,-1,2109,2134,2110,-1,2110,2134,2135,-1,2110,2135,2111,-1,2111,2135,2112,-1,2135,2136,2112,-1,2112,2136,2137,-1,2112,2137,2113,-1,2113,2137,2138,-1,2113,2138,2114,-1,2114,2138,2139,-1,2114,2139,2115,-1,2115,2139,2140,-1,2115,2140,2116,-1,2116,2140,2141,-1,2116,2141,2117,-1,2117,2141,2142,-1,2117,2142,2118,-1,2118,2142,2143,-1,2118,2143,2119,-1,2119,2143,2144,-1,2119,2144,2120,-1,2120,2144,2145,-1,2120,2145,2121,-1,2121,2145,2146,-1,2121,2146,2122,-1,2122,2146,2147,-1,2122,2147,2123,-1,2123,2147,2148,-1,2123,2148,2124,-1,2124,2148,2149,-1,2124,2149,2125,-1,2125,2149,2150,-1,2125,2150,2126,-1,2126,2150,2151,-1,2126,2151,2127,-1,2127,2151,2152,-1,2127,2152,2128,-1,2128,2152,2153,-1,2128,2153,2129,-1,2129,2153,2154,-1,2129,2154,2130,-1,2130,2154,2155,-1,2130,2155,2131,-1,2131,2155,2156,-1,2131,2156,2132,-1,2132,2156,2157,-1,2132,2157,2133,-1,2133,2157,2158,-1,2133,2158,2134,-1,2134,2158,2159,-1,2134,2159,2135,-1,2135,2159,2136,-1,2159,2160,2136,-1,2136,2160,2161,-1,2136,2161,2137,-1,2137,2161,2162,-1,2137,2162,2138,-1,2138,2162,2163,-1,2138,2163,2139,-1,2139,2163,2164,-1,2139,2164,2140,-1,2140,2164,2165,-1,2140,2165,2141,-1,2141,2165,2166,-1,2141,2166,2142,-1,2142,2166,2167,-1,2142,2167,2143,-1,2143,2167,2168,-1,2143,2168,2144,-1,2144,2168,2169,-1,2144,2169,2145,-1,2145,2169,2170,-1,2145,2170,2146,-1,2146,2170,2171,-1,2146,2171,2147,-1,2147,2171,2172,-1,2147,2172,2148,-1,2148,2172,2173,-1,2148,2173,2149,-1,2149,2173,2174,-1,2149,2174,2150,-1,2150,2174,2175,-1,2150,2175,2151,-1,2151,2175,2176,-1,2151,2176,2152,-1,2152,2176,2177,-1,2152,2177,2153,-1,2153,2177,2178,-1,2153,2178,2154,-1,2154,2178,2179,-1,2154,2179,2155,-1,2155,2179,2180,-1,2155,2180,2156,-1,2156,2180,2181,-1,2156,2181,2157,-1,2157,2181,2182,-1,2157,2182,2158,-1,2158,2182,2183,-1,2158,2183,2159,-1,2159,2183,2160,-1,2184,2185,2186,-1,2186,2185,2187,-1,2186,2187,2188,-1,2188,2187,2189,-1,2188,2189,2190,-1,2190,2189,2191,-1,2190,2191,2192,-1,2192,2191,2193,-1,2192,2193,2194,-1,2194,2193,2195,-1,2194,2195,2196,-1,2196,2195,2197,-1,2196,2197,2198,-1,2198,2197,2199,-1,2198,2199,2200,-1,2200,2199,2201,-1,2200,2201,2202,-1,2202,2201,2203,-1,2202,2203,2204,-1,2204,2203,2205,-1,2204,2205,2206,-1,2206,2205,2207,-1,2206,2207,2208,-1,2208,2207,2209,-1,2208,2209,2210,-1,2210,2209,2211,-1,2210,2211,2212,-1,2212,2211,2213,-1,2212,2213,2214,-1,2214,2213,2215,-1,2214,2215,2216,-1,2216,2215,2217,-1,2216,2217,2218,-1,2218,2217,2219,-1,2218,2219,2220,-1,2220,2219,2221,-1,2220,2221,2222,-1,2222,2221,2223,-1,2222,2223,2224,-1,2224,2223,2225,-1,2224,2225,2226,-1,2226,2225,2227,-1,2226,2227,2228,-1,2228,2227,2229,-1,2228,2229,2230,-1,2230,2229,2231,-1,2230,2231,2184,-1,2184,2231,2185,-1,2231,2232,2185,-1,2185,2232,2233,-1,2185,2233,2187,-1,2187,2233,2234,-1,2187,2234,2189,-1,2189,2234,2235,-1,2189,2235,2191,-1,2191,2235,2236,-1,2191,2236,2193,-1,2193,2236,2237,-1,2193,2237,2195,-1,2195,2237,2238,-1,2195,2238,2197,-1,2197,2238,2239,-1,2197,2239,2199,-1,2199,2239,2240,-1,2199,2240,2201,-1,2201,2240,2241,-1,2201,2241,2203,-1,2203,2241,2242,-1,2203,2242,2205,-1,2205,2242,2243,-1,2205,2243,2207,-1,2207,2243,2244,-1,2207,2244,2209,-1,2209,2244,2245,-1,2209,2245,2211,-1,2211,2245,2246,-1,2211,2246,2213,-1,2213,2246,2247,-1,2213,2247,2215,-1,2215,2247,2248,-1,2215,2248,2217,-1,2217,2248,2249,-1,2217,2249,2219,-1,2219,2249,2250,-1,2219,2250,2221,-1,2221,2250,2251,-1,2221,2251,2223,-1,2223,2251,2252,-1,2223,2252,2225,-1,2225,2252,2253,-1,2225,2253,2227,-1,2227,2253,2254,-1,2227,2254,2229,-1,2229,2254,2255,-1,2229,2255,2231,-1,2231,2255,2232,-1,2255,2256,2232,-1,2232,2256,2257,-1,2232,2257,2233,-1,2233,2257,2258,-1,2233,2258,2234,-1,2234,2258,2259,-1,2234,2259,2235,-1,2235,2259,2260,-1,2235,2260,2236,-1,2236,2260,2261,-1,2236,2261,2237,-1,2237,2261,2262,-1,2237,2262,2238,-1,2238,2262,2263,-1,2238,2263,2239,-1,2239,2263,2264,-1,2239,2264,2240,-1,2240,2264,2265,-1,2240,2265,2241,-1,2241,2265,2266,-1,2241,2266,2242,-1,2242,2266,2267,-1,2242,2267,2243,-1,2243,2267,2268,-1,2243,2268,2244,-1,2244,2268,2269,-1,2244,2269,2245,-1,2245,2269,2270,-1,2245,2270,2246,-1,2246,2270,2271,-1,2246,2271,2247,-1,2247,2271,2272,-1,2247,2272,2248,-1,2248,2272,2273,-1,2248,2273,2249,-1,2249,2273,2274,-1,2249,2274,2250,-1,2250,2274,2275,-1,2250,2275,2251,-1,2251,2275,2276,-1,2251,2276,2252,-1,2252,2276,2277,-1,2252,2277,2253,-1,2253,2277,2278,-1,2253,2278,2254,-1,2254,2278,2279,-1,2254,2279,2255,-1,2255,2279,2256,-1,2279,2280,2256,-1,2256,2280,2281,-1,2256,2281,2257,-1,2257,2281,2282,-1,2257,2282,2258,-1,2258,2282,2283,-1,2258,2283,2259,-1,2259,2283,2284,-1,2259,2284,2260,-1,2260,2284,2285,-1,2260,2285,2261,-1,2261,2285,2286,-1,2261,2286,2262,-1,2262,2286,2287,-1,2262,2287,2263,-1,2263,2287,2288,-1,2263,2288,2264,-1,2264,2288,2289,-1,2264,2289,2265,-1,2265,2289,2290,-1,2265,2290,2266,-1,2266,2290,2291,-1,2266,2291,2267,-1,2267,2291,2292,-1,2267,2292,2268,-1,2268,2292,2293,-1,2268,2293,2269,-1,2269,2293,2294,-1,2269,2294,2270,-1,2270,2294,2295,-1,2270,2295,2271,-1,2271,2295,2296,-1,2271,2296,2272,-1,2272,2296,2297,-1,2272,2297,2273,-1,2273,2297,2298,-1,2273,2298,2274,-1,2274,2298,2299,-1,2274,2299,2275,-1,2275,2299,2300,-1,2275,2300,2276,-1,2276,2300,2301,-1,2276,2301,2277,-1,2277,2301,2302,-1,2277,2302,2278,-1,2278,2302,2303,-1,2278,2303,2279,-1,2279,2303,2280,-1,2303,2304,2280,-1,2280,2304,2305,-1,2280,2305,2281,-1,2281,2305,2306,-1,2281,2306,2282,-1,2282,2306,2307,-1,2282,2307,2283,-1,2283,2307,2308,-1,2283,2308,2284,-1,2284,2308,2309,-1,2284,2309,2285,-1,2285,2309,2310,-1,2285,2310,2286,-1,2286,2310,2311,-1,2286,2311,2287,-1,2287,2311,2312,-1,2287,2312,2288,-1,2288,2312,2313,-1,2288,2313,2289,-1,2289,2313,2314,-1,2289,2314,2290,-1,2290,2314,2315,-1,2290,2315,2291,-1,2291,2315,2316,-1,2291,2316,2292,-1,2292,2316,2317,-1,2292,2317,2293,-1,2293,2317,2318,-1,2293,2318,2294,-1,2294,2318,2319,-1,2294,2319,2295,-1,2295,2319,2320,-1,2295,2320,2296,-1,2296,2320,2321,-1,2296,2321,2297,-1,2297,2321,2322,-1,2297,2322,2298,-1,2298,2322,2323,-1,2298,2323,2299,-1,2299,2323,2324,-1,2299,2324,2300,-1,2300,2324,2325,-1,2300,2325,2301,-1,2301,2325,2326,-1,2301,2326,2302,-1,2302,2326,2327,-1,2302,2327,2303,-1,2303,2327,2304,-1,2327,2328,2304,-1,2304,2328,2329,-1,2304,2329,2305,-1,2305,2329,2330,-1,2305,2330,2306,-1,2306,2330,2331,-1,2306,2331,2307,-1,2307,2331,2332,-1,2307,2332,2308,-1,2308,2332,2333,-1,2308,2333,2309,-1,2309,2333,2334,-1,2309,2334,2310,-1,2310,2334,2335,-1,2310,2335,2311,-1,2311,2335,2336,-1,2311,2336,2312,-1,2312,2336,2337,-1,2312,2337,2313,-1,2313,2337,2338,-1,2313,2338,2314,-1,2314,2338,2339,-1,2314,2339,2315,-1,2315,2339,2340,-1,2315,2340,2316,-1,2316,2340,2341,-1,2316,2341,2317,-1,2317,2341,2342,-1,2317,2342,2318,-1,2318,2342,2343,-1,2318,2343,2319,-1,2319,2343,2344,-1,2319,2344,2320,-1,2320,2344,2345,-1,2320,2345,2321,-1,2321,2345,2346,-1,2321,2346,2322,-1,2322,2346,2347,-1,2322,2347,2323,-1,2323,2347,2348,-1,2323,2348,2324,-1,2324,2348,2349,-1,2324,2349,2325,-1,2325,2349,2350,-1,2325,2350,2326,-1,2326,2350,2351,-1,2326,2351,2327,-1,2327,2351,2328,-1,2352,2353,2354,-1,2354,2353,2355,-1,2354,2355,2356,-1,2356,2355,2357,-1,2356,2357,2358,-1,2358,2357,2359,-1,2358,2359,2360,-1,2360,2359,2361,-1,2360,2361,2362,-1,2362,2361,2363,-1,2362,2363,2364,-1,2364,2363,2365,-1,2364,2365,2366,-1,2366,2365,2367,-1,2366,2367,2368,-1,2368,2367,2369,-1,2368,2369,2370,-1,2370,2369,2371,-1,2370,2371,2372,-1,2372,2371,2373,-1,2372,2373,2374,-1,2374,2373,2375,-1,2374,2375,2376,-1,2376,2375,2377,-1,2376,2377,2378,-1,2378,2377,2379,-1,2378,2379,2380,-1,2380,2379,2381,-1,2380,2381,2382,-1,2382,2381,2383,-1,2382,2383,2384,-1,2384,2383,2385,-1,2384,2385,2386,-1,2386,2385,2387,-1,2386,2387,2388,-1,2388,2387,2389,-1,2388,2389,2390,-1,2390,2389,2391,-1,2390,2391,2392,-1,2392,2391,2393,-1,2392,2393,2394,-1,2394,2393,2395,-1,2394,2395,2396,-1,2396,2395,2397,-1,2396,2397,2398,-1,2398,2397,2399,-1,2398,2399,2352,-1,2352,2399,2353,-1,2399,2400,2353,-1,2353,2400,2401,-1,2353,2401,2355,-1,2355,2401,2402,-1,2355,2402,2357,-1,2357,2402,2403,-1,2357,2403,2359,-1,2359,2403,2404,-1,2359,2404,2361,-1,2361,2404,2405,-1,2361,2405,2363,-1,2363,2405,2406,-1,2363,2406,2365,-1,2365,2406,2407,-1,2365,2407,2367,-1,2367,2407,2408,-1,2367,2408,2369,-1,2369,2408,2409,-1,2369,2409,2371,-1,2371,2409,2410,-1,2371,2410,2373,-1,2373,2410,2411,-1,2373,2411,2375,-1,2375,2411,2412,-1,2375,2412,2377,-1,2377,2412,2413,-1,2377,2413,2379,-1,2379,2413,2414,-1,2379,2414,2381,-1,2381,2414,2415,-1,2381,2415,2383,-1,2383,2415,2416,-1,2383,2416,2385,-1,2385,2416,2417,-1,2385,2417,2387,-1,2387,2417,2418,-1,2387,2418,2389,-1,2389,2418,2419,-1,2389,2419,2391,-1,2391,2419,2420,-1,2391,2420,2393,-1,2393,2420,2421,-1,2393,2421,2395,-1,2395,2421,2422,-1,2395,2422,2397,-1,2397,2422,2423,-1,2397,2423,2399,-1,2399,2423,2400,-1,2423,2424,2400,-1,2400,2424,2425,-1,2400,2425,2401,-1,2401,2425,2426,-1,2401,2426,2402,-1,2402,2426,2427,-1,2402,2427,2403,-1,2403,2427,2428,-1,2403,2428,2404,-1,2404,2428,2429,-1,2404,2429,2405,-1,2405,2429,2430,-1,2405,2430,2406,-1,2406,2430,2431,-1,2406,2431,2407,-1,2407,2431,2432,-1,2407,2432,2408,-1,2408,2432,2433,-1,2408,2433,2409,-1,2409,2433,2434,-1,2409,2434,2410,-1,2410,2434,2435,-1,2410,2435,2411,-1,2411,2435,2436,-1,2411,2436,2412,-1,2412,2436,2437,-1,2412,2437,2413,-1,2413,2437,2438,-1,2413,2438,2414,-1,2414,2438,2439,-1,2414,2439,2415,-1,2415,2439,2440,-1,2415,2440,2416,-1,2416,2440,2441,-1,2416,2441,2417,-1,2417,2441,2442,-1,2417,2442,2418,-1,2418,2442,2443,-1,2418,2443,2419,-1,2419,2443,2444,-1,2419,2444,2420,-1,2420,2444,2445,-1,2420,2445,2421,-1,2421,2445,2446,-1,2421,2446,2422,-1,2422,2446,2447,-1,2422,2447,2423,-1,2423,2447,2424,-1,2447,2448,2424,-1,2424,2448,2449,-1,2424,2449,2425,-1,2425,2449,2450,-1,2425,2450,2426,-1,2426,2450,2451,-1,2426,2451,2427,-1,2427,2451,2452,-1,2427,2452,2428,-1,2428,2452,2453,-1,2428,2453,2429,-1,2429,2453,2454,-1,2429,2454,2430,-1,2430,2454,2455,-1,2430,2455,2431,-1,2431,2455,2456,-1,2431,2456,2432,-1,2432,2456,2457,-1,2432,2457,2433,-1,2433,2457,2458,-1,2433,2458,2434,-1,2434,2458,2459,-1,2434,2459,2435,-1,2435,2459,2460,-1,2435,2460,2436,-1,2436,2460,2461,-1,2436,2461,2437,-1,2437,2461,2462,-1,2437,2462,2438,-1,2438,2462,2463,-1,2438,2463,2439,-1,2439,2463,2464,-1,2439,2464,2440,-1,2440,2464,2465,-1,2440,2465,2441,-1,2441,2465,2466,-1,2441,2466,2442,-1,2442,2466,2467,-1,2442,2467,2443,-1,2443,2467,2468,-1,2443,2468,2444,-1,2444,2468,2469,-1,2444,2469,2445,-1,2445,2469,2470,-1,2445,2470,2446,-1,2446,2470,2471,-1,2446,2471,2447,-1,2447,2471,2448,-1,2471,2472,2448,-1,2448,2472,2473,-1,2448,2473,2449,-1,2449,2473,2474,-1,2449,2474,2450,-1,2450,2474,2475,-1,2450,2475,2451,-1,2451,2475,2476,-1,2451,2476,2452,-1,2452,2476,2477,-1,2452,2477,2453,-1,2453,2477,2478,-1,2453,2478,2454,-1,2454,2478,2479,-1,2454,2479,2455,-1,2455,2479,2480,-1,2455,2480,2456,-1,2456,2480,2481,-1,2456,2481,2457,-1,2457,2481,2482,-1,2457,2482,2458,-1,2458,2482,2483,-1,2458,2483,2459,-1,2459,2483,2484,-1,2459,2484,2460,-1,2460,2484,2485,-1,2460,2485,2461,-1,2461,2485,2486,-1,2461,2486,2462,-1,2462,2486,2487,-1,2462,2487,2463,-1,2463,2487,2488,-1,2463,2488,2464,-1,2464,2488,2489,-1,2464,2489,2465,-1,2465,2489,2490,-1,2465,2490,2466,-1,2466,2490,2491,-1,2466,2491,2467,-1,2467,2491,2492,-1,2467,2492,2468,-1,2468,2492,2493,-1,2468,2493,2469,-1,2469,2493,2494,-1,2469,2494,2470,-1,2470,2494,2495,-1,2470,2495,2471,-1,2471,2495,2472,-1,2495,2496,2472,-1,2472,2496,2497,-1,2472,2497,2473,-1,2473,2497,2498,-1,2473,2498,2474,-1,2474,2498,2499,-1,2474,2499,2475,-1,2475,2499,2500,-1,2475,2500,2476,-1,2476,2500,2501,-1,2476,2501,2477,-1,2477,2501,2502,-1,2477,2502,2478,-1,2478,2502,2503,-1,2478,2503,2479,-1,2479,2503,2504,-1,2479,2504,2480,-1,2480,2504,2505,-1,2480,2505,2481,-1,2481,2505,2506,-1,2481,2506,2482,-1,2482,2506,2507,-1,2482,2507,2483,-1,2483,2507,2508,-1,2483,2508,2484,-1,2484,2508,2509,-1,2484,2509,2485,-1,2485,2509,2510,-1,2485,2510,2486,-1,2486,2510,2511,-1,2486,2511,2487,-1,2487,2511,2512,-1,2487,2512,2488,-1,2488,2512,2513,-1,2488,2513,2489,-1,2489,2513,2514,-1,2489,2514,2490,-1,2490,2514,2515,-1,2490,2515,2491,-1,2491,2515,2516,-1,2491,2516,2492,-1,2492,2516,2517,-1,2492,2517,2493,-1,2493,2517,2518,-1,2493,2518,2494,-1,2494,2518,2519,-1,2494,2519,2495,-1,2495,2519,2496,-1,2520,2521,2522,-1,2522,2521,2523,-1,2522,2523,2524,-1,2524,2523,2525,-1,2524,2525,2526,-1,2526,2525,2527,-1,2526,2527,2528,-1,2528,2527,2529,-1,2528,2529,2530,-1,2530,2529,2531,-1,2530,2531,2532,-1,2532,2531,2533,-1,2532,2533,2534,-1,2534,2533,2535,-1,2534,2535,2536,-1,2536,2535,2537,-1,2536,2537,2538,-1,2538,2537,2539,-1,2538,2539,2540,-1,2540,2539,2541,-1,2540,2541,2542,-1,2542,2541,2543,-1,2542,2543,2544,-1,2544,2543,2545,-1,2544,2545,2546,-1,2546,2545,2547,-1,2546,2547,2548,-1,2548,2547,2549,-1,2548,2549,2550,-1,2550,2549,2551,-1,2550,2551,2552,-1,2552,2551,2553,-1,2552,2553,2554,-1,2554,2553,2555,-1,2554,2555,2556,-1,2556,2555,2557,-1,2556,2557,2558,-1,2558,2557,2559,-1,2558,2559,2560,-1,2560,2559,2561,-1,2560,2561,2562,-1,2562,2561,2563,-1,2562,2563,2564,-1,2564,2563,2565,-1,2564,2565,2566,-1,2566,2565,2567,-1,2566,2567,2520,-1,2520,2567,2521,-1,2567,2568,2521,-1,2521,2568,2569,-1,2521,2569,2523,-1,2523,2569,2570,-1,2523,2570,2525,-1,2525,2570,2571,-1,2525,2571,2527,-1,2527,2571,2572,-1,2527,2572,2529,-1,2529,2572,2573,-1,2529,2573,2531,-1,2531,2573,2574,-1,2531,2574,2533,-1,2533,2574,2575,-1,2533,2575,2535,-1,2535,2575,2576,-1,2535,2576,2537,-1,2537,2576,2577,-1,2537,2577,2539,-1,2539,2577,2578,-1,2539,2578,2541,-1,2541,2578,2579,-1,2541,2579,2543,-1,2543,2579,2580,-1,2543,2580,2545,-1,2545,2580,2581,-1,2545,2581,2547,-1,2547,2581,2582,-1,2547,2582,2549,-1,2549,2582,2583,-1,2549,2583,2551,-1,2551,2583,2584,-1,2551,2584,2553,-1,2553,2584,2585,-1,2553,2585,2555,-1,2555,2585,2586,-1,2555,2586,2557,-1,2557,2586,2587,-1,2557,2587,2559,-1,2559,2587,2588,-1,2559,2588,2561,-1,2561,2588,2589,-1,2561,2589,2563,-1,2563,2589,2590,-1,2563,2590,2565,-1,2565,2590,2591,-1,2565,2591,2567,-1,2567,2591,2568,-1,2591,2592,2568,-1,2568,2592,2593,-1,2568,2593,2569,-1,2569,2593,2594,-1,2569,2594,2570,-1,2570,2594,2595,-1,2570,2595,2571,-1,2571,2595,2596,-1,2571,2596,2572,-1,2572,2596,2597,-1,2572,2597,2573,-1,2573,2597,2598,-1,2573,2598,2574,-1,2574,2598,2599,-1,2574,2599,2575,-1,2575,2599,2600,-1,2575,2600,2576,-1,2576,2600,2601,-1,2576,2601,2577,-1,2577,2601,2602,-1,2577,2602,2578,-1,2578,2602,2603,-1,2578,2603,2579,-1,2579,2603,2604,-1,2579,2604,2580,-1,2580,2604,2605,-1,2580,2605,2581,-1,2581,2605,2606,-1,2581,2606,2582,-1,2582,2606,2607,-1,2582,2607,2583,-1,2583,2607,2608,-1,2583,2608,2584,-1,2584,2608,2609,-1,2584,2609,2585,-1,2585,2609,2610,-1,2585,2610,2586,-1,2586,2610,2611,-1,2586,2611,2587,-1,2587,2611,2612,-1,2587,2612,2588,-1,2588,2612,2613,-1,2588,2613,2589,-1,2589,2613,2614,-1,2589,2614,2590,-1,2590,2614,2615,-1,2590,2615,2591,-1,2591,2615,2592,-1,2615,2616,2592,-1,2592,2616,2617,-1,2592,2617,2593,-1,2593,2617,2618,-1,2593,2618,2594,-1,2594,2618,2619,-1,2594,2619,2595,-1,2595,2619,2620,-1,2595,2620,2596,-1,2596,2620,2621,-1,2596,2621,2597,-1,2597,2621,2622,-1,2597,2622,2598,-1,2598,2622,2623,-1,2598,2623,2599,-1,2599,2623,2624,-1,2599,2624,2600,-1,2600,2624,2625,-1,2600,2625,2601,-1,2601,2625,2626,-1,2601,2626,2602,-1,2602,2626,2627,-1,2602,2627,2603,-1,2603,2627,2628,-1,2603,2628,2604,-1,2604,2628,2629,-1,2604,2629,2605,-1,2605,2629,2630,-1,2605,2630,2606,-1,2606,2630,2631,-1,2606,2631,2607,-1,2607,2631,2632,-1,2607,2632,2608,-1,2608,2632,2633,-1,2608,2633,2609,-1,2609,2633,2634,-1,2609,2634,2610,-1,2610,2634,2635,-1,2610,2635,2611,-1,2611,2635,2636,-1,2611,2636,2612,-1,2612,2636,2637,-1,2612,2637,2613,-1,2613,2637,2638,-1,2613,2638,2614,-1,2614,2638,2639,-1,2614,2639,2615,-1,2615,2639,2616,-1,2639,2640,2616,-1,2616,2640,2641,-1,2616,2641,2617,-1,2617,2641,2642,-1,2617,2642,2618,-1,2618,2642,2643,-1,2618,2643,2619,-1,2619,2643,2644,-1,2619,2644,2620,-1,2620,2644,2645,-1,2620,2645,2621,-1,2621,2645,2646,-1,2621,2646,2622,-1,2622,2646,2647,-1,2622,2647,2623,-1,2623,2647,2648,-1,2623,2648,2624,-1,2624,2648,2649,-1,2624,2649,2625,-1,2625,2649,2650,-1,2625,2650,2626,-1,2626,2650,2651,-1,2626,2651,2627,-1,2627,2651,2652,-1,2627,2652,2628,-1,2628,2652,2653,-1,2628,2653,2629,-1,2629,2653,2654,-1,2629,2654,2630,-1,2630,2654,2655,-1,2630,2655,2631,-1,2631,2655,2656,-1,2631,2656,2632,-1,2632,2656,2657,-1,2632,2657,2633,-1,2633,2657,2658,-1,2633,2658,2634,-1,2634,2658,2659,-1,2634,2659,2635,-1,2635,2659,2660,-1,2635,2660,2636,-1,2636,2660,2661,-1,2636,2661,2637,-1,2637,2661,2662,-1,2637,2662,2638,-1,2638,2662,2663,-1,2638,2663,2639,-1,2639,2663,2640,-1,2663,2664,2640,-1,2640,2664,2665,-1,2640,2665,2641,-1,2641,2665,2666,-1,2641,2666,2642,-1,2642,2666,2667,-1,2642,2667,2643,-1,2643,2667,2668,-1,2643,2668,2644,-1,2644,2668,2669,-1,2644,2669,2645,-1,2645,2669,2670,-1,2645,2670,2646,-1,2646,2670,2671,-1,2646,2671,2647,-1,2647,2671,2672,-1,2647,2672,2648,-1,2648,2672,2673,-1,2648,2673,2649,-1,2649,2673,2674,-1,2649,2674,2650,-1,2650,2674,2675,-1,2650,2675,2651,-1,2651,2675,2676,-1,2651,2676,2652,-1,2652,2676,2677,-1,2652,2677,2653,-1,2653,2677,2678,-1,2653,2678,2654,-1,2654,2678,2679,-1,2654,2679,2655,-1,2655,2679,2680,-1,2655,2680,2656,-1,2656,2680,2681,-1,2656,2681,2657,-1,2657,2681,2682,-1,2657,2682,2658,-1,2658,2682,2683,-1,2658,2683,2659,-1,2659,2683,2684,-1,2659,2684,2660,-1,2660,2684,2685,-1,2660,2685,2661,-1,2661,2685,2686,-1,2661,2686,2662,-1,2662,2686,2687,-1,2662,2687,2663,-1,2663,2687,2664,-1,
        ]
    }
}
Shape{
    appearance Appearance {
        material  Material 	{
            diffuseColor 0.0 0.0 0.0
            specularColor 0.0 0.0 0.0
            ambientIntensity 0.2
            transparency 0
            shininess 0.5
        }
    }
    geometry IndexedFaceSet {
        ccw TRUE
        solid FALSE
        coord DEF co Coordinate {
            point [
                0.4003 -4.4839 -1.5182, 0.4003 -4.4839 -1.5638, 0.4003 -4.48 -1.5182, 0.4003 -4.48 -1.5638, 0.2409 -4.4839 -1.5182, 0.2409 -4.48 -1.5182, 0.2409 -4.4839 -1.1635, 0.2409 -4.48 -1.1635, 0.1892 -4.4839 -1.1635, 0.1892 -4.48 -1.1635, 0.1892 -4.4839 -1.5638, 0.1892 -4.48 -1.5638, 0.6666 -4.4839 -1.5648, 0.6056 -4.4839 -1.5706, 0.6409 -4.48 -1.5672, 0.6056 -4.48 -1.5706, 0.6666 -4.48 -1.5648, 0.7096 -4.48 -1.5507, 0.7096 -4.4839 -1.5507, 0.7164 -4.48 -1.5473, 0.7164 -4.4839 -1.5473, 0.7164 -4.4839 -1.4977, 0.7164 -4.48 -1.4977, 0.6817 -4.48 -1.5139, 0.6817 -4.4839 -1.5139, 0.6373 -4.48 -1.5234, 0.6373 -4.4839 -1.5234, 0.6131 -4.48 -1.5245, 0.6131 -4.4839 -1.5245, 0.5752 -4.48 -1.5203, 0.5752 -4.4839 -1.5203, 0.5463 -4.48 -1.5097, 0.5463 -4.4839 -1.5097, 0.5197 -4.48 -1.4916, 0.5197 -4.4839 -1.4916, 0.5102 -4.48 -1.4824, 0.5102 -4.4839 -1.4824, 0.4906 -4.48 -1.4551, 0.4906 -4.4839 -1.4551, 0.4777 -4.48 -1.4228, 0.4777 -4.4839 -1.4228, 0.4713 -4.48 -1.3827, 0.4713 -4.4839 -1.3827, 0.4709 -4.48 -1.3682, 0.4709 -4.4839 -1.3682, 0.4774 -4.48 -1.3137, 0.4774 -4.4839 -1.3137, 0.4907 -4.48 -1.279, 0.4907 -4.4839 -1.279, 0.51 -4.48 -1.2511, 0.51 -4.4839 -1.2511, 0.513 -4.48 -1.2478, 0.513 -4.4839 -1.2478, 0.5399 -4.48 -1.2255, 0.5399 -4.4839 -1.2255, 0.5714 -4.48 -1.2108, 0.5714 -4.4839 -1.2108, 0.6061 -4.48 -1.2041, 0.6061 -4.4839 -1.2041, 0.6221 -4.48 -1.2034, 0.6221 -4.4839 -1.2034, 0.6646 -4.48 -1.2077, 0.6646 -4.4839 -1.2077, 0.7059 -4.48 -1.2217, 0.7059 -4.4839 -1.2217, 0.7164 -4.48 -1.2271, 0.7164 -4.4839 -1.2271, 0.7164 -4.4839 -1.1731, 0.7164 -4.48 -1.1731, 0.6216 -4.48 -1.1567, 0.6216 -4.4839 -1.1567, 0.6294 -4.4839 -1.1568, 0.6805 -4.48 -1.1621, 0.6805 -4.4839 -1.1621, 0.6614 -4.48 -1.1601, 0.6294 -4.48 -1.1568, 0.5936 -4.48 -1.1601, 0.564 -4.4839 -1.1637, 0.564 -4.48 -1.1637, 0.5221 -4.48 -1.1798, 0.5221 -4.4839 -1.1798, 0.4834 -4.48 -1.2071, 0.4834 -4.4839 -1.2071, 0.4745 -4.48 -1.2157, 0.4745 -4.4839 -1.2157, 0.4491 -4.48 -1.2476, 0.4491 -4.4839 -1.2476, 0.4346 -4.48 -1.2785, 0.4286 -4.4839 -1.2911, 0.4286 -4.48 -1.2911, 0.4181 -4.48 -1.3418, 0.4181 -4.4839 -1.3418, 0.4167 -4.48 -1.3712, 0.4167 -4.4839 -1.3712, 0.4244 -4.48 -1.4359, 0.4244 -4.4839 -1.4359, 0.4346 -4.48 -1.4621, 0.4406 -4.4839 -1.4778, 0.4406 -4.48 -1.4778, 0.4645 -4.48 -1.512, 0.4645 -4.4839 -1.512, 0.468 -4.48 -1.5159, 0.468 -4.4839 -1.5159, 0.5344 -4.48 -1.5593, 0.4971 -4.4839 -1.5407, 0.4971 -4.48 -1.5407, 0.5693 -4.48 -1.5672, 0.5771 -4.4839 -1.569, 0.5344 -4.4839 -1.5593, 0.5771 -4.48 -1.569, 1.0119 -4.4839 -1.5182, 1.0119 -4.4839 -1.5638, 1.0119 -4.48 -1.5182, 1.0119 -4.48 -1.5638, 0.8482 -4.48 -1.5182, 0.8482 -4.4839 -1.5182, 0.9564 -4.48 -1.5182, 0.8482 -4.4839 -1.3835, 0.8482 -4.48 -1.3835, 0.9914 -4.48 -1.3835, 0.9914 -4.4839 -1.3835, 0.9564 -4.48 -1.3835, 0.9914 -4.4839 -1.3377, 0.9914 -4.48 -1.3377, 0.8482 -4.48 -1.3377, 0.8482 -4.4839 -1.3377, 0.9564 -4.48 -1.3377, 0.8482 -4.4839 -1.2095, 0.8482 -4.48 -1.2095, 1.0028 -4.48 -1.2095, 1.0028 -4.4839 -1.2095, 0.9564 -4.48 -1.2095, 1.0028 -4.4839 -1.1635, 1.0028 -4.48 -1.1635, 0.7966 -4.48 -1.1635, 0.7966 -4.4839 -1.1635, 0.9564 -4.48 -1.1635, 0.7966 -4.4839 -1.5638, 0.7966 -4.48 -1.5638, 0.9564 -4.48 -1.5638, 1.3368 -4.4839 -1.4509, 1.3163 -4.4839 -1.4764, 1.3531 -4.4839 -1.5078, 1.3113 -4.4839 -1.4811, 1.3108 -4.4839 -1.538, 1.2854 -4.4839 -1.499, 1.2651 -4.4839 -1.5557, 1.2522 -4.4839 -1.5117, 1.1976 -4.4839 -1.5638, 1.1973 -4.4839 -1.5182, 1.0875 -4.4839 -1.5638, 1.1392 -4.4839 -1.5182, 1.0875 -4.4839 -1.1635, 1.1392 -4.4839 -1.2095, 1.2017 -4.4839 -1.1635, 1.1997 -4.4839 -1.2095, 1.2628 -4.4839 -1.1702, 1.252 -4.4839 -1.2154, 1.3112 -4.4839 -1.1879, 1.2866 -4.4839 -1.2281, 1.3531 -4.4839 -1.2165, 1.3152 -4.4839 -1.2472, 1.3674 -4.4839 -1.2306, 1.3297 -4.4839 -1.2621, 1.3921 -4.4839 -1.2655, 1.3444 -4.4839 -1.2856, 1.4069 -4.4839 -1.3038, 1.3548 -4.4839 -1.3167, 1.4134 -4.4839 -1.3585, 1.3591 -4.4839 -1.36, 1.4115 -4.4839 -1.3908, 1.3579 -4.4839 -1.384, 1.4005 -4.4839 -1.4366, 1.3504 -4.4839 -1.421, 1.3795 -4.4839 -1.4773, 1.1976 -4.48 -1.5638, 1.0875 -4.48 -1.5638, 1.3531 -4.48 -1.5078, 1.2651 -4.48 -1.5557, 1.2709 -4.48 -1.5534, 1.3108 -4.48 -1.538, 1.3795 -4.48 -1.4773, 1.4005 -4.48 -1.4366, 1.4115 -4.48 -1.3908, 1.4134 -4.48 -1.3585, 1.4069 -4.48 -1.3038, 1.3921 -4.48 -1.2655, 1.3674 -4.48 -1.2306, 1.3531 -4.48 -1.2165, 1.3112 -4.48 -1.1879, 1.2709 -4.48 -1.1732, 1.2628 -4.48 -1.1702, 1.2017 -4.48 -1.1635, 1.0875 -4.48 -1.1635, 1.1997 -4.48 -1.2095, 1.1392 -4.48 -1.2095, 1.1392 -4.48 -1.5182, 1.1973 -4.48 -1.5182, 1.3163 -4.48 -1.4764, 1.3113 -4.48 -1.4811, 1.2854 -4.48 -1.499, 1.2522 -4.48 -1.5117, 1.3591 -4.48 -1.36, 1.3579 -4.48 -1.384, 1.3504 -4.48 -1.421, 1.3368 -4.48 -1.4509, 1.3152 -4.48 -1.2472, 1.3297 -4.48 -1.2621, 1.3444 -4.48 -1.2856, 1.3548 -4.48 -1.3167, 1.252 -4.48 -1.2154, 1.2866 -4.48 -1.2281, 1.2866 -4.48 -1.2281
            ]
        }
        coordIndex [
            0,1,2,-1,2,1,3,-1,4,0,5,-1,5,0,2,-1,6,4,7,-1,7,4,5,-1,8,6,9,-1,9,6,7,-1,10,8,11,-1,11,8,9,-1,1,10,3,-1,3,10,11,-1,6,8,4,-1,4,8,10,-1,4,10,0,-1,0,10,1,-1,12,13,14,-1,14,13,15,-1,14,16,12,-1,12,16,17,-1,12,17,18,-1,18,17,19,-1,18,19,20,-1,21,20,22,-1,22,20,19,-1,21,22,23,-1,21,23,24,-1,24,23,25,-1,24,25,26,-1,26,25,27,-1,26,27,28,-1,28,27,29,-1,28,29,30,-1,30,29,31,-1,30,31,32,-1,32,31,33,-1,32,33,34,-1,34,33,35,-1,34,35,36,-1,36,35,37,-1,36,37,38,-1,38,37,39,-1,38,39,40,-1,40,39,41,-1,40,41,42,-1,42,41,43,-1,42,43,44,-1,44,43,45,-1,44,45,46,-1,46,45,47,-1,46,47,48,-1,48,47,49,-1,48,49,50,-1,50,49,51,-1,50,51,52,-1,52,51,53,-1,52,53,54,-1,54,53,55,-1,54,55,56,-1,56,55,57,-1,56,57,58,-1,58,57,59,-1,58,59,60,-1,60,59,61,-1,60,61,62,-1,62,61,63,-1,62,63,64,-1,64,63,65,-1,64,65,66,-1,67,66,68,-1,68,66,65,-1,69,70,71,-1,67,68,72,-1,67,72,73,-1,73,72,74,-1,73,74,71,-1,71,74,75,-1,71,75,69,-1,70,69,76,-1,70,76,77,-1,76,78,77,-1,77,78,79,-1,77,79,80,-1,80,79,81,-1,80,81,82,-1,82,81,83,-1,82,83,84,-1,84,83,85,-1,84,85,86,-1,86,85,87,-1,86,87,88,-1,87,89,88,-1,88,89,90,-1,88,90,91,-1,91,90,92,-1,91,92,93,-1,93,92,94,-1,93,94,95,-1,95,94,96,-1,95,96,97,-1,96,98,97,-1,97,98,99,-1,97,99,100,-1,100,99,101,-1,100,101,102,-1,103,104,105,-1,105,104,102,-1,105,102,101,-1,106,107,103,-1,103,107,108,-1,103,108,104,-1,106,109,107,-1,107,109,15,-1,107,15,13,-1,64,66,67,-1,54,56,77,-1,46,48,86,-1,77,56,70,-1,86,48,84,-1,64,67,62,-1,77,80,54,-1,54,80,82,-1,54,82,52,-1,52,82,84,-1,52,84,50,-1,50,84,48,-1,56,58,70,-1,70,58,60,-1,70,60,71,-1,71,60,62,-1,71,62,73,-1,73,62,67,-1,93,44,91,-1,91,44,46,-1,91,46,88,-1,88,46,86,-1,20,21,18,-1,18,21,24,-1,18,24,12,-1,12,24,26,-1,12,26,13,-1,13,26,28,-1,13,28,107,-1,107,28,30,-1,107,30,108,-1,108,30,32,-1,108,32,104,-1,104,32,34,-1,104,34,102,-1,102,34,36,-1,102,36,100,-1,100,36,38,-1,100,38,97,-1,97,38,95,-1,95,38,40,-1,95,40,93,-1,93,40,42,-1,93,42,44,-1,110,111,112,-1,112,111,113,-1,114,115,116,-1,116,115,110,-1,116,110,112,-1,117,115,118,-1,118,115,114,-1,119,120,121,-1,121,120,117,-1,121,117,118,-1,122,120,123,-1,123,120,119,-1,124,125,126,-1,126,125,122,-1,126,122,123,-1,127,125,128,-1,128,125,124,-1,129,130,131,-1,131,130,127,-1,131,127,128,-1,132,130,133,-1,133,130,129,-1,134,135,136,-1,136,135,132,-1,136,132,133,-1,137,135,138,-1,138,135,134,-1,113,111,139,-1,139,111,137,-1,139,137,138,-1,137,111,110,-1,110,115,137,-1,137,115,117,-1,137,117,135,-1,130,132,127,-1,127,132,135,-1,127,135,125,-1,125,135,117,-1,125,117,122,-1,122,117,120,-1,140,141,142,-1,142,141,143,-1,142,143,144,-1,144,143,145,-1,144,145,146,-1,146,145,147,-1,146,147,148,-1,148,147,149,-1,148,149,150,-1,150,149,151,-1,150,151,152,-1,152,151,153,-1,152,153,154,-1,154,153,155,-1,154,155,156,-1,156,155,157,-1,156,157,158,-1,158,157,159,-1,158,159,160,-1,160,159,161,-1,160,161,162,-1,162,161,163,-1,162,163,164,-1,164,163,165,-1,164,165,166,-1,166,165,167,-1,166,167,168,-1,168,167,169,-1,168,169,170,-1,170,169,171,-1,170,171,172,-1,172,171,173,-1,172,173,174,-1,174,173,140,-1,174,140,142,-1,148,150,175,-1,175,150,176,-1,177,142,144,-1,148,175,178,-1,148,178,146,-1,146,178,179,-1,146,179,144,-1,144,179,180,-1,144,180,177,-1,142,177,181,-1,142,181,174,-1,174,181,182,-1,174,182,172,-1,172,182,183,-1,172,183,170,-1,170,183,184,-1,170,184,168,-1,168,184,185,-1,168,185,166,-1,166,185,186,-1,166,186,164,-1,164,186,187,-1,164,187,162,-1,162,187,188,-1,162,188,160,-1,160,188,189,-1,190,156,189,-1,189,156,158,-1,189,158,160,-1,190,191,156,-1,156,191,192,-1,156,192,154,-1,152,154,193,-1,193,154,192,-1,150,152,176,-1,176,152,193,-1,155,153,194,-1,194,153,195,-1,153,151,195,-1,195,151,196,-1,151,149,196,-1,196,149,197,-1,141,198,199,-1,141,199,143,-1,143,199,200,-1,143,200,145,-1,145,200,201,-1,145,201,147,-1,147,201,197,-1,147,197,149,-1,169,202,203,-1,169,203,171,-1,171,203,204,-1,171,204,173,-1,173,204,205,-1,173,205,140,-1,140,205,198,-1,140,198,141,-1,161,206,207,-1,161,207,163,-1,163,207,208,-1,163,208,165,-1,165,208,209,-1,165,209,167,-1,167,209,202,-1,167,202,169,-1,155,194,210,-1,155,210,157,-1,157,210,211,-1,157,211,159,-1,159,211,206,-1,159,206,161,-1,
        ]
    }
}
Shape{
    appearance Appearance {
        material  Material 	{
            diffuseColor 0.5019607843137255 0.5019607843137255 0.5019607843137255
            specularColor 0.25098039215686274 0.25098039215686274 0.25098039215686274
            ambientIntensity 0.2
            transparency 0
            shininess 0.5
        }
    }
    geometry IndexedFaceSet {
        ccw TRUE
        solid FALSE
        coord DEF co Coordinate {
            point [
                1.1392 -4.48 -1.2095, 1.1392 -4.48 -1.5182, 1.1997 -4.48 -1.2095, 1.1973 -4.48 -1.5182, 1.3113 -4.48 -1.4811, 1.3163 -4.48 -1.4764, 1.2522 -4.48 -1.5117, 1.2854 -4.48 -1.499, 1.3579 -4.48 -1.384, 1.3591 -4.48 -1.36, 1.3368 -4.48 -1.4509, 1.3504 -4.48 -1.421, 1.3548 -4.48 -1.3167, 1.3444 -4.48 -1.2856, 1.3297 -4.48 -1.2621, 1.3152 -4.48 -1.2472, 1.2866 -4.48 -1.2281, 1.252 -4.48 -1.2154, 1.252 -4.48 -1.2154
            ]
        }
        coordIndex [
            0,1,2,-1,2,1,3,-1,2,4,5,-1,3,6,2,-1,2,6,7,-1,2,7,4,-1,8,9,2,-1,5,10,2,-1,2,10,11,-1,2,11,8,-1,9,12,2,-1,2,12,13,-1,2,13,14,-1,14,15,2,-1,2,15,16,-1,2,16,17,-1,
        ]
    }
}
Shape{
    appearance Appearance {
        material  Material 	{
            diffuseColor 0.0 0.0 0.0
            specularColor 0.0 0.0 0.0
            ambientIntensity 0.2
            transparency 0
            shininess 0.5
        }
    }
    geometry IndexedFaceSet {
        ccw TRUE
        solid FALSE
        coord DEF co Coordinate {
            point [
                1.5476 -4.4839 -1.4091, 1.5312 -4.4839 -1.4543, 1.682 -4.4839 -1.4091, 1.6979 -4.4839 -1.4543, 1.6075 -4.4839 -1.2427, 1.5881 -4.4839 -1.1635, 1.4357 -4.4839 -1.5638, 1.4928 -4.4839 -1.5638, 1.6109 -4.4839 -1.2307, 1.614 -4.4839 -1.2147, 1.6434 -4.4839 -1.1635, 1.6153 -4.4839 -1.2147, 1.6185 -4.4839 -1.2316, 1.6215 -4.4839 -1.2427, 1.7959 -4.4839 -1.5638, 1.7388 -4.4839 -1.5638, 1.6434 -4.48 -1.1635, 1.7959 -4.48 -1.5638, 1.5881 -4.48 -1.1635, 1.4357 -4.48 -1.5638, 1.551 -4.48 -1.2609, 1.4928 -4.48 -1.5638, 1.5312 -4.48 -1.4543, 1.6979 -4.48 -1.4543, 1.551 -4.48 -1.4543, 1.7388 -4.48 -1.5638, 1.5476 -4.48 -1.4091, 1.682 -4.48 -1.4091, 1.6215 -4.48 -1.2427, 1.6153 -4.48 -1.2147, 1.6185 -4.48 -1.2316, 1.614 -4.48 -1.2147, 1.6075 -4.48 -1.2427, 1.6109 -4.48 -1.2307, 1.6109 -4.48 -1.2307
            ]
        }
        coordIndex [
            0,1,2,-1,2,1,3,-1,4,5,0,-1,0,5,6,-1,0,6,1,-1,1,6,7,-1,4,8,5,-1,5,8,9,-1,5,9,10,-1,10,9,11,-1,10,11,12,-1,12,13,10,-1,10,13,2,-1,10,2,14,-1,14,2,3,-1,14,3,15,-1,10,14,16,-1,16,14,17,-1,5,10,18,-1,18,10,16,-1,19,6,20,-1,20,6,5,-1,20,5,18,-1,7,6,21,-1,21,6,19,-1,1,7,22,-1,22,7,21,-1,23,3,24,-1,24,3,1,-1,24,1,22,-1,15,3,25,-1,25,3,23,-1,14,15,17,-1,17,15,25,-1,0,2,26,-1,26,2,27,-1,2,13,27,-1,27,13,28,-1,11,29,30,-1,11,30,12,-1,12,30,28,-1,12,28,13,-1,11,9,29,-1,29,9,31,-1,4,32,33,-1,4,33,8,-1,8,33,31,-1,8,31,9,-1,4,0,32,-1,32,0,26,-1,
        ]
    }
}
Shape{
    appearance Appearance {
        material  Material 	{
            diffuseColor 0.5019607843137255 0.5019607843137255 0.5019607843137255
            specularColor 0.25098039215686274 0.25098039215686274 0.25098039215686274
            ambientIntensity 0.2
            transparency 0
            shininess 0.5
        }
    }
    geometry IndexedFaceSet {
        ccw TRUE
        solid FALSE
        coord DEF co Coordinate {
            point [
                1.6153 -4.48 -1.2147, 1.614 -4.48 -1.2147, 1.6185 -4.48 -1.2316, 1.6109 -4.48 -1.2307, 1.6215 -4.48 -1.2427, 1.6075 -4.48 -1.2427, 1.682 -4.48 -1.4091, 1.5476 -4.48 -1.4091, 1.5476 -4.48 -1.4091
            ]
        }
        coordIndex [
            0,1,2,-1,2,1,3,-1,2,3,4,-1,4,3,5,-1,4,5,6,-1,6,5,7,-1,
        ]
    }
}
Shape{
    appearance Appearance {
        material  Material 	{
            diffuseColor 0.0 0.0 0.0
            specularColor 0.0 0.0 0.0
            ambientIntensity 0.2
            transparency 0
            shininess 0.5
        }
    }
    geometry IndexedFaceSet {
        ccw TRUE
        solid FALSE
        coord DEF co Coordinate {
            point [
                0.4045 -4.4839 -2.1533, 0.4045 -4.4839 -2.1989, 0.4045 -4.48 -2.1533, 0.4045 -4.48 -2.1989, 0.2409 -4.4839 -2.1533, 0.2409 -4.48 -2.1533, 0.2409 -4.4839 -2.0186, 0.2409 -4.48 -2.0186, 0.384 -4.4839 -2.0186, 0.384 -4.48 -2.0186, 0.384 -4.4839 -1.9728, 0.384 -4.48 -1.9728, 0.2409 -4.4839 -1.9728, 0.2409 -4.48 -1.9728, 0.2409 -4.4839 -1.8446, 0.2409 -4.48 -1.8446, 0.3954 -4.4839 -1.8446, 0.3954 -4.48 -1.8446, 0.3954 -4.4839 -1.7986, 0.3954 -4.48 -1.7986, 0.1892 -4.4839 -1.7986, 0.1892 -4.48 -1.7986, 0.1892 -4.4839 -2.1989, 0.1892 -4.48 -2.1989, 0.6308 -4.4839 -2.1547, 0.6321 -4.4839 -2.1547, 0.6288 -4.4839 -2.1086, 0.632 -4.4839 -2.0862, 0.6822 -4.4839 -2.0149, 0.6321 -4.4839 -2.0829, 0.6321 -4.4839 -2.0555, 0.6321 -4.4839 -2.1989, 0.6822 -4.4839 -2.1989, 0.5232 -4.4839 -2.077, 0.5351 -4.4839 -2.0714, 0.5084 -4.4839 -2.0388, 0.6215 -4.4839 -2.1265, 0.6106 -4.4839 -2.1412, 0.6229 -4.4839 -2.1667, 0.6043 -4.4839 -2.1474, 0.607 -4.4839 -2.1838, 0.5901 -4.4839 -2.1569, 0.5894 -4.4839 -2.1955, 0.5749 -4.4839 -2.1625, 0.5691 -4.4839 -2.2028, 0.5562 -4.4839 -2.1646, 0.5432 -4.4839 -2.2057, 0.5392 -4.4839 -2.1627, 0.5132 -4.4839 -2.2022, 0.5279 -4.4839 -2.1585, 0.4939 -4.4839 -2.195, 0.5179 -4.4839 -2.1517, 0.4771 -4.4839 -2.1832, 0.5136 -4.4839 -2.1474, 0.5474 -4.4839 -2.0291, 0.5652 -4.4839 -2.0645, 0.6321 -4.4839 -2.0172, 0.5167 -4.4839 -2.0821, 0.4874 -4.4839 -2.0498, 0.5107 -4.4839 -2.0895, 0.4722 -4.4839 -2.0632, 0.5063 -4.4839 -2.0989, 0.4624 -4.4839 -2.0777, 0.5038 -4.4839 -2.1103, 0.4556 -4.4839 -2.0955, 0.5034 -4.4839 -2.1183, 0.4525 -4.4839 -2.1224, 0.5046 -4.4839 -2.1298, 0.455 -4.4839 -2.1451, 0.5079 -4.4839 -2.1389, 0.461 -4.4839 -2.1621, 0.4714 -4.4839 -2.1775, 0.4804 -4.4839 -1.9331, 0.4804 -4.4839 -1.9818, 0.4974 -4.4839 -1.9237, 0.5126 -4.4839 -1.9612, 0.536 -4.4839 -1.9108, 0.5439 -4.4839 -1.9504, 0.5789 -4.4839 -1.9065, 0.5742 -4.4839 -1.9472, 0.6077 -4.4839 -1.9089, 0.5912 -4.4839 -1.949, 0.6292 -4.4839 -1.9152, 0.6028 -4.4839 -1.953, 0.646 -4.4839 -1.9245, 0.6117 -4.4839 -1.9588, 0.6595 -4.4839 -1.9371, 0.6193 -4.4839 -1.9668, 0.6699 -4.4839 -1.953, 0.6252 -4.4839 -1.9772, 0.678 -4.4839 -1.9752, 0.6303 -4.4839 -1.995, 0.5789 -4.48 -1.9065, 0.536 -4.48 -1.9108, 0.4974 -4.48 -1.9237, 0.4804 -4.48 -1.9331, 0.4804 -4.48 -1.9818, 0.5126 -4.48 -1.9612, 0.5439 -4.48 -1.9504, 0.5742 -4.48 -1.9472, 0.5912 -4.48 -1.949, 0.6028 -4.48 -1.953, 0.6117 -4.48 -1.9588, 0.6193 -4.48 -1.9668, 0.6252 -4.48 -1.9772, 0.6303 -4.48 -1.995, 0.6321 -4.48 -2.0172, 0.5474 -4.48 -2.0291, 0.5084 -4.48 -2.0388, 0.4874 -4.48 -2.0498, 0.4722 -4.48 -2.0632, 0.4624 -4.48 -2.0777, 0.4556 -4.48 -2.0955, 0.4525 -4.48 -2.1224, 0.455 -4.48 -2.1451, 0.461 -4.48 -2.1621, 0.4714 -4.48 -2.1775, 0.4771 -4.48 -2.1832, 0.5432 -4.48 -2.2057, 0.5141 -4.48 -2.2023, 0.5132 -4.48 -2.2022, 0.4939 -4.48 -2.195, 0.5691 -4.48 -2.2028, 0.5705 -4.48 -2.2023, 0.5894 -4.48 -2.1955, 0.607 -4.48 -2.1838, 0.6229 -4.48 -2.1667, 0.6308 -4.48 -2.1547, 0.6321 -4.48 -2.1547, 0.6321 -4.48 -2.1989, 0.6822 -4.48 -2.1989, 0.6822 -4.48 -2.0149, 0.678 -4.48 -1.9752, 0.6699 -4.48 -1.953, 0.6595 -4.48 -1.9371, 0.646 -4.48 -1.9245, 0.6292 -4.48 -1.9152, 0.6077 -4.48 -1.9089, 0.5167 -4.48 -2.0821, 0.5232 -4.48 -2.077, 0.5351 -4.48 -2.0714, 0.5652 -4.48 -2.0645, 0.5034 -4.48 -2.1183, 0.5038 -4.48 -2.1103, 0.5063 -4.48 -2.0989, 0.5107 -4.48 -2.0895, 0.5179 -4.48 -2.1517, 0.5136 -4.48 -2.1474, 0.5079 -4.48 -2.1389, 0.5046 -4.48 -2.1298, 0.5562 -4.48 -2.1646, 0.5392 -4.48 -2.1627, 0.5279 -4.48 -2.1585, 0.6106 -4.48 -2.1412, 0.6043 -4.48 -2.1474, 0.5901 -4.48 -2.1569, 0.5749 -4.48 -2.1625, 0.6321 -4.48 -2.0829, 0.632 -4.48 -2.0862, 0.6288 -4.48 -2.1086, 0.6215 -4.48 -2.1265, 0.6321 -4.48 -2.0555, 0.6321 -4.48 -2.0555
            ]
        }
        coordIndex [
            0,1,2,-1,2,1,3,-1,4,0,5,-1,5,0,2,-1,6,4,7,-1,7,4,5,-1,8,6,9,-1,9,6,7,-1,10,8,11,-1,11,8,9,-1,12,10,13,-1,13,10,11,-1,14,12,15,-1,15,12,13,-1,16,14,17,-1,17,14,15,-1,18,16,19,-1,19,16,17,-1,20,18,21,-1,21,18,19,-1,22,20,23,-1,23,20,21,-1,1,22,3,-1,3,22,23,-1,22,1,0,-1,0,4,22,-1,22,4,6,-1,22,6,20,-1,16,18,14,-1,14,18,20,-1,14,20,12,-1,12,20,6,-1,12,6,10,-1,10,6,8,-1,24,25,26,-1,27,28,29,-1,29,28,30,-1,31,32,25,-1,25,32,28,-1,25,28,26,-1,26,28,27,-1,33,34,35,-1,26,36,24,-1,24,36,37,-1,24,37,38,-1,38,37,39,-1,38,39,40,-1,40,39,41,-1,40,41,42,-1,42,41,43,-1,42,43,44,-1,44,43,45,-1,44,45,46,-1,46,45,47,-1,46,47,48,-1,48,47,49,-1,48,49,50,-1,50,49,51,-1,50,51,52,-1,52,51,53,-1,35,34,54,-1,54,34,55,-1,54,55,56,-1,33,35,57,-1,57,35,58,-1,57,58,59,-1,59,58,60,-1,59,60,61,-1,61,60,62,-1,61,62,63,-1,63,62,64,-1,63,64,65,-1,65,64,66,-1,65,66,67,-1,67,66,68,-1,67,68,69,-1,69,68,70,-1,69,70,53,-1,53,70,71,-1,53,71,52,-1,72,73,74,-1,74,73,75,-1,74,75,76,-1,76,75,77,-1,76,77,78,-1,78,77,79,-1,78,79,80,-1,80,79,81,-1,80,81,82,-1,82,81,83,-1,82,83,84,-1,84,83,85,-1,84,85,86,-1,86,85,87,-1,86,87,88,-1,88,87,89,-1,88,89,90,-1,90,89,91,-1,90,91,28,-1,28,91,56,-1,28,56,30,-1,30,56,55,-1,78,92,93,-1,78,93,76,-1,76,93,94,-1,76,94,74,-1,74,94,95,-1,74,95,72,-1,73,72,96,-1,96,72,95,-1,73,96,97,-1,73,97,75,-1,75,97,98,-1,75,98,77,-1,77,98,99,-1,77,99,79,-1,79,99,100,-1,79,100,81,-1,81,100,101,-1,81,101,83,-1,83,101,102,-1,83,102,85,-1,85,102,103,-1,85,103,87,-1,87,103,104,-1,87,104,89,-1,89,104,105,-1,89,105,91,-1,91,105,106,-1,91,106,56,-1,54,56,107,-1,107,56,106,-1,54,107,108,-1,54,108,35,-1,35,108,109,-1,35,109,58,-1,58,109,110,-1,58,110,60,-1,60,110,111,-1,60,111,62,-1,62,111,112,-1,62,112,64,-1,64,112,113,-1,64,113,66,-1,66,113,114,-1,66,114,68,-1,68,114,115,-1,68,115,70,-1,70,115,116,-1,70,116,71,-1,71,116,117,-1,71,117,52,-1,118,46,119,-1,119,46,48,-1,119,48,120,-1,120,48,50,-1,120,50,121,-1,121,50,52,-1,121,52,117,-1,46,118,122,-1,46,122,44,-1,44,122,123,-1,44,123,42,-1,123,124,42,-1,42,124,125,-1,42,125,40,-1,40,125,126,-1,40,126,38,-1,38,126,127,-1,38,127,24,-1,25,24,128,-1,128,24,127,-1,31,25,129,-1,129,25,128,-1,32,31,130,-1,130,31,129,-1,28,32,131,-1,131,32,130,-1,28,131,132,-1,28,132,90,-1,90,132,133,-1,90,133,88,-1,88,133,134,-1,88,134,86,-1,86,134,135,-1,86,135,84,-1,84,135,136,-1,84,136,82,-1,82,136,137,-1,82,137,80,-1,80,137,92,-1,80,92,78,-1,57,138,139,-1,57,139,33,-1,33,139,140,-1,33,140,34,-1,34,140,141,-1,34,141,55,-1,65,142,143,-1,65,143,63,-1,63,143,144,-1,63,144,61,-1,61,144,145,-1,61,145,59,-1,59,145,138,-1,59,138,57,-1,51,146,147,-1,51,147,53,-1,53,147,148,-1,53,148,69,-1,69,148,149,-1,69,149,67,-1,67,149,142,-1,67,142,65,-1,45,150,151,-1,45,151,47,-1,47,151,152,-1,47,152,49,-1,49,152,146,-1,49,146,51,-1,37,153,154,-1,37,154,39,-1,39,154,155,-1,39,155,41,-1,41,155,156,-1,41,156,43,-1,43,156,150,-1,43,150,45,-1,29,157,158,-1,29,158,27,-1,27,158,159,-1,27,159,26,-1,26,159,160,-1,26,160,36,-1,36,160,153,-1,36,153,37,-1,29,30,157,-1,157,30,161,-1,30,55,161,-1,161,55,141,-1,
        ]
    }
}
Shape{
    appearance Appearance {
        material  Material 	{
            diffuseColor 0.5019607843137255 0.5019607843137255 0.5019607843137255
            specularColor 0.25098039215686274 0.25098039215686274 0.25098039215686274
            ambientIntensity 0.2
            transparency 0
            shininess 0.5
        }
    }
    geometry IndexedFaceSet {
        ccw TRUE
        solid FALSE
        coord DEF co Coordinate {
            point [
                0.632 -4.48 -2.0862, 0.6321 -4.48 -2.0829, 0.5167 -4.48 -2.0821, 0.6321 -4.48 -2.0555, 0.5652 -4.48 -2.0645, 0.5351 -4.48 -2.0714, 0.5232 -4.48 -2.077, 0.6288 -4.48 -2.1086, 0.5107 -4.48 -2.0895, 0.6215 -4.48 -2.1265, 0.5136 -4.48 -2.1474, 0.5179 -4.48 -2.1517, 0.6043 -4.48 -2.1474, 0.5079 -4.48 -2.1389, 0.5901 -4.48 -2.1569, 0.5749 -4.48 -2.1625, 0.5562 -4.48 -2.1646, 0.5063 -4.48 -2.0989, 0.5038 -4.48 -2.1103, 0.6106 -4.48 -2.1412, 0.5034 -4.48 -2.1183, 0.5046 -4.48 -2.1298, 0.5279 -4.48 -2.1585, 0.5392 -4.48 -2.1627, 0.5392 -4.48 -2.1627
            ]
        }
        coordIndex [
            0,1,2,-1,1,3,4,-1,4,5,1,-1,1,5,6,-1,1,6,2,-1,0,2,7,-1,7,2,8,-1,7,8,9,-1,10,11,12,-1,10,12,13,-1,14,12,15,-1,15,12,16,-1,8,17,9,-1,9,17,18,-1,9,18,19,-1,19,18,20,-1,19,20,12,-1,12,20,21,-1,12,21,13,-1,11,22,12,-1,12,22,23,-1,12,23,16,-1,
        ]
    }
}
Shape{
    appearance Appearance {
        material  Material 	{
            diffuseColor 0.0 0.0 0.0
            specularColor 0.0 0.0 0.0
            ambientIntensity 0.2
            transparency 0
            shininess 0.5
        }
    }
    geometry IndexedFaceSet {
        ccw TRUE
        solid FALSE
        coord DEF co Coordinate {
            point [
                0.8327 -4.4839 -2.1648, 0.8327 -4.48 -2.1648, 0.7992 -4.48 -2.1606, 0.7734 -4.48 -2.1504, 0.7679 -4.4839 -2.1482, 0.7992 -4.4839 -2.1606, 0.7679 -4.48 -2.1482, 0.7502 -4.48 -2.1371, 0.7502 -4.4839 -2.1371, 0.7502 -4.4839 -2.1889, 0.7502 -4.48 -2.1889, 0.7836 -4.4839 -2.2009, 0.7734 -4.48 -2.1972, 0.8278 -4.48 -2.2057, 0.8278 -4.4839 -2.2057, 0.7969 -4.48 -2.2023, 0.7836 -4.48 -2.2009, 0.8686 -4.4839 -2.2014, 0.8599 -4.48 -2.2023, 0.8686 -4.48 -2.2014, 0.8961 -4.48 -2.1918, 0.8961 -4.4839 -2.1918, 0.9111 -4.48 -2.183, 0.9111 -4.4839 -2.183, 0.9254 -4.48 -2.1704, 0.9254 -4.4839 -2.1704, 0.9348 -4.48 -2.1572, 0.9348 -4.4839 -2.1572, 0.9409 -4.48 -2.1413, 0.9409 -4.4839 -2.1413, 0.9433 -4.48 -2.1212, 0.9433 -4.4839 -2.1212, 0.9412 -4.48 -2.1025, 0.9412 -4.4839 -2.1025, 0.9359 -4.48 -2.0877, 0.9359 -4.4839 -2.0877, 0.9265 -4.48 -2.0739, 0.9265 -4.4839 -2.0739, 0.9146 -4.48 -2.0632, 0.9146 -4.4839 -2.0632, 0.8813 -4.48 -2.0447, 0.8813 -4.4839 -2.0447, 0.8618 -4.48 -2.0368, 0.8618 -4.4839 -2.0368, 0.8308 -4.48 -2.0233, 0.8308 -4.4839 -2.0233, 0.8131 -4.48 -2.0123, 0.8131 -4.4839 -2.0123, 0.8082 -4.48 -2.0069, 0.8082 -4.4839 -2.0069, 0.8046 -4.48 -2.0001, 0.8046 -4.4839 -2.0001, 0.8026 -4.48 -1.9923, 0.8026 -4.4839 -1.9923, 0.8022 -4.48 -1.9857, 0.8022 -4.4839 -1.9857, 0.8031 -4.48 -1.9777, 0.8031 -4.4839 -1.9777, 0.8056 -4.48 -1.9709, 0.8056 -4.4839 -1.9709, 0.8099 -4.48 -1.9645, 0.8099 -4.4839 -1.9645, 0.8174 -4.48 -1.9578, 0.8174 -4.4839 -1.9578, 0.8287 -4.48 -1.9519, 0.8287 -4.4839 -1.9519, 0.8421 -4.48 -1.9483, 0.8421 -4.4839 -1.9483, 0.8569 -4.48 -1.9472, 0.8569 -4.4839 -1.9472, 0.8917 -4.48 -1.9514, 0.8917 -4.4839 -1.9514, 0.9201 -4.48 -1.9623, 0.9201 -4.4839 -1.9623, 0.9296 -4.48 -1.9679, 0.9296 -4.4839 -1.9679, 0.9296 -4.4839 -1.9192, 0.9296 -4.48 -1.9192, 0.8942 -4.48 -1.9091, 0.8942 -4.4839 -1.9091, 0.8618 -4.48 -1.9065, 0.8618 -4.4839 -1.9065, 0.8239 -4.48 -1.9107, 0.8239 -4.4839 -1.9107, 0.7967 -4.48 -1.9207, 0.7967 -4.4839 -1.9207, 0.7826 -4.48 -1.9292, 0.7826 -4.4839 -1.9292, 0.7678 -4.4839 -1.9425, 0.7734 -4.48 -1.9375, 0.7678 -4.48 -1.9425, 0.7584 -4.48 -1.9561, 0.7584 -4.4839 -1.9561, 0.7525 -4.48 -1.9722, 0.7525 -4.4839 -1.9722, 0.7505 -4.48 -1.9902, 0.7505 -4.4839 -1.9902, 0.7527 -4.48 -2.0096, 0.7527 -4.4839 -2.0096, 0.7582 -4.48 -2.025, 0.7582 -4.4839 -2.025, 0.7647 -4.48 -2.0354, 0.7647 -4.4839 -2.0354, 0.8264 -4.48 -2.0733, 0.8264 -4.4839 -2.0733, 0.7965 -4.4839 -2.0596, 0.7729 -4.48 -2.044, 0.7729 -4.4839 -2.044, 0.7734 -4.48 -2.0443, 0.7965 -4.48 -2.0596, 0.8594 -4.48 -2.0871, 0.8594 -4.4839 -2.0871, 0.8789 -4.48 -2.0989, 0.8789 -4.4839 -2.0989, 0.8852 -4.48 -2.1054, 0.8852 -4.4839 -2.1054, 0.8891 -4.48 -2.112, 0.8891 -4.4839 -2.112, 0.8913 -4.48 -2.1198, 0.8913 -4.4839 -2.1198, 0.8918 -4.48 -2.1261, 0.8918 -4.4839 -2.1261, 0.8908 -4.48 -2.1356, 0.8908 -4.4839 -2.1356, 0.8882 -4.48 -2.1428, 0.8882 -4.4839 -2.1428, 0.8839 -4.48 -2.1493, 0.8839 -4.4839 -2.1493, 0.8781 -4.48 -2.1544, 0.8781 -4.4839 -2.1544, 0.8735 -4.48 -2.1571, 0.8735 -4.4839 -2.1571, 0.8606 -4.48 -2.1619, 0.8606 -4.4839 -2.1619, 0.8349 -4.48 -2.1647, 0.8349 -4.4839 -2.1647, 1.1919 -4.4839 -1.913, 1.2439 -4.4839 -1.913, 1.1919 -4.48 -1.913, 1.2439 -4.48 -1.913, 1.1138 -4.4839 -2.1283, 1.1138 -4.48 -2.1283, 1.11 -4.48 -2.1417, 1.11 -4.4839 -2.1417, 1.1077 -4.48 -2.1515, 1.1077 -4.4839 -2.1515, 1.1063 -4.4839 -2.1515, 1.1063 -4.48 -2.1515, 1.1002 -4.4839 -2.1279, 1.1002 -4.48 -2.1279, 1.0255 -4.48 -1.913, 1.0255 -4.4839 -1.913, 1.0497 -4.48 -1.9826, 0.9694 -4.4839 -1.913, 0.9694 -4.48 -1.913, 1.0816 -4.48 -2.1983, 1.0816 -4.4839 -2.1983, 1.0497 -4.48 -2.1172, 1.0596 -4.48 -2.2503, 1.0596 -4.4839 -2.2503, 1.0799 -4.48 -2.2023, 1.0498 -4.48 -2.2683, 1.0498 -4.4839 -2.2683, 1.0497 -4.48 -2.2684, 1.0404 -4.4839 -2.2788, 1.0404 -4.48 -2.2788, 1.0312 -4.48 -2.2852, 1.0312 -4.4839 -2.2852, 1.0202 -4.48 -2.2893, 1.0202 -4.4839 -2.2893, 1.0082 -4.48 -2.2906, 1.0082 -4.4839 -2.2906, 0.99 -4.48 -2.2883, 0.99 -4.4839 -2.2883, 0.9797 -4.48 -2.2849, 0.9797 -4.4839 -2.2849, 0.9797 -4.4839 -2.3295, 0.9797 -4.48 -2.3295, 1.001 -4.48 -2.3332, 1.001 -4.4839 -2.3332, 1.0121 -4.48 -2.3336, 1.0121 -4.4839 -2.3336, 1.0323 -4.48 -2.3313, 1.0497 -4.48 -2.3247, 1.0521 -4.4839 -2.3238, 1.0323 -4.4839 -2.3313, 1.0521 -4.48 -2.3238, 1.0696 -4.48 -2.3115, 1.0696 -4.4839 -2.3115, 1.0731 -4.48 -2.3084, 1.0731 -4.4839 -2.3084, 1.0914 -4.48 -2.2863, 1.0914 -4.4839 -2.2863, 1.1141 -4.48 -2.2421, 1.1141 -4.4839 -2.2421, 1.1298 -4.48 -2.2023, 1.5132 -4.4839 -2.1533, 1.5132 -4.4839 -2.1989, 1.5132 -4.48 -2.1533, 1.5132 -4.48 -2.1989, 1.3496 -4.48 -2.1533, 1.3496 -4.4839 -2.1533, 1.4246 -4.48 -2.1533, 1.3496 -4.4839 -2.0186, 1.3496 -4.48 -2.0186, 1.4928 -4.48 -2.0186, 1.4928 -4.4839 -2.0186, 1.4246 -4.48 -2.0186, 1.4928 -4.4839 -1.9728, 1.4928 -4.48 -1.9728, 1.3496 -4.48 -1.9728, 1.3496 -4.4839 -1.9728, 1.4246 -4.48 -1.9728, 1.3496 -4.4839 -1.8446, 1.3496 -4.48 -1.8446, 1.5041 -4.48 -1.8446, 1.5041 -4.4839 -1.8446, 1.4246 -4.48 -1.8446, 1.5041 -4.4839 -1.7986, 1.5041 -4.48 -1.7986, 1.2979 -4.48 -1.7986, 1.2979 -4.4839 -1.7986, 1.4246 -4.48 -1.7986, 1.2979 -4.4839 -2.1989, 1.2979 -4.48 -2.1989, 1.4246 -4.48 -2.1989, 1.8381 -4.4839 -2.086, 1.8177 -4.4839 -2.1115, 1.8544 -4.4839 -2.1429, 1.8127 -4.4839 -2.1162, 1.8122 -4.4839 -2.1731, 1.7868 -4.4839 -2.1341, 1.7665 -4.4839 -2.1908, 1.7536 -4.4839 -2.1468, 1.699 -4.4839 -2.1989, 1.6987 -4.4839 -2.1533, 1.5889 -4.4839 -2.1989, 1.6405 -4.4839 -2.1533, 1.5889 -4.4839 -1.7986, 1.6405 -4.4839 -1.8446, 1.7031 -4.4839 -1.7986, 1.701 -4.4839 -1.8446, 1.7642 -4.4839 -1.8053, 1.7533 -4.4839 -1.8505, 1.8125 -4.4839 -1.823, 1.7879 -4.4839 -1.8632, 1.8544 -4.4839 -1.8516, 1.8166 -4.4839 -1.8823, 1.8688 -4.4839 -1.8657, 1.831 -4.4839 -1.8972, 1.8935 -4.4839 -1.9006, 1.8457 -4.4839 -1.9207, 1.9082 -4.4839 -1.9389, 1.8562 -4.4839 -1.9518, 1.9148 -4.4839 -1.9937, 1.8605 -4.4839 -1.9951, 1.9128 -4.4839 -2.0259, 1.8593 -4.4839 -2.0191, 1.9019 -4.4839 -2.0717, 1.8517 -4.4839 -2.0561, 1.8809 -4.4839 -2.1124, 1.699 -4.48 -2.1989, 1.5889 -4.48 -2.1989, 1.7665 -4.48 -2.1908, 1.8122 -4.48 -2.1731, 1.8544 -4.48 -2.1429, 1.8809 -4.48 -2.1124, 1.9019 -4.48 -2.0717, 1.9128 -4.48 -2.0259, 1.9148 -4.48 -1.9937, 1.9082 -4.48 -1.9389, 1.8935 -4.48 -1.9006, 1.8688 -4.48 -1.8657, 1.8544 -4.48 -1.8516, 1.8125 -4.48 -1.823, 1.7642 -4.48 -1.8053, 1.7031 -4.48 -1.7986, 1.5889 -4.48 -1.7986, 1.701 -4.48 -1.8446, 1.6405 -4.48 -1.8446, 1.6405 -4.48 -2.1533, 1.6987 -4.48 -2.1533, 1.8177 -4.48 -2.1115, 1.8127 -4.48 -2.1162, 1.7868 -4.48 -2.1341, 1.7536 -4.48 -2.1468, 1.8605 -4.48 -1.9951, 1.8593 -4.48 -2.0191, 1.8517 -4.48 -2.0561, 1.8381 -4.48 -2.086, 1.8166 -4.48 -1.8823, 1.831 -4.48 -1.8972, 1.8457 -4.48 -1.9207, 1.8562 -4.48 -1.9518, 1.7533 -4.48 -1.8505, 1.7879 -4.48 -1.8632, 1.7879 -4.48 -1.8632
            ]
        }
        coordIndex [
            0,1,2,-1,3,4,2,-1,2,4,5,-1,2,5,0,-1,3,6,4,-1,4,6,7,-1,4,7,8,-1,9,8,10,-1,10,8,7,-1,9,10,11,-1,11,10,12,-1,13,14,15,-1,15,14,11,-1,15,11,16,-1,16,11,12,-1,14,13,17,-1,17,13,18,-1,18,19,17,-1,17,19,20,-1,17,20,21,-1,21,20,22,-1,21,22,23,-1,23,22,24,-1,23,24,25,-1,25,24,26,-1,25,26,27,-1,27,26,28,-1,27,28,29,-1,29,28,30,-1,29,30,31,-1,31,30,32,-1,31,32,33,-1,33,32,34,-1,33,34,35,-1,35,34,36,-1,35,36,37,-1,37,36,38,-1,37,38,39,-1,39,38,40,-1,39,40,41,-1,41,40,42,-1,41,42,43,-1,43,42,44,-1,43,44,45,-1,45,44,46,-1,45,46,47,-1,47,46,48,-1,47,48,49,-1,49,48,50,-1,49,50,51,-1,51,50,52,-1,51,52,53,-1,53,52,54,-1,53,54,55,-1,55,54,56,-1,55,56,57,-1,57,56,58,-1,57,58,59,-1,59,58,60,-1,59,60,61,-1,61,60,62,-1,61,62,63,-1,63,62,64,-1,63,64,65,-1,65,64,66,-1,65,66,67,-1,67,66,68,-1,67,68,69,-1,69,68,70,-1,69,70,71,-1,71,70,72,-1,71,72,73,-1,73,72,74,-1,73,74,75,-1,76,75,77,-1,77,75,74,-1,76,77,78,-1,76,78,79,-1,79,78,80,-1,79,80,81,-1,81,80,82,-1,81,82,83,-1,83,82,84,-1,83,84,85,-1,85,84,86,-1,85,86,87,-1,87,86,88,-1,88,86,89,-1,89,90,88,-1,88,90,91,-1,88,91,92,-1,92,91,93,-1,92,93,94,-1,94,93,95,-1,94,95,96,-1,96,95,97,-1,96,97,98,-1,98,97,99,-1,98,99,100,-1,100,99,101,-1,100,101,102,-1,103,104,105,-1,102,101,106,-1,102,106,107,-1,107,106,108,-1,107,108,105,-1,105,108,109,-1,105,109,103,-1,104,103,110,-1,104,110,111,-1,111,110,112,-1,111,112,113,-1,113,112,114,-1,113,114,115,-1,115,114,116,-1,115,116,117,-1,117,116,118,-1,117,118,119,-1,119,118,120,-1,119,120,121,-1,121,120,122,-1,121,122,123,-1,123,122,124,-1,123,124,125,-1,125,124,126,-1,125,126,127,-1,127,126,128,-1,127,128,129,-1,129,128,130,-1,129,130,131,-1,131,130,132,-1,131,132,133,-1,133,132,134,-1,133,134,135,-1,135,134,1,-1,135,1,0,-1,61,63,85,-1,85,63,83,-1,111,43,104,-1,104,43,45,-1,21,23,127,-1,127,23,25,-1,127,25,125,-1,125,25,27,-1,125,27,123,-1,123,27,29,-1,123,29,121,-1,121,29,31,-1,121,31,119,-1,119,31,33,-1,119,33,117,-1,117,33,35,-1,117,35,115,-1,115,35,37,-1,115,37,113,-1,113,37,39,-1,113,39,111,-1,111,39,41,-1,111,41,43,-1,14,0,11,-1,11,0,5,-1,11,5,9,-1,9,5,4,-1,9,4,8,-1,63,65,83,-1,83,65,67,-1,83,67,81,-1,81,67,69,-1,81,69,79,-1,79,69,71,-1,79,71,76,-1,76,71,73,-1,76,73,75,-1,127,129,21,-1,21,129,131,-1,21,131,17,-1,17,131,133,-1,17,133,14,-1,14,133,135,-1,14,135,0,-1,85,87,61,-1,61,87,88,-1,61,88,59,-1,59,88,92,-1,59,92,57,-1,57,92,94,-1,57,94,55,-1,55,94,96,-1,55,96,53,-1,53,96,98,-1,53,98,51,-1,51,98,100,-1,51,100,49,-1,49,100,102,-1,49,102,47,-1,47,102,107,-1,47,107,45,-1,45,107,105,-1,45,105,104,-1,136,137,138,-1,138,137,139,-1,140,136,141,-1,141,136,138,-1,140,141,142,-1,140,142,143,-1,143,142,144,-1,143,144,145,-1,146,145,147,-1,147,145,144,-1,148,146,149,-1,149,146,147,-1,150,151,152,-1,152,151,148,-1,152,148,149,-1,153,151,154,-1,154,151,150,-1,155,156,157,-1,157,156,153,-1,157,153,154,-1,158,159,160,-1,160,159,156,-1,160,156,155,-1,159,158,161,-1,159,161,162,-1,162,161,163,-1,162,163,164,-1,163,165,164,-1,164,165,166,-1,164,166,167,-1,167,166,168,-1,167,168,169,-1,169,168,170,-1,169,170,171,-1,171,170,172,-1,171,172,173,-1,173,172,174,-1,173,174,175,-1,176,175,177,-1,177,175,174,-1,176,177,178,-1,176,178,179,-1,179,178,180,-1,179,180,181,-1,181,180,182,-1,183,184,182,-1,182,184,185,-1,182,185,181,-1,183,186,184,-1,184,186,187,-1,184,187,188,-1,188,187,189,-1,188,189,190,-1,190,189,191,-1,190,191,192,-1,192,191,193,-1,192,193,194,-1,139,137,195,-1,195,137,194,-1,195,194,193,-1,143,145,194,-1,137,136,194,-1,194,136,140,-1,194,140,143,-1,151,153,148,-1,148,153,156,-1,148,156,146,-1,192,162,190,-1,190,162,164,-1,175,176,173,-1,173,176,179,-1,173,179,171,-1,171,179,181,-1,171,181,169,-1,169,181,185,-1,169,185,167,-1,167,185,184,-1,167,184,164,-1,164,184,188,-1,164,188,190,-1,145,146,194,-1,194,146,156,-1,194,156,192,-1,192,156,159,-1,192,159,162,-1,196,197,198,-1,198,197,199,-1,200,201,202,-1,202,201,196,-1,202,196,198,-1,203,201,204,-1,204,201,200,-1,205,206,207,-1,207,206,203,-1,207,203,204,-1,208,206,209,-1,209,206,205,-1,210,211,212,-1,212,211,208,-1,212,208,209,-1,213,211,214,-1,214,211,210,-1,215,216,217,-1,217,216,213,-1,217,213,214,-1,218,216,219,-1,219,216,215,-1,220,221,222,-1,222,221,218,-1,222,218,219,-1,223,221,224,-1,224,221,220,-1,199,197,225,-1,225,197,223,-1,225,223,224,-1,223,197,196,-1,196,201,223,-1,223,201,203,-1,223,203,221,-1,216,218,213,-1,213,218,221,-1,213,221,211,-1,211,221,203,-1,211,203,208,-1,208,203,206,-1,226,227,228,-1,228,227,229,-1,228,229,230,-1,230,229,231,-1,230,231,232,-1,232,231,233,-1,232,233,234,-1,234,233,235,-1,234,235,236,-1,236,235,237,-1,236,237,238,-1,238,237,239,-1,238,239,240,-1,240,239,241,-1,240,241,242,-1,242,241,243,-1,242,243,244,-1,244,243,245,-1,244,245,246,-1,246,245,247,-1,246,247,248,-1,248,247,249,-1,248,249,250,-1,250,249,251,-1,250,251,252,-1,252,251,253,-1,252,253,254,-1,254,253,255,-1,254,255,256,-1,256,255,257,-1,256,257,258,-1,258,257,259,-1,258,259,260,-1,260,259,226,-1,260,226,228,-1,234,236,261,-1,261,236,262,-1,234,261,263,-1,234,263,232,-1,232,263,264,-1,232,264,230,-1,230,264,265,-1,230,265,228,-1,228,265,266,-1,228,266,260,-1,260,266,267,-1,260,267,258,-1,258,267,268,-1,258,268,256,-1,256,268,269,-1,256,269,254,-1,254,269,270,-1,254,270,252,-1,252,270,271,-1,252,271,250,-1,250,271,272,-1,250,272,248,-1,248,272,273,-1,248,273,246,-1,246,273,274,-1,246,274,244,-1,244,274,275,-1,244,275,242,-1,242,275,276,-1,242,276,240,-1,238,240,277,-1,277,240,276,-1,236,238,262,-1,262,238,277,-1,241,239,278,-1,278,239,279,-1,239,237,279,-1,279,237,280,-1,237,235,280,-1,280,235,281,-1,227,282,283,-1,227,283,229,-1,229,283,284,-1,229,284,231,-1,231,284,285,-1,231,285,233,-1,233,285,281,-1,233,281,235,-1,255,286,287,-1,255,287,257,-1,257,287,288,-1,257,288,259,-1,259,288,289,-1,259,289,226,-1,226,289,282,-1,226,282,227,-1,247,290,291,-1,247,291,249,-1,249,291,292,-1,249,292,251,-1,251,292,293,-1,251,293,253,-1,253,293,286,-1,253,286,255,-1,241,278,294,-1,241,294,243,-1,243,294,295,-1,243,295,245,-1,245,295,290,-1,245,290,247,-1,
        ]
    }
}
Shape{
    appearance Appearance {
        material  Material 	{
            diffuseColor 0.5019607843137255 0.5019607843137255 0.5019607843137255
            specularColor 0.25098039215686274 0.25098039215686274 0.25098039215686274
            ambientIntensity 0.2
            transparency 0
            shininess 0.5
        }
    }
    geometry IndexedFaceSet {
        ccw TRUE
        solid FALSE
        coord DEF co Coordinate {
            point [
                1.6405 -4.48 -1.8446, 1.6405 -4.48 -2.1533, 1.701 -4.48 -1.8446, 1.6987 -4.48 -2.1533, 1.8127 -4.48 -2.1162, 1.8177 -4.48 -2.1115, 1.7536 -4.48 -2.1468, 1.7868 -4.48 -2.1341, 1.8593 -4.48 -2.0191, 1.8605 -4.48 -1.9951, 1.8381 -4.48 -2.086, 1.8517 -4.48 -2.0561, 1.8562 -4.48 -1.9518, 1.8457 -4.48 -1.9207, 1.831 -4.48 -1.8972, 1.8166 -4.48 -1.8823, 1.7879 -4.48 -1.8632, 1.7533 -4.48 -1.8505, 1.7533 -4.48 -1.8505
            ]
        }
        coordIndex [
            0,1,2,-1,2,1,3,-1,2,4,5,-1,3,6,2,-1,2,6,7,-1,2,7,4,-1,8,9,2,-1,5,10,2,-1,2,10,11,-1,2,11,8,-1,9,12,2,-1,2,12,13,-1,2,13,14,-1,14,15,2,-1,2,15,16,-1,2,16,17,-1,
        ]
    }
}
Shape{
    appearance Appearance {
        material  Material 	{
            diffuseColor 0.0 0.0 0.0
            specularColor 0.0 0.0 0.0
            ambientIntensity 0.2
            transparency 0
            shininess 0.5
        }
    }
    geometry IndexedFaceSet {
        ccw TRUE
        solid FALSE
        coord DEF co Coordinate {
            point [
                2.049 -4.4839 -2.0442, 2.0326 -4.4839 -2.0894, 2.1833 -4.4839 -2.0442, 2.1993 -4.4839 -2.0894, 2.1088 -4.4839 -1.8778, 2.0895 -4.4839 -1.7986, 1.937 -4.4839 -2.1989, 1.9941 -4.4839 -2.1989, 2.1123 -4.4839 -1.8659, 2.1154 -4.4839 -1.8498, 2.1448 -4.4839 -1.7986, 2.1166 -4.4839 -1.8498, 2.1199 -4.4839 -1.8667, 2.1229 -4.4839 -1.8778, 2.2972 -4.4839 -2.1989, 2.2401 -4.4839 -2.1989, 2.1448 -4.48 -1.7986, 2.2972 -4.48 -2.1989, 2.0895 -4.48 -1.7986, 1.937 -4.48 -2.1989, 1.9941 -4.48 -2.1989, 2.0326 -4.48 -2.0894, 2.1993 -4.48 -2.0894, 2.2401 -4.48 -2.1989, 2.049 -4.48 -2.0442, 2.1833 -4.48 -2.0442, 2.1229 -4.48 -1.8778, 2.1166 -4.48 -1.8498, 2.1199 -4.48 -1.8667, 2.1154 -4.48 -1.8498, 2.1088 -4.48 -1.8778, 2.1123 -4.48 -1.8659, 2.1123 -4.48 -1.8659
            ]
        }
        coordIndex [
            0,1,2,-1,2,1,3,-1,4,5,0,-1,0,5,6,-1,0,6,1,-1,1,6,7,-1,4,8,5,-1,5,8,9,-1,5,9,10,-1,10,9,11,-1,10,11,12,-1,12,13,10,-1,10,13,2,-1,10,2,14,-1,14,2,3,-1,14,3,15,-1,10,14,16,-1,16,14,17,-1,5,10,18,-1,18,10,16,-1,6,5,19,-1,19,5,18,-1,7,6,20,-1,20,6,19,-1,1,7,21,-1,21,7,20,-1,3,1,22,-1,22,1,21,-1,15,3,23,-1,23,3,22,-1,14,15,17,-1,17,15,23,-1,0,2,24,-1,24,2,25,-1,2,13,25,-1,25,13,26,-1,11,27,28,-1,11,28,12,-1,12,28,26,-1,12,26,13,-1,11,9,27,-1,27,9,29,-1,4,30,31,-1,4,31,8,-1,8,31,29,-1,8,29,9,-1,4,0,30,-1,30,0,24,-1,
        ]
    }
}
Shape{
    appearance Appearance {
        material  Material 	{
            diffuseColor 0.5019607843137255 0.5019607843137255 0.5019607843137255
            specularColor 0.25098039215686274 0.25098039215686274 0.25098039215686274
            ambientIntensity 0.2
            transparency 0
            shininess 0.5
        }
    }
    geometry IndexedFaceSet {
        ccw TRUE
        solid FALSE
        coord DEF co Coordinate {
            point [
                2.1166 -4.48 -1.8498, 2.1154 -4.48 -1.8498, 2.1199 -4.48 -1.8667, 2.1123 -4.48 -1.8659, 2.1229 -4.48 -1.8778, 2.1088 -4.48 -1.8778, 2.1833 -4.48 -2.0442, 2.049 -4.48 -2.0442, 2.049 -4.48 -2.0442
            ]
        }
        coordIndex [
            0,1,2,-1,2,1,3,-1,2,3,4,-1,4,3,5,-1,4,5,6,-1,6,5,7,-1,
        ]
    }
}
Shape{
    appearance Appearance {
        material  Material 	{
            diffuseColor 0.0 0.0 0.0
            specularColor 0.0 0.0 0.0
            ambientIntensity 0.2
            transparency 0
            shininess 0.5
        }
    }
    geometry IndexedFaceSet {
        ccw TRUE
        solid FALSE
        coord DEF co Coordinate {
            point [
                -1.6543 -4.4839 -1.5094, -1.5909 -4.4839 -1.4757, -1.6058 -4.4839 -1.3005, -1.1044 -4.4839 -2.2671, -1.0707 -4.4839 -2.2037, -1.054 -4.4839 -2.1334, -1.4281 -4.4839 -1.2923, -1.3399 -4.4839 -1.5001, -1.2964 -4.4839 -1.41, -1.4453 -4.4839 -2.1413, -1.4506 -4.4839 -2.1146, -1.6046 -4.4839 -2.0039, -1.6075 -4.4839 -2.1946, -1.6435 -4.4839 -2.1839, -1.6667 -4.4839 -1.9657, -1.4936 -4.4839 -1.2866, -0.6539 -4.4839 -1.8645, -0.7421 -4.4839 -1.7136, -1.0524 -4.4839 -2.0751, -1.1236 -4.4839 -1.9128, -1.0524 -4.4839 -2.1036, -1.2046 -4.4839 -2.3553, -1.1479 -4.4839 -2.3158, -1.4341 -4.4839 -2.1652, -1.5365 -4.4839 -2.308, -1.5789 -4.4839 -2.2558, -0.56 -4.4839 -1.5827, -0.5372 -4.4839 -1.5827, -0.4205 -4.4839 -1.4289, -0.483 -4.4839 -1.5894, -0.4066 -4.4839 -1.4336, -0.4333 -4.4839 -1.6085, -0.3219 -4.4839 -1.4756, -0.2447 -4.4839 -1.5409, -1.3698 -4.4839 -1.2244, -1.2325 -4.4839 -1.3338, -1.3029 -4.4839 -1.1671, -1.1563 -4.4839 -1.2781, -1.2325 -4.4839 -1.1235, -1.5206 -4.4839 -1.459, -1.4908 -4.4839 -1.4574, -1.4609 -4.4839 -1.2884, -1.4237 -4.4839 -1.4658, -1.3599 -4.4839 -1.4892, -1.2497 -4.4839 -2.1709, -1.2651 -4.4839 -2.1884, -1.2867 -4.4839 -2.2039, -1.2681 -4.4839 -2.3797, -1.3114 -4.4839 -2.2137, -1.3371 -4.4839 -2.3882, -1.3399 -4.4839 -2.2174, -1.3479 -4.4839 -2.388, -1.3447 -4.4839 -2.2173, -1.4151 -4.4839 -2.3775, -1.3703 -4.4839 -2.2131, -1.4808 -4.4839 -2.35, -1.396 -4.4839 -2.2021, -1.4178 -4.4839 -2.1854, -1.2362 -4.4839 -2.0667, -1.2297 -4.4839 -2.0931, -1.2296 -4.4839 -2.1192, -1.2364 -4.4839 -2.1465, -0.244 -4.4839 -2.0722, -0.3766 -4.4839 -1.9591, -0.3214 -4.4839 -2.1378, -0.4186 -4.4839 -1.9935, -0.4083 -4.4839 -2.1803, -0.4688 -4.4839 -2.0169, -0.503 -4.4839 -2.2003, -0.5201 -4.4839 -2.0267, -0.671 -4.4839 -2.2003, -0.6482 -4.4839 -2.0267, -0.687 -4.4839 -2.1977, -1.4492 -4.4839 -2.0868, -1.4408 -4.4839 -2.06, -1.5732 -4.4839 -1.9428, -1.4261 -4.4839 -2.0365, -1.5262 -4.4839 -1.889, -1.4148 -4.4839 -2.0246, -1.468 -4.4839 -1.8485, -1.3926 -4.4839 -2.0088, -1.4051 -4.4839 -1.8245, -1.3677 -4.4839 -1.999, -1.3371 -4.4839 -1.8161, -1.3399 -4.4839 -1.9954, -1.3025 -4.4839 -1.8181, -1.3162 -4.4839 -1.998, -1.2338 -4.4839 -1.8351, -1.2898 -4.4839 -2.0074, -1.1734 -4.4839 -1.8675, -1.2669 -4.4839 -2.0229, -1.2485 -4.4839 -2.0434, -0.3892 -4.4839 -1.6394, -0.3566 -4.4839 -1.6758, -0.1866 -4.4839 -1.6219, -0.33 -4.4839 -1.7248, -0.1517 -4.4839 -1.7088, -0.3166 -4.4839 -1.7795, -0.1387 -4.4839 -1.8018, -0.3152 -4.4839 -1.8047, -0.1517 -4.4839 -1.9034, -0.322 -4.4839 -1.8602, -0.1875 -4.4839 -1.9935, -0.3417 -4.4839 -1.9109, -0.373 -4.4839 -1.9553, -0.5742 -4.4839 -1.2041, -0.6857 -4.4839 -1.3348, -0.4796 -4.4839 -1.3136, -0.6215 -4.4839 -1.4114, -0.5775 -4.4839 -1.5031, -1.7669 -4.4839 -1.6731, -1.9539 -4.4839 -1.7205, -1.7754 -4.4839 -1.7421, -1.9547 -4.4839 -1.7477, -1.772 -4.4839 -1.7862, -1.9409 -4.4839 -1.8593, -1.7515 -4.4839 -1.8558, -1.9001 -4.4839 -1.9653, -1.7177 -4.4839 -1.9132, -1.8352 -4.4839 -2.058, -1.7464 -4.4839 -2.1337, -1.1011 -4.4839 -1.0732, -1.0633 -4.4839 -1.2404, -0.9613 -4.4839 -1.0561, -0.9585 -4.4839 -1.2269, -0.8384 -4.4839 -1.0696, -0.8619 -4.4839 -1.2387, -0.6961 -4.4839 -1.1213, -0.7726 -4.4839 -1.273, -0.6927 -4.4839 -1.3285, -1.7112 -4.4839 -1.3414, -1.8017 -4.4839 -1.4051, -1.703 -4.4839 -1.5529, -1.8209 -4.4839 -1.4233, -1.7425 -4.4839 -1.6096, -1.8894 -4.4839 -1.511, -1.9348 -4.4839 -1.6135, -0.6625 -4.4839 -2.0241, -0.7309 -4.4839 -2.1705, -0.7243 -4.4839 -2.1772, -0.654 -4.4839 -2.0259, -0.7058 -4.4839 -2.1903, -0.7535 -4.4839 -2.1121, -0.7508 -4.4839 -2.1333, -0.7433 -4.4839 -2.1526, -0.6874 -4.4839 -2.0267, -0.7069 -4.4839 -2.0344, -0.7528 -4.4839 -2.1009, -0.7244 -4.4839 -2.0468, -0.7361 -4.4839 -2.0598, -0.7471 -4.4839 -2.0792, -0.6653 -4.4839 -2.0239, -0.1387 -4.48 -1.8018, -0.1517 -4.48 -1.7088, -0.2258 -4.48 -1.5672, -0.1615 -4.48 -1.6846, -0.1866 -4.48 -1.6219, -0.2447 -4.48 -1.5409, -0.3219 -4.48 -1.4756, -0.4066 -4.48 -1.4336, -0.4205 -4.48 -1.4289, -0.4796 -4.48 -1.3136, -0.5742 -4.48 -1.2041, -0.639 -4.48 -1.1601, -0.6961 -4.48 -1.1213, -0.8384 -4.48 -1.0696, -0.9613 -4.48 -1.0561, -1.3029 -4.48 -1.1671, -1.2916 -4.48 -1.1601, -1.2325 -4.48 -1.1235, -1.1011 -4.48 -1.0732, -1.3698 -4.48 -1.2244, -1.4281 -4.48 -1.2923, -1.4609 -4.48 -1.2884, -1.4936 -4.48 -1.2866, -1.6058 -4.48 -1.3005, -1.7112 -4.48 -1.3414, -1.8017 -4.48 -1.4051, -1.8209 -4.48 -1.4233, -1.9547 -4.48 -1.7477, -1.8894 -4.48 -1.511, -1.9143 -4.48 -1.5672, -1.9348 -4.48 -1.6135, -1.9475 -4.48 -1.6846, -1.9539 -4.48 -1.7205, -1.9409 -4.48 -1.8593, -1.9001 -4.48 -1.9653, -1.8352 -4.48 -2.058, -1.7464 -4.48 -2.1337, -1.6435 -4.48 -2.1839, -1.6075 -4.48 -2.1946, -1.6039 -4.48 -2.2023, -1.5789 -4.48 -2.2558, -1.5365 -4.48 -2.308, -1.4808 -4.48 -2.35, -1.4548 -4.48 -2.3609, -1.4151 -4.48 -2.3775, -1.3479 -4.48 -2.388, -1.3371 -4.48 -2.3882, -1.0524 -4.48 -2.1036, -1.2681 -4.48 -2.3797, -1.2192 -4.48 -2.3609, -1.2046 -4.48 -2.3553, -1.1479 -4.48 -2.3158, -1.1044 -4.48 -2.2671, -1.0707 -4.48 -2.2037, -1.0704 -4.48 -2.2023, -1.054 -4.48 -2.1334, -1.0524 -4.48 -2.0751, -0.6539 -4.48 -1.8645, -0.7421 -4.48 -1.7136, -1.1236 -4.48 -1.9128, -1.1734 -4.48 -1.8675, -1.2338 -4.48 -1.8351, -1.3025 -4.48 -1.8181, -1.3371 -4.48 -1.8161, -1.4051 -4.48 -1.8245, -1.468 -4.48 -1.8485, -1.5262 -4.48 -1.889, -1.5732 -4.48 -1.9428, -1.6046 -4.48 -2.0039, -1.6667 -4.48 -1.9657, -1.7177 -4.48 -1.9132, -1.7515 -4.48 -1.8558, -1.772 -4.48 -1.7862, -1.7754 -4.48 -1.7421, -1.7683 -4.48 -1.6846, -1.7669 -4.48 -1.6731, -1.7425 -4.48 -1.6096, -1.713 -4.48 -1.5672, -1.703 -4.48 -1.5529, -1.6543 -4.48 -1.5094, -1.5909 -4.48 -1.4757, -1.5206 -4.48 -1.459, -1.4908 -4.48 -1.4574, -1.4237 -4.48 -1.4658, -1.3599 -4.48 -1.4892, -1.3399 -4.48 -1.5001, -1.2964 -4.48 -1.41, -1.2325 -4.48 -1.3338, -1.1563 -4.48 -1.2781, -1.0633 -4.48 -1.2404, -0.9585 -4.48 -1.2269, -0.56 -4.48 -1.5827, -0.5634 -4.48 -1.5672, -0.5775 -4.48 -1.5031, -0.6215 -4.48 -1.4114, -0.6857 -4.48 -1.3348, -0.6927 -4.48 -1.3285, -0.7726 -4.48 -1.273, -0.8619 -4.48 -1.2387, -0.5372 -4.48 -1.5827, -0.483 -4.48 -1.5894, -0.4333 -4.48 -1.6085, -0.3892 -4.48 -1.6394, -0.3566 -4.48 -1.6758, -0.3518 -4.48 -1.6846, -0.33 -4.48 -1.7248, -0.3166 -4.48 -1.7795, -0.3152 -4.48 -1.8047, -0.322 -4.48 -1.8602, -0.3417 -4.48 -1.9109, -0.373 -4.48 -1.9553, -0.3766 -4.48 -1.9591, -0.4186 -4.48 -1.9935, -0.4688 -4.48 -2.0169, -0.5201 -4.48 -2.0267, -0.6482 -4.48 -2.0267, -0.654 -4.48 -2.0259, -0.6625 -4.48 -2.0241, -0.6653 -4.48 -2.0239, -0.6874 -4.48 -2.0267, -0.7069 -4.48 -2.0344, -0.7244 -4.48 -2.0468, -0.7361 -4.48 -2.0598, -0.7471 -4.48 -2.0792, -0.7528 -4.48 -2.1009, -0.7535 -4.48 -2.1121, -0.7508 -4.48 -2.1333, -0.7433 -4.48 -2.1526, -0.7309 -4.48 -2.1705, -0.7243 -4.48 -2.1772, -0.7058 -4.48 -2.1903, -0.687 -4.48 -2.1977, -0.671 -4.48 -2.2003, -0.503 -4.48 -2.2003, -0.4083 -4.48 -2.1803, -0.3214 -4.48 -2.1378, -0.244 -4.48 -2.0722, -0.1875 -4.48 -1.9935, -0.1517 -4.48 -1.9034, -1.3399 -4.48 -1.9954, -1.3162 -4.48 -1.998, -1.2898 -4.48 -2.0074, -1.2669 -4.48 -2.0229, -1.2485 -4.48 -2.0434, -1.2362 -4.48 -2.0667, -1.2297 -4.48 -2.0931, -1.2296 -4.48 -2.1192, -1.2364 -4.48 -2.1465, -1.2497 -4.48 -2.1709, -1.2651 -4.48 -2.1884, -1.2867 -4.48 -2.2039, -1.3114 -4.48 -2.2137, -1.3399 -4.48 -2.2174, -1.3447 -4.48 -2.2173, -1.3703 -4.48 -2.2131, -1.396 -4.48 -2.2021, -1.4178 -4.48 -2.1854, -1.4341 -4.48 -2.1652, -1.4453 -4.48 -2.1413, -1.4506 -4.48 -2.1146, -1.4492 -4.48 -2.0868, -1.4408 -4.48 -2.06, -1.4261 -4.48 -2.0365, -1.4148 -4.48 -2.0246, -1.3926 -4.48 -2.0088, -1.3677 -4.48 -1.999, -1.3677 -4.48 -1.999
            ]
        }
        coordIndex [
            0,1,2,-1,3,4,5,-1,6,7,8,-1,9,10,11,-1,12,11,13,-1,13,11,14,-1,2,1,15,-1,16,17,18,-1,18,17,19,-1,18,19,20,-1,20,19,21,-1,20,21,5,-1,5,21,22,-1,5,22,3,-1,23,9,24,-1,24,9,11,-1,24,11,25,-1,25,11,12,-1,26,27,28,-1,28,27,29,-1,28,29,30,-1,30,29,31,-1,30,31,32,-1,32,31,33,-1,6,8,34,-1,34,8,35,-1,34,35,36,-1,36,35,37,-1,36,37,38,-1,1,39,15,-1,15,39,40,-1,15,40,41,-1,41,40,42,-1,41,42,6,-1,6,42,43,-1,6,43,7,-1,44,45,21,-1,21,45,46,-1,21,46,47,-1,47,46,48,-1,47,48,49,-1,49,48,50,-1,49,50,51,-1,51,50,52,-1,51,52,53,-1,53,52,54,-1,53,54,55,-1,55,54,56,-1,55,56,24,-1,24,56,57,-1,24,57,23,-1,58,59,19,-1,19,59,60,-1,19,60,21,-1,21,60,61,-1,21,61,44,-1,62,63,64,-1,64,63,65,-1,64,65,66,-1,66,65,67,-1,66,67,68,-1,68,67,69,-1,68,69,70,-1,70,69,71,-1,70,71,72,-1,10,73,11,-1,11,73,74,-1,11,74,75,-1,75,74,76,-1,75,76,77,-1,77,76,78,-1,77,78,79,-1,79,78,80,-1,79,80,81,-1,81,80,82,-1,81,82,83,-1,83,82,84,-1,83,84,85,-1,85,84,86,-1,85,86,87,-1,87,86,88,-1,87,88,89,-1,89,88,90,-1,89,90,19,-1,19,90,91,-1,19,91,58,-1,31,92,33,-1,33,92,93,-1,33,93,94,-1,94,93,95,-1,94,95,96,-1,96,95,97,-1,96,97,98,-1,98,97,99,-1,98,99,100,-1,100,99,101,-1,100,101,102,-1,102,101,103,-1,102,103,62,-1,62,103,104,-1,62,104,63,-1,105,106,107,-1,107,106,108,-1,107,108,28,-1,28,108,109,-1,28,109,26,-1,110,111,112,-1,112,111,113,-1,112,113,114,-1,114,113,115,-1,114,115,116,-1,116,115,117,-1,116,117,118,-1,118,117,119,-1,118,119,14,-1,14,119,120,-1,14,120,13,-1,38,37,121,-1,121,37,122,-1,121,122,123,-1,123,122,124,-1,123,124,125,-1,125,124,126,-1,125,126,127,-1,127,126,128,-1,127,128,105,-1,105,128,129,-1,105,129,106,-1,2,130,0,-1,0,130,131,-1,0,131,132,-1,132,131,133,-1,132,133,134,-1,134,133,135,-1,134,135,110,-1,110,135,136,-1,110,136,111,-1,137,138,139,-1,71,140,72,-1,72,140,137,-1,72,137,141,-1,141,137,139,-1,142,143,137,-1,137,143,144,-1,137,144,138,-1,145,146,147,-1,146,148,147,-1,147,148,149,-1,147,149,150,-1,142,137,147,-1,147,137,151,-1,147,151,145,-1,98,152,153,-1,154,33,94,-1,98,153,96,-1,96,153,155,-1,96,155,94,-1,94,155,156,-1,94,156,154,-1,154,157,33,-1,33,157,158,-1,33,158,32,-1,32,158,159,-1,32,159,30,-1,30,159,160,-1,30,160,28,-1,28,160,161,-1,28,161,107,-1,107,161,162,-1,107,162,105,-1,127,105,163,-1,163,105,162,-1,163,164,127,-1,127,164,165,-1,127,165,125,-1,125,165,166,-1,125,166,123,-1,167,36,168,-1,168,36,38,-1,168,38,169,-1,169,38,121,-1,169,121,170,-1,170,121,123,-1,170,123,166,-1,36,167,171,-1,36,171,34,-1,34,171,172,-1,34,172,6,-1,6,172,173,-1,6,173,41,-1,41,173,174,-1,41,174,15,-1,15,174,175,-1,15,175,2,-1,2,175,176,-1,2,176,130,-1,130,176,177,-1,130,177,131,-1,131,177,178,-1,131,178,133,-1,179,113,111,-1,133,178,180,-1,133,180,135,-1,135,180,181,-1,135,181,136,-1,181,182,136,-1,136,182,183,-1,136,183,111,-1,111,183,184,-1,111,184,179,-1,113,179,185,-1,113,185,115,-1,115,185,186,-1,115,186,117,-1,117,186,187,-1,117,187,119,-1,119,187,188,-1,119,188,120,-1,120,188,189,-1,120,189,13,-1,13,189,190,-1,13,190,12,-1,12,190,191,-1,12,191,25,-1,191,192,25,-1,25,192,193,-1,25,193,24,-1,24,193,194,-1,24,194,55,-1,55,194,195,-1,55,195,53,-1,195,196,53,-1,53,196,197,-1,53,197,51,-1,51,197,198,-1,51,198,49,-1,199,20,5,-1,49,198,200,-1,49,200,47,-1,47,200,201,-1,47,201,21,-1,201,202,21,-1,21,202,203,-1,21,203,22,-1,22,203,204,-1,22,204,3,-1,3,204,205,-1,3,205,4,-1,4,205,206,-1,4,206,5,-1,5,206,207,-1,5,207,199,-1,18,20,208,-1,208,20,199,-1,16,18,209,-1,209,18,208,-1,17,16,210,-1,210,16,209,-1,19,17,211,-1,211,17,210,-1,19,211,212,-1,19,212,89,-1,89,212,213,-1,89,213,87,-1,87,213,214,-1,87,214,85,-1,85,214,215,-1,85,215,83,-1,83,215,216,-1,83,216,81,-1,81,216,217,-1,81,217,79,-1,79,217,218,-1,79,218,77,-1,77,218,219,-1,77,219,75,-1,75,219,220,-1,75,220,11,-1,11,220,221,-1,11,221,14,-1,14,221,222,-1,14,222,118,-1,118,222,223,-1,118,223,116,-1,116,223,224,-1,116,224,114,-1,114,224,225,-1,114,225,112,-1,112,225,110,-1,110,225,226,-1,226,227,110,-1,110,227,228,-1,110,228,134,-1,134,228,229,-1,134,229,132,-1,229,230,132,-1,132,230,231,-1,132,231,0,-1,0,231,232,-1,0,232,1,-1,1,232,233,-1,1,233,39,-1,39,233,234,-1,39,234,40,-1,40,234,235,-1,40,235,42,-1,42,235,236,-1,42,236,43,-1,43,236,237,-1,43,237,7,-1,7,237,238,-1,7,238,8,-1,8,238,239,-1,8,239,35,-1,35,239,240,-1,35,240,37,-1,37,240,241,-1,37,241,122,-1,122,241,242,-1,122,242,124,-1,243,26,244,-1,244,26,109,-1,244,109,245,-1,245,109,108,-1,245,108,246,-1,246,108,106,-1,246,106,247,-1,247,106,129,-1,247,129,248,-1,248,129,128,-1,248,128,249,-1,249,128,126,-1,249,126,250,-1,250,126,124,-1,250,124,242,-1,27,26,251,-1,251,26,243,-1,27,251,252,-1,27,252,29,-1,29,252,253,-1,29,253,31,-1,31,253,254,-1,31,254,92,-1,92,254,255,-1,92,255,93,-1,93,255,256,-1,93,256,95,-1,256,257,95,-1,95,257,258,-1,95,258,97,-1,97,258,259,-1,97,259,99,-1,99,259,260,-1,99,260,101,-1,101,260,261,-1,101,261,103,-1,103,261,262,-1,103,262,104,-1,104,262,263,-1,104,263,63,-1,63,263,264,-1,63,264,65,-1,65,264,265,-1,65,265,67,-1,67,265,266,-1,67,266,69,-1,71,69,267,-1,267,69,266,-1,71,267,268,-1,71,268,140,-1,140,268,269,-1,140,269,137,-1,137,269,270,-1,137,270,151,-1,151,270,271,-1,151,271,145,-1,145,271,272,-1,145,272,146,-1,146,272,273,-1,146,273,148,-1,148,273,274,-1,148,274,149,-1,149,274,275,-1,149,275,150,-1,150,275,276,-1,150,276,147,-1,147,276,277,-1,147,277,142,-1,142,277,278,-1,142,278,143,-1,143,278,279,-1,143,279,144,-1,144,279,280,-1,144,280,138,-1,138,280,281,-1,138,281,139,-1,139,281,282,-1,139,282,141,-1,141,282,283,-1,141,283,72,-1,72,283,284,-1,72,284,70,-1,68,70,285,-1,285,70,284,-1,68,285,286,-1,68,286,66,-1,66,286,287,-1,66,287,64,-1,64,287,288,-1,64,288,62,-1,62,288,289,-1,62,289,102,-1,102,289,290,-1,102,290,100,-1,100,290,152,-1,100,152,98,-1,84,291,292,-1,84,292,86,-1,86,292,293,-1,86,293,88,-1,88,293,294,-1,88,294,90,-1,90,294,295,-1,90,295,91,-1,91,295,296,-1,91,296,58,-1,58,296,297,-1,58,297,59,-1,59,297,298,-1,59,298,60,-1,60,298,299,-1,60,299,61,-1,61,299,300,-1,61,300,44,-1,44,300,301,-1,44,301,45,-1,45,301,302,-1,45,302,46,-1,46,302,303,-1,46,303,48,-1,48,303,304,-1,48,304,50,-1,50,304,305,-1,50,305,52,-1,52,305,306,-1,52,306,54,-1,54,306,307,-1,54,307,56,-1,56,307,308,-1,56,308,57,-1,57,308,309,-1,57,309,23,-1,23,309,310,-1,23,310,9,-1,9,310,311,-1,9,311,10,-1,10,311,312,-1,10,312,73,-1,73,312,313,-1,73,313,74,-1,74,313,314,-1,74,314,76,-1,76,314,315,-1,76,315,78,-1,78,315,316,-1,78,316,80,-1,80,316,317,-1,80,317,82,-1,82,317,291,-1,82,291,84,-1,
        ]
    }
}
Shape{
    appearance Appearance {
        material  Material 	{
            diffuseColor 0.5019607843137255 0.5019607843137255 0.5019607843137255
            specularColor 0.25098039215686274 0.25098039215686274 0.25098039215686274
            ambientIntensity 0.2
            transparency 0
            shininess 0.5
        }
    }
    geometry IndexedFaceSet {
        ccw TRUE
        solid FALSE
        coord DEF co Coordinate {
            point [
                -1.3447 -4.48 -2.2173, -1.4148 -4.48 -2.0246, -1.4261 -4.48 -2.0365, -1.3114 -4.48 -2.2137, -1.2867 -4.48 -2.2039, -1.3162 -4.48 -1.998, -1.3399 -4.48 -1.9954, -1.3677 -4.48 -1.999, -1.3926 -4.48 -2.0088, -1.4453 -4.48 -2.1413, -1.4341 -4.48 -2.1652, -1.4178 -4.48 -2.1854, -1.3399 -4.48 -2.2174, -1.4408 -4.48 -2.06, -1.4492 -4.48 -2.0868, -1.4506 -4.48 -2.1146, -1.396 -4.48 -2.2021, -1.3703 -4.48 -2.2131, -1.2651 -4.48 -2.1884, -1.2497 -4.48 -2.1709, -1.2364 -4.48 -2.1465, -1.2296 -4.48 -2.1192, -1.2297 -4.48 -2.0931, -1.2362 -4.48 -2.0667, -1.2485 -4.48 -2.0434, -1.2669 -4.48 -2.0229, -1.2898 -4.48 -2.0074, -1.2898 -4.48 -2.0074
            ]
        }
        coordIndex [
            0,1,2,-1,3,4,5,-1,6,7,0,-1,0,7,8,-1,0,8,1,-1,9,10,2,-1,2,10,11,-1,6,0,5,-1,5,0,12,-1,5,12,3,-1,13,14,2,-1,2,14,15,-1,2,15,9,-1,11,16,2,-1,2,16,17,-1,2,17,0,-1,4,18,5,-1,5,18,19,-1,5,19,20,-1,20,21,5,-1,5,21,22,-1,5,22,23,-1,23,24,5,-1,5,24,25,-1,5,25,26,-1,
        ]
    }
}