#VRML V2.0 utf8
# 3D model generated by easyeda2kicad.py (https://github.com/uPesy/easyeda2kicad.py)

Shape{
    appearance Appearance {
        material  Material 	{
            diffuseColor 1.0 1.0 1.0
            specularColor 0.5019607843137255 0.5019607843137255 0.5019607843137255
            ambientIntensity 0.2
            transparency 0
            shininess 0.5
        }
    }
    geometry IndexedFaceSet {
        ccw TRUE
        solid FALSE
        coord DEF co Coordinate {
            point [
                -1.5471 2.5394 0.3912, -1.5471 2.5394 0.566, -0.6476 2.5394 0.566, -2.3228 2.5394 2.1507, -2.3228 2.5394 3.7008, -1.5471 2.5394 3.7008, -0.1936 2.5394 0.5648, -0.2036 2.5394 0.566, -0.1505 2.5394 0.566, -0.2945 2.5394 0.2188, -0.293 2.5394 0.2186, -0.3245 2.5394 0.2186, 0.2239 2.5394 0.5776, 0.207 2.5394 0.566, -0.0141 2.5394 0.566, 0.1857 2.5394 0.5514, 0.1536 2.5394 0.5139, 0.0481 2.5394 0.3912, -0.0141 2.5394 0.3912, 0.0565 2.5394 0.4121, 0.0759 2.5394 0.439, 0.1016 2.5394 0.4608, 0.1345 2.5394 0.4764, 0.1298 2.5394 0.4748, 0.3588 2.5394 0.5956, 0.3148 2.5394 0.6007, -0.0141 2.5394 2.1507, 0.2711 2.5394 0.5956, 0.4027 2.5394 0.5795, 2.3228 2.5394 2.1507, 0.4248 2.5394 0.566, 2.3228 2.5394 0.566, 0.4286 2.5394 0.5637, 2.3228 2.5394 0.3912, 0.6435 2.5394 0.3912, 0.6393 2.5394 0.4149, 0.6241 2.5394 0.4491, 0.6013 2.5394 0.4783, 0.5296 2.5394 0.5192, 0.4922 2.5394 0.5238, 0.4509 2.5394 0.5446, 0.4813 2.5394 0.5232, 0.4704 2.5394 0.5219, 0.5949 2.5394 0.4844, 0.5647 2.5394 0.5056, 0.5421 2.5394 0.2248, 0.5764 2.5394 0.2414, 2.3228 2.5394 0.2186, 0.606 2.5394 0.2667, 0.6277 2.5394 0.2977, 0.6413 2.5394 0.333, 0.6459 2.5394 0.3701, 0.6456 2.5394 0.3792, 0.5301 2.5394 0.2212, 0.5289 2.5394 0.2186, 0.5206 2.5394 0.2008, 0.5065 2.5394 0.1834, 0.417 2.5394 0.1595, 0.44 2.5394 0.1566, -0.0141 2.5394 0.0, 0.4437 2.5394 0.1567, 2.3228 2.5394 0.0, 0.4661 2.5394 0.1602, 2.3228 2.5394 0.1657, 0.4792 2.5394 0.1657, 0.4879 2.5394 0.1694, 0.3511 2.5394 0.2186, 0.3512 2.5394 0.2182, -0.0141 2.5394 0.1657, 0.3624 2.5394 0.1971, 0.377 2.5394 0.1808, 0.3959 2.5394 0.1676, 0.4007 2.5394 0.1657, 0.23 2.5394 0.2746, 0.2234 2.5394 0.2772, 0.2123 2.5394 0.3312, 0.3688 2.5394 0.3151, 0.2417 2.5394 0.3815, 0.3854 2.5394 0.3302, 0.4056 2.5394 0.341, 0.2358 2.5394 0.2704, 0.0568 2.5394 0.2882, 0.0757 2.5394 0.262, -0.0141 2.5394 0.2186, 0.0999 2.5394 0.3595, 0.1043 2.5394 0.3777, 0.1116 2.5394 0.3912, 0.5838 2.5394 0.3912, 0.0449 2.5394 0.3831, 0.0406 2.5394 0.3521, 0.0449 2.5394 0.3182, 0.2161 2.5394 0.2781, 0.2152 2.5394 0.278, 0.2123 2.5394 0.2774, 0.5782 2.5394 0.3342, 0.5669 2.5394 0.315, 0.5187 2.5394 0.3051, 0.5499 2.5394 0.2975, 0.5292 2.5394 0.2847, 0.4836 2.5394 0.3365, 0.503 2.5394 0.3231, 0.5861 2.5394 0.372, 0.585 2.5394 0.3574, 0.4627 2.5394 0.3446, 0.44 2.5394 0.3474, 0.4285 2.5394 0.3467, 0.1015 2.5394 0.2401, 0.1304 2.5394 0.2259, 0.162 2.5394 0.2193, 0.2455 2.5394 0.2487, 0.2453 2.5394 0.2524, 0.3451 2.5394 0.261, 0.2434 2.5394 0.2596, 0.2397 2.5394 0.2661, 0.1186 2.5394 0.301, 0.1082 2.5394 0.3158, 0.1017 2.5394 0.3327, 0.0994 2.5394 0.3512, 0.218 2.5394 0.2193, 0.2233 2.5394 0.2201, 0.2296 2.5394 0.2226, 0.2358 2.5394 0.227, 0.238 2.5394 0.2292, 0.2421 2.5394 0.2352, 0.2446 2.5394 0.2416, 0.3456 2.5394 0.2416, 0.3451 2.5394 0.2515, 0.2104 2.5394 0.2771, 0.1677 2.5394 0.2771, 0.1507 2.5394 0.2804, 0.1339 2.5394 0.2882, 0.1199 2.5394 0.2996, 0.2014 2.5394 0.4822, 0.2228 2.5394 0.5077, 0.441 2.5394 0.4527, 0.2252 2.5394 0.5099, 0.2519 2.5394 0.5284, 0.4265 2.5394 0.4827, 0.4477 2.5394 0.4564, 0.469 2.5394 0.4641, 0.1131 2.5394 0.3941, 0.1241 2.5394 0.4063, 0.1734 2.5394 0.4252, 0.1388 2.5394 0.4166, 0.1553 2.5394 0.4229, 0.181 2.5394 0.4252, 0.1868 2.5394 0.4516, 0.5246 2.5394 0.4608, 0.5457 2.5394 0.4496, 0.5011 2.5394 0.4664, 0.562 2.5394 0.4351, 0.5752 2.5394 0.4162, 0.4052 2.5394 0.5081, 0.2816 2.5394 0.5398, 0.3797 2.5394 0.5267, 0.3138 2.5394 0.5438, 0.3487 2.5394 0.5393, 0.4912 2.5394 0.4669, 0.5833 2.5394 0.395, -0.507 2.5394 0.3378, -0.5101 2.5394 0.2349, -0.5227 2.5394 0.3912, -0.5227 2.5394 0.2186, -0.5101 2.5394 0.2197, -0.4805 2.5394 0.2186, -0.4805 2.5394 0.2951, -0.5033 2.5394 0.2951, -0.5033 2.5394 0.2798, -0.4805 2.5394 0.2349, -0.4805 2.5394 0.2798, -0.4555 2.5394 0.2798, -0.4555 2.5394 0.2349, -0.4805 2.5394 0.3378, -0.4555 2.5394 0.3378, -0.4555 2.5394 0.2951, -0.4805 2.5394 0.2197, -0.4383 2.5394 0.2197, -0.3823 2.5394 0.2186, -0.4203 2.5394 0.315, -0.3724 2.5394 0.2434, -0.3745 2.5394 0.2356, -0.3749 2.5394 0.2356, -0.3556 2.5394 0.3912, -0.4383 2.5394 0.3532, -0.4805 2.5394 0.3912, -0.4805 2.5394 0.3532, -0.507 2.5394 0.3532, -0.3757 2.5394 0.2388, -0.3769 2.5394 0.2433, -0.3556 2.5394 0.2918, -0.403 2.5394 0.315, -0.2388 2.5394 0.3912, -0.2388 2.5394 0.2186, -0.2557 2.5394 0.2403, -0.2557 2.5394 0.2231, -0.2622 2.5394 0.2363, -0.2635 2.5394 0.2359, -0.2635 2.5394 0.2713, -0.2606 2.5394 0.2742, -0.2584 2.5394 0.2777, -0.2566 2.5394 0.2828, -0.2558 2.5394 0.2893, -0.2565 2.5394 0.2953, -0.2633 2.5394 0.2714, -0.2635 2.5394 0.2203, -0.2635 2.5394 0.2186, -0.2662 2.5394 0.2192, -0.2718 2.5394 0.2186, -0.2816 2.5394 0.2175, -0.2635 2.5394 0.1657, -0.3155 2.5394 0.313, -0.3155 2.5394 0.2968, -0.2666 2.5394 0.3097, -0.2717 2.5394 0.3127, -0.2635 2.5394 0.3912, -0.3193 2.5394 0.2389, -0.3173 2.5394 0.2336, -0.3141 2.5394 0.2292, -0.2585 2.5394 0.3007, -0.2616 2.5394 0.3052, -0.2635 2.5394 0.3069, -0.281 2.5394 0.316, -0.293 2.5394 0.3172, -0.3245 2.5394 0.3912, -0.3044 2.5394 0.3162, -0.3145 2.5394 0.2614, -0.3176 2.5394 0.2568, -0.3194 2.5394 0.2519, -0.3201 2.5394 0.2457, -0.3094 2.5394 0.2251, -0.3038 2.5394 0.2218, -0.2913 2.5394 0.3036, -0.2864 2.5394 0.3033, -0.2731 2.5394 0.2908, -0.2819 2.5394 0.3021, -0.2782 2.5394 0.3001, -0.2732 2.5394 0.2886, -0.2739 2.5394 0.286, -0.2751 2.5394 0.2837, -0.2767 2.5394 0.282, -0.2826 2.5394 0.2783, -0.3023 2.5394 0.3024, -0.293 2.5394 0.2738, -0.3117 2.5394 0.2989, -0.2994 2.5394 0.2711, -0.3105 2.5394 0.265, -0.2756 2.5394 0.2979, -0.2742 2.5394 0.2957, -0.2734 2.5394 0.2935, -0.2727 2.5394 0.2324, -0.2812 2.5394 0.2616, -0.2712 2.5394 0.2662, -0.2832 2.5394 0.2311, -0.284 2.5394 0.2311, -0.2921 2.5394 0.257, -0.2925 2.5394 0.2321, -0.303 2.5394 0.244, -0.3028 2.5394 0.2461, -0.2969 2.5394 0.2337, -0.2984 2.5394 0.2346, -0.3003 2.5394 0.2363, -0.3018 2.5394 0.2385, -0.3026 2.5394 0.2408, -0.302 2.5394 0.2487, -0.3007 2.5394 0.2509, -0.2987 2.5394 0.2531, -0.5717 2.5394 0.4679, -0.5227 2.5394 0.4679, -0.5853 2.5394 0.4314, -0.6043 2.5394 0.4314, -0.6476 2.5394 0.3912, -0.5535 2.5394 0.5649, -0.4842 2.5394 0.4314, -0.5033 2.5394 0.4314, -0.5161 2.5394 0.4679, -0.3399 2.5394 0.5495, -0.3556 2.5394 0.566, -0.3399 2.5394 0.5649, -0.3245 2.5394 0.566, -0.3245 2.5394 0.5649, -0.3361 2.5394 0.5068, -0.3361 2.5394 0.4915, -0.343 2.5394 0.4466, -0.3245 2.5394 0.4466, -0.3245 2.5394 0.4915, -0.2884 2.5394 0.4915, -0.2884 2.5394 0.4466, -0.3245 2.5394 0.5495, -0.3245 2.5394 0.5068, -0.2884 2.5394 0.5495, -0.2884 2.5394 0.5068, -0.2712 2.5394 0.4314, -0.3245 2.5394 0.4314, -0.343 2.5394 0.4314, -0.2712 2.5394 0.5649, -0.2635 2.5394 0.566, -0.2388 2.5394 0.4347, -0.2422 2.5394 0.4358, -0.2445 2.5394 0.437, -0.2445 2.5394 0.4535, -0.213 2.5394 0.5516, -0.207 2.5394 0.5513, -0.2388 2.5394 0.4509, -0.2295 2.5394 0.5496, -0.2445 2.5394 0.5437, -0.243 2.5394 0.5445, -0.2388 2.5394 0.5461, -0.1955 2.5394 0.5489, -0.1851 2.5394 0.5439, -0.1767 2.5394 0.5368, -0.1757 2.5394 0.5357, -0.1693 2.5394 0.5265, -0.1648 2.5394 0.5149, -0.1626 2.5394 0.4967, -0.1628 2.5394 0.491, -0.2313 2.5394 0.4476, -0.2162 2.5394 0.4448, -0.21 2.5394 0.4445, -0.1651 2.5394 0.4778, -0.1695 2.5394 0.4671, -0.1757 2.5394 0.4586, -0.1793 2.5394 0.4551, -0.1981 2.5394 0.4458, -0.1883 2.5394 0.4492, -0.2272 2.5394 0.566, -0.2303 2.5394 0.5658, -0.2388 2.5394 0.566, -0.2388 2.5394 0.5633, -0.2445 2.5394 0.5617, -0.2129 2.5394 0.5671, -0.1505 2.5394 2.1507, -0.2388 2.5394 2.1507, -0.1542 2.5394 0.5349, -0.1638 2.5394 0.5475, -0.1672 2.5394 0.5507, -0.1797 2.5394 0.5594, -0.1425 2.5394 0.566, -0.1478 2.5394 0.52, -0.1505 2.5394 0.5264, -0.1505 2.5394 0.4654, -0.1472 2.5394 0.474, -0.1425 2.5394 0.3912, -0.1446 2.5394 0.4956, -0.1448 2.5394 0.5026, -0.1505 2.5394 0.3912, -0.1832 2.5394 0.4332, -0.1708 2.5394 0.4395, -0.2279 2.5394 0.4311, -0.2075 2.5394 0.4292, -0.1972 2.5394 0.4298, -0.1617 2.5394 0.4474, -0.1606 2.5394 0.4486, -0.1526 2.5394 0.46, -0.1634 2.5394 0.2653, -0.1658 2.5394 0.2921, -0.16 2.5394 0.2605, -0.1577 2.5394 0.2547, -0.1505 2.5394 0.2186, -0.1594 2.5394 0.232, -0.1573 2.5394 0.2376, -0.2088 2.5394 0.3163, -0.2158 2.5394 0.3142, -0.1685 2.5394 0.2697, -0.1758 2.5394 0.2734, -0.1759 2.5394 0.2987, -0.1881 2.5394 0.2764, -0.2027 2.5394 0.3031, -0.1971 2.5394 0.3036, -0.1864 2.5394 0.3024, -0.1703 2.5394 0.2211, -0.1647 2.5394 0.225, -0.1628 2.5394 0.2269, -0.2213 2.5394 0.311, -0.2258 2.5394 0.3067, -0.2292 2.5394 0.3013, -0.2164 2.5394 0.2345, -0.2159 2.5394 0.2345, -0.2164 2.5394 0.2197, -0.2132 2.5394 0.2304, -0.2079 2.5394 0.2247, -0.1658 2.5394 0.3084, -0.1693 2.5394 0.3104, -0.1818 2.5394 0.3152, -0.1986 2.5394 0.3172, -0.1565 2.5394 0.2452, -0.1566 2.5394 0.2475, -0.2164 2.5394 0.2803, -0.2158 2.5394 0.2877, -0.2141 2.5394 0.2937, -0.2121 2.5394 0.2971, -0.2318 2.5394 0.2936, -0.2331 2.5394 0.2811, -0.2331 2.5394 0.2197, -0.2096 2.5394 0.2998, -0.2066 2.5394 0.3017, -0.1958 2.5394 0.2186, -0.1954 2.5394 0.2184, -0.2388 2.5394 0.1657, -0.1867 2.5394 0.2175, -0.1505 2.5394 0.1657, -0.177 2.5394 0.2186, -0.1767 2.5394 0.2186, -0.3556 2.5394 0.2186, -0.3556 2.5394 0.247, -0.3288 2.5394 0.315, -0.3475 2.5394 0.315, -0.3662 2.5394 0.2199, -0.3656 2.5394 0.2186, -0.3589 2.5394 0.2026, -0.3245 2.5394 0.1657, -0.3323 2.5394 0.1762, -0.3323 2.5394 0.1911, -0.3524 2.5394 0.1931, -0.3556 2.5394 0.1966, -0.3556 2.5394 0.1966, -0.3357 2.5394 0.19, -0.3417 2.5394 0.1892, -0.3556 2.5394 0.1778, -0.3498 2.5394 0.1756, -0.3556 2.5394 0.1657, -0.343 2.5394 0.1748, -0.3393 2.5394 0.175, -0.3459 2.5394 0.1896, -0.3495 2.5394 0.191, -0.377 2.5394 0.2053, -0.3695 2.5394 0.1906, -0.4805 2.5394 0.1657, -0.3634 2.5394 0.1833, -0.3622 2.5394 0.1822, -0.3564 2.5394 0.1781, -2.3228 2.5394 0.566, -2.3228 2.5394 0.3912, -2.3228 2.5394 0.2186, -1.5471 2.5394 0.2186, -0.6704 2.5394 0.2197, -0.6513 2.5394 0.2197, -0.6476 2.5394 0.2186, -0.7524 2.5394 0.2197, -0.7388 2.5394 0.2562, -0.6832 2.5394 0.2562, -0.7022 2.5394 0.3532, -0.7206 2.5394 0.3532, -0.7714 2.5394 0.2197, -0.5227 2.5394 0.566, -0.5351 2.5394 0.5649, -0.5227 2.5394 0.5324, -0.6403 2.5394 0.264, -0.6337 2.5394 0.2502, -0.6238 2.5394 0.2384, -0.6098 2.5394 0.2284, -0.5946 2.5394 0.2225, -0.572 2.5394 0.2197, -0.5353 2.5394 0.2197, -0.5353 2.5394 0.3532, -0.5734 2.5394 0.3532, -0.5937 2.5394 0.3509, -0.6098 2.5394 0.345, -0.6238 2.5394 0.3355, -0.6286 2.5394 0.3309, -0.6368 2.5394 0.3192, -0.6417 2.5394 0.3065, -0.6439 2.5394 0.2882, -0.6435 2.5394 0.2796, -0.5227 2.5394 0.1657, -0.6476 2.5394 0.1657, -1.5471 2.5394 0.1657, -2.3228 2.5394 0.1657, -0.3682 2.5394 0.4314, -0.4764 2.5394 0.4913, -0.4732 2.5394 0.4757, -0.4666 2.5394 0.4619, -0.4567 2.5394 0.4501, -0.4697 2.5394 0.5309, -0.4746 2.5394 0.5182, -0.4805 2.5394 0.566, -0.4768 2.5394 0.4999, -0.4427 2.5394 0.4401, -0.4275 2.5394 0.4342, -0.4049 2.5394 0.4314, -0.3682 2.5394 0.5649, -0.4062 2.5394 0.5649, -0.4266 2.5394 0.5626, -0.4427 2.5394 0.5568, -0.4567 2.5394 0.5472, -0.4614 2.5394 0.5426, -0.3245 2.5394 0.0, -0.3556 2.5394 0.0, -0.4805 2.5394 0.0, -0.5227 2.5394 0.0, -0.6476 2.5394 0.0, -1.5471 2.5394 0.0, -2.3228 2.5394 0.0, -0.2388 2.5394 0.0, -0.2635 2.5394 0.0, -0.2022 2.5394 0.2209, -0.2635 2.5394 2.1507, -0.3245 2.5394 2.1507, -0.3556 2.5394 2.1507, -0.4805 2.5394 2.1507, -0.5227 2.5394 2.1507, -0.6476 2.5394 2.1507, -1.5471 2.5394 2.1507, -0.1425 2.5394 0.1657, -0.1425 2.5394 0.0, -0.1505 2.5394 0.0, -0.1425 2.5394 0.2186, -0.1375 2.5394 0.3532, -0.1375 2.5394 0.3378, -0.1405 2.5394 0.2349, -0.1405 2.5394 0.2197, -0.0687 2.5394 0.2197, -0.0687 2.5394 0.3532, -0.086 2.5394 0.2798, -0.086 2.5394 0.2349, -0.1337 2.5394 0.2798, -0.1337 2.5394 0.2951, -0.086 2.5394 0.2951, -0.086 2.5394 0.3378, -0.086 2.5394 0.5649, -0.086 2.5394 0.4466, -0.1391 2.5394 0.4466, -0.0687 2.5394 0.4314, -0.0687 2.5394 0.5649, -0.1391 2.5394 0.4314, -0.1425 2.5394 2.1507, -0.6476 2.5394 3.7008, -0.5227 2.5394 3.7008, -0.4805 2.5394 3.7008, -0.3556 2.5394 3.7008, -0.3245 2.5394 3.7008, -0.2635 2.5394 3.7008, -0.2388 2.5394 3.7008, -0.1505 2.5394 3.7008, -0.1425 2.5394 3.7008, -0.0141 2.5394 3.7008, 2.3228 2.5394 3.7008, 0.0 -2.5394 0.0, -1.4764 -2.5394 0.0, -1.4764 -2.3701 0.0, -1.7428 1.9422 0.0, -2.3622 1.8425 0.0, -1.7585 1.9626 0.0, -1.7683 1.9863 0.0, -2.3622 2.5 0.0, -2.3609 2.5102 0.0, -1.7428 2.0814 0.0, -1.7585 2.061 0.0, -1.7683 2.0373 0.0, -1.7717 2.0118 0.0, -2.3569 2.5197 0.0, -2.3507 2.5278 0.0, -2.3425 2.5341 0.0, -2.3622 -2.5 0.0, -1.7421 -2.5394 0.0, -2.3228 -2.5394 0.0, -1.7421 -2.3701 0.0, -2.3316 -2.5384 0.0, -2.3399 -2.5355 0.0, -2.3612 -2.5088 0.0, -2.3583 -2.5171 0.0, -2.3474 -2.5308 0.0, -2.3536 -2.5245 0.0, 1.4272 -2.3701 0.0, 2.3622 -2.3701 0.0, 2.3622 -2.5 0.0, 2.3609 -2.5102 0.0, 2.3569 -2.5197 0.0, 2.3507 -2.5278 0.0, 2.3425 -2.5341 0.0, 2.3622 2.5 0.0, 2.333 2.538 0.0, 2.3609 2.5102 0.0, 2.3425 2.5341 0.0, 2.3569 2.5197 0.0, 2.3507 2.5278 0.0, -1.5748 2.0118 0.0, -1.5782 2.0373 0.0, -1.4764 2.5394 0.0, -1.588 2.061 0.0, -1.6036 2.0814 0.0, -2.333 2.538 0.0, -1.7421 2.0819 0.0, -1.7421 2.5394 0.0, -1.7224 2.097 0.0, -1.6987 2.1069 0.0, -1.6732 1.9134 0.0, -1.6478 1.9167 0.0, -1.4764 1.8425 0.0, -1.624 1.9266 0.0, -1.6036 1.9422 0.0, -1.588 1.9626 0.0, -1.5782 1.9863 0.0, -1.624 2.097 0.0, -1.6478 2.1069 0.0, -1.6732 2.1102 0.0, -1.7421 1.9417 0.0, -1.7224 1.9266 0.0, -1.7421 1.8425 0.0, -1.6987 1.9167 0.0, -1.4764 -0.7047 0.0, -1.4764 -0.6949 0.0, -1.2402 -0.7047 0.0, 0.0 -0.6949 0.0, -1.2402 -0.9409 0.0, -1.7421 -1.1594 0.0, -1.7421 -0.6949 0.0, -1.7126 -0.9409 0.0, -1.7126 -0.7047 0.0, 1.3516 -1.4764 0.0, 1.3203 -1.4356 0.0, 1.4272 -1.1594 0.0, 1.2321 -1.7649 0.0, 1.4272 -1.7894 0.0, 1.1811 -1.7717 0.0, 1.0827 -1.7894 0.0, 1.1302 -1.7649 0.0, 1.2795 -1.7453 0.0, 1.3203 -1.714 0.0, 1.3516 -1.6732 0.0, 1.3712 -1.6258 0.0, 1.378 -1.5748 0.0, 1.3712 -1.5239 0.0, 1.1811 -1.378 0.0, 1.0827 -1.1594 0.0, 1.2321 -1.3847 0.0, 1.2795 -1.4043 0.0, 1.1302 -1.3847 0.0, 1.0827 -1.4043 0.0, 0.0 -1.1594 0.0, 1.0419 -1.4356 0.0, 0.991 -1.6258 0.0, 1.0106 -1.6732 0.0, 0.0 -1.7894 0.0, 1.0419 -1.714 0.0, 1.0827 -1.7453 0.0, 1.0106 -1.4764 0.0, 0.991 -1.5239 0.0, 0.9843 -1.5748 0.0, 1.4272 1.8425 0.0, 1.3516 1.6732 0.0, 1.3203 1.714 0.0, 1.2795 1.7453 0.0, 1.2321 1.7649 0.0, 1.0827 1.8425 0.0, 1.1811 1.7717 0.0, 1.2321 1.3847 0.0, 1.4272 0.4449 0.0, 1.1811 1.378 0.0, 1.0827 0.4449 0.0, 1.1302 1.3847 0.0, 1.2795 1.4043 0.0, 1.3203 1.4356 0.0, 1.3516 1.4764 0.0, 1.3712 1.5239 0.0, 1.378 1.5748 0.0, 1.3712 1.6258 0.0, 1.1302 1.7649 0.0, 1.0827 1.7453 0.0, 0.0 1.8425 0.0, 1.0419 1.714 0.0, 1.0106 1.6732 0.0, 0.991 1.5239 0.0, 0.0 0.4449 0.0, 0.9843 1.5748 0.0, 0.991 1.6258 0.0, 1.0106 1.4764 0.0, 1.0419 1.4356 0.0, 1.0827 1.4043 0.0, 0.0 -2.3701 0.0, 1.0827 -2.5394 0.0, 1.0827 -2.3701 0.0, 1.4272 -2.5394 0.0, 2.3228 -2.5394 0.0, 2.333 -2.538 0.0, 1.4764 -2.2008 0.0, 1.8701 -2.2008 0.0, 2.3622 -1.7894 0.0, 1.8701 -1.8071 0.0, 1.4764 -1.8071 0.0, -1.0106 -1.4764 0.0, -1.0419 -1.4356 0.0, -1.4764 -1.7894 0.0, -1.3516 -1.6732 0.0, -1.3203 -1.714 0.0, -1.2795 -1.7453 0.0, -1.2321 -1.7649 0.0, -1.1811 -1.7717 0.0, -1.1302 -1.7649 0.0, -1.0827 -1.7453 0.0, -1.0419 -1.714 0.0, -1.0106 -1.6732 0.0, -0.991 -1.6258 0.0, -0.9843 -1.5748 0.0, -0.991 -1.5239 0.0, -1.2321 -1.3847 0.0, -1.2795 -1.4043 0.0, -1.4764 -1.1594 0.0, -1.3203 -1.4356 0.0, -1.3516 -1.4764 0.0, -1.0827 -1.4043 0.0, -1.1302 -1.3847 0.0, -1.1811 -1.378 0.0, -1.3712 -1.5239 0.0, -1.378 -1.5748 0.0, -1.3712 -1.6258 0.0, -1.7421 -1.7894 0.0, -1.4764 -0.9409 0.0, 1.0827 -0.6949 0.0, 1.4272 -0.6949 0.0, 1.1845 -0.5611 0.0, 1.1811 -0.5866 0.0, 1.1845 -0.6121 0.0, 1.3491 -0.517 0.0, 1.3287 -0.5014 0.0, 1.1943 -0.6358 0.0, 1.2099 -0.6562 0.0, 1.2303 -0.6719 0.0, 1.2303 -0.5014 0.0, 1.2099 -0.517 0.0, 1.1943 -0.5374 0.0, 1.3287 -0.6719 0.0, 1.3491 -0.6562 0.0, 1.3648 -0.6358 0.0, 1.3746 -0.6121 0.0, 1.378 -0.5866 0.0, 1.3746 -0.5611 0.0, 1.3648 -0.5374 0.0, 1.305 -0.4915 0.0, 1.2795 -0.4882 0.0, 1.2541 -0.4915 0.0, 1.2541 -0.6817 0.0, 1.2795 -0.685 0.0, 1.305 -0.6817 0.0, -1.4764 0.4449 0.0, 2.3622 1.8425 0.0, 2.3622 0.4449 0.0, 2.3622 -0.6949 0.0, 2.3622 -1.1594 0.0, -0.991 1.6258 0.0, -1.0106 1.6732 0.0, -1.0419 1.714 0.0, -1.0827 1.7453 0.0, -1.3516 1.6732 0.0, -1.3203 1.714 0.0, -1.2795 1.7453 0.0, -1.1302 1.7649 0.0, -1.1811 1.7717 0.0, -1.2321 1.7649 0.0, -1.3712 1.6258 0.0, -1.378 1.5748 0.0, -1.3712 1.5239 0.0, -1.3516 1.4764 0.0, -1.2321 1.3847 0.0, -1.1811 1.378 0.0, -1.1302 1.3847 0.0, -1.0827 1.4043 0.0, -1.0419 1.4356 0.0, -1.3203 1.4356 0.0, -1.2795 1.4043 0.0, -1.0106 1.4764 0.0, -0.991 1.5239 0.0, -0.9843 1.5748 0.0, -1.7421 0.4449 0.0, -2.3622 -2.3701 0.0, -2.3622 -1.7894 0.0, -2.3622 -1.1594 0.0, -2.3622 -0.6949 0.0, -2.3622 0.4449 0.0, 0.0 2.5394 0.0, 1.0827 2.5394 0.0, 1.4272 2.5394 0.0, 2.3622 2.5 3.7008, 2.3622 -2.5 3.7008, -2.3622 2.5 3.7008, -2.3622 -2.5 3.7008, 2.3228 -2.5394 3.7008, 0.2159 -2.5394 3.7008, 0.2159 -2.5394 0.7283, -2.3228 -2.5394 3.7008, -0.2159 -2.5394 0.7283, -0.2159 -2.5394 3.7008, 0.0 -2.0866 3.7402, 0.2387 -2.5 3.7402, 2.3228 -2.5 3.7402, -2.3228 -2.5 3.7402, -0.2387 -2.5 3.7402, -2.3228 2.5 3.7402, 2.3228 2.5 3.7402, 0.0 -2.1654 3.7008, 0.0 -2.1654 0.7283, 0.0 -2.1654 0.7283
            ]
        }
        coordIndex [
            0,1,2,-1,3,4,5,-1,6,7,8,-1,9,10,11,-1,12,13,14,-1,14,13,15,-1,14,15,16,-1,17,18,19,-1,19,18,14,-1,19,14,20,-1,20,14,21,-1,16,22,14,-1,14,22,23,-1,14,23,21,-1,24,25,26,-1,26,25,27,-1,26,27,12,-1,24,26,28,-1,28,26,29,-1,28,29,30,-1,30,29,31,-1,30,31,32,-1,31,33,34,-1,34,35,31,-1,31,35,36,-1,31,36,37,-1,31,38,32,-1,32,38,39,-1,32,39,40,-1,40,39,41,-1,40,41,42,-1,37,43,31,-1,31,43,44,-1,31,44,38,-1,45,46,47,-1,47,46,48,-1,47,48,49,-1,49,50,47,-1,47,50,51,-1,47,51,33,-1,33,51,52,-1,33,52,34,-1,53,45,54,-1,54,45,47,-1,54,47,55,-1,55,47,56,-1,57,58,59,-1,59,58,60,-1,59,60,61,-1,61,60,62,-1,61,62,63,-1,63,62,64,-1,63,64,47,-1,47,64,65,-1,47,65,56,-1,66,67,68,-1,68,67,69,-1,69,70,68,-1,68,70,71,-1,68,71,72,-1,73,74,75,-1,76,77,78,-1,78,77,79,-1,73,75,80,-1,81,82,83,-1,84,85,77,-1,77,85,86,-1,77,86,87,-1,17,88,18,-1,18,88,89,-1,18,89,83,-1,83,89,90,-1,83,90,81,-1,74,91,75,-1,75,91,92,-1,75,92,93,-1,94,95,96,-1,96,95,97,-1,96,97,98,-1,99,87,100,-1,100,87,101,-1,100,101,96,-1,96,101,102,-1,96,102,94,-1,99,103,87,-1,87,103,104,-1,87,104,77,-1,77,104,105,-1,77,105,79,-1,82,106,83,-1,83,106,107,-1,83,107,108,-1,109,110,111,-1,111,110,112,-1,111,112,75,-1,75,112,113,-1,75,113,80,-1,114,115,75,-1,75,115,116,-1,75,116,77,-1,77,116,117,-1,77,117,84,-1,118,119,66,-1,119,120,66,-1,66,120,121,-1,66,121,122,-1,122,123,66,-1,66,123,124,-1,66,124,125,-1,125,124,109,-1,125,109,126,-1,126,109,111,-1,93,127,75,-1,75,127,128,-1,75,128,129,-1,129,130,75,-1,75,130,131,-1,75,131,114,-1,132,133,134,-1,133,135,134,-1,134,135,136,-1,134,136,137,-1,86,134,87,-1,87,134,138,-1,87,138,139,-1,140,141,142,-1,142,141,143,-1,142,143,144,-1,140,142,86,-1,86,142,145,-1,86,145,134,-1,134,145,146,-1,134,146,132,-1,147,148,149,-1,149,148,150,-1,149,150,151,-1,137,136,152,-1,152,136,153,-1,152,153,154,-1,154,153,155,-1,154,155,156,-1,139,157,87,-1,87,157,149,-1,87,149,158,-1,158,149,151,-1,159,160,161,-1,161,160,162,-1,162,160,163,-1,162,163,164,-1,165,166,159,-1,159,166,160,-1,160,166,167,-1,160,167,168,-1,167,169,168,-1,168,169,170,-1,168,170,171,-1,159,172,165,-1,165,172,173,-1,165,173,174,-1,163,175,164,-1,164,175,176,-1,164,176,177,-1,177,176,178,-1,179,180,181,-1,182,183,184,-1,184,183,185,-1,184,185,161,-1,161,185,186,-1,161,186,159,-1,181,187,179,-1,179,187,188,-1,179,188,189,-1,189,188,190,-1,189,190,182,-1,182,190,178,-1,182,178,183,-1,183,178,176,-1,191,192,193,-1,193,192,194,-1,195,196,197,-1,198,199,193,-1,199,200,193,-1,193,200,201,-1,193,201,191,-1,191,201,202,-1,195,197,193,-1,193,197,203,-1,193,203,198,-1,204,205,206,-1,206,205,207,-1,208,207,209,-1,209,207,205,-1,209,205,192,-1,192,205,204,-1,192,204,194,-1,210,211,11,-1,212,213,214,-1,215,216,11,-1,11,216,217,-1,202,218,191,-1,191,218,219,-1,191,219,214,-1,214,219,220,-1,214,220,212,-1,213,221,214,-1,214,221,222,-1,214,222,223,-1,223,222,224,-1,223,224,210,-1,225,226,211,-1,211,226,227,-1,211,227,11,-1,11,227,228,-1,11,228,215,-1,217,229,11,-1,11,229,230,-1,11,230,9,-1,231,232,233,-1,233,232,234,-1,233,234,235,-1,233,236,231,-1,231,236,237,-1,231,237,238,-1,238,239,231,-1,231,239,240,-1,231,240,241,-1,241,240,242,-1,241,242,243,-1,243,242,244,-1,243,244,211,-1,211,244,245,-1,211,245,225,-1,246,247,235,-1,235,247,248,-1,235,248,233,-1,249,250,196,-1,196,250,251,-1,196,251,197,-1,249,252,250,-1,250,252,253,-1,250,253,254,-1,254,253,255,-1,254,256,257,-1,255,258,254,-1,254,258,259,-1,254,259,260,-1,260,261,254,-1,254,261,262,-1,254,262,256,-1,257,263,254,-1,254,263,264,-1,254,264,265,-1,266,267,268,-1,268,267,161,-1,268,161,269,-1,269,161,270,-1,269,270,271,-1,272,184,273,-1,273,184,161,-1,273,161,274,-1,274,161,267,-1,275,276,277,-1,277,276,278,-1,277,278,279,-1,280,281,282,-1,282,281,283,-1,281,284,283,-1,283,284,285,-1,283,285,286,-1,275,287,288,-1,288,287,289,-1,288,289,290,-1,291,214,292,-1,292,214,223,-1,292,223,293,-1,293,223,182,-1,293,182,282,-1,279,278,294,-1,294,278,295,-1,294,295,291,-1,296,191,297,-1,297,191,214,-1,297,214,298,-1,298,214,299,-1,300,301,302,-1,300,302,303,-1,291,295,214,-1,214,295,304,-1,214,304,299,-1,299,304,305,-1,299,305,302,-1,302,305,306,-1,302,306,303,-1,301,307,302,-1,302,307,308,-1,302,308,309,-1,309,310,302,-1,302,310,311,-1,302,311,312,-1,312,313,302,-1,302,313,314,-1,302,314,315,-1,315,314,316,-1,316,314,317,-1,317,314,318,-1,317,318,319,-1,319,320,317,-1,317,320,321,-1,317,321,322,-1,322,321,323,-1,324,325,326,-1,326,325,327,-1,326,327,295,-1,295,327,328,-1,295,328,304,-1,329,324,330,-1,330,324,331,-1,8,332,333,-1,333,334,8,-1,8,334,335,-1,8,335,6,-1,336,337,8,-1,8,337,338,-1,8,338,332,-1,339,340,341,-1,341,340,342,-1,341,342,336,-1,336,342,343,-1,336,343,337,-1,344,345,346,-1,296,347,191,-1,191,347,348,-1,191,348,344,-1,344,348,349,-1,344,349,345,-1,346,350,344,-1,344,350,351,-1,344,351,352,-1,353,354,355,-1,355,354,356,-1,357,358,359,-1,360,361,191,-1,353,362,354,-1,354,362,363,-1,354,363,364,-1,364,363,365,-1,366,367,365,-1,365,367,368,-1,365,368,364,-1,369,370,357,-1,357,370,371,-1,357,371,358,-1,361,372,191,-1,191,372,373,-1,191,373,374,-1,375,376,377,-1,377,376,378,-1,377,378,379,-1,380,381,344,-1,344,381,382,-1,344,382,191,-1,191,382,383,-1,191,383,360,-1,359,384,357,-1,357,384,385,-1,357,385,344,-1,344,385,356,-1,344,356,380,-1,380,356,354,-1,386,387,365,-1,365,387,388,-1,365,388,389,-1,374,390,191,-1,191,390,391,-1,191,391,192,-1,192,391,392,-1,192,392,377,-1,389,393,365,-1,365,393,394,-1,365,394,366,-1,395,396,397,-1,396,398,399,-1,399,398,400,-1,399,400,357,-1,357,400,401,-1,357,401,369,-1,402,403,11,-1,11,403,404,-1,210,11,223,-1,223,11,404,-1,223,404,182,-1,182,404,405,-1,182,405,189,-1,406,403,407,-1,407,403,402,-1,407,402,408,-1,409,410,411,-1,412,413,402,-1,402,413,414,-1,402,414,408,-1,208,209,10,-1,10,209,409,-1,10,409,11,-1,11,409,411,-1,11,411,402,-1,402,411,415,-1,402,415,416,-1,417,418,419,-1,419,418,420,-1,419,420,409,-1,409,420,421,-1,409,421,410,-1,416,422,402,-1,402,422,423,-1,402,423,412,-1,424,425,426,-1,424,426,177,-1,425,427,426,-1,426,427,428,-1,426,428,419,-1,419,428,429,-1,419,429,417,-1,430,1,431,-1,431,1,0,-1,431,0,432,-1,432,0,433,-1,434,435,436,-1,437,438,439,-1,436,435,270,-1,270,435,440,-1,270,440,441,-1,439,434,437,-1,437,434,436,-1,437,436,442,-1,442,436,433,-1,442,433,441,-1,441,433,0,-1,441,0,270,-1,270,0,2,-1,270,2,271,-1,271,2,443,-1,271,443,444,-1,444,443,445,-1,446,447,436,-1,436,447,448,-1,436,448,449,-1,449,450,436,-1,436,450,451,-1,436,451,162,-1,162,451,452,-1,162,452,161,-1,452,453,161,-1,161,453,454,-1,161,454,270,-1,270,454,455,-1,270,455,456,-1,456,457,270,-1,270,457,458,-1,270,458,459,-1,459,460,270,-1,270,460,461,-1,270,461,436,-1,436,461,462,-1,436,462,446,-1,177,426,164,-1,164,426,463,-1,164,463,162,-1,162,463,464,-1,162,464,436,-1,436,464,465,-1,436,465,433,-1,433,465,466,-1,433,466,432,-1,288,280,275,-1,275,280,282,-1,275,282,276,-1,276,282,182,-1,276,182,467,-1,468,469,184,-1,184,469,470,-1,184,470,471,-1,472,473,474,-1,474,473,475,-1,471,476,184,-1,184,476,477,-1,184,477,182,-1,182,477,478,-1,182,478,467,-1,467,479,276,-1,276,479,480,-1,276,480,474,-1,474,480,481,-1,474,481,482,-1,482,483,474,-1,474,483,484,-1,474,484,472,-1,445,443,272,-1,272,443,474,-1,272,474,184,-1,184,474,475,-1,184,475,468,-1,209,485,409,-1,409,485,486,-1,409,486,419,-1,419,486,487,-1,419,487,426,-1,426,487,488,-1,426,488,463,-1,463,488,489,-1,463,489,464,-1,464,489,490,-1,464,490,465,-1,465,490,491,-1,465,491,466,-1,396,399,397,-1,397,399,492,-1,397,492,493,-1,379,494,377,-1,377,494,395,-1,377,395,192,-1,192,395,397,-1,192,397,209,-1,209,397,493,-1,209,493,485,-1,324,326,331,-1,331,326,295,-1,331,295,495,-1,495,295,278,-1,495,278,496,-1,496,278,276,-1,496,276,497,-1,497,276,474,-1,497,474,498,-1,498,474,443,-1,498,443,499,-1,499,443,2,-1,499,2,500,-1,500,2,1,-1,500,1,501,-1,501,1,430,-1,501,430,3,-1,502,503,504,-1,352,339,344,-1,344,339,341,-1,344,341,357,-1,357,341,505,-1,357,505,399,-1,503,68,59,-1,59,68,72,-1,59,72,57,-1,503,502,68,-1,68,502,83,-1,68,83,66,-1,66,83,108,-1,66,108,118,-1,506,507,341,-1,341,507,508,-1,341,508,505,-1,505,508,509,-1,505,509,510,-1,506,341,511,-1,511,341,18,-1,511,18,510,-1,510,18,83,-1,510,83,505,-1,505,83,502,-1,505,502,399,-1,399,502,504,-1,399,504,492,-1,512,513,514,-1,514,513,508,-1,514,508,515,-1,515,508,507,-1,515,507,516,-1,516,507,517,-1,518,519,520,-1,521,522,14,-1,14,522,518,-1,14,518,336,-1,336,518,520,-1,336,520,341,-1,341,520,523,-1,341,523,18,-1,18,523,521,-1,18,521,14,-1,12,14,26,-1,26,14,336,-1,26,336,524,-1,524,336,8,-1,524,8,330,-1,330,8,7,-1,330,7,329,-1,3,5,501,-1,501,5,525,-1,501,525,500,-1,500,525,526,-1,500,526,499,-1,499,526,527,-1,499,527,498,-1,498,527,528,-1,498,528,497,-1,497,528,529,-1,497,529,496,-1,496,529,530,-1,496,530,495,-1,495,530,531,-1,495,531,331,-1,331,531,532,-1,331,532,330,-1,330,532,533,-1,330,533,524,-1,524,533,534,-1,524,534,26,-1,26,534,535,-1,26,535,29,-1,536,537,538,-1,539,540,541,-1,541,540,542,-1,543,544,545,-1,545,546,543,-1,543,546,547,-1,543,547,540,-1,540,547,548,-1,540,548,542,-1,544,549,545,-1,545,549,550,-1,545,550,551,-1,552,553,554,-1,553,552,555,-1,554,556,552,-1,552,556,557,-1,552,557,558,-1,558,557,559,-1,559,557,560,-1,559,560,561,-1,562,563,564,-1,565,566,564,-1,564,566,567,-1,564,567,568,-1,569,570,571,-1,571,570,572,-1,571,572,573,-1,573,572,574,-1,575,576,577,-1,577,576,578,-1,577,578,579,-1,551,580,545,-1,545,580,491,-1,545,491,581,-1,581,491,582,-1,581,582,583,-1,583,582,584,-1,585,586,587,-1,587,586,588,-1,588,589,587,-1,587,589,590,-1,587,590,591,-1,579,592,577,-1,577,592,593,-1,577,593,582,-1,582,593,594,-1,582,594,584,-1,595,596,597,-1,597,596,598,-1,597,598,585,-1,599,600,601,-1,601,600,602,-1,601,602,603,-1,604,605,606,-1,606,605,607,-1,608,609,610,-1,611,612,613,-1,613,612,614,-1,613,614,615,-1,611,616,612,-1,612,616,617,-1,612,617,618,-1,618,619,612,-1,612,619,620,-1,612,620,610,-1,610,620,621,-1,610,621,608,-1,622,623,624,-1,624,623,610,-1,624,610,625,-1,625,610,609,-1,622,626,623,-1,623,626,627,-1,623,627,628,-1,628,627,629,-1,630,631,632,-1,632,631,633,-1,632,633,614,-1,614,633,634,-1,614,634,615,-1,629,635,628,-1,628,635,636,-1,628,636,632,-1,632,636,637,-1,632,637,630,-1,638,639,640,-1,640,641,638,-1,638,641,642,-1,638,642,643,-1,643,642,644,-1,645,646,647,-1,647,646,648,-1,647,648,649,-1,645,650,646,-1,646,650,651,-1,646,651,652,-1,652,653,646,-1,646,653,654,-1,646,654,638,-1,638,654,655,-1,638,655,639,-1,644,656,643,-1,643,656,657,-1,643,657,658,-1,658,657,659,-1,658,659,660,-1,661,662,663,-1,663,662,658,-1,663,658,664,-1,664,658,660,-1,661,665,662,-1,662,665,666,-1,662,666,648,-1,648,666,667,-1,648,667,649,-1,536,668,669,-1,669,668,670,-1,669,670,671,-1,671,670,562,-1,671,562,672,-1,672,562,564,-1,672,564,673,-1,673,564,568,-1,562,674,563,-1,563,674,675,-1,563,675,676,-1,676,675,677,-1,668,632,670,-1,670,632,614,-1,670,614,562,-1,562,614,612,-1,562,612,674,-1,674,612,678,-1,679,680,628,-1,681,682,683,-1,683,684,681,-1,681,684,685,-1,681,685,686,-1,687,688,632,-1,632,688,689,-1,632,689,690,-1,690,691,632,-1,632,691,692,-1,632,692,628,-1,628,692,693,-1,628,693,679,-1,694,695,696,-1,696,695,697,-1,696,697,698,-1,536,538,668,-1,668,538,681,-1,668,681,632,-1,632,681,686,-1,632,686,687,-1,680,699,628,-1,628,699,700,-1,628,700,696,-1,696,700,701,-1,696,701,694,-1,698,702,696,-1,696,702,703,-1,696,703,681,-1,681,703,704,-1,681,704,682,-1,606,696,604,-1,604,696,681,-1,604,681,705,-1,705,681,538,-1,705,538,555,-1,555,538,537,-1,555,537,553,-1,606,706,696,-1,696,706,603,-1,696,603,628,-1,628,603,602,-1,628,602,623,-1,623,602,707,-1,623,707,610,-1,610,707,708,-1,709,710,707,-1,707,710,711,-1,646,712,713,-1,711,714,707,-1,707,714,715,-1,707,715,716,-1,717,718,648,-1,648,718,719,-1,720,721,708,-1,708,721,722,-1,708,722,723,-1,723,724,708,-1,708,724,725,-1,708,725,646,-1,646,725,726,-1,646,726,712,-1,713,727,646,-1,646,727,728,-1,646,728,648,-1,648,728,729,-1,648,729,717,-1,716,730,707,-1,707,730,731,-1,707,731,708,-1,708,731,732,-1,708,732,720,-1,600,733,602,-1,602,733,662,-1,602,662,707,-1,707,662,648,-1,707,648,709,-1,709,648,719,-1,569,734,638,-1,638,734,735,-1,638,735,646,-1,646,735,736,-1,646,736,708,-1,708,736,737,-1,708,737,610,-1,610,737,676,-1,610,676,612,-1,612,676,677,-1,612,677,678,-1,738,739,658,-1,658,739,740,-1,658,740,741,-1,742,587,743,-1,743,587,744,-1,741,745,658,-1,658,745,746,-1,658,746,587,-1,587,746,747,-1,587,747,744,-1,742,748,587,-1,587,748,749,-1,587,749,733,-1,733,749,750,-1,733,750,751,-1,752,753,733,-1,733,753,754,-1,733,754,662,-1,662,754,755,-1,662,755,756,-1,751,757,733,-1,733,757,758,-1,733,758,752,-1,756,759,662,-1,662,759,760,-1,662,760,658,-1,658,760,761,-1,658,761,738,-1,585,587,597,-1,597,587,733,-1,597,733,762,-1,762,733,600,-1,762,600,605,-1,605,600,599,-1,605,599,607,-1,552,763,555,-1,555,763,764,-1,555,764,705,-1,705,764,765,-1,705,765,604,-1,604,765,766,-1,604,766,605,-1,605,766,767,-1,605,767,762,-1,762,767,540,-1,762,540,597,-1,597,540,539,-1,597,539,595,-1,591,575,587,-1,587,575,577,-1,587,577,658,-1,658,577,768,-1,658,768,643,-1,643,768,769,-1,643,769,638,-1,638,769,770,-1,638,770,569,-1,569,770,61,-1,569,61,570,-1,734,569,771,-1,564,563,772,-1,772,563,676,-1,676,737,772,-1,772,737,736,-1,772,736,771,-1,771,736,735,-1,771,735,734,-1,543,540,773,-1,773,540,767,-1,773,767,774,-1,774,767,766,-1,774,766,765,-1,765,764,774,-1,774,764,763,-1,774,763,552,-1,671,672,775,-1,775,776,777,-1,554,553,778,-1,778,553,537,-1,671,775,669,-1,669,775,777,-1,669,777,536,-1,536,777,779,-1,536,779,537,-1,537,779,780,-1,537,780,778,-1,781,782,783,-1,784,785,786,-1,786,785,781,-1,786,781,787,-1,787,781,783,-1,788,789,776,-1,776,789,777,-1,780,779,788,-1,788,779,789,-1,789,779,777,-1,
        ]
    }
}
Shape{
    appearance Appearance {
        material  Material 	{
            diffuseColor 0.7529411764705882 0.7529411764705882 0.7529411764705882
            specularColor 0.3764705882352941 0.3764705882352941 0.3764705882352941
            ambientIntensity 0.2
            transparency 0
            shininess 0.5
        }
    }
    geometry IndexedFaceSet {
        ccw TRUE
        solid FALSE
        coord DEF co Coordinate {
            point [
                -1.7428 2.0814 0.0, -1.7585 2.061 -1.1417, -1.7585 2.061 0.0, -1.7683 2.0373 -1.1417, -1.7683 2.0373 0.0, -1.7717 2.0118 -1.1417, -1.7717 2.0118 0.0, -1.7683 1.9863 -1.1417, -1.7683 1.9863 0.0, -1.7585 1.9626 -1.1417, -1.7585 1.9626 0.0, -1.7428 1.9422 -1.1417, -1.7421 2.0819 0.0, -1.7224 2.097 -1.1417, -1.7428 2.0814 -1.1417, -1.7224 2.097 0.0, -1.6987 2.1069 0.0, -1.6987 2.1069 -1.1417, -1.6732 2.1102 0.0, -1.6732 2.1102 -1.1417, -1.6478 2.1069 0.0, -1.6478 2.1069 -1.1417, -1.624 2.097 0.0, -1.624 2.097 -1.1417, -1.6036 2.0814 0.0, -1.6036 2.0814 -1.1417, -1.588 2.061 0.0, -1.588 2.061 -1.1417, -1.5782 2.0373 0.0, -1.5782 2.0373 -1.1417, -1.5748 2.0118 0.0, -1.5748 2.0118 -1.1417, -1.5782 1.9863 0.0, -1.5782 1.9863 -1.1417, -1.588 1.9626 0.0, -1.588 1.9626 -1.1417, -1.6036 1.9422 0.0, -1.6036 1.9422 -1.1417, -1.624 1.9266 0.0, -1.624 1.9266 -1.1417, -1.6478 1.9167 0.0, -1.6478 1.9167 -1.1417, -1.6732 1.9134 0.0, -1.6732 1.9134 -1.1417, -1.6987 1.9167 0.0, -1.6987 1.9167 -1.1417, -1.7224 1.9266 0.0, -1.7224 1.9266 -1.1417, -1.7421 1.9417 0.0, -1.7428 1.9422 0.0, -1.7212 1.9841 -1.2598, -1.7268 1.9975 -1.2598, -1.6732 2.0118 -1.2598, -1.7287 2.0118 -1.2598, -1.7268 2.0262 -1.2598, -1.6876 1.9583 -1.2598, -1.7009 1.9638 -1.2598, -1.7124 1.9726 -1.2598, -1.6455 1.9638 -1.2598, -1.6589 1.9583 -1.2598, -1.6732 1.9564 -1.2598, -1.6197 1.9975 -1.2598, -1.6252 1.9841 -1.2598, -1.634 1.9726 -1.2598, -1.6252 2.0395 -1.2598, -1.6197 2.0262 -1.2598, -1.6178 2.0118 -1.2598, -1.6589 2.0654 -1.2598, -1.6455 2.0598 -1.2598, -1.634 2.051 -1.2598, -1.7009 2.0598 -1.2598, -1.6876 2.0654 -1.2598, -1.6732 2.0672 -1.2598, -1.7212 2.0395 -1.2598, -1.7124 2.051 -1.2598, 1.378 -0.5866 0.0, 1.3746 -0.5611 -1.1417, 1.3746 -0.5611 0.0, 1.3648 -0.5374 -1.1417, 1.3648 -0.5374 0.0, 1.3491 -0.517 -1.1417, 1.3491 -0.517 0.0, 1.3287 -0.5014 -1.1417, 1.3287 -0.5014 0.0, 1.305 -0.4915 -1.1417, 1.305 -0.4915 0.0, 1.2795 -0.4882 -1.1417, 1.2795 -0.4882 0.0, 1.2541 -0.4915 -1.1417, 1.2541 -0.4915 0.0, 1.2303 -0.5014 -1.1417, 1.2303 -0.5014 0.0, 1.2099 -0.517 -1.1417, 1.2099 -0.517 0.0, 1.1943 -0.5374 -1.1417, 1.1943 -0.5374 0.0, 1.1845 -0.5611 -1.1417, 1.1845 -0.5611 0.0, 1.1811 -0.5866 -1.1417, 1.1811 -0.5866 0.0, 1.1845 -0.6121 -1.1417, 1.1845 -0.6121 0.0, 1.1943 -0.6358 -1.1417, 1.1943 -0.6358 0.0, 1.2099 -0.6562 -1.1417, 1.2099 -0.6562 0.0, 1.2303 -0.6719 -1.1417, 1.2303 -0.6719 0.0, 1.2541 -0.6817 -1.1417, 1.2541 -0.6817 0.0, 1.2795 -0.685 -1.1417, 1.2795 -0.685 0.0, 1.305 -0.6817 -1.1417, 1.305 -0.6817 0.0, 1.3287 -0.6719 -1.1417, 1.3287 -0.6719 0.0, 1.3491 -0.6562 -1.1417, 1.3491 -0.6562 0.0, 1.3648 -0.6358 -1.1417, 1.3648 -0.6358 0.0, 1.3746 -0.6121 -1.1417, 1.3746 -0.6121 0.0, 1.378 -0.5866 -1.1417, 1.2315 -0.6143 -1.2598, 1.226 -0.601 -1.2598, 1.2795 -0.5866 -1.2598, 1.2241 -0.5866 -1.2598, 1.226 -0.5723 -1.2598, 1.2652 -0.6402 -1.2598, 1.2518 -0.6346 -1.2598, 1.2403 -0.6258 -1.2598, 1.3072 -0.6346 -1.2598, 1.2939 -0.6402 -1.2598, 1.2795 -0.6421 -1.2598, 1.3331 -0.601 -1.2598, 1.3275 -0.6143 -1.2598, 1.3187 -0.6258 -1.2598, 1.3275 -0.5589 -1.2598, 1.3331 -0.5723 -1.2598, 1.335 -0.5866 -1.2598, 1.2939 -0.5331 -1.2598, 1.3072 -0.5386 -1.2598, 1.3187 -0.5474 -1.2598, 1.2518 -0.5386 -1.2598, 1.2652 -0.5331 -1.2598, 1.2795 -0.5312 -1.2598, 1.2315 -0.5589 -1.2598, 1.2403 -0.5474 -1.2598, -1.2402 -0.7047 -1.063, -1.2402 -0.7047 0.0, -1.2402 -0.9409 -1.063, -1.2402 -0.9409 0.0, -1.4764 -0.9409 0.0, -1.2469 -0.9409 -1.1139, -1.437 -0.9409 -1.2598, -1.5157 -0.9409 -1.2598, -1.7126 -0.9409 0.0, -1.7126 -0.9409 -1.063, -1.6549 -0.9409 -1.2022, -1.6862 -0.9409 -1.1614, -1.7059 -0.9409 -1.1139, -1.3861 -0.9409 -1.2531, -1.3386 -0.9409 -1.2335, -1.2978 -0.9409 -1.2022, -1.6142 -0.9409 -1.2335, -1.5667 -0.9409 -1.2531, -1.2665 -0.9409 -1.1614, -1.7126 -0.7047 -1.063, -1.7126 -0.7047 0.0, -1.4764 -0.7047 0.0, -1.6142 -0.7047 -1.2335, -1.6549 -0.7047 -1.2022, -1.6862 -0.7047 -1.1614, -1.7059 -0.7047 -1.1139, -1.437 -0.7047 -1.2598, -1.2469 -0.7047 -1.1139, -1.5157 -0.7047 -1.2598, -1.5667 -0.7047 -1.2531, -1.2665 -0.7047 -1.1614, -1.2978 -0.7047 -1.2022, -1.3861 -0.7047 -1.2531, -1.3386 -0.7047 -1.2335, 1.8701 -1.8071 -1.1417, 1.8701 -1.8071 0.0, 1.8701 -2.2008 -1.1417, 1.8701 -2.2008 0.0, 1.4764 -2.2008 -1.1417, 1.4764 -2.2008 0.0, 1.4764 -1.8071 -1.1417, 1.4764 -1.8071 0.0, 1.8271 -1.8501 -1.2598, 1.8271 -2.1578 -1.2598, 1.5194 -1.8501 -1.2598, 1.5194 -2.1578 -1.2598, 1.5194 -2.1578 -1.2598
            ]
        }
        coordIndex [
            0,1,2,-1,2,1,3,-1,2,3,4,-1,4,3,5,-1,4,5,6,-1,6,5,7,-1,6,7,8,-1,8,7,9,-1,8,9,10,-1,10,9,11,-1,12,13,0,-1,0,13,14,-1,0,14,1,-1,12,15,13,-1,13,15,16,-1,13,16,17,-1,17,16,18,-1,17,18,19,-1,19,18,20,-1,19,20,21,-1,21,20,22,-1,21,22,23,-1,23,22,24,-1,23,24,25,-1,25,24,26,-1,25,26,27,-1,27,26,28,-1,27,28,29,-1,29,28,30,-1,29,30,31,-1,31,30,32,-1,31,32,33,-1,33,32,34,-1,33,34,35,-1,35,34,36,-1,35,36,37,-1,37,36,38,-1,37,38,39,-1,39,38,40,-1,39,40,41,-1,41,40,42,-1,41,42,43,-1,43,42,44,-1,43,44,45,-1,45,44,46,-1,45,46,47,-1,47,46,48,-1,47,48,11,-1,11,48,49,-1,11,49,10,-1,50,51,52,-1,52,51,53,-1,52,53,54,-1,55,56,52,-1,52,56,57,-1,52,57,50,-1,58,59,52,-1,52,59,60,-1,52,60,55,-1,61,62,52,-1,52,62,63,-1,52,63,58,-1,64,65,52,-1,52,65,66,-1,52,66,61,-1,67,68,52,-1,52,68,69,-1,52,69,64,-1,70,71,52,-1,52,71,72,-1,52,72,67,-1,54,73,52,-1,52,73,74,-1,52,74,70,-1,75,76,77,-1,77,76,78,-1,77,78,79,-1,79,78,80,-1,79,80,81,-1,81,80,82,-1,81,82,83,-1,83,82,84,-1,83,84,85,-1,85,84,86,-1,85,86,87,-1,87,86,88,-1,87,88,89,-1,89,88,90,-1,89,90,91,-1,91,90,92,-1,91,92,93,-1,93,92,94,-1,93,94,95,-1,95,94,96,-1,95,96,97,-1,97,96,98,-1,97,98,99,-1,99,98,100,-1,99,100,101,-1,101,100,102,-1,101,102,103,-1,103,102,104,-1,103,104,105,-1,105,104,106,-1,105,106,107,-1,107,106,108,-1,107,108,109,-1,109,108,110,-1,109,110,111,-1,111,110,112,-1,111,112,113,-1,113,112,114,-1,113,114,115,-1,115,114,116,-1,115,116,117,-1,117,116,118,-1,117,118,119,-1,119,118,120,-1,119,120,121,-1,121,120,122,-1,121,122,75,-1,75,122,76,-1,123,124,125,-1,125,124,126,-1,125,126,127,-1,128,129,125,-1,125,129,130,-1,125,130,123,-1,131,132,125,-1,125,132,133,-1,125,133,128,-1,134,135,125,-1,125,135,136,-1,125,136,131,-1,137,138,125,-1,125,138,139,-1,125,139,134,-1,140,141,125,-1,125,141,142,-1,125,142,137,-1,143,144,125,-1,125,144,145,-1,125,145,140,-1,127,146,125,-1,125,146,147,-1,125,147,143,-1,148,149,150,-1,150,149,151,-1,150,151,152,-1,153,150,154,-1,154,150,152,-1,154,152,155,-1,155,152,156,-1,155,156,157,-1,158,157,159,-1,159,157,160,-1,161,162,163,-1,158,164,157,-1,157,164,165,-1,157,165,155,-1,161,163,154,-1,154,163,166,-1,154,166,153,-1,157,156,167,-1,167,156,168,-1,167,168,169,-1,170,171,167,-1,167,171,172,-1,167,172,173,-1,149,148,174,-1,174,148,175,-1,149,174,169,-1,169,174,176,-1,169,176,167,-1,167,176,177,-1,167,177,170,-1,175,178,174,-1,174,178,179,-1,174,179,180,-1,180,179,181,-1,176,174,155,-1,155,174,154,-1,182,183,184,-1,184,183,185,-1,184,185,186,-1,186,185,187,-1,186,187,188,-1,188,187,189,-1,188,189,182,-1,182,189,183,-1,190,191,192,-1,192,191,193,-1,
        ]
    }
}
Shape{
    appearance Appearance {
        material  Material 	{
            diffuseColor 1.0 1.0 1.0
            specularColor 0.5019607843137255 0.5019607843137255 0.5019607843137255
            ambientIntensity 0.2
            transparency 0
            shininess 0.5
        }
    }
    geometry IndexedFaceSet {
        ccw TRUE
        solid FALSE
        coord DEF co Coordinate {
            point [
                -0.9843 -1.5748 0.0, -0.991 -1.5239 -0.1575, -0.991 -1.5239 0.0, -1.0106 -1.4764 -0.1575, -1.0106 -1.4764 0.0, -1.0419 -1.4356 -0.1575, -1.0419 -1.4356 0.0, -1.0827 -1.4043 -0.1575, -1.0827 -1.4043 0.0, -1.1302 -1.3847 -0.1575, -1.1302 -1.3847 0.0, -1.1811 -1.378 -0.1575, -1.1811 -1.378 0.0, -1.2321 -1.3847 -0.1575, -1.2321 -1.3847 0.0, -1.2795 -1.4043 -0.1575, -1.2795 -1.4043 0.0, -1.3203 -1.4356 -0.1575, -1.3203 -1.4356 0.0, -1.3516 -1.4764 -0.1575, -1.3516 -1.4764 0.0, -1.3712 -1.5239 -0.1575, -1.3712 -1.5239 0.0, -1.378 -1.5748 -0.1575, -1.378 -1.5748 0.0, -1.3712 -1.6258 -0.1575, -1.3712 -1.6258 0.0, -1.3516 -1.6732 -0.1575, -1.3516 -1.6732 0.0, -1.3203 -1.714 -0.1575, -1.3203 -1.714 0.0, -1.2795 -1.7453 -0.1575, -1.2795 -1.7453 0.0, -1.2321 -1.7649 -0.1575, -1.2321 -1.7649 0.0, -1.1811 -1.7717 -0.1575, -1.1811 -1.7717 0.0, -1.1302 -1.7649 -0.1575, -1.1302 -1.7649 0.0, -1.0827 -1.7453 -0.1575, -1.0827 -1.7453 0.0, -1.0419 -1.714 -0.1575, -1.0419 -1.714 0.0, -1.0106 -1.6732 -0.1575, -1.0106 -1.6732 0.0, -0.991 -1.6258 -0.1575, -0.991 -1.6258 0.0, -0.9843 -1.5748 -0.1575, -1.1811 -1.5748 -0.1575, 1.378 -1.5748 0.0, 1.3712 -1.5239 -0.1575, 1.3712 -1.5239 0.0, 1.3516 -1.4764 -0.1575, 1.3516 -1.4764 0.0, 1.3203 -1.4356 -0.1575, 1.3203 -1.4356 0.0, 1.2795 -1.4043 -0.1575, 1.2795 -1.4043 0.0, 1.2321 -1.3847 -0.1575, 1.2321 -1.3847 0.0, 1.1811 -1.378 -0.1575, 1.1811 -1.378 0.0, 1.1302 -1.3847 -0.1575, 1.1302 -1.3847 0.0, 1.0827 -1.4043 -0.1575, 1.0827 -1.4043 0.0, 1.0419 -1.4356 -0.1575, 1.0419 -1.4356 0.0, 1.0106 -1.4764 -0.1575, 1.0106 -1.4764 0.0, 0.991 -1.5239 -0.1575, 0.991 -1.5239 0.0, 0.9843 -1.5748 -0.1575, 0.9843 -1.5748 0.0, 0.991 -1.6258 -0.1575, 0.991 -1.6258 0.0, 1.0106 -1.6732 -0.1575, 1.0106 -1.6732 0.0, 1.0419 -1.714 -0.1575, 1.0419 -1.714 0.0, 1.0827 -1.7453 -0.1575, 1.0827 -1.7453 0.0, 1.1302 -1.7649 -0.1575, 1.1302 -1.7649 0.0, 1.1811 -1.7717 -0.1575, 1.1811 -1.7717 0.0, 1.2321 -1.7649 -0.1575, 1.2321 -1.7649 0.0, 1.2795 -1.7453 -0.1575, 1.2795 -1.7453 0.0, 1.3203 -1.714 -0.1575, 1.3203 -1.714 0.0, 1.3516 -1.6732 -0.1575, 1.3516 -1.6732 0.0, 1.3712 -1.6258 -0.1575, 1.3712 -1.6258 0.0, 1.378 -1.5748 -0.1575, 1.1811 -1.5748 -0.1575, 1.378 1.5748 0.0, 1.3712 1.6258 -0.1575, 1.3712 1.6258 0.0, 1.3516 1.6732 -0.1575, 1.3516 1.6732 0.0, 1.3203 1.714 -0.1575, 1.3203 1.714 0.0, 1.2795 1.7453 -0.1575, 1.2795 1.7453 0.0, 1.2321 1.7649 -0.1575, 1.2321 1.7649 0.0, 1.1811 1.7717 -0.1575, 1.1811 1.7717 0.0, 1.1302 1.7649 -0.1575, 1.1302 1.7649 0.0, 1.0827 1.7453 -0.1575, 1.0827 1.7453 0.0, 1.0419 1.714 -0.1575, 1.0419 1.714 0.0, 1.0106 1.6732 -0.1575, 1.0106 1.6732 0.0, 0.991 1.6258 -0.1575, 0.991 1.6258 0.0, 0.9843 1.5748 -0.1575, 0.9843 1.5748 0.0, 0.991 1.5239 -0.1575, 0.991 1.5239 0.0, 1.0106 1.4764 -0.1575, 1.0106 1.4764 0.0, 1.0419 1.4356 -0.1575, 1.0419 1.4356 0.0, 1.0827 1.4043 -0.1575, 1.0827 1.4043 0.0, 1.1302 1.3847 -0.1575, 1.1302 1.3847 0.0, 1.1811 1.378 -0.1575, 1.1811 1.378 0.0, 1.2321 1.3847 -0.1575, 1.2321 1.3847 0.0, 1.2795 1.4043 -0.1575, 1.2795 1.4043 0.0, 1.3203 1.4356 -0.1575, 1.3203 1.4356 0.0, 1.3516 1.4764 -0.1575, 1.3516 1.4764 0.0, 1.3712 1.5239 -0.1575, 1.3712 1.5239 0.0, 1.378 1.5748 -0.1575, 1.1811 1.5748 -0.1575, -0.9843 1.5748 0.0, -0.991 1.6258 -0.1575, -0.991 1.6258 0.0, -1.0106 1.6732 -0.1575, -1.0106 1.6732 0.0, -1.0419 1.714 -0.1575, -1.0419 1.714 0.0, -1.0827 1.7453 -0.1575, -1.0827 1.7453 0.0, -1.1302 1.7649 -0.1575, -1.1302 1.7649 0.0, -1.1811 1.7717 -0.1575, -1.1811 1.7717 0.0, -1.2321 1.7649 -0.1575, -1.2321 1.7649 0.0, -1.2795 1.7453 -0.1575, -1.2795 1.7453 0.0, -1.3203 1.714 -0.1575, -1.3203 1.714 0.0, -1.3516 1.6732 -0.1575, -1.3516 1.6732 0.0, -1.3712 1.6258 -0.1575, -1.3712 1.6258 0.0, -1.378 1.5748 -0.1575, -1.378 1.5748 0.0, -1.3712 1.5239 -0.1575, -1.3712 1.5239 0.0, -1.3516 1.4764 -0.1575, -1.3516 1.4764 0.0, -1.3203 1.4356 -0.1575, -1.3203 1.4356 0.0, -1.2795 1.4043 -0.1575, -1.2795 1.4043 0.0, -1.2321 1.3847 -0.1575, -1.2321 1.3847 0.0, -1.1811 1.378 -0.1575, -1.1811 1.378 0.0, -1.1302 1.3847 -0.1575, -1.1302 1.3847 0.0, -1.0827 1.4043 -0.1575, -1.0827 1.4043 0.0, -1.0419 1.4356 -0.1575, -1.0419 1.4356 0.0, -1.0106 1.4764 -0.1575, -1.0106 1.4764 0.0, -0.991 1.5239 -0.1575, -0.991 1.5239 0.0, -0.9843 1.5748 -0.1575, -1.1811 1.5748 -0.1575, 2.3622 2.5 3.7008, 2.3622 2.5 0.0, 2.3609 2.5102 0.0, 2.3609 2.5102 3.7008, 2.3569 2.5197 0.0, 2.3569 2.5197 3.7008, 2.3507 2.5278 0.0, 2.3507 2.5278 3.7008, 2.3425 2.5341 0.0, 2.3425 2.5341 3.7008, 2.333 2.538 0.0, 2.333 2.538 3.7008, 2.3228 2.5394 0.0, 2.3228 2.5394 3.7008, 2.3228 2.538 3.711, 2.3327 2.5367 3.711, 2.3327 2.517 3.7349, 2.3279 2.5088 3.7388, 2.33 2.5072 3.7388, 2.3228 2.5 3.7402, 2.333 2.5 3.7388, 2.3327 2.5026 3.7388, 2.3255 2.5098 3.7388, 2.3279 2.519 3.7349, 2.33 2.5269 3.7286, 2.3228 2.5102 3.7388, 2.3368 2.5139 3.7349, 2.3317 2.5051 3.7388, 2.3399 2.5098 3.7349, 2.3418 2.5051 3.7349, 2.3425 2.5 3.7349, 2.3228 2.5197 3.7349, 2.3228 2.5278 3.7286, 2.3228 2.5341 3.7205, 2.3368 2.5241 3.7286, 2.3425 2.5197 3.7286, 2.3469 2.5139 3.7286, 2.3497 2.5072 3.7286, 2.3507 2.5 3.7286, 2.3317 2.5329 3.7205, 2.3399 2.5295 3.7205, 2.3469 2.5241 3.7205, 2.3524 2.517 3.7205, 2.3558 2.5088 3.7205, 2.3569 2.5 3.7205, 2.3418 2.5329 3.711, 2.3497 2.5269 3.711, 2.3558 2.519 3.711, 2.3596 2.5098 3.711, 2.3609 2.5 3.711, -2.3228 2.5394 3.7008, -2.3228 2.5394 0.0, -2.333 2.538 0.0, -2.333 2.538 3.7008, -2.3425 2.5341 0.0, -2.3425 2.5341 3.7008, -2.3507 2.5278 0.0, -2.3507 2.5278 3.7008, -2.3569 2.5197 0.0, -2.3569 2.5197 3.7008, -2.3609 2.5102 0.0, -2.3609 2.5102 3.7008, -2.3622 2.5 0.0, -2.3622 2.5 3.7008, -2.3228 2.5 3.7402, -2.3228 2.5102 3.7388, -2.3228 2.5197 3.7349, -2.3228 2.5278 3.7286, -2.3228 2.5341 3.7205, -2.3228 2.538 3.711, 2.3228 -2.5 3.7402, 2.333 -2.5 3.7388, 2.3425 -2.5 3.7349, 2.3507 -2.5 3.7286, 2.3569 -2.5 3.7205, 2.3609 -2.5 3.711, 2.3622 -2.5 3.7008, 2.3228 -2.5394 3.7008, 2.3228 -2.5394 0.0, 2.333 -2.538 0.0, 2.333 -2.538 3.7008, 2.3425 -2.5341 0.0, 2.3425 -2.5341 3.7008, 2.3507 -2.5278 0.0, 2.3507 -2.5278 3.7008, 2.3569 -2.5197 0.0, 2.3569 -2.5197 3.7008, 2.3609 -2.5102 0.0, 2.3609 -2.5102 3.7008, 2.3622 -2.5 0.0, -2.3609 2.5 3.711, -2.3596 2.5098 3.711, -2.3399 2.5098 3.7349, -2.3317 2.5051 3.7388, -2.33 2.5072 3.7388, -2.3255 2.5098 3.7388, -2.3327 2.5026 3.7388, -2.3418 2.5051 3.7349, -2.3497 2.5072 3.7286, -2.333 2.5 3.7388, -2.3368 2.5139 3.7349, -2.3279 2.5088 3.7388, -2.3327 2.517 3.7349, -2.3279 2.519 3.7349, -2.3425 2.5 3.7349, -2.3507 2.5 3.7286, -2.3569 2.5 3.7205, -2.3469 2.5139 3.7286, -2.3425 2.5197 3.7286, -2.3368 2.5241 3.7286, -2.33 2.5269 3.7286, -2.3558 2.5088 3.7205, -2.3524 2.517 3.7205, -2.3469 2.5241 3.7205, -2.3399 2.5295 3.7205, -2.3317 2.5329 3.7205, -2.3558 2.519 3.711, -2.3497 2.5269 3.711, -2.3418 2.5329 3.711, -2.3327 2.5367 3.711, 2.3596 -2.5098 3.711, 2.3399 -2.5098 3.7349, 2.3317 -2.5051 3.7388, 2.33 -2.5072 3.7388, 2.3228 -2.5102 3.7388, 2.3255 -2.5098 3.7388, 2.3327 -2.5026 3.7388, 2.3418 -2.5051 3.7349, 2.3497 -2.5072 3.7286, 2.3368 -2.5139 3.7349, 2.3279 -2.5088 3.7388, 2.3327 -2.517 3.7349, 2.3279 -2.519 3.7349, 2.3228 -2.5197 3.7349, 2.3469 -2.5139 3.7286, 2.3425 -2.5197 3.7286, 2.3368 -2.5241 3.7286, 2.33 -2.5269 3.7286, 2.3228 -2.5278 3.7286, 2.3558 -2.5088 3.7205, 2.3524 -2.517 3.7205, 2.3469 -2.5241 3.7205, 2.3399 -2.5295 3.7205, 2.3317 -2.5329 3.7205, 2.3228 -2.5341 3.7205, 2.3558 -2.519 3.711, 2.3497 -2.5269 3.711, 2.3418 -2.5329 3.711, 2.3327 -2.5367 3.711, 2.3228 -2.538 3.711, -2.3622 -2.5 0.0, -2.3612 -2.5088 0.0, -2.3622 -2.5 3.7008, -2.3611 -2.5087 3.7008, -2.3609 -2.5102 3.7008, -2.3583 -2.5171 0.0, -2.3581 -2.517 3.7008, -2.3569 -2.5197 3.7008, -2.3536 -2.5245 0.0, -2.3534 -2.5243 3.7008, -2.3474 -2.5308 0.0, -2.3472 -2.5305 3.7008, -2.3507 -2.5278 3.7008, -2.3316 -2.5382 3.7008, -2.333 -2.538 3.7008, -2.3399 -2.5355 0.0, -2.3398 -2.5352 3.7008, -2.3425 -2.5341 3.7008, -2.3316 -2.5384 0.0, -2.3228 -2.5394 0.0, -2.3228 -2.5394 3.7008, -2.3228 -2.5 3.7402, -2.333 -2.5 3.7388, -2.3425 -2.5 3.7349, -2.3507 -2.5 3.7286, -2.3569 -2.5 3.7205, -2.3609 -2.5 3.711, 0.2159 -2.5394 3.7008, 0.2161 -2.539 3.7059, 0.2167 -2.538 3.711, 0.2177 -2.5364 3.7159, 0.219 -2.5341 3.7205, 0.2206 -2.5312 3.7248, 0.2226 -2.5278 3.7286, 0.2273 -2.5197 3.7349, 0.2328 -2.5102 3.7388, 0.2387 -2.5 3.7402, -2.3596 -2.5098 3.711, -2.3558 -2.519 3.711, -2.3497 -2.5269 3.711, -2.3418 -2.5329 3.711, -2.3327 -2.5367 3.711, -2.3228 -2.538 3.711, -2.3317 -2.5329 3.7205, -2.3228 -2.5341 3.7205, -2.33 -2.5269 3.7286, -2.3228 -2.5278 3.7286, -2.3279 -2.519 3.7349, -2.3228 -2.5197 3.7349, -2.3255 -2.5098 3.7388, -2.3228 -2.5102 3.7388, -2.3399 -2.5295 3.7205, -2.3368 -2.5241 3.7286, -2.3327 -2.517 3.7349, -2.3279 -2.5088 3.7388, -2.3469 -2.5241 3.7205, -2.3425 -2.5197 3.7286, -2.3368 -2.5139 3.7349, -2.33 -2.5072 3.7388, -2.3524 -2.517 3.7205, -2.3469 -2.5139 3.7286, -2.3399 -2.5098 3.7349, -2.3317 -2.5051 3.7388, -2.3558 -2.5088 3.7205, -2.3497 -2.5072 3.7286, -2.3418 -2.5051 3.7349, -2.3327 -2.5026 3.7388, 0.0 -2.1654 3.7008, 0.0 -2.1647 3.7059, 0.0 -2.1627 3.711, 0.0 -2.1594 3.7159, 0.0 -2.1548 3.7205, 0.0 -2.1423 3.7286, 0.0 -2.126 3.7349, 0.0 -2.107 3.7388, 0.0 -2.0866 3.7402, -0.2387 -2.5 3.7402, -0.2328 -2.5102 3.7388, -0.2273 -2.5197 3.7349, -0.2226 -2.5278 3.7286, -0.2206 -2.5312 3.7248, -0.219 -2.5341 3.7205, -0.2177 -2.5364 3.7159, -0.2167 -2.538 3.711, -0.2161 -2.539 3.7059, -0.2159 -2.5394 3.7008, -0.2159 -2.5394 3.7008
            ]
        }
        coordIndex [
            0,1,2,-1,2,1,3,-1,2,3,4,-1,4,3,5,-1,4,5,6,-1,6,5,7,-1,6,7,8,-1,8,7,9,-1,8,9,10,-1,10,9,11,-1,10,11,12,-1,12,11,13,-1,12,13,14,-1,14,13,15,-1,14,15,16,-1,16,15,17,-1,16,17,18,-1,18,17,19,-1,18,19,20,-1,20,19,21,-1,20,21,22,-1,22,21,23,-1,22,23,24,-1,24,23,25,-1,24,25,26,-1,26,25,27,-1,26,27,28,-1,28,27,29,-1,28,29,30,-1,30,29,31,-1,30,31,32,-1,32,31,33,-1,32,33,34,-1,34,33,35,-1,34,35,36,-1,36,35,37,-1,36,37,38,-1,38,37,39,-1,38,39,40,-1,40,39,41,-1,40,41,42,-1,42,41,43,-1,42,43,44,-1,44,43,45,-1,44,45,46,-1,46,45,47,-1,46,47,0,-1,0,47,1,-1,27,25,48,-1,48,25,23,-1,48,23,21,-1,33,31,48,-1,48,31,29,-1,48,29,27,-1,39,37,48,-1,48,37,35,-1,48,35,33,-1,45,43,48,-1,48,43,41,-1,48,41,39,-1,3,1,48,-1,48,1,47,-1,48,47,45,-1,9,7,48,-1,48,7,5,-1,48,5,3,-1,15,13,48,-1,48,13,11,-1,48,11,9,-1,21,19,48,-1,48,19,17,-1,48,17,15,-1,49,50,51,-1,51,50,52,-1,51,52,53,-1,53,52,54,-1,53,54,55,-1,55,54,56,-1,55,56,57,-1,57,56,58,-1,57,58,59,-1,59,58,60,-1,59,60,61,-1,61,60,62,-1,61,62,63,-1,63,62,64,-1,63,64,65,-1,65,64,66,-1,65,66,67,-1,67,66,68,-1,67,68,69,-1,69,68,70,-1,69,70,71,-1,71,70,72,-1,71,72,73,-1,73,72,74,-1,73,74,75,-1,75,74,76,-1,75,76,77,-1,77,76,78,-1,77,78,79,-1,79,78,80,-1,79,80,81,-1,81,80,82,-1,81,82,83,-1,83,82,84,-1,83,84,85,-1,85,84,86,-1,85,86,87,-1,87,86,88,-1,87,88,89,-1,89,88,90,-1,89,90,91,-1,91,90,92,-1,91,92,93,-1,93,92,94,-1,93,94,95,-1,95,94,96,-1,95,96,49,-1,49,96,50,-1,52,50,97,-1,97,50,96,-1,97,96,94,-1,58,56,97,-1,97,56,54,-1,97,54,52,-1,64,62,97,-1,97,62,60,-1,97,60,58,-1,70,68,97,-1,97,68,66,-1,97,66,64,-1,76,74,97,-1,97,74,72,-1,97,72,70,-1,82,80,97,-1,97,80,78,-1,97,78,76,-1,88,86,97,-1,97,86,84,-1,97,84,82,-1,94,92,97,-1,97,92,90,-1,97,90,88,-1,98,99,100,-1,100,99,101,-1,100,101,102,-1,102,101,103,-1,102,103,104,-1,104,103,105,-1,104,105,106,-1,106,105,107,-1,106,107,108,-1,108,107,109,-1,108,109,110,-1,110,109,111,-1,110,111,112,-1,112,111,113,-1,112,113,114,-1,114,113,115,-1,114,115,116,-1,116,115,117,-1,116,117,118,-1,118,117,119,-1,118,119,120,-1,120,119,121,-1,120,121,122,-1,122,121,123,-1,122,123,124,-1,124,123,125,-1,124,125,126,-1,126,125,127,-1,126,127,128,-1,128,127,129,-1,128,129,130,-1,130,129,131,-1,130,131,132,-1,132,131,133,-1,132,133,134,-1,134,133,135,-1,134,135,136,-1,136,135,137,-1,136,137,138,-1,138,137,139,-1,138,139,140,-1,140,139,141,-1,140,141,142,-1,142,141,143,-1,142,143,144,-1,144,143,145,-1,144,145,98,-1,98,145,99,-1,125,123,146,-1,146,123,121,-1,146,121,119,-1,131,129,146,-1,146,129,127,-1,146,127,125,-1,137,135,146,-1,146,135,133,-1,146,133,131,-1,143,141,146,-1,146,141,139,-1,146,139,137,-1,101,99,146,-1,146,99,145,-1,146,145,143,-1,107,105,146,-1,146,105,103,-1,146,103,101,-1,113,111,146,-1,146,111,109,-1,146,109,107,-1,119,117,146,-1,146,117,115,-1,146,115,113,-1,147,148,149,-1,149,148,150,-1,149,150,151,-1,151,150,152,-1,151,152,153,-1,153,152,154,-1,153,154,155,-1,155,154,156,-1,155,156,157,-1,157,156,158,-1,157,158,159,-1,159,158,160,-1,159,160,161,-1,161,160,162,-1,161,162,163,-1,163,162,164,-1,163,164,165,-1,165,164,166,-1,165,166,167,-1,167,166,168,-1,167,168,169,-1,169,168,170,-1,169,170,171,-1,171,170,172,-1,171,172,173,-1,173,172,174,-1,173,174,175,-1,175,174,176,-1,175,176,177,-1,177,176,178,-1,177,178,179,-1,179,178,180,-1,179,180,181,-1,181,180,182,-1,181,182,183,-1,183,182,184,-1,183,184,185,-1,185,184,186,-1,185,186,187,-1,187,186,188,-1,187,188,189,-1,189,188,190,-1,189,190,191,-1,191,190,192,-1,191,192,193,-1,193,192,194,-1,193,194,147,-1,147,194,148,-1,150,148,195,-1,195,148,194,-1,195,194,192,-1,156,154,195,-1,195,154,152,-1,195,152,150,-1,162,160,195,-1,195,160,158,-1,195,158,156,-1,168,166,195,-1,195,166,164,-1,195,164,162,-1,174,172,195,-1,195,172,170,-1,195,170,168,-1,180,178,195,-1,195,178,176,-1,195,176,174,-1,186,184,195,-1,195,184,182,-1,195,182,180,-1,192,190,195,-1,195,190,188,-1,195,188,186,-1,196,197,198,-1,196,198,199,-1,199,198,200,-1,199,200,201,-1,201,200,202,-1,201,202,203,-1,203,202,204,-1,203,204,205,-1,205,204,206,-1,205,206,207,-1,207,206,208,-1,207,208,209,-1,209,210,211,-1,212,213,214,-1,215,216,217,-1,214,213,215,-1,218,215,213,-1,218,213,219,-1,219,213,212,-1,219,212,220,-1,221,215,218,-1,222,223,224,-1,224,223,217,-1,224,217,225,-1,225,217,216,-1,225,216,226,-1,221,218,227,-1,227,218,219,-1,227,219,228,-1,228,219,220,-1,228,220,229,-1,230,222,231,-1,231,222,224,-1,231,224,232,-1,232,224,225,-1,232,225,233,-1,233,225,226,-1,233,226,234,-1,235,230,236,-1,236,230,231,-1,236,231,237,-1,237,231,232,-1,237,232,238,-1,238,232,233,-1,238,233,239,-1,239,233,234,-1,239,234,240,-1,210,235,211,-1,211,235,236,-1,211,236,241,-1,241,236,237,-1,241,237,242,-1,242,237,238,-1,242,238,243,-1,243,238,239,-1,243,239,244,-1,244,239,240,-1,244,240,245,-1,209,211,207,-1,207,211,241,-1,207,241,205,-1,205,241,242,-1,205,242,203,-1,203,242,243,-1,203,243,201,-1,201,243,244,-1,201,244,199,-1,199,244,245,-1,199,245,196,-1,223,215,217,-1,210,229,235,-1,235,229,220,-1,235,220,230,-1,230,220,212,-1,230,212,222,-1,222,212,214,-1,222,214,223,-1,223,214,215,-1,246,247,248,-1,246,248,249,-1,249,248,250,-1,249,250,251,-1,251,250,252,-1,251,252,253,-1,253,252,254,-1,253,254,255,-1,255,254,256,-1,255,256,257,-1,257,256,258,-1,257,258,259,-1,260,215,221,-1,260,221,261,-1,261,221,227,-1,261,227,262,-1,262,227,228,-1,262,228,263,-1,263,228,229,-1,263,229,264,-1,264,229,210,-1,264,210,265,-1,265,210,209,-1,265,209,246,-1,215,266,267,-1,215,267,216,-1,216,267,268,-1,216,268,226,-1,226,268,269,-1,226,269,234,-1,234,269,270,-1,234,270,240,-1,240,270,271,-1,240,271,245,-1,245,271,272,-1,245,272,196,-1,273,274,275,-1,273,275,276,-1,276,275,277,-1,276,277,278,-1,278,277,279,-1,278,279,280,-1,280,279,281,-1,280,281,282,-1,282,281,283,-1,282,283,284,-1,284,283,285,-1,284,285,272,-1,259,286,287,-1,288,289,290,-1,260,261,291,-1,290,289,260,-1,292,260,289,-1,292,289,293,-1,293,289,288,-1,293,288,294,-1,295,260,292,-1,296,297,298,-1,298,297,291,-1,298,291,299,-1,299,291,261,-1,299,261,262,-1,295,292,300,-1,300,292,293,-1,300,293,301,-1,301,293,294,-1,301,294,302,-1,303,296,304,-1,304,296,298,-1,304,298,305,-1,305,298,299,-1,305,299,306,-1,306,299,262,-1,306,262,263,-1,307,303,308,-1,308,303,304,-1,308,304,309,-1,309,304,305,-1,309,305,310,-1,310,305,306,-1,310,306,311,-1,311,306,263,-1,311,263,264,-1,286,307,287,-1,287,307,308,-1,287,308,312,-1,312,308,309,-1,312,309,313,-1,313,309,310,-1,313,310,314,-1,314,310,311,-1,314,311,315,-1,315,311,264,-1,315,264,265,-1,259,287,257,-1,257,287,312,-1,257,312,255,-1,255,312,313,-1,255,313,253,-1,253,313,314,-1,253,314,251,-1,251,314,315,-1,251,315,249,-1,249,315,265,-1,249,265,246,-1,297,260,291,-1,286,302,307,-1,307,302,294,-1,307,294,303,-1,303,294,288,-1,303,288,296,-1,296,288,290,-1,296,290,297,-1,297,290,260,-1,272,271,316,-1,317,318,319,-1,266,320,321,-1,319,318,266,-1,322,266,318,-1,322,318,323,-1,323,318,317,-1,323,317,324,-1,267,266,322,-1,325,326,327,-1,327,326,321,-1,327,321,328,-1,328,321,320,-1,328,320,329,-1,267,322,268,-1,268,322,323,-1,268,323,269,-1,269,323,324,-1,269,324,270,-1,330,325,331,-1,331,325,327,-1,331,327,332,-1,332,327,328,-1,332,328,333,-1,333,328,329,-1,333,329,334,-1,335,330,336,-1,336,330,331,-1,336,331,337,-1,337,331,332,-1,337,332,338,-1,338,332,333,-1,338,333,339,-1,339,333,334,-1,339,334,340,-1,271,335,316,-1,316,335,336,-1,316,336,341,-1,341,336,337,-1,341,337,342,-1,342,337,338,-1,342,338,343,-1,343,338,339,-1,343,339,344,-1,344,339,340,-1,344,340,345,-1,272,316,284,-1,284,316,341,-1,284,341,282,-1,282,341,342,-1,282,342,280,-1,280,342,343,-1,280,343,278,-1,278,343,344,-1,278,344,276,-1,276,344,345,-1,276,345,273,-1,326,266,321,-1,271,270,335,-1,335,270,324,-1,335,324,330,-1,330,324,317,-1,330,317,325,-1,325,317,319,-1,325,319,326,-1,326,319,266,-1,346,347,348,-1,348,347,349,-1,349,347,350,-1,350,347,351,-1,350,351,352,-1,352,351,353,-1,353,351,354,-1,353,354,355,-1,356,357,354,-1,354,357,358,-1,354,358,355,-1,359,360,361,-1,361,360,362,-1,361,362,356,-1,356,362,363,-1,356,363,357,-1,361,364,359,-1,359,364,365,-1,359,365,366,-1,367,260,295,-1,367,295,368,-1,368,295,300,-1,368,300,369,-1,369,300,301,-1,369,301,370,-1,370,301,302,-1,370,302,371,-1,371,302,286,-1,371,286,372,-1,372,286,259,-1,372,259,348,-1,373,273,374,-1,374,273,345,-1,374,345,375,-1,375,345,376,-1,376,345,340,-1,376,340,377,-1,377,340,378,-1,378,340,334,-1,378,334,379,-1,379,334,329,-1,379,329,380,-1,380,329,320,-1,380,320,381,-1,381,320,266,-1,381,266,382,-1,349,350,383,-1,352,353,384,-1,355,358,385,-1,357,363,386,-1,362,360,387,-1,359,366,388,-1,360,359,387,-1,387,359,388,-1,387,388,389,-1,389,388,390,-1,389,390,391,-1,391,390,392,-1,391,392,393,-1,393,392,394,-1,393,394,395,-1,395,394,396,-1,395,396,367,-1,363,362,386,-1,386,362,387,-1,386,387,397,-1,397,387,389,-1,397,389,398,-1,398,389,391,-1,398,391,399,-1,399,391,393,-1,399,393,400,-1,400,393,395,-1,400,395,367,-1,358,357,385,-1,385,357,386,-1,385,386,401,-1,401,386,397,-1,401,397,402,-1,402,397,398,-1,402,398,403,-1,403,398,399,-1,403,399,404,-1,404,399,400,-1,404,400,367,-1,353,355,384,-1,384,355,385,-1,384,385,405,-1,405,385,401,-1,405,401,406,-1,406,401,402,-1,406,402,407,-1,407,402,403,-1,407,403,408,-1,408,403,404,-1,408,404,367,-1,350,352,383,-1,383,352,384,-1,383,384,409,-1,409,384,405,-1,409,405,410,-1,410,405,406,-1,410,406,411,-1,411,406,407,-1,411,407,412,-1,412,407,408,-1,412,408,367,-1,348,349,372,-1,372,349,383,-1,372,383,371,-1,371,383,409,-1,371,409,370,-1,370,409,410,-1,370,410,369,-1,369,410,411,-1,369,411,368,-1,368,411,412,-1,368,412,367,-1,413,373,374,-1,413,374,414,-1,414,374,375,-1,414,375,415,-1,415,375,376,-1,415,376,416,-1,416,376,377,-1,416,377,417,-1,417,377,378,-1,417,378,418,-1,378,379,418,-1,418,379,380,-1,418,380,419,-1,419,380,381,-1,419,381,420,-1,420,381,382,-1,420,382,421,-1,422,367,396,-1,422,396,423,-1,423,396,394,-1,423,394,424,-1,424,394,392,-1,424,392,425,-1,425,392,426,-1,426,392,390,-1,426,390,427,-1,427,390,428,-1,428,390,388,-1,428,388,429,-1,429,388,430,-1,430,388,366,-1,430,366,431,-1,431,413,430,-1,430,413,414,-1,430,414,429,-1,429,414,415,-1,429,415,428,-1,428,415,416,-1,428,416,427,-1,427,416,417,-1,427,417,426,-1,426,417,425,-1,417,418,425,-1,425,418,419,-1,425,419,424,-1,424,419,420,-1,424,420,423,-1,423,420,421,-1,423,421,422,-1,
        ]
    }
}
Shape{
    appearance Appearance {
        material  Material 	{
            diffuseColor 0.7529411764705882 0.7529411764705882 0.7529411764705882
            specularColor 0.3764705882352941 0.3764705882352941 0.3764705882352941
            ambientIntensity 0.2
            transparency 0
            shininess 0.5
        }
    }
    geometry IndexedFaceSet {
        ccw TRUE
        solid FALSE
        coord DEF co Coordinate {
            point [
                1.378 -0.5866 -1.1417, 1.3331 -0.5723 -1.2598, 1.3746 -0.5611 -1.1417, 1.3275 -0.5589 -1.2598, 1.3648 -0.5374 -1.1417, 1.3187 -0.5474 -1.2598, 1.3491 -0.517 -1.1417, 1.3072 -0.5386 -1.2598, 1.3287 -0.5014 -1.1417, 1.2939 -0.5331 -1.2598, 1.305 -0.4915 -1.1417, 1.2795 -0.5312 -1.2598, 1.2795 -0.4882 -1.1417, 1.2652 -0.5331 -1.2598, 1.2541 -0.4915 -1.1417, 1.2518 -0.5386 -1.2598, 1.2303 -0.5014 -1.1417, 1.2403 -0.5474 -1.2598, 1.2099 -0.517 -1.1417, 1.2315 -0.5589 -1.2598, 1.1943 -0.5374 -1.1417, 1.226 -0.5723 -1.2598, 1.1845 -0.5611 -1.1417, 1.2241 -0.5866 -1.2598, 1.1811 -0.5866 -1.1417, 1.226 -0.601 -1.2598, 1.1845 -0.6121 -1.1417, 1.2315 -0.6143 -1.2598, 1.1943 -0.6358 -1.1417, 1.2403 -0.6258 -1.2598, 1.2099 -0.6562 -1.1417, 1.2518 -0.6346 -1.2598, 1.2303 -0.6719 -1.1417, 1.2652 -0.6402 -1.2598, 1.2541 -0.6817 -1.1417, 1.2795 -0.6421 -1.2598, 1.2795 -0.685 -1.1417, 1.2939 -0.6402 -1.2598, 1.305 -0.6817 -1.1417, 1.3072 -0.6346 -1.2598, 1.3287 -0.6719 -1.1417, 1.3187 -0.6258 -1.2598, 1.3491 -0.6562 -1.1417, 1.3275 -0.6143 -1.2598, 1.3648 -0.6358 -1.1417, 1.3331 -0.601 -1.2598, 1.3746 -0.6121 -1.1417, 1.335 -0.5866 -1.2598, -1.5748 2.0118 -1.1417, -1.6197 2.0262 -1.2598, -1.5782 2.0373 -1.1417, -1.6252 2.0395 -1.2598, -1.588 2.061 -1.1417, -1.634 2.051 -1.2598, -1.6036 2.0814 -1.1417, -1.6455 2.0598 -1.2598, -1.624 2.097 -1.1417, -1.6589 2.0654 -1.2598, -1.6478 2.1069 -1.1417, -1.6732 2.0672 -1.2598, -1.6732 2.1102 -1.1417, -1.6876 2.0654 -1.2598, -1.6987 2.1069 -1.1417, -1.7009 2.0598 -1.2598, -1.7224 2.097 -1.1417, -1.7124 2.051 -1.2598, -1.7428 2.0814 -1.1417, -1.7212 2.0395 -1.2598, -1.7585 2.061 -1.1417, -1.7268 2.0262 -1.2598, -1.7683 2.0373 -1.1417, -1.7287 2.0118 -1.2598, -1.7717 2.0118 -1.1417, -1.7268 1.9975 -1.2598, -1.7683 1.9863 -1.1417, -1.7212 1.9841 -1.2598, -1.7585 1.9626 -1.1417, -1.7124 1.9726 -1.2598, -1.7428 1.9422 -1.1417, -1.7009 1.9638 -1.2598, -1.7224 1.9266 -1.1417, -1.6876 1.9583 -1.2598, -1.6987 1.9167 -1.1417, -1.6732 1.9564 -1.2598, -1.6732 1.9134 -1.1417, -1.6589 1.9583 -1.2598, -1.6478 1.9167 -1.1417, -1.6455 1.9638 -1.2598, -1.624 1.9266 -1.1417, -1.634 1.9726 -1.2598, -1.6036 1.9422 -1.1417, -1.6252 1.9841 -1.2598, -1.588 1.9626 -1.1417, -1.6197 1.9975 -1.2598, -1.5782 1.9863 -1.1417, -1.6178 2.0118 -1.2598, 1.4764 -2.2008 -1.1417, 1.5194 -2.1578 -1.2598, 1.8701 -2.2008 -1.1417, 1.8271 -2.1578 -1.2598, 1.4764 -1.8071 -1.1417, 1.5194 -1.8501 -1.2598, 1.8271 -1.8501 -1.2598, 1.8701 -1.8071 -1.1417, -1.7126 -0.9409 -1.063, -1.7126 -0.7047 -1.063, -1.7059 -0.7047 -1.1139, -1.7059 -0.9409 -1.1139, -1.6862 -0.7047 -1.1614, -1.6862 -0.9409 -1.1614, -1.6549 -0.7047 -1.2022, -1.6549 -0.9409 -1.2022, -1.6142 -0.7047 -1.2335, -1.6142 -0.9409 -1.2335, -1.5667 -0.7047 -1.2531, -1.5667 -0.9409 -1.2531, -1.5157 -0.7047 -1.2598, -1.5157 -0.9409 -1.2598, -1.2402 -0.7047 -1.063, -1.2402 -0.9409 -1.063, -1.2469 -0.9409 -1.1139, -1.2469 -0.7047 -1.1139, -1.2665 -0.9409 -1.1614, -1.2665 -0.7047 -1.1614, -1.2978 -0.9409 -1.2022, -1.2978 -0.7047 -1.2022, -1.3386 -0.9409 -1.2335, -1.3386 -0.7047 -1.2335, -1.3861 -0.9409 -1.2531, -1.3861 -0.7047 -1.2531, -1.437 -0.9409 -1.2598, -1.437 -0.7047 -1.2598, -1.437 -0.7047 -1.2598
            ]
        }
        coordIndex [
            0,1,2,-1,2,1,3,-1,2,3,4,-1,4,3,5,-1,4,5,6,-1,6,5,7,-1,6,7,8,-1,8,7,9,-1,8,9,10,-1,10,9,11,-1,10,11,12,-1,12,11,13,-1,12,13,14,-1,14,13,15,-1,14,15,16,-1,16,15,17,-1,16,17,18,-1,18,17,19,-1,18,19,20,-1,20,19,21,-1,20,21,22,-1,22,21,23,-1,22,23,24,-1,24,23,25,-1,24,25,26,-1,26,25,27,-1,26,27,28,-1,28,27,29,-1,28,29,30,-1,30,29,31,-1,30,31,32,-1,32,31,33,-1,32,33,34,-1,34,33,35,-1,34,35,36,-1,36,35,37,-1,36,37,38,-1,38,37,39,-1,38,39,40,-1,40,39,41,-1,40,41,42,-1,42,41,43,-1,42,43,44,-1,44,43,45,-1,44,45,46,-1,46,45,47,-1,46,47,0,-1,0,47,1,-1,48,49,50,-1,50,49,51,-1,50,51,52,-1,52,51,53,-1,52,53,54,-1,54,53,55,-1,54,55,56,-1,56,55,57,-1,56,57,58,-1,58,57,59,-1,58,59,60,-1,60,59,61,-1,60,61,62,-1,62,61,63,-1,62,63,64,-1,64,63,65,-1,64,65,66,-1,66,65,67,-1,66,67,68,-1,68,67,69,-1,68,69,70,-1,70,69,71,-1,70,71,72,-1,72,71,73,-1,72,73,74,-1,74,73,75,-1,74,75,76,-1,76,75,77,-1,76,77,78,-1,78,77,79,-1,78,79,80,-1,80,79,81,-1,80,81,82,-1,82,81,83,-1,82,83,84,-1,84,83,85,-1,84,85,86,-1,86,85,87,-1,86,87,88,-1,88,87,89,-1,88,89,90,-1,90,89,91,-1,90,91,92,-1,92,91,93,-1,92,93,94,-1,94,93,95,-1,94,95,48,-1,48,95,49,-1,96,97,98,-1,98,97,99,-1,100,101,96,-1,96,101,97,-1,102,103,99,-1,99,103,98,-1,103,102,100,-1,100,102,101,-1,104,105,106,-1,104,106,107,-1,107,106,108,-1,107,108,109,-1,109,108,110,-1,109,110,111,-1,111,110,112,-1,111,112,113,-1,113,112,114,-1,113,114,115,-1,115,114,116,-1,115,116,117,-1,118,119,120,-1,118,120,121,-1,121,120,122,-1,121,122,123,-1,123,122,124,-1,123,124,125,-1,125,124,126,-1,125,126,127,-1,127,126,128,-1,127,128,129,-1,129,128,130,-1,129,130,131,-1,
        ]
    }
}
Shape{
    appearance Appearance {
        material  Material 	{
            diffuseColor 0.0 0.0 0.0
            specularColor 0.0 0.0 0.0
            ambientIntensity 0.2
            transparency 0
            shininess 0.5
        }
    }
    geometry IndexedFaceSet {
        ccw TRUE
        solid FALSE
        coord DEF co Coordinate {
            point [
                -0.1391 2.5433 0.4466, -0.1391 2.5433 0.4314, -0.1391 2.5394 0.4466, -0.1391 2.5394 0.4314, -0.086 2.5433 0.4466, -0.086 2.5394 0.4466, -0.086 2.5433 0.5649, -0.086 2.5394 0.5649, -0.0687 2.5433 0.5649, -0.0687 2.5394 0.5649, -0.0687 2.5433 0.4314, -0.0687 2.5394 0.4314, -0.2075 2.5433 0.4292, -0.2075 2.5394 0.4292, -0.2279 2.5394 0.4311, -0.2388 2.5394 0.4347, -0.2422 2.5433 0.4358, -0.2279 2.5433 0.4311, -0.2422 2.5394 0.4358, -0.2445 2.5394 0.437, -0.2445 2.5433 0.437, -0.2445 2.5433 0.4535, -0.2445 2.5394 0.4535, -0.2388 2.5394 0.4509, -0.2313 2.5433 0.4476, -0.2313 2.5394 0.4476, -0.2162 2.5394 0.4448, -0.2162 2.5433 0.4448, -0.21 2.5394 0.4445, -0.21 2.5433 0.4445, -0.1981 2.5394 0.4458, -0.1981 2.5433 0.4458, -0.1883 2.5394 0.4492, -0.1883 2.5433 0.4492, -0.1793 2.5394 0.4551, -0.1793 2.5433 0.4551, -0.1757 2.5394 0.4586, -0.1757 2.5433 0.4586, -0.1695 2.5394 0.4671, -0.1695 2.5433 0.4671, -0.1651 2.5394 0.4778, -0.1651 2.5433 0.4778, -0.1628 2.5394 0.491, -0.1628 2.5433 0.491, -0.1626 2.5394 0.4967, -0.1626 2.5433 0.4967, -0.1648 2.5394 0.5149, -0.1648 2.5433 0.5149, -0.1693 2.5394 0.5265, -0.1693 2.5433 0.5265, -0.1757 2.5394 0.5357, -0.1757 2.5433 0.5357, -0.1767 2.5394 0.5368, -0.1767 2.5433 0.5368, -0.1851 2.5394 0.5439, -0.1851 2.5433 0.5439, -0.1955 2.5394 0.5489, -0.1955 2.5433 0.5489, -0.207 2.5394 0.5513, -0.207 2.5433 0.5513, -0.213 2.5394 0.5516, -0.213 2.5433 0.5516, -0.2295 2.5394 0.5496, -0.2388 2.5394 0.5461, -0.243 2.5433 0.5445, -0.2295 2.5433 0.5496, -0.243 2.5394 0.5445, -0.2445 2.5394 0.5437, -0.2445 2.5433 0.5437, -0.2445 2.5433 0.5617, -0.2445 2.5394 0.5617, -0.2388 2.5394 0.5633, -0.2303 2.5433 0.5658, -0.2129 2.5394 0.5671, -0.2129 2.5433 0.5671, -0.2272 2.5394 0.566, -0.2303 2.5394 0.5658, -0.2036 2.5394 0.566, -0.1936 2.5433 0.5648, -0.1936 2.5394 0.5648, -0.1797 2.5394 0.5594, -0.1797 2.5433 0.5594, -0.1672 2.5394 0.5507, -0.1672 2.5433 0.5507, -0.1638 2.5394 0.5475, -0.1638 2.5433 0.5475, -0.1542 2.5394 0.5349, -0.1505 2.5394 0.5264, -0.1478 2.5433 0.52, -0.1542 2.5433 0.5349, -0.1478 2.5394 0.52, -0.1448 2.5394 0.5026, -0.1448 2.5433 0.5026, -0.1446 2.5394 0.4956, -0.1446 2.5433 0.4956, -0.1472 2.5394 0.474, -0.1505 2.5394 0.4654, -0.1526 2.5433 0.46, -0.1472 2.5433 0.474, -0.1526 2.5394 0.46, -0.1606 2.5394 0.4486, -0.1606 2.5433 0.4486, -0.1617 2.5394 0.4474, -0.1617 2.5433 0.4474, -0.1708 2.5394 0.4395, -0.1708 2.5433 0.4395, -0.1832 2.5394 0.4332, -0.1832 2.5433 0.4332, -0.1972 2.5394 0.4298, -0.1972 2.5433 0.4298, -0.343 2.5433 0.4466, -0.343 2.5433 0.4314, -0.343 2.5394 0.4466, -0.343 2.5394 0.4314, -0.2884 2.5394 0.4466, -0.2884 2.5433 0.4466, -0.3245 2.5394 0.4466, -0.2884 2.5433 0.4915, -0.2884 2.5394 0.4915, -0.3361 2.5433 0.4915, -0.3245 2.5394 0.4915, -0.3361 2.5394 0.4915, -0.3361 2.5433 0.5068, -0.3361 2.5394 0.5068, -0.2884 2.5394 0.5068, -0.2884 2.5433 0.5068, -0.3245 2.5394 0.5068, -0.2884 2.5433 0.5495, -0.2884 2.5394 0.5495, -0.3399 2.5394 0.5495, -0.3399 2.5433 0.5495, -0.3245 2.5394 0.5495, -0.3399 2.5433 0.5649, -0.3399 2.5394 0.5649, -0.2712 2.5394 0.5649, -0.2712 2.5433 0.5649, -0.3245 2.5394 0.5649, -0.2712 2.5433 0.4314, -0.2712 2.5394 0.4314, -0.3245 2.5394 0.4314, -0.451 2.5433 0.4686, -0.4445 2.5433 0.4606, -0.4567 2.5433 0.4501, -0.4428 2.5433 0.4591, -0.4427 2.5433 0.4401, -0.4342 2.5433 0.4531, -0.4275 2.5433 0.4342, -0.4232 2.5433 0.4488, -0.4049 2.5433 0.4314, -0.4048 2.5433 0.4466, -0.3682 2.5433 0.4314, -0.3854 2.5433 0.4466, -0.3682 2.5433 0.5649, -0.3854 2.5433 0.5495, -0.4062 2.5433 0.5649, -0.4056 2.5433 0.5495, -0.4266 2.5433 0.5626, -0.4237 2.5433 0.5474, -0.4427 2.5433 0.5568, -0.4351 2.5433 0.5431, -0.4567 2.5433 0.5472, -0.4441 2.5433 0.537, -0.4614 2.5433 0.5426, -0.4478 2.5433 0.5333, -0.4697 2.5433 0.5309, -0.453 2.5433 0.5258, -0.4746 2.5433 0.5182, -0.4568 2.5433 0.516, -0.4768 2.5433 0.4999, -0.4587 2.5433 0.4994, -0.4764 2.5433 0.4913, -0.4582 2.5433 0.4906, -0.4732 2.5433 0.4757, -0.4556 2.5433 0.4784, -0.4666 2.5433 0.4619, -0.4049 2.5394 0.4314, -0.3682 2.5394 0.4314, -0.4275 2.5394 0.4342, -0.4427 2.5394 0.4401, -0.4567 2.5394 0.4501, -0.4666 2.5394 0.4619, -0.4732 2.5394 0.4757, -0.4764 2.5394 0.4913, -0.4768 2.5394 0.4999, -0.4746 2.5394 0.5182, -0.4697 2.5394 0.5309, -0.4614 2.5394 0.5426, -0.4567 2.5394 0.5472, -0.4427 2.5394 0.5568, -0.4266 2.5394 0.5626, -0.4062 2.5394 0.5649, -0.3682 2.5394 0.5649, -0.4056 2.5394 0.5495, -0.3854 2.5394 0.5495, -0.3854 2.5394 0.4466, -0.4048 2.5394 0.4466, -0.4445 2.5394 0.4606, -0.4428 2.5394 0.4591, -0.4342 2.5394 0.4531, -0.4232 2.5394 0.4488, -0.4587 2.5394 0.4994, -0.4582 2.5394 0.4906, -0.4556 2.5394 0.4784, -0.451 2.5394 0.4686, -0.4441 2.5394 0.537, -0.4478 2.5394 0.5333, -0.453 2.5394 0.5258, -0.4568 2.5394 0.516, -0.4237 2.5394 0.5474, -0.4351 2.5394 0.5431, -0.4351 2.5394 0.5431
            ]
        }
        coordIndex [
            0,1,2,-1,2,1,3,-1,4,0,5,-1,5,0,2,-1,6,4,7,-1,7,4,5,-1,8,6,9,-1,9,6,7,-1,10,8,11,-1,11,8,9,-1,1,10,3,-1,3,10,11,-1,6,8,4,-1,4,8,10,-1,4,10,0,-1,0,10,1,-1,12,13,14,-1,15,16,14,-1,14,16,17,-1,14,17,12,-1,15,18,16,-1,16,18,19,-1,16,19,20,-1,21,20,22,-1,22,20,19,-1,21,22,23,-1,21,23,24,-1,23,25,24,-1,24,25,26,-1,24,26,27,-1,27,26,28,-1,27,28,29,-1,29,28,30,-1,29,30,31,-1,31,30,32,-1,31,32,33,-1,33,32,34,-1,33,34,35,-1,35,34,36,-1,35,36,37,-1,37,36,38,-1,37,38,39,-1,39,38,40,-1,39,40,41,-1,41,40,42,-1,41,42,43,-1,43,42,44,-1,43,44,45,-1,45,44,46,-1,45,46,47,-1,47,46,48,-1,47,48,49,-1,49,48,50,-1,49,50,51,-1,51,50,52,-1,51,52,53,-1,53,52,54,-1,53,54,55,-1,55,54,56,-1,55,56,57,-1,57,56,58,-1,57,58,59,-1,59,58,60,-1,59,60,61,-1,61,60,62,-1,63,64,62,-1,62,64,65,-1,62,65,61,-1,63,66,64,-1,64,66,67,-1,64,67,68,-1,69,68,70,-1,70,68,67,-1,69,70,71,-1,69,71,72,-1,73,74,75,-1,75,74,72,-1,75,72,76,-1,76,72,71,-1,74,73,77,-1,74,77,78,-1,77,79,78,-1,78,79,80,-1,78,80,81,-1,81,80,82,-1,81,82,83,-1,83,82,84,-1,83,84,85,-1,85,84,86,-1,87,88,86,-1,86,88,89,-1,86,89,85,-1,87,90,88,-1,88,90,91,-1,88,91,92,-1,92,91,93,-1,92,93,94,-1,94,93,95,-1,96,97,95,-1,95,97,98,-1,95,98,94,-1,96,99,97,-1,97,99,100,-1,97,100,101,-1,101,100,102,-1,101,102,103,-1,103,102,104,-1,103,104,105,-1,105,104,106,-1,105,106,107,-1,107,106,108,-1,107,108,109,-1,109,108,13,-1,109,13,12,-1,85,53,83,-1,83,53,55,-1,83,55,81,-1,94,45,92,-1,92,45,47,-1,92,47,88,-1,88,47,89,-1,89,47,49,-1,89,49,85,-1,85,49,51,-1,85,51,53,-1,81,55,78,-1,78,55,57,-1,78,57,74,-1,20,21,16,-1,16,21,24,-1,16,24,17,-1,17,24,27,-1,17,27,12,-1,12,27,29,-1,12,29,109,-1,109,29,31,-1,109,31,107,-1,107,31,33,-1,107,33,105,-1,105,33,35,-1,105,35,103,-1,103,35,37,-1,103,37,101,-1,101,37,39,-1,101,39,97,-1,97,39,98,-1,98,39,41,-1,98,41,94,-1,94,41,43,-1,94,43,45,-1,57,59,74,-1,74,59,61,-1,74,61,72,-1,72,61,65,-1,72,65,69,-1,69,65,64,-1,69,64,68,-1,110,111,112,-1,112,111,113,-1,114,115,116,-1,116,115,110,-1,116,110,112,-1,117,115,118,-1,118,115,114,-1,117,118,119,-1,119,118,120,-1,119,120,121,-1,122,119,123,-1,123,119,121,-1,124,125,126,-1,126,125,122,-1,126,122,123,-1,127,125,128,-1,128,125,124,-1,129,130,131,-1,131,130,127,-1,131,127,128,-1,132,130,133,-1,133,130,129,-1,134,135,136,-1,136,135,132,-1,136,132,133,-1,137,135,138,-1,138,135,134,-1,113,111,139,-1,139,111,137,-1,139,137,138,-1,137,111,110,-1,110,115,137,-1,137,115,117,-1,137,117,135,-1,130,132,127,-1,127,132,135,-1,127,135,125,-1,125,135,117,-1,125,117,122,-1,122,117,119,-1,140,141,142,-1,142,141,143,-1,142,143,144,-1,144,143,145,-1,144,145,146,-1,146,145,147,-1,146,147,148,-1,148,147,149,-1,148,149,150,-1,150,149,151,-1,150,151,152,-1,152,151,153,-1,152,153,154,-1,154,153,155,-1,154,155,156,-1,156,155,157,-1,156,157,158,-1,158,157,159,-1,158,159,160,-1,160,159,161,-1,160,161,162,-1,162,161,163,-1,162,163,164,-1,164,163,165,-1,164,165,166,-1,166,165,167,-1,166,167,168,-1,168,167,169,-1,168,169,170,-1,170,169,171,-1,170,171,172,-1,172,171,173,-1,172,173,174,-1,174,173,140,-1,174,140,142,-1,148,150,175,-1,175,150,176,-1,148,175,177,-1,148,177,146,-1,146,177,178,-1,146,178,144,-1,144,178,179,-1,144,179,142,-1,142,179,180,-1,142,180,174,-1,174,180,181,-1,174,181,172,-1,172,181,182,-1,172,182,170,-1,170,182,183,-1,170,183,168,-1,168,183,184,-1,168,184,166,-1,166,184,185,-1,166,185,164,-1,164,185,186,-1,164,186,162,-1,162,186,187,-1,162,187,160,-1,160,187,188,-1,160,188,158,-1,158,188,189,-1,158,189,156,-1,156,189,190,-1,156,190,154,-1,152,154,191,-1,191,154,190,-1,150,152,176,-1,176,152,191,-1,155,153,192,-1,192,153,193,-1,153,151,193,-1,193,151,194,-1,151,149,194,-1,194,149,195,-1,141,196,197,-1,141,197,143,-1,143,197,198,-1,143,198,145,-1,145,198,199,-1,145,199,147,-1,147,199,195,-1,147,195,149,-1,169,200,201,-1,169,201,171,-1,171,201,202,-1,171,202,173,-1,173,202,203,-1,173,203,140,-1,140,203,196,-1,140,196,141,-1,161,204,205,-1,161,205,163,-1,163,205,206,-1,163,206,165,-1,165,206,207,-1,165,207,167,-1,167,207,200,-1,167,200,169,-1,155,192,208,-1,155,208,157,-1,157,208,209,-1,157,209,159,-1,159,209,204,-1,159,204,161,-1,
        ]
    }
}
Shape{
    appearance Appearance {
        material  Material 	{
            diffuseColor 1.0 1.0 1.0
            specularColor 0.5019607843137255 0.5019607843137255 0.5019607843137255
            ambientIntensity 0.2
            transparency 0
            shininess 0.5
        }
    }
    geometry IndexedFaceSet {
        ccw TRUE
        solid FALSE
        coord DEF co Coordinate {
            point [
                -0.3854 2.5394 0.5495, -0.3854 2.5394 0.4466, -0.4056 2.5394 0.5495, -0.4048 2.5394 0.4466, -0.4232 2.5394 0.4488, -0.4342 2.5394 0.4531, -0.4428 2.5394 0.4591, -0.4445 2.5394 0.4606, -0.451 2.5394 0.4686, -0.4556 2.5394 0.4784, -0.4587 2.5394 0.4994, -0.4441 2.5394 0.537, -0.4351 2.5394 0.5431, -0.4568 2.5394 0.516, -0.453 2.5394 0.5258, -0.4478 2.5394 0.5333, -0.4582 2.5394 0.4906, -0.4237 2.5394 0.5474, -0.4237 2.5394 0.5474
            ]
        }
        coordIndex [
            0,1,2,-1,2,1,3,-1,3,4,2,-1,2,4,5,-1,2,5,6,-1,6,7,2,-1,2,7,8,-1,2,8,9,-1,10,11,12,-1,13,14,10,-1,10,14,15,-1,10,15,11,-1,9,16,2,-1,2,16,10,-1,2,10,17,-1,17,10,12,-1,
        ]
    }
}
Shape{
    appearance Appearance {
        material  Material 	{
            diffuseColor 0.0 0.0 0.0
            specularColor 0.0 0.0 0.0
            ambientIntensity 0.2
            transparency 0
            shininess 0.5
        }
    }
    geometry IndexedFaceSet {
        ccw TRUE
        solid FALSE
        coord DEF co Coordinate {
            point [
                -0.5215 2.5433 0.483, -0.5415 2.5433 0.5385, -0.5351 2.5433 0.5649, -0.4842 2.5433 0.4314, -0.5033 2.5433 0.4314, -0.5161 2.5433 0.4679, -0.5427 2.5433 0.5425, -0.5437 2.5433 0.5478, -0.5535 2.5433 0.5649, -0.5441 2.5433 0.5478, -0.5452 2.5433 0.5422, -0.5462 2.5433 0.5385, -0.5663 2.5433 0.483, -0.6043 2.5433 0.4314, -0.5853 2.5433 0.4314, -0.5717 2.5433 0.4679, -0.5535 2.5394 0.5649, -0.6043 2.5394 0.4314, -0.5351 2.5394 0.5649, -0.4842 2.5394 0.4314, -0.5227 2.5394 0.5324, -0.5033 2.5394 0.4314, -0.5161 2.5394 0.4679, -0.5717 2.5394 0.4679, -0.5227 2.5394 0.4679, -0.5853 2.5394 0.4314, -0.5215 2.5394 0.483, -0.5663 2.5394 0.483, -0.5462 2.5394 0.5385, -0.5441 2.5394 0.5478, -0.5452 2.5394 0.5422, -0.5437 2.5394 0.5478, -0.5415 2.5394 0.5385, -0.5427 2.5394 0.5425, -0.5427 2.5394 0.5425
            ]
        }
        coordIndex [
            0,1,2,-1,3,4,5,-1,1,6,2,-1,2,6,7,-1,2,7,8,-1,8,7,9,-1,8,9,10,-1,10,11,8,-1,8,11,12,-1,8,12,13,-1,14,13,15,-1,15,13,12,-1,15,12,5,-1,5,12,0,-1,5,0,3,-1,3,0,2,-1,8,13,16,-1,16,13,17,-1,2,8,18,-1,18,8,16,-1,19,3,20,-1,20,3,2,-1,20,2,18,-1,4,3,21,-1,21,3,19,-1,5,4,22,-1,22,4,21,-1,23,15,24,-1,24,15,5,-1,24,5,22,-1,14,15,25,-1,25,15,23,-1,13,14,17,-1,17,14,25,-1,0,12,26,-1,26,12,27,-1,12,11,27,-1,27,11,28,-1,9,29,30,-1,9,30,10,-1,10,30,28,-1,10,28,11,-1,9,7,29,-1,29,7,31,-1,1,32,33,-1,1,33,6,-1,6,33,31,-1,6,31,7,-1,1,0,32,-1,32,0,26,-1,
        ]
    }
}
Shape{
    appearance Appearance {
        material  Material 	{
            diffuseColor 1.0 1.0 1.0
            specularColor 0.5019607843137255 0.5019607843137255 0.5019607843137255
            ambientIntensity 0.2
            transparency 0
            shininess 0.5
        }
    }
    geometry IndexedFaceSet {
        ccw TRUE
        solid FALSE
        coord DEF co Coordinate {
            point [
                -0.5441 2.5394 0.5478, -0.5437 2.5394 0.5478, -0.5452 2.5394 0.5422, -0.5427 2.5394 0.5425, -0.5462 2.5394 0.5385, -0.5415 2.5394 0.5385, -0.5663 2.5394 0.483, -0.5215 2.5394 0.483, -0.5215 2.5394 0.483
            ]
        }
        coordIndex [
            0,1,2,-1,2,1,3,-1,2,3,4,-1,4,3,5,-1,4,5,6,-1,6,5,7,-1,
        ]
    }
}
Shape{
    appearance Appearance {
        material  Material 	{
            diffuseColor 0.0 0.0 0.0
            specularColor 0.0 0.0 0.0
            ambientIntensity 0.2
            transparency 0
            shininess 0.5
        }
    }
    geometry IndexedFaceSet {
        ccw TRUE
        solid FALSE
        coord DEF co Coordinate {
            point [
                -0.1405 2.5433 0.2349, -0.1405 2.5433 0.2197, -0.1405 2.5394 0.2349, -0.1405 2.5394 0.2197, -0.086 2.5433 0.2349, -0.086 2.5394 0.2349, -0.086 2.5433 0.2798, -0.086 2.5394 0.2798, -0.1337 2.5433 0.2798, -0.1337 2.5394 0.2798, -0.1337 2.5433 0.2951, -0.1337 2.5394 0.2951, -0.086 2.5433 0.2951, -0.086 2.5394 0.2951, -0.086 2.5433 0.3378, -0.086 2.5394 0.3378, -0.1375 2.5433 0.3378, -0.1375 2.5394 0.3378, -0.1375 2.5433 0.3532, -0.1375 2.5394 0.3532, -0.0687 2.5433 0.3532, -0.0687 2.5394 0.3532, -0.0687 2.5433 0.2197, -0.0687 2.5394 0.2197, -0.2164 2.5433 0.2197, -0.2331 2.5433 0.2197, -0.2164 2.5433 0.2345, -0.2331 2.5433 0.2811, -0.2164 2.5433 0.2803, -0.18 2.5433 0.2603, -0.1838 2.5433 0.2622, -0.2159 2.5433 0.2345, -0.2071 2.5433 0.2369, -0.2132 2.5433 0.2304, -0.2024 2.5433 0.2337, -0.1941 2.5433 0.2646, -0.2164 2.5433 0.2676, -0.2164 2.5433 0.2584, -0.2164 2.5433 0.2573, -0.2153 2.5433 0.2498, -0.2128 2.5433 0.2439, -0.2092 2.5433 0.239, -0.2158 2.5433 0.2877, -0.2318 2.5433 0.2936, -0.2141 2.5433 0.2937, -0.2292 2.5433 0.3013, -0.2121 2.5433 0.2971, -0.2258 2.5433 0.3067, -0.2096 2.5433 0.2998, -0.2213 2.5433 0.311, -0.2066 2.5433 0.3017, -0.2158 2.5433 0.3142, -0.2027 2.5433 0.3031, -0.2088 2.5433 0.3163, -0.1971 2.5433 0.3036, -0.1986 2.5433 0.3172, -0.1864 2.5433 0.3024, -0.1818 2.5433 0.3152, -0.1759 2.5433 0.2987, -0.1693 2.5433 0.3104, -0.1658 2.5433 0.2921, -0.1658 2.5433 0.3084, -0.1769 2.5433 0.2369, -0.1647 2.5433 0.225, -0.1783 2.5433 0.2355, -0.1703 2.5433 0.2211, -0.1816 2.5433 0.2332, -0.1767 2.5433 0.2186, -0.1854 2.5433 0.2318, -0.1867 2.5433 0.2175, -0.1911 2.5433 0.2312, -0.1954 2.5433 0.2184, -0.1973 2.5433 0.2319, -0.2022 2.5433 0.2209, -0.2079 2.5433 0.2247, -0.1736 2.5433 0.2493, -0.1566 2.5433 0.2475, -0.1735 2.5433 0.2466, -0.1565 2.5433 0.2452, -0.1739 2.5433 0.2428, -0.1573 2.5433 0.2376, -0.175 2.5433 0.2397, -0.1594 2.5433 0.232, -0.1628 2.5433 0.2269, -0.1881 2.5433 0.2764, -0.1758 2.5433 0.2734, -0.1779 2.5433 0.2587, -0.1685 2.5433 0.2697, -0.1759 2.5433 0.2562, -0.1634 2.5433 0.2653, -0.1744 2.5433 0.2531, -0.16 2.5433 0.2605, -0.1577 2.5433 0.2547, -0.1986 2.5394 0.3172, -0.1818 2.5394 0.3152, -0.1693 2.5394 0.3104, -0.1658 2.5394 0.3084, -0.1658 2.5394 0.2921, -0.1759 2.5394 0.2987, -0.1864 2.5394 0.3024, -0.1971 2.5394 0.3036, -0.2027 2.5394 0.3031, -0.2066 2.5394 0.3017, -0.2096 2.5394 0.2998, -0.2121 2.5394 0.2971, -0.2141 2.5394 0.2937, -0.2158 2.5394 0.2877, -0.2164 2.5394 0.2803, -0.1881 2.5394 0.2764, -0.1758 2.5394 0.2734, -0.1685 2.5394 0.2697, -0.1634 2.5394 0.2653, -0.16 2.5394 0.2605, -0.1577 2.5394 0.2547, -0.1566 2.5394 0.2475, -0.1565 2.5394 0.2452, -0.1573 2.5394 0.2376, -0.1594 2.5394 0.232, -0.1628 2.5394 0.2269, -0.1647 2.5394 0.225, -0.1867 2.5394 0.2175, -0.177 2.5394 0.2186, -0.1767 2.5394 0.2186, -0.1703 2.5394 0.2211, -0.1954 2.5394 0.2184, -0.1958 2.5394 0.2186, -0.2022 2.5394 0.2209, -0.2079 2.5394 0.2247, -0.2132 2.5394 0.2304, -0.2159 2.5394 0.2345, -0.2164 2.5394 0.2345, -0.2164 2.5394 0.2197, -0.2331 2.5394 0.2197, -0.2331 2.5394 0.2811, -0.2318 2.5394 0.2936, -0.2292 2.5394 0.3013, -0.2258 2.5394 0.3067, -0.2213 2.5394 0.311, -0.2158 2.5394 0.3142, -0.2088 2.5394 0.3163, -0.1779 2.5394 0.2587, -0.18 2.5394 0.2603, -0.1838 2.5394 0.2622, -0.1941 2.5394 0.2646, -0.1735 2.5394 0.2466, -0.1736 2.5394 0.2493, -0.1744 2.5394 0.2531, -0.1759 2.5394 0.2562, -0.1783 2.5394 0.2355, -0.1769 2.5394 0.2369, -0.175 2.5394 0.2397, -0.1739 2.5394 0.2428, -0.1911 2.5394 0.2312, -0.1854 2.5394 0.2318, -0.1816 2.5394 0.2332, -0.2092 2.5394 0.239, -0.2071 2.5394 0.2369, -0.2024 2.5394 0.2337, -0.1973 2.5394 0.2319, -0.2164 2.5394 0.2584, -0.2164 2.5394 0.2573, -0.2153 2.5394 0.2498, -0.2128 2.5394 0.2439, -0.2164 2.5394 0.2676, -0.2164 2.5394 0.2676
            ]
        }
        coordIndex [
            0,1,2,-1,2,1,3,-1,4,0,5,-1,5,0,2,-1,6,4,7,-1,7,4,5,-1,8,6,9,-1,9,6,7,-1,10,8,11,-1,11,8,9,-1,12,10,13,-1,13,10,11,-1,14,12,15,-1,15,12,13,-1,16,14,17,-1,17,14,15,-1,18,16,19,-1,19,16,17,-1,20,18,21,-1,21,18,19,-1,22,20,23,-1,23,20,21,-1,1,22,3,-1,3,22,23,-1,16,18,14,-1,14,18,20,-1,14,20,12,-1,1,0,22,-1,22,0,4,-1,22,4,6,-1,8,10,6,-1,6,10,12,-1,6,12,22,-1,22,12,20,-1,24,25,26,-1,26,25,27,-1,28,29,30,-1,31,32,33,-1,33,32,34,-1,35,36,27,-1,27,36,37,-1,37,38,27,-1,27,38,39,-1,27,39,26,-1,26,39,40,-1,26,40,31,-1,31,40,41,-1,31,41,32,-1,30,35,28,-1,28,35,27,-1,28,27,42,-1,42,27,43,-1,42,43,44,-1,44,43,45,-1,44,45,46,-1,46,45,47,-1,46,47,48,-1,48,47,49,-1,48,49,50,-1,50,49,51,-1,50,51,52,-1,52,51,53,-1,52,53,54,-1,54,53,55,-1,54,55,56,-1,56,55,57,-1,56,57,58,-1,58,57,59,-1,58,59,60,-1,60,59,61,-1,62,63,64,-1,64,63,65,-1,64,65,66,-1,66,65,67,-1,66,67,68,-1,68,67,69,-1,68,69,70,-1,70,69,71,-1,70,71,72,-1,72,71,73,-1,72,73,34,-1,34,73,74,-1,34,74,33,-1,75,76,77,-1,77,76,78,-1,77,78,79,-1,79,78,80,-1,79,80,81,-1,81,80,82,-1,81,82,62,-1,62,82,83,-1,62,83,63,-1,28,84,29,-1,29,84,85,-1,29,85,86,-1,86,85,87,-1,86,87,88,-1,88,87,89,-1,88,89,90,-1,90,89,91,-1,90,91,75,-1,75,91,92,-1,75,92,76,-1,55,93,94,-1,55,94,57,-1,57,94,95,-1,57,95,59,-1,59,95,96,-1,59,96,61,-1,60,61,97,-1,97,61,96,-1,60,97,98,-1,60,98,58,-1,58,98,99,-1,58,99,56,-1,56,99,100,-1,56,100,54,-1,54,100,101,-1,54,101,52,-1,52,101,102,-1,52,102,50,-1,50,102,103,-1,50,103,48,-1,48,103,104,-1,48,104,46,-1,46,104,105,-1,46,105,44,-1,44,105,106,-1,44,106,42,-1,42,106,107,-1,42,107,28,-1,84,28,108,-1,108,28,107,-1,84,108,109,-1,84,109,85,-1,85,109,110,-1,85,110,87,-1,87,110,111,-1,87,111,89,-1,89,111,112,-1,89,112,91,-1,91,112,113,-1,91,113,92,-1,92,113,114,-1,92,114,76,-1,76,114,115,-1,76,115,78,-1,78,115,116,-1,78,116,80,-1,80,116,117,-1,80,117,82,-1,82,117,118,-1,82,118,83,-1,83,118,119,-1,83,119,63,-1,120,69,121,-1,121,69,67,-1,121,67,122,-1,122,67,65,-1,122,65,123,-1,123,65,63,-1,123,63,119,-1,69,120,124,-1,69,124,71,-1,71,124,125,-1,71,125,73,-1,125,126,73,-1,73,126,127,-1,73,127,74,-1,74,127,128,-1,74,128,33,-1,33,128,129,-1,33,129,31,-1,26,31,130,-1,130,31,129,-1,24,26,131,-1,131,26,130,-1,25,24,132,-1,132,24,131,-1,27,25,133,-1,133,25,132,-1,27,133,134,-1,27,134,43,-1,43,134,135,-1,43,135,45,-1,45,135,136,-1,45,136,47,-1,47,136,137,-1,47,137,49,-1,49,137,138,-1,49,138,51,-1,51,138,139,-1,51,139,53,-1,53,139,93,-1,53,93,55,-1,86,140,141,-1,86,141,29,-1,29,141,142,-1,29,142,30,-1,30,142,143,-1,30,143,35,-1,77,144,145,-1,77,145,75,-1,75,145,146,-1,75,146,90,-1,90,146,147,-1,90,147,88,-1,88,147,140,-1,88,140,86,-1,64,148,149,-1,64,149,62,-1,62,149,150,-1,62,150,81,-1,81,150,151,-1,81,151,79,-1,79,151,144,-1,79,144,77,-1,70,152,153,-1,70,153,68,-1,68,153,154,-1,68,154,66,-1,66,154,148,-1,66,148,64,-1,41,155,156,-1,41,156,32,-1,32,156,157,-1,32,157,34,-1,34,157,158,-1,34,158,72,-1,72,158,152,-1,72,152,70,-1,37,159,160,-1,37,160,38,-1,38,160,161,-1,38,161,39,-1,39,161,162,-1,39,162,40,-1,40,162,155,-1,40,155,41,-1,37,36,159,-1,159,36,163,-1,36,35,163,-1,163,35,143,-1,
        ]
    }
}
Shape{
    appearance Appearance {
        material  Material 	{
            diffuseColor 1.0 1.0 1.0
            specularColor 0.5019607843137255 0.5019607843137255 0.5019607843137255
            ambientIntensity 0.2
            transparency 0
            shininess 0.5
        }
    }
    geometry IndexedFaceSet {
        ccw TRUE
        solid FALSE
        coord DEF co Coordinate {
            point [
                -0.2164 2.5394 0.2573, -0.2164 2.5394 0.2584, -0.1779 2.5394 0.2587, -0.2164 2.5394 0.2676, -0.1941 2.5394 0.2646, -0.1838 2.5394 0.2622, -0.18 2.5394 0.2603, -0.2153 2.5394 0.2498, -0.1759 2.5394 0.2562, -0.2128 2.5394 0.2439, -0.1769 2.5394 0.2369, -0.1783 2.5394 0.2355, -0.2071 2.5394 0.2369, -0.175 2.5394 0.2397, -0.2024 2.5394 0.2337, -0.1973 2.5394 0.2319, -0.1911 2.5394 0.2312, -0.1744 2.5394 0.2531, -0.1736 2.5394 0.2493, -0.2092 2.5394 0.239, -0.1735 2.5394 0.2466, -0.1739 2.5394 0.2428, -0.1816 2.5394 0.2332, -0.1854 2.5394 0.2318, -0.1854 2.5394 0.2318
            ]
        }
        coordIndex [
            0,1,2,-1,1,3,4,-1,4,5,1,-1,1,5,6,-1,1,6,2,-1,0,2,7,-1,7,2,8,-1,7,8,9,-1,10,11,12,-1,10,12,13,-1,14,12,15,-1,15,12,16,-1,8,17,9,-1,9,17,18,-1,9,18,19,-1,19,18,20,-1,19,20,12,-1,12,20,21,-1,12,21,13,-1,11,22,12,-1,12,22,23,-1,12,23,16,-1,
        ]
    }
}
Shape{
    appearance Appearance {
        material  Material 	{
            diffuseColor 0.0 0.0 0.0
            specularColor 0.0 0.0 0.0
            ambientIntensity 0.2
            transparency 0
            shininess 0.5
        }
    }
    geometry IndexedFaceSet {
        ccw TRUE
        solid FALSE
        coord DEF co Coordinate {
            point [
                -0.2557 2.5394 0.2403, -0.2557 2.5433 0.2403, -0.2622 2.5433 0.2363, -0.2832 2.5433 0.2311, -0.2832 2.5394 0.2311, -0.2727 2.5394 0.2324, -0.2727 2.5433 0.2324, -0.2635 2.5394 0.2359, -0.2622 2.5394 0.2363, -0.2557 2.5433 0.2231, -0.2557 2.5394 0.2231, -0.2662 2.5433 0.2192, -0.2635 2.5394 0.2203, -0.2816 2.5394 0.2175, -0.2816 2.5433 0.2175, -0.2718 2.5394 0.2186, -0.2662 2.5394 0.2192, -0.293 2.5394 0.2186, -0.2945 2.5433 0.2188, -0.2945 2.5394 0.2188, -0.3038 2.5394 0.2218, -0.3038 2.5433 0.2218, -0.3094 2.5394 0.2251, -0.3094 2.5433 0.2251, -0.3141 2.5394 0.2292, -0.3141 2.5433 0.2292, -0.3173 2.5394 0.2336, -0.3173 2.5433 0.2336, -0.3193 2.5394 0.2389, -0.3193 2.5433 0.2389, -0.3201 2.5394 0.2457, -0.3201 2.5433 0.2457, -0.3194 2.5394 0.2519, -0.3194 2.5433 0.2519, -0.3176 2.5394 0.2568, -0.3176 2.5433 0.2568, -0.3145 2.5394 0.2614, -0.3145 2.5433 0.2614, -0.3105 2.5394 0.265, -0.3105 2.5433 0.265, -0.2994 2.5394 0.2711, -0.2994 2.5433 0.2711, -0.293 2.5394 0.2738, -0.293 2.5433 0.2738, -0.2826 2.5394 0.2783, -0.2826 2.5433 0.2783, -0.2767 2.5394 0.282, -0.2767 2.5433 0.282, -0.2751 2.5394 0.2837, -0.2751 2.5433 0.2837, -0.2739 2.5394 0.286, -0.2739 2.5433 0.286, -0.2732 2.5394 0.2886, -0.2732 2.5433 0.2886, -0.2731 2.5394 0.2908, -0.2731 2.5433 0.2908, -0.2734 2.5394 0.2935, -0.2734 2.5433 0.2935, -0.2742 2.5394 0.2957, -0.2742 2.5433 0.2957, -0.2756 2.5394 0.2979, -0.2756 2.5433 0.2979, -0.2782 2.5394 0.3001, -0.2782 2.5433 0.3001, -0.2819 2.5394 0.3021, -0.2819 2.5433 0.3021, -0.2864 2.5394 0.3033, -0.2864 2.5433 0.3033, -0.2913 2.5394 0.3036, -0.2913 2.5433 0.3036, -0.3023 2.5394 0.3024, -0.3023 2.5433 0.3024, -0.3117 2.5394 0.2989, -0.3117 2.5433 0.2989, -0.3155 2.5394 0.2968, -0.3155 2.5433 0.2968, -0.3155 2.5433 0.313, -0.3155 2.5394 0.313, -0.3044 2.5394 0.3162, -0.3044 2.5433 0.3162, -0.293 2.5394 0.3172, -0.293 2.5433 0.3172, -0.281 2.5394 0.316, -0.281 2.5433 0.316, -0.2717 2.5394 0.3127, -0.2717 2.5433 0.3127, -0.2666 2.5394 0.3097, -0.2666 2.5433 0.3097, -0.2616 2.5433 0.3052, -0.2635 2.5394 0.3069, -0.2616 2.5394 0.3052, -0.2585 2.5394 0.3007, -0.2585 2.5433 0.3007, -0.2565 2.5394 0.2953, -0.2565 2.5433 0.2953, -0.2558 2.5394 0.2893, -0.2558 2.5433 0.2893, -0.2566 2.5394 0.2828, -0.2566 2.5433 0.2828, -0.2584 2.5394 0.2777, -0.2584 2.5433 0.2777, -0.2606 2.5394 0.2742, -0.2606 2.5433 0.2742, -0.2812 2.5394 0.2616, -0.2812 2.5433 0.2616, -0.2712 2.5433 0.2662, -0.2633 2.5394 0.2714, -0.2633 2.5433 0.2714, -0.2635 2.5394 0.2713, -0.2712 2.5394 0.2662, -0.2921 2.5394 0.257, -0.2921 2.5433 0.257, -0.2987 2.5394 0.2531, -0.2987 2.5433 0.2531, -0.3007 2.5394 0.2509, -0.3007 2.5433 0.2509, -0.302 2.5394 0.2487, -0.302 2.5433 0.2487, -0.3028 2.5394 0.2461, -0.3028 2.5433 0.2461, -0.303 2.5394 0.244, -0.303 2.5433 0.244, -0.3026 2.5394 0.2408, -0.3026 2.5433 0.2408, -0.3018 2.5394 0.2385, -0.3018 2.5433 0.2385, -0.3003 2.5394 0.2363, -0.3003 2.5433 0.2363, -0.2984 2.5394 0.2346, -0.2984 2.5433 0.2346, -0.2969 2.5394 0.2337, -0.2969 2.5433 0.2337, -0.2925 2.5394 0.2321, -0.2925 2.5433 0.2321, -0.284 2.5394 0.2311, -0.284 2.5433 0.2311, -0.403 2.5433 0.315, -0.4203 2.5433 0.315, -0.403 2.5394 0.315, -0.4203 2.5394 0.315, -0.3769 2.5433 0.2433, -0.3769 2.5394 0.2433, -0.3757 2.5394 0.2388, -0.3757 2.5433 0.2388, -0.3749 2.5394 0.2356, -0.3749 2.5433 0.2356, -0.3745 2.5433 0.2356, -0.3745 2.5394 0.2356, -0.3724 2.5433 0.2434, -0.3724 2.5394 0.2434, -0.3475 2.5394 0.315, -0.3475 2.5433 0.315, -0.3556 2.5394 0.2918, -0.3288 2.5433 0.315, -0.3288 2.5394 0.315, -0.3662 2.5394 0.2199, -0.3662 2.5433 0.2199, -0.3556 2.5394 0.247, -0.3589 2.5394 0.2026, -0.3589 2.5433 0.2026, -0.3656 2.5394 0.2186, -0.3556 2.5394 0.1966, -0.3556 2.5433 0.1966, -0.3556 2.5394 0.1966, -0.3524 2.5394 0.1931, -0.3524 2.5433 0.1931, -0.3495 2.5394 0.191, -0.3495 2.5433 0.191, -0.3459 2.5394 0.1896, -0.3459 2.5433 0.1896, -0.3417 2.5394 0.1892, -0.3417 2.5433 0.1892, -0.3357 2.5394 0.19, -0.3357 2.5433 0.19, -0.3323 2.5394 0.1911, -0.3323 2.5433 0.1911, -0.3323 2.5433 0.1762, -0.3323 2.5394 0.1762, -0.3393 2.5394 0.175, -0.3393 2.5433 0.175, -0.343 2.5394 0.1748, -0.343 2.5433 0.1748, -0.3498 2.5394 0.1756, -0.3498 2.5433 0.1756, -0.3556 2.5394 0.1778, -0.3564 2.5433 0.1781, -0.3564 2.5394 0.1781, -0.3622 2.5394 0.1822, -0.3622 2.5433 0.1822, -0.3634 2.5394 0.1833, -0.3634 2.5433 0.1833, -0.3695 2.5394 0.1906, -0.3695 2.5433 0.1906, -0.377 2.5394 0.2053, -0.377 2.5433 0.2053, -0.3823 2.5394 0.2186, -0.5101 2.5433 0.2349, -0.5101 2.5433 0.2197, -0.5101 2.5394 0.2349, -0.5101 2.5394 0.2197, -0.4555 2.5394 0.2349, -0.4555 2.5433 0.2349, -0.4805 2.5394 0.2349, -0.4555 2.5433 0.2798, -0.4555 2.5394 0.2798, -0.5033 2.5394 0.2798, -0.5033 2.5433 0.2798, -0.4805 2.5394 0.2798, -0.5033 2.5433 0.2951, -0.5033 2.5394 0.2951, -0.4555 2.5394 0.2951, -0.4555 2.5433 0.2951, -0.4805 2.5394 0.2951, -0.4555 2.5433 0.3378, -0.4555 2.5394 0.3378, -0.507 2.5394 0.3378, -0.507 2.5433 0.3378, -0.4805 2.5394 0.3378, -0.507 2.5433 0.3532, -0.507 2.5394 0.3532, -0.4383 2.5394 0.3532, -0.4383 2.5433 0.3532, -0.4805 2.5394 0.3532, -0.4383 2.5433 0.2197, -0.4383 2.5394 0.2197, -0.4805 2.5394 0.2197, -0.6181 2.5433 0.2569, -0.6116 2.5433 0.2489, -0.6238 2.5433 0.2384, -0.61 2.5433 0.2474, -0.6098 2.5433 0.2284, -0.6013 2.5433 0.2414, -0.5946 2.5433 0.2225, -0.5903 2.5433 0.2371, -0.572 2.5433 0.2197, -0.5719 2.5433 0.2349, -0.5353 2.5433 0.2197, -0.5525 2.5433 0.2349, -0.5353 2.5433 0.3532, -0.5525 2.5433 0.3378, -0.5734 2.5433 0.3532, -0.5727 2.5433 0.3378, -0.5937 2.5433 0.3509, -0.5908 2.5433 0.3357, -0.6098 2.5433 0.345, -0.6022 2.5433 0.3314, -0.6238 2.5433 0.3355, -0.6112 2.5433 0.3253, -0.6286 2.5433 0.3309, -0.615 2.5433 0.3216, -0.6368 2.5433 0.3192, -0.6201 2.5433 0.3141, -0.6417 2.5433 0.3065, -0.6239 2.5433 0.3043, -0.6439 2.5433 0.2882, -0.6258 2.5433 0.2877, -0.6435 2.5433 0.2796, -0.6254 2.5433 0.2789, -0.6403 2.5433 0.264, -0.6227 2.5433 0.2667, -0.6337 2.5433 0.2502, -0.572 2.5394 0.2197, -0.5353 2.5394 0.2197, -0.5946 2.5394 0.2225, -0.6098 2.5394 0.2284, -0.6238 2.5394 0.2384, -0.6337 2.5394 0.2502, -0.6403 2.5394 0.264, -0.6435 2.5394 0.2796, -0.6439 2.5394 0.2882, -0.6417 2.5394 0.3065, -0.6368 2.5394 0.3192, -0.6286 2.5394 0.3309, -0.6238 2.5394 0.3355, -0.6098 2.5394 0.345, -0.5937 2.5394 0.3509, -0.5734 2.5394 0.3532, -0.5353 2.5394 0.3532, -0.5727 2.5394 0.3378, -0.5525 2.5394 0.3378, -0.5525 2.5394 0.2349, -0.5719 2.5394 0.2349, -0.6116 2.5394 0.2489, -0.61 2.5394 0.2474, -0.6013 2.5394 0.2414, -0.5903 2.5394 0.2371, -0.6258 2.5394 0.2877, -0.6254 2.5394 0.2789, -0.6227 2.5394 0.2667, -0.6181 2.5394 0.2569, -0.6112 2.5394 0.3253, -0.615 2.5394 0.3216, -0.6201 2.5394 0.3141, -0.6239 2.5394 0.3043, -0.5908 2.5394 0.3357, -0.6022 2.5394 0.3314, -0.6022 2.5394 0.3314
            ]
        }
        coordIndex [
            0,1,2,-1,3,4,5,-1,3,5,6,-1,6,5,7,-1,6,7,2,-1,2,7,8,-1,2,8,0,-1,9,1,10,-1,10,1,0,-1,9,10,11,-1,11,10,12,-1,13,14,15,-1,15,14,11,-1,15,11,16,-1,16,11,12,-1,13,17,14,-1,14,17,18,-1,17,19,18,-1,18,19,20,-1,18,20,21,-1,21,20,22,-1,21,22,23,-1,23,22,24,-1,23,24,25,-1,25,24,26,-1,25,26,27,-1,27,26,28,-1,27,28,29,-1,29,28,30,-1,29,30,31,-1,31,30,32,-1,31,32,33,-1,33,32,34,-1,33,34,35,-1,35,34,36,-1,35,36,37,-1,37,36,38,-1,37,38,39,-1,39,38,40,-1,39,40,41,-1,41,40,42,-1,41,42,43,-1,43,42,44,-1,43,44,45,-1,45,44,46,-1,45,46,47,-1,47,46,48,-1,47,48,49,-1,49,48,50,-1,49,50,51,-1,51,50,52,-1,51,52,53,-1,53,52,54,-1,53,54,55,-1,55,54,56,-1,55,56,57,-1,57,56,58,-1,57,58,59,-1,59,58,60,-1,59,60,61,-1,61,60,62,-1,61,62,63,-1,63,62,64,-1,63,64,65,-1,65,64,66,-1,65,66,67,-1,67,66,68,-1,67,68,69,-1,69,68,70,-1,69,70,71,-1,71,70,72,-1,71,72,73,-1,73,72,74,-1,73,74,75,-1,76,75,77,-1,77,75,74,-1,76,77,78,-1,76,78,79,-1,79,78,80,-1,79,80,81,-1,81,80,82,-1,81,82,83,-1,83,82,84,-1,83,84,85,-1,85,84,86,-1,85,86,87,-1,87,86,88,-1,88,86,89,-1,89,90,88,-1,88,90,91,-1,88,91,92,-1,92,91,93,-1,92,93,94,-1,94,93,95,-1,94,95,96,-1,96,95,97,-1,96,97,98,-1,98,97,99,-1,98,99,100,-1,100,99,101,-1,100,101,102,-1,103,104,105,-1,102,101,106,-1,102,106,107,-1,107,106,108,-1,107,108,105,-1,105,108,109,-1,105,109,103,-1,104,103,110,-1,104,110,111,-1,111,110,112,-1,111,112,113,-1,113,112,114,-1,113,114,115,-1,115,114,116,-1,115,116,117,-1,117,116,118,-1,117,118,119,-1,119,118,120,-1,119,120,121,-1,121,120,122,-1,121,122,123,-1,123,122,124,-1,123,124,125,-1,125,124,126,-1,125,126,127,-1,127,126,128,-1,127,128,129,-1,129,128,130,-1,129,130,131,-1,131,130,132,-1,131,132,133,-1,133,132,134,-1,133,134,135,-1,135,134,4,-1,135,4,3,-1,61,63,85,-1,85,63,83,-1,45,104,43,-1,43,104,111,-1,43,111,41,-1,14,3,11,-1,11,3,6,-1,11,6,9,-1,9,6,2,-1,9,2,1,-1,63,65,83,-1,83,65,67,-1,83,67,81,-1,81,67,69,-1,81,69,79,-1,79,69,71,-1,79,71,76,-1,76,71,73,-1,76,73,75,-1,41,111,39,-1,39,111,113,-1,39,113,37,-1,37,113,115,-1,37,115,35,-1,35,115,117,-1,35,117,33,-1,33,117,119,-1,33,119,31,-1,31,119,121,-1,31,121,29,-1,29,121,123,-1,29,123,27,-1,27,123,125,-1,27,125,25,-1,25,125,127,-1,25,127,23,-1,23,127,129,-1,23,129,21,-1,21,129,131,-1,21,131,18,-1,18,131,133,-1,18,133,14,-1,14,133,135,-1,14,135,3,-1,85,87,61,-1,61,87,88,-1,61,88,59,-1,59,88,92,-1,59,92,57,-1,57,92,94,-1,57,94,55,-1,55,94,96,-1,55,96,53,-1,53,96,98,-1,53,98,51,-1,51,98,100,-1,51,100,49,-1,49,100,102,-1,49,102,47,-1,47,102,107,-1,47,107,45,-1,45,107,105,-1,45,105,104,-1,136,137,138,-1,138,137,139,-1,140,136,141,-1,141,136,138,-1,140,141,142,-1,140,142,143,-1,143,142,144,-1,143,144,145,-1,146,145,147,-1,147,145,144,-1,148,146,149,-1,149,146,147,-1,150,151,152,-1,152,151,148,-1,152,148,149,-1,153,151,154,-1,154,151,150,-1,155,156,157,-1,157,156,153,-1,157,153,154,-1,158,159,160,-1,160,159,156,-1,160,156,155,-1,158,161,159,-1,159,161,162,-1,161,163,162,-1,162,163,164,-1,162,164,165,-1,165,164,166,-1,165,166,167,-1,167,166,168,-1,167,168,169,-1,169,168,170,-1,169,170,171,-1,171,170,172,-1,171,172,173,-1,173,172,174,-1,173,174,175,-1,176,175,177,-1,177,175,174,-1,176,177,178,-1,176,178,179,-1,179,178,180,-1,179,180,181,-1,181,180,182,-1,181,182,183,-1,183,182,184,-1,183,184,185,-1,184,186,185,-1,185,186,187,-1,185,187,188,-1,188,187,189,-1,188,189,190,-1,190,189,191,-1,190,191,192,-1,192,191,193,-1,192,193,194,-1,139,137,195,-1,195,137,194,-1,195,194,193,-1,143,145,194,-1,137,136,194,-1,194,136,140,-1,194,140,143,-1,151,153,148,-1,148,153,156,-1,148,156,146,-1,175,176,173,-1,173,176,179,-1,173,179,171,-1,171,179,181,-1,171,181,169,-1,169,181,183,-1,169,183,167,-1,167,183,185,-1,167,185,165,-1,145,146,194,-1,194,146,156,-1,194,156,192,-1,156,159,192,-1,192,159,162,-1,192,162,190,-1,190,162,165,-1,190,165,188,-1,188,165,185,-1,196,197,198,-1,198,197,199,-1,200,201,202,-1,202,201,196,-1,202,196,198,-1,203,201,204,-1,204,201,200,-1,205,206,207,-1,207,206,203,-1,207,203,204,-1,208,206,209,-1,209,206,205,-1,210,211,212,-1,212,211,208,-1,212,208,209,-1,213,211,214,-1,214,211,210,-1,215,216,217,-1,217,216,213,-1,217,213,214,-1,218,216,219,-1,219,216,215,-1,220,221,222,-1,222,221,218,-1,222,218,219,-1,223,221,224,-1,224,221,220,-1,199,197,225,-1,225,197,223,-1,225,223,224,-1,206,208,203,-1,203,208,211,-1,197,196,223,-1,223,196,201,-1,216,218,213,-1,213,218,221,-1,213,221,211,-1,211,221,223,-1,211,223,203,-1,203,223,201,-1,226,227,228,-1,228,227,229,-1,228,229,230,-1,230,229,231,-1,230,231,232,-1,232,231,233,-1,232,233,234,-1,234,233,235,-1,234,235,236,-1,236,235,237,-1,236,237,238,-1,238,237,239,-1,238,239,240,-1,240,239,241,-1,240,241,242,-1,242,241,243,-1,242,243,244,-1,244,243,245,-1,244,245,246,-1,246,245,247,-1,246,247,248,-1,248,247,249,-1,248,249,250,-1,250,249,251,-1,250,251,252,-1,252,251,253,-1,252,253,254,-1,254,253,255,-1,254,255,256,-1,256,255,257,-1,256,257,258,-1,258,257,259,-1,258,259,260,-1,260,259,226,-1,260,226,228,-1,234,236,261,-1,261,236,262,-1,234,261,263,-1,234,263,232,-1,232,263,264,-1,232,264,230,-1,230,264,265,-1,230,265,228,-1,228,265,266,-1,228,266,260,-1,260,266,267,-1,260,267,258,-1,258,267,268,-1,258,268,256,-1,256,268,269,-1,256,269,254,-1,254,269,270,-1,254,270,252,-1,252,270,271,-1,252,271,250,-1,250,271,272,-1,250,272,248,-1,248,272,273,-1,248,273,246,-1,246,273,274,-1,246,274,244,-1,244,274,275,-1,244,275,242,-1,242,275,276,-1,242,276,240,-1,238,240,277,-1,277,240,276,-1,236,238,262,-1,262,238,277,-1,241,239,278,-1,278,239,279,-1,239,237,279,-1,279,237,280,-1,237,235,280,-1,280,235,281,-1,227,282,283,-1,227,283,229,-1,229,283,284,-1,229,284,231,-1,231,284,285,-1,231,285,233,-1,233,285,281,-1,233,281,235,-1,255,286,287,-1,255,287,257,-1,257,287,288,-1,257,288,259,-1,259,288,289,-1,259,289,226,-1,226,289,282,-1,226,282,227,-1,247,290,291,-1,247,291,249,-1,249,291,292,-1,249,292,251,-1,251,292,293,-1,251,293,253,-1,253,293,286,-1,253,286,255,-1,241,278,294,-1,241,294,243,-1,243,294,295,-1,243,295,245,-1,245,295,290,-1,245,290,247,-1,
        ]
    }
}
Shape{
    appearance Appearance {
        material  Material 	{
            diffuseColor 1.0 1.0 1.0
            specularColor 0.5019607843137255 0.5019607843137255 0.5019607843137255
            ambientIntensity 0.2
            transparency 0
            shininess 0.5
        }
    }
    geometry IndexedFaceSet {
        ccw TRUE
        solid FALSE
        coord DEF co Coordinate {
            point [
                -0.5525 2.5394 0.3378, -0.5525 2.5394 0.2349, -0.5727 2.5394 0.3378, -0.5719 2.5394 0.2349, -0.5903 2.5394 0.2371, -0.6013 2.5394 0.2414, -0.61 2.5394 0.2474, -0.6116 2.5394 0.2489, -0.6181 2.5394 0.2569, -0.6227 2.5394 0.2667, -0.6258 2.5394 0.2877, -0.6112 2.5394 0.3253, -0.6022 2.5394 0.3314, -0.6239 2.5394 0.3043, -0.6201 2.5394 0.3141, -0.615 2.5394 0.3216, -0.6254 2.5394 0.2789, -0.5908 2.5394 0.3357, -0.5908 2.5394 0.3357
            ]
        }
        coordIndex [
            0,1,2,-1,2,1,3,-1,3,4,2,-1,2,4,5,-1,2,5,6,-1,6,7,2,-1,2,7,8,-1,2,8,9,-1,10,11,12,-1,13,14,10,-1,10,14,15,-1,10,15,11,-1,9,16,2,-1,2,16,10,-1,2,10,17,-1,17,10,12,-1,
        ]
    }
}
Shape{
    appearance Appearance {
        material  Material 	{
            diffuseColor 0.0 0.0 0.0
            specularColor 0.0 0.0 0.0
            ambientIntensity 0.2
            transparency 0
            shininess 0.5
        }
    }
    geometry IndexedFaceSet {
        ccw TRUE
        solid FALSE
        coord DEF co Coordinate {
            point [
                -0.6887 2.5433 0.2713, -0.7086 2.5433 0.3268, -0.7022 2.5433 0.3532, -0.6513 2.5433 0.2197, -0.6704 2.5433 0.2197, -0.6832 2.5433 0.2562, -0.7098 2.5433 0.3308, -0.7108 2.5433 0.3361, -0.7206 2.5433 0.3532, -0.7112 2.5433 0.3361, -0.7123 2.5433 0.3305, -0.7133 2.5433 0.3268, -0.7335 2.5433 0.2713, -0.7714 2.5433 0.2197, -0.7524 2.5433 0.2197, -0.7388 2.5433 0.2562, -0.7206 2.5394 0.3532, -0.7714 2.5394 0.2197, -0.7022 2.5394 0.3532, -0.6513 2.5394 0.2197, -0.6704 2.5394 0.2197, -0.6832 2.5394 0.2562, -0.7388 2.5394 0.2562, -0.7524 2.5394 0.2197, -0.6887 2.5394 0.2713, -0.7335 2.5394 0.2713, -0.7133 2.5394 0.3268, -0.7112 2.5394 0.3361, -0.7123 2.5394 0.3305, -0.7108 2.5394 0.3361, -0.7086 2.5394 0.3268, -0.7098 2.5394 0.3308, -0.7098 2.5394 0.3308
            ]
        }
        coordIndex [
            0,1,2,-1,3,4,5,-1,1,6,2,-1,2,6,7,-1,2,7,8,-1,8,7,9,-1,8,9,10,-1,10,11,8,-1,8,11,12,-1,8,12,13,-1,14,13,15,-1,15,13,12,-1,15,12,5,-1,5,12,0,-1,5,0,3,-1,3,0,2,-1,8,13,16,-1,16,13,17,-1,2,8,18,-1,18,8,16,-1,3,2,19,-1,19,2,18,-1,4,3,20,-1,20,3,19,-1,5,4,21,-1,21,4,20,-1,15,5,22,-1,22,5,21,-1,14,15,23,-1,23,15,22,-1,13,14,17,-1,17,14,23,-1,0,12,24,-1,24,12,25,-1,12,11,25,-1,25,11,26,-1,9,27,28,-1,9,28,10,-1,10,28,26,-1,10,26,11,-1,9,7,27,-1,27,7,29,-1,1,30,31,-1,1,31,6,-1,6,31,29,-1,6,29,7,-1,1,0,30,-1,30,0,24,-1,
        ]
    }
}
Shape{
    appearance Appearance {
        material  Material 	{
            diffuseColor 1.0 1.0 1.0
            specularColor 0.5019607843137255 0.5019607843137255 0.5019607843137255
            ambientIntensity 0.2
            transparency 0
            shininess 0.5
        }
    }
    geometry IndexedFaceSet {
        ccw TRUE
        solid FALSE
        coord DEF co Coordinate {
            point [
                -0.7112 2.5394 0.3361, -0.7108 2.5394 0.3361, -0.7123 2.5394 0.3305, -0.7098 2.5394 0.3308, -0.7133 2.5394 0.3268, -0.7086 2.5394 0.3268, -0.7335 2.5394 0.2713, -0.6887 2.5394 0.2713, -0.6887 2.5394 0.2713
            ]
        }
        coordIndex [
            0,1,2,-1,2,1,3,-1,2,3,4,-1,4,3,5,-1,4,5,6,-1,6,5,7,-1,
        ]
    }
}
Shape{
    appearance Appearance {
        material  Material 	{
            diffuseColor 0.0 0.0 0.0
            specularColor 0.0 0.0 0.0
            ambientIntensity 0.2
            transparency 0
            shininess 0.5
        }
    }
    geometry IndexedFaceSet {
        ccw TRUE
        solid FALSE
        coord DEF co Coordinate {
            point [
                0.5206 2.5433 0.2008, 0.5065 2.5433 0.1834, 0.5292 2.5433 0.2847, 0.2123 2.5433 0.3312, 0.2417 2.5433 0.3815, 0.3688 2.5433 0.3151, 0.4342 2.5433 0.2869, 0.4253 2.5433 0.2841, 0.5457 2.5433 0.4496, 0.5246 2.5433 0.4608, 0.5296 2.5433 0.5192, 0.4704 2.5433 0.5219, 0.441 2.5433 0.4527, 0.4265 2.5433 0.4827, 0.5499 2.5433 0.2975, 0.5421 2.5433 0.2248, 0.5301 2.5433 0.2212, 0.4922 2.5433 0.5238, 0.4174 2.5433 0.2791, 0.4111 2.5433 0.2725, 0.3451 2.5433 0.261, 0.4068 2.5433 0.2648, 0.4044 2.5433 0.2561, 0.3451 2.5433 0.2515, 0.4041 2.5433 0.2469, 0.3456 2.5433 0.2416, 0.4502 2.5433 0.2864, 0.4627 2.5433 0.3446, 0.4585 2.5433 0.2831, 0.4836 2.5433 0.3365, 0.4659 2.5433 0.2779, 0.503 2.5433 0.3231, 0.4698 2.5433 0.2738, 0.5187 2.5433 0.3051, 0.4747 2.5433 0.2659, 0.4774 2.5433 0.257, 0.4779 2.5433 0.2477, 0.4056 2.5433 0.341, 0.4285 2.5433 0.3467, 0.44 2.5433 0.3474, 0.181 2.5433 0.4252, 0.1734 2.5433 0.4252, 0.1345 2.5433 0.4764, 0.1553 2.5433 0.4229, 0.1298 2.5433 0.4748, 0.1388 2.5433 0.4166, 0.1016 2.5433 0.4608, 0.0759 2.5433 0.439, 0.4509 2.5433 0.5446, 0.4052 2.5433 0.5081, 0.4286 2.5433 0.5637, 0.3797 2.5433 0.5267, 0.4027 2.5433 0.5795, 0.5011 2.5433 0.4664, 0.4912 2.5433 0.4669, 0.4813 2.5433 0.5232, 0.469 2.5433 0.4641, 0.4477 2.5433 0.4564, 0.0757 2.5433 0.262, 0.1199 2.5433 0.2996, 0.1015 2.5433 0.2401, 0.1339 2.5433 0.2882, 0.1304 2.5433 0.2259, 0.1507 2.5433 0.2804, 0.162 2.5433 0.2193, 0.1677 2.5433 0.2771, 0.218 2.5433 0.2193, 0.2104 2.5433 0.2771, 0.2233 2.5433 0.2201, 0.441 2.5433 0.2876, 0.3854 2.5433 0.3302, 0.1241 2.5433 0.4063, 0.1131 2.5433 0.3941, 0.0565 2.5433 0.4121, 0.1043 2.5433 0.3777, 0.0449 2.5433 0.3831, 0.0999 2.5433 0.3595, 0.0406 2.5433 0.3521, 0.0994 2.5433 0.3512, 0.0449 2.5433 0.3182, 0.1017 2.5433 0.3327, 0.0568 2.5433 0.2882, 0.1082 2.5433 0.3158, 0.1186 2.5433 0.301, 0.1857 2.5433 0.5514, 0.2228 2.5433 0.5077, 0.1536 2.5433 0.5139, 0.2014 2.5433 0.4822, 0.1868 2.5433 0.4516, 0.5833 2.5433 0.395, 0.6456 2.5433 0.3792, 0.5861 2.5433 0.372, 0.6459 2.5433 0.3701, 0.585 2.5433 0.3574, 0.6413 2.5433 0.333, 0.5782 2.5433 0.3342, 0.6277 2.5433 0.2977, 0.5669 2.5433 0.315, 0.606 2.5433 0.2667, 0.5764 2.5433 0.2414, 0.4761 2.5433 0.2388, 0.4723 2.5433 0.2309, 0.3588 2.5433 0.5956, 0.3487 2.5433 0.5393, 0.3148 2.5433 0.6007, 0.3138 2.5433 0.5438, 0.2711 2.5433 0.5956, 0.2816 2.5433 0.5398, 0.2239 2.5433 0.5776, 0.2519 2.5433 0.5284, 0.2252 2.5433 0.5099, 0.5647 2.5433 0.5056, 0.5949 2.5433 0.4844, 0.562 2.5433 0.4351, 0.6013 2.5433 0.4783, 0.5752 2.5433 0.4162, 0.6241 2.5433 0.4491, 0.6393 2.5433 0.4149, 0.3512 2.5433 0.2182, 0.4062 2.5433 0.2378, 0.3624 2.5433 0.1971, 0.4105 2.5433 0.2296, 0.377 2.5433 0.1808, 0.4162 2.5433 0.2231, 0.3959 2.5433 0.1676, 0.4234 2.5433 0.218, 0.417 2.5433 0.1595, 0.4316 2.5433 0.2148, 0.44 2.5433 0.1566, 0.441 2.5433 0.2136, 0.4437 2.5433 0.1567, 0.4426 2.5433 0.2136, 0.4661 2.5433 0.1602, 0.4511 2.5433 0.215, 0.4879 2.5433 0.1694, 0.4597 2.5433 0.2187, 0.4669 2.5433 0.2242, 0.2152 2.5433 0.278, 0.238 2.5433 0.2292, 0.2358 2.5433 0.227, 0.2123 2.5433 0.2774, 0.2296 2.5433 0.2226, 0.2455 2.5433 0.2487, 0.2446 2.5433 0.2416, 0.2421 2.5433 0.2352, 0.2234 2.5433 0.2772, 0.23 2.5433 0.2746, 0.2453 2.5433 0.2524, 0.2358 2.5433 0.2704, 0.2397 2.5433 0.2661, 0.2434 2.5433 0.2596, 0.2161 2.5433 0.2781, 0.0406 2.5394 0.3521, 0.0449 2.5394 0.3831, 0.0481 2.5394 0.3912, 0.0565 2.5394 0.4121, 0.0759 2.5394 0.439, 0.1016 2.5394 0.4608, 0.1298 2.5394 0.4748, 0.1345 2.5394 0.4764, 0.1536 2.5394 0.5139, 0.1857 2.5394 0.5514, 0.207 2.5394 0.566, 0.2239 2.5394 0.5776, 0.2711 2.5394 0.5956, 0.3148 2.5394 0.6007, 0.3588 2.5394 0.5956, 0.4027 2.5394 0.5795, 0.4248 2.5394 0.566, 0.4286 2.5394 0.5637, 0.4509 2.5394 0.5446, 0.4704 2.5394 0.5219, 0.4813 2.5394 0.5232, 0.4922 2.5394 0.5238, 0.5296 2.5394 0.5192, 0.5647 2.5394 0.5056, 0.5949 2.5394 0.4844, 0.6013 2.5394 0.4783, 0.6459 2.5394 0.3701, 0.6241 2.5394 0.4491, 0.6393 2.5394 0.4149, 0.6435 2.5394 0.3912, 0.6456 2.5394 0.3792, 0.6413 2.5394 0.333, 0.6277 2.5394 0.2977, 0.606 2.5394 0.2667, 0.5764 2.5394 0.2414, 0.5421 2.5394 0.2248, 0.5301 2.5394 0.2212, 0.5289 2.5394 0.2186, 0.5206 2.5394 0.2008, 0.5065 2.5394 0.1834, 0.4879 2.5394 0.1694, 0.4792 2.5394 0.1657, 0.4661 2.5394 0.1602, 0.4437 2.5394 0.1567, 0.44 2.5394 0.1566, 0.3451 2.5394 0.2515, 0.417 2.5394 0.1595, 0.4007 2.5394 0.1657, 0.3959 2.5394 0.1676, 0.377 2.5394 0.1808, 0.3624 2.5394 0.1971, 0.3512 2.5394 0.2182, 0.3511 2.5394 0.2186, 0.3456 2.5394 0.2416, 0.3451 2.5394 0.261, 0.2123 2.5394 0.3312, 0.2417 2.5394 0.3815, 0.3688 2.5394 0.3151, 0.3854 2.5394 0.3302, 0.4056 2.5394 0.341, 0.4285 2.5394 0.3467, 0.44 2.5394 0.3474, 0.4627 2.5394 0.3446, 0.4836 2.5394 0.3365, 0.503 2.5394 0.3231, 0.5187 2.5394 0.3051, 0.5292 2.5394 0.2847, 0.5499 2.5394 0.2975, 0.5669 2.5394 0.315, 0.5782 2.5394 0.3342, 0.585 2.5394 0.3574, 0.5861 2.5394 0.372, 0.5838 2.5394 0.3912, 0.5833 2.5394 0.395, 0.5752 2.5394 0.4162, 0.562 2.5394 0.4351, 0.5457 2.5394 0.4496, 0.5246 2.5394 0.4608, 0.5011 2.5394 0.4664, 0.4912 2.5394 0.4669, 0.469 2.5394 0.4641, 0.4477 2.5394 0.4564, 0.441 2.5394 0.4527, 0.4265 2.5394 0.4827, 0.4052 2.5394 0.5081, 0.3797 2.5394 0.5267, 0.3487 2.5394 0.5393, 0.3138 2.5394 0.5438, 0.2816 2.5394 0.5398, 0.2519 2.5394 0.5284, 0.2252 2.5394 0.5099, 0.2228 2.5394 0.5077, 0.2014 2.5394 0.4822, 0.1868 2.5394 0.4516, 0.181 2.5394 0.4252, 0.1734 2.5394 0.4252, 0.1553 2.5394 0.4229, 0.1388 2.5394 0.4166, 0.1241 2.5394 0.4063, 0.1131 2.5394 0.3941, 0.1116 2.5394 0.3912, 0.1043 2.5394 0.3777, 0.0999 2.5394 0.3595, 0.0994 2.5394 0.3512, 0.1017 2.5394 0.3327, 0.1082 2.5394 0.3158, 0.1186 2.5394 0.301, 0.1199 2.5394 0.2996, 0.1339 2.5394 0.2882, 0.1507 2.5394 0.2804, 0.1677 2.5394 0.2771, 0.2104 2.5394 0.2771, 0.2123 2.5394 0.2774, 0.2152 2.5394 0.278, 0.2161 2.5394 0.2781, 0.2234 2.5394 0.2772, 0.23 2.5394 0.2746, 0.2358 2.5394 0.2704, 0.2397 2.5394 0.2661, 0.2434 2.5394 0.2596, 0.2453 2.5394 0.2524, 0.2455 2.5394 0.2487, 0.2446 2.5394 0.2416, 0.2421 2.5394 0.2352, 0.238 2.5394 0.2292, 0.2358 2.5394 0.227, 0.2296 2.5394 0.2226, 0.2233 2.5394 0.2201, 0.218 2.5394 0.2193, 0.162 2.5394 0.2193, 0.1304 2.5394 0.2259, 0.1015 2.5394 0.2401, 0.0757 2.5394 0.262, 0.0568 2.5394 0.2882, 0.0449 2.5394 0.3182, 0.441 2.5394 0.2876, 0.4342 2.5394 0.2869, 0.4253 2.5394 0.2841, 0.4174 2.5394 0.2791, 0.4111 2.5394 0.2725, 0.4068 2.5394 0.2648, 0.4044 2.5394 0.2561, 0.4041 2.5394 0.2469, 0.4062 2.5394 0.2378, 0.4105 2.5394 0.2296, 0.4162 2.5394 0.2231, 0.4234 2.5394 0.218, 0.4316 2.5394 0.2148, 0.441 2.5394 0.2136, 0.4426 2.5394 0.2136, 0.4511 2.5394 0.215, 0.4597 2.5394 0.2187, 0.4669 2.5394 0.2242, 0.4723 2.5394 0.2309, 0.4761 2.5394 0.2388, 0.4779 2.5394 0.2477, 0.4774 2.5394 0.257, 0.4747 2.5394 0.2659, 0.4698 2.5394 0.2738, 0.4659 2.5394 0.2779, 0.4585 2.5394 0.2831, 0.4502 2.5394 0.2864, 0.4502 2.5394 0.2864
            ]
        }
        coordIndex [
            0,1,2,-1,3,4,5,-1,6,7,3,-1,8,9,10,-1,11,12,13,-1,14,15,2,-1,2,15,16,-1,2,16,0,-1,10,9,17,-1,7,18,3,-1,3,18,19,-1,3,19,20,-1,19,21,20,-1,20,21,22,-1,20,22,23,-1,23,22,24,-1,23,24,25,-1,26,27,28,-1,28,27,29,-1,28,29,30,-1,30,29,31,-1,30,31,32,-1,32,31,33,-1,32,33,34,-1,34,33,2,-1,34,2,35,-1,35,2,36,-1,37,38,26,-1,26,38,39,-1,26,39,27,-1,40,41,42,-1,42,41,43,-1,42,43,44,-1,44,43,45,-1,44,45,46,-1,46,45,47,-1,11,13,48,-1,48,13,49,-1,48,49,50,-1,50,49,51,-1,50,51,52,-1,9,53,17,-1,17,53,54,-1,17,54,55,-1,55,54,56,-1,55,56,11,-1,11,56,57,-1,11,57,12,-1,58,59,60,-1,60,59,61,-1,60,61,62,-1,62,61,63,-1,62,63,64,-1,64,63,65,-1,64,65,66,-1,66,65,67,-1,66,67,68,-1,6,3,69,-1,69,3,5,-1,69,5,26,-1,26,5,70,-1,26,70,37,-1,45,71,47,-1,47,71,72,-1,47,72,73,-1,73,72,74,-1,73,74,75,-1,75,74,76,-1,75,76,77,-1,77,76,78,-1,77,78,79,-1,79,78,80,-1,79,80,81,-1,81,80,82,-1,81,82,58,-1,58,82,83,-1,58,83,59,-1,84,85,86,-1,86,85,87,-1,86,87,42,-1,42,87,88,-1,42,88,40,-1,89,90,91,-1,91,90,92,-1,91,92,93,-1,93,92,94,-1,93,94,95,-1,95,94,96,-1,95,96,97,-1,97,96,98,-1,97,98,14,-1,14,98,99,-1,14,99,15,-1,36,2,100,-1,100,2,1,-1,100,1,101,-1,52,51,102,-1,102,51,103,-1,102,103,104,-1,104,103,105,-1,104,105,106,-1,106,105,107,-1,106,107,108,-1,108,107,109,-1,108,109,84,-1,84,109,110,-1,84,110,85,-1,10,111,8,-1,8,111,112,-1,8,112,113,-1,113,112,114,-1,113,114,115,-1,115,114,116,-1,115,116,89,-1,89,116,117,-1,89,117,90,-1,25,24,118,-1,118,24,119,-1,118,119,120,-1,120,119,121,-1,120,121,122,-1,122,121,123,-1,122,123,124,-1,124,123,125,-1,124,125,126,-1,126,125,127,-1,126,127,128,-1,128,127,129,-1,128,129,130,-1,130,129,131,-1,130,131,132,-1,132,131,133,-1,132,133,134,-1,134,133,135,-1,134,135,1,-1,1,135,136,-1,1,136,101,-1,137,138,139,-1,67,140,68,-1,68,140,137,-1,68,137,141,-1,141,137,139,-1,142,143,137,-1,137,143,144,-1,137,144,138,-1,145,146,147,-1,146,148,147,-1,147,148,149,-1,147,149,150,-1,142,137,147,-1,147,137,151,-1,147,151,145,-1,77,152,153,-1,77,153,75,-1,75,153,154,-1,75,154,73,-1,154,155,73,-1,73,155,156,-1,73,156,47,-1,47,156,157,-1,47,157,46,-1,46,157,158,-1,46,158,44,-1,44,158,159,-1,44,159,42,-1,42,159,160,-1,42,160,86,-1,86,160,161,-1,86,161,84,-1,108,84,162,-1,162,84,161,-1,162,163,108,-1,108,163,164,-1,108,164,106,-1,106,164,165,-1,106,165,104,-1,104,165,166,-1,104,166,102,-1,102,166,167,-1,102,167,52,-1,52,167,50,-1,50,167,168,-1,50,168,169,-1,50,169,170,-1,50,170,48,-1,48,170,171,-1,48,171,11,-1,11,171,172,-1,11,172,55,-1,55,172,173,-1,55,173,17,-1,17,173,174,-1,17,174,10,-1,10,174,175,-1,10,175,111,-1,111,175,176,-1,111,176,112,-1,112,176,177,-1,112,177,114,-1,178,92,90,-1,114,177,179,-1,114,179,116,-1,116,179,180,-1,116,180,117,-1,117,180,181,-1,117,181,90,-1,90,181,182,-1,90,182,178,-1,92,178,183,-1,92,183,94,-1,94,183,184,-1,94,184,96,-1,96,184,185,-1,96,185,98,-1,98,185,186,-1,98,186,99,-1,99,186,187,-1,99,187,15,-1,15,187,188,-1,15,188,16,-1,16,188,189,-1,16,189,0,-1,189,190,0,-1,0,190,191,-1,0,191,1,-1,1,191,192,-1,1,192,134,-1,134,192,193,-1,134,193,132,-1,193,194,132,-1,132,194,195,-1,132,195,130,-1,130,195,196,-1,130,196,128,-1,197,23,25,-1,128,196,198,-1,199,124,198,-1,198,124,126,-1,198,126,128,-1,199,200,124,-1,124,200,201,-1,124,201,122,-1,122,201,202,-1,122,202,120,-1,120,202,203,-1,120,203,118,-1,118,203,204,-1,118,204,25,-1,25,204,205,-1,25,205,197,-1,20,23,206,-1,206,23,197,-1,3,20,207,-1,207,20,206,-1,4,3,208,-1,208,3,207,-1,5,4,209,-1,209,4,208,-1,5,209,210,-1,5,210,70,-1,70,210,211,-1,70,211,37,-1,37,211,212,-1,37,212,38,-1,38,212,213,-1,38,213,39,-1,39,213,214,-1,39,214,27,-1,27,214,215,-1,27,215,29,-1,29,215,216,-1,29,216,31,-1,31,216,217,-1,31,217,33,-1,33,217,218,-1,33,218,2,-1,2,218,219,-1,2,219,14,-1,14,219,220,-1,14,220,97,-1,97,220,221,-1,97,221,95,-1,95,221,222,-1,95,222,93,-1,93,222,223,-1,93,223,91,-1,91,223,89,-1,89,223,224,-1,224,225,89,-1,89,225,226,-1,89,226,115,-1,115,226,227,-1,115,227,113,-1,113,227,228,-1,113,228,8,-1,8,228,229,-1,8,229,9,-1,9,229,230,-1,9,230,53,-1,53,230,231,-1,53,231,54,-1,54,231,232,-1,54,232,56,-1,56,232,233,-1,56,233,57,-1,57,233,234,-1,57,234,12,-1,12,234,235,-1,12,235,13,-1,13,235,236,-1,13,236,49,-1,49,236,237,-1,49,237,51,-1,51,237,238,-1,51,238,103,-1,103,238,239,-1,103,239,105,-1,105,239,240,-1,105,240,107,-1,107,240,241,-1,107,241,109,-1,109,241,242,-1,109,242,110,-1,110,242,243,-1,110,243,85,-1,85,243,244,-1,85,244,87,-1,87,244,245,-1,87,245,88,-1,88,245,246,-1,88,246,40,-1,41,40,247,-1,247,40,246,-1,41,247,248,-1,41,248,43,-1,43,248,249,-1,43,249,45,-1,45,249,250,-1,45,250,71,-1,71,250,251,-1,71,251,72,-1,72,251,252,-1,72,252,74,-1,252,253,74,-1,74,253,254,-1,74,254,76,-1,76,254,255,-1,76,255,78,-1,78,255,256,-1,78,256,80,-1,80,256,257,-1,80,257,82,-1,82,257,258,-1,82,258,83,-1,83,258,259,-1,83,259,59,-1,59,259,260,-1,59,260,61,-1,61,260,261,-1,61,261,63,-1,63,261,262,-1,63,262,65,-1,67,65,263,-1,263,65,262,-1,67,263,264,-1,67,264,140,-1,140,264,265,-1,140,265,137,-1,137,265,266,-1,137,266,151,-1,151,266,267,-1,151,267,145,-1,145,267,268,-1,145,268,146,-1,146,268,269,-1,146,269,148,-1,148,269,270,-1,148,270,149,-1,149,270,271,-1,149,271,150,-1,150,271,272,-1,150,272,147,-1,147,272,273,-1,147,273,142,-1,142,273,274,-1,142,274,143,-1,143,274,275,-1,143,275,144,-1,144,275,276,-1,144,276,138,-1,138,276,277,-1,138,277,139,-1,139,277,278,-1,139,278,141,-1,141,278,279,-1,141,279,68,-1,68,279,280,-1,68,280,66,-1,64,66,281,-1,281,66,280,-1,64,281,282,-1,64,282,62,-1,62,282,283,-1,62,283,60,-1,60,283,284,-1,60,284,58,-1,58,284,285,-1,58,285,81,-1,81,285,286,-1,81,286,79,-1,79,286,152,-1,79,152,77,-1,69,287,288,-1,69,288,6,-1,6,288,289,-1,6,289,7,-1,7,289,290,-1,7,290,18,-1,18,290,291,-1,18,291,19,-1,19,291,292,-1,19,292,21,-1,21,292,293,-1,21,293,22,-1,22,293,294,-1,22,294,24,-1,24,294,295,-1,24,295,119,-1,119,295,296,-1,119,296,121,-1,121,296,297,-1,121,297,123,-1,123,297,298,-1,123,298,125,-1,125,298,299,-1,125,299,127,-1,127,299,300,-1,127,300,129,-1,129,300,301,-1,129,301,131,-1,131,301,302,-1,131,302,133,-1,133,302,303,-1,133,303,135,-1,135,303,304,-1,135,304,136,-1,136,304,305,-1,136,305,101,-1,101,305,306,-1,101,306,100,-1,100,306,307,-1,100,307,36,-1,36,307,308,-1,36,308,35,-1,35,308,309,-1,35,309,34,-1,34,309,310,-1,34,310,32,-1,32,310,311,-1,32,311,30,-1,30,311,312,-1,30,312,28,-1,28,312,313,-1,28,313,26,-1,26,313,287,-1,26,287,69,-1,
        ]
    }
}
Shape{
    appearance Appearance {
        material  Material 	{
            diffuseColor 1.0 1.0 1.0
            specularColor 0.5019607843137255 0.5019607843137255 0.5019607843137255
            ambientIntensity 0.2
            transparency 0
            shininess 0.5
        }
    }
    geometry IndexedFaceSet {
        ccw TRUE
        solid FALSE
        coord DEF co Coordinate {
            point [
                0.4426 2.5394 0.2136, 0.4659 2.5394 0.2779, 0.4698 2.5394 0.2738, 0.4316 2.5394 0.2148, 0.4234 2.5394 0.218, 0.4342 2.5394 0.2869, 0.441 2.5394 0.2876, 0.4502 2.5394 0.2864, 0.4585 2.5394 0.2831, 0.4761 2.5394 0.2388, 0.4723 2.5394 0.2309, 0.4669 2.5394 0.2242, 0.441 2.5394 0.2136, 0.4068 2.5394 0.2648, 0.4111 2.5394 0.2725, 0.4105 2.5394 0.2296, 0.4174 2.5394 0.2791, 0.4747 2.5394 0.2659, 0.4774 2.5394 0.257, 0.4779 2.5394 0.2477, 0.4597 2.5394 0.2187, 0.4511 2.5394 0.215, 0.4162 2.5394 0.2231, 0.4253 2.5394 0.2841, 0.4062 2.5394 0.2378, 0.4041 2.5394 0.2469, 0.4044 2.5394 0.2561, 0.4044 2.5394 0.2561
            ]
        }
        coordIndex [
            0,1,2,-1,3,4,5,-1,6,7,0,-1,0,7,8,-1,0,8,1,-1,9,10,2,-1,2,10,11,-1,6,0,5,-1,5,0,12,-1,5,12,3,-1,13,14,15,-1,15,14,16,-1,17,18,2,-1,2,18,19,-1,2,19,9,-1,11,20,2,-1,2,20,21,-1,2,21,0,-1,4,22,5,-1,5,22,15,-1,5,15,23,-1,23,15,16,-1,24,25,15,-1,15,25,26,-1,15,26,13,-1,
        ]
    }
}